-- Read a.xtuml on the UserPostOoaInitializationCalloutf command line.
INSERT INTO S_CDT VALUES ( 29,0 );
INSERT INTO S_CDT VALUES ( 22,1 );
INSERT INTO S_CDT VALUES ( 17,2 );
INSERT INTO S_CDT VALUES ( 34,3 );
INSERT INTO S_CDT VALUES ( 35,4 );
INSERT INTO S_CDT VALUES ( 36,5 );
INSERT INTO S_CDT VALUES ( 37,6 );
INSERT INTO S_CDT VALUES ( 38,7 );
INSERT INTO S_CDT VALUES ( 39,8 );
INSERT INTO S_CDT VALUES ( 40,9 );
INSERT INTO S_CDT VALUES ( 41,10 );
INSERT INTO S_CDT VALUES ( 42,11 );
INSERT INTO S_CDT VALUES ( 43,12 );
INSERT INTO S_CDT VALUES ( 44,13 );
INSERT INTO S_UDT VALUES ( 45,42,1 );
INSERT INTO S_UDT VALUES ( 46,43,3 );
INSERT INTO S_UDT VALUES ( 47,42,2 );
INSERT INTO EP_PKG VALUES ( 2,1,1,'DataTypes','',0 );
INSERT INTO EP_PKG VALUES ( 11,1,1,'DiverterInterfaces','',0 );
INSERT INTO S_EDT VALUES ( 3 );
INSERT INTO S_EDT VALUES ( 6 );
INSERT INTO S_ENUM VALUES ( 4,'Scrap','',3,0 );
INSERT INTO S_ENUM VALUES ( 5,'Inspection','',3,4 );
INSERT INTO S_ENUM VALUES ( 7,'Stop','',6,0 );
INSERT INTO S_ENUM VALUES ( 8,'Operator','',6,7 );
INSERT INTO S_ENUM VALUES ( 9,'Drive','',6,8 );
INSERT INTO S_ENUM VALUES ( 10,'Impossible','',6,9 );
INSERT INTO S_SYS VALUES ( 1,'Intf_Diverter',1 );
INSERT INTO TE_SYS VALUES ( 1,'','',32,0,0,0,0,0,0,0,0,0,0,0,0,0,128,128,0,0,'','Intf_Diverter',0,0,'sc_interface',0,0,0,1 );
INSERT INTO TE_DISP VALUES ( 1,1,'main','dispatcher' );
INSERT INTO TE_QUEUE VALUES ( 1,1,1,'Self Queue',0,0 );
INSERT INTO TE_QUEUE VALUES ( 2,1,2,'NonSelf Queue',0,0 );
INSERT INTO TE_DT VALUES ( 5152352,'timestamp',11,0,'Escher_TimeStamp_t','Intf_Diverter_sys_types.h','CTOR','',0,'Intf_Diverter','%d',0,0,47 );
INSERT INTO TE_DT VALUES ( 5152428,'inst_ref<Timer>',12,0,'Escher_Timer_t *','Intf_Diverter_sys_types.h','0','',0,'Intf_Diverter','%d',0,0,46 );
INSERT INTO TE_DT VALUES ( 5152504,'date',11,0,'Escher_Date_t','Intf_Diverter_sys_types.h','CTOR','',0,'Intf_Diverter','%d',0,0,45 );
INSERT INTO TE_DT VALUES ( 5152580,'component_ref',13,0,'','Intf_Diverter_sys_types.h','','',0,'Intf_Diverter','%x',0,0,44 );
INSERT INTO TE_DT VALUES ( 5152656,'inst_ref<Mapping>',12,0,'i_t','Intf_Diverter_sys_types.h','0','',0,'Intf_Diverter','%d',0,0,43 );
INSERT INTO TE_DT VALUES ( 5152732,'inst<Mapping>',11,0,'','Intf_Diverter_sys_types.h','','',0,'Intf_Diverter','%d',0,0,42 );
INSERT INTO TE_DT VALUES ( 5152808,'inst<Event>',10,0,'Escher_xtUMLEvent_t *','Intf_Diverter_sys_types.h','0','',0,'Intf_Diverter','%p',0,0,41 );
INSERT INTO TE_DT VALUES ( 5152884,'inst_ref_set<Object>',9,0,'Escher_ObjectSet_s *','Intf_Diverter_sys_types.h','','',0,'Intf_Diverter','%p',0,0,40 );
INSERT INTO TE_DT VALUES ( 5152960,'inst_ref<Object>',8,0,'void *','Intf_Diverter_sys_types.h','','',0,'Intf_Diverter','%p',0,0,39 );
INSERT INTO TE_DT VALUES ( 5153036,'same_as<Base_Attribute>',7,0,'','Intf_Diverter_sys_types.h','','',0,'Intf_Diverter','%p',0,0,38 );
INSERT INTO TE_DT VALUES ( 4108056,'state<State_Model>',6,0,'','Intf_Diverter_sys_types.h','','',0,'Intf_Diverter','%d',0,0,37 );
INSERT INTO TE_DT VALUES ( 4108132,'unique_id',5,0,'Escher_UniqueID_t','Intf_Diverter_sys_types.h','0','',0,'Intf_Diverter','%p',0,0,36 );
INSERT INTO TE_DT VALUES ( 4108208,'string',4,0,'c_t','Intf_Diverter_sys_types.h','CTOR','',0,'Intf_Diverter','%s',0,0,35 );
INSERT INTO TE_DT VALUES ( 4108284,'real',3,0,'r_t','Intf_Diverter_sys_types.h','0.0','',0,'Intf_Diverter','%f',0,0,34 );
INSERT INTO TE_DT VALUES ( 4108360,'integer',2,0,'i_t','Intf_Diverter_sys_types.h','0','',0,'Intf_Diverter','%d',0,0,17 );
INSERT INTO TE_DT VALUES ( 4108436,'boolean',1,0,'bool','Intf_Diverter_sys_types.h','false','',0,'Intf_Diverter','%d',0,0,22 );
INSERT INTO TE_DT VALUES ( 4108512,'void',0,0,'void','Intf_Diverter_sys_types.h','0','',0,'Intf_Diverter','',0,0,29 );
INSERT INTO TE_DT VALUES ( 4108588,'Jog_Switch_Position',2,0,'Intf_Diverter_Jog_Switch_Position_t','','Intf_Diverter_Jog_Switch_Position__UNINITIALIZED__e','-1',1,'Intf_Diverter','%d',0,0,6 );
INSERT INTO TE_DT VALUES ( 4108664,'Divert_Packet',2,0,'Intf_Diverter_Divert_Packet_t','','Intf_Diverter_Divert_Packet__UNINITIALIZED__e','-1',1,'Intf_Diverter','%d',0,0,3 );
INSERT INTO TE_ENUM VALUES ( 'Stop','',0,'Intf_Diverter_Jog_Switch_Position_Stop_e',7 );
INSERT INTO TE_ENUM VALUES ( 'Operator','',0,'Intf_Diverter_Jog_Switch_Position_Operator_e',8 );
INSERT INTO TE_ENUM VALUES ( 'Drive','',0,'Intf_Diverter_Jog_Switch_Position_Drive_e',9 );
INSERT INTO TE_ENUM VALUES ( 'Impossible','',0,'Intf_Diverter_Jog_Switch_Position_Impossible_e',10 );
INSERT INTO TE_ENUM VALUES ( 'Scrap','',0,'Intf_Diverter_Divert_Packet_Scrap_e',4 );
INSERT INTO TE_ENUM VALUES ( 'Inspection','',0,'Intf_Diverter_Divert_Packet_Inspection_e',5 );
INSERT INTO TE_PARM VALUES ( 'A0xtumlsret','',0,'','',5168480,0,'A0xtumlsret',0,4108208,1,0,'[ESCHER_SYS_MAX_STRING_LEN]',0,0,0,0,0,0,0 );
INSERT INTO TE_PARM VALUES ( 'pressure','',0,'','',5168608,0,'p_pressure',0,4108360,0,0,'',0,0,0,0,0,30,0 );
INSERT INTO TE_PARM VALUES ( 'new_position','',0,'','',5168736,0,'p_new_position',0,4108588,0,0,'',0,0,0,0,0,26,0 );
INSERT INTO TE_PARM VALUES ( 'ready','',0,'','',5168864,0,'p_ready',0,4108436,0,0,'',0,0,0,0,0,21,0 );
INSERT INTO TE_PARM VALUES ( 'number_of_sheets','',0,'','',5168992,5169248,'p_number_of_sheets',0,4108360,0,0,'',0,0,0,0,0,19,0 );
INSERT INTO TE_PARM VALUES ( 'sheet_length','',0,'','',5169120,0,'p_sheet_length',0,4108360,0,0,'',0,0,0,0,0,18,0 );
INSERT INTO TE_PARM VALUES ( 'packet_start_position','',0,'','',5169248,5169120,'p_packet_start_position',0,4108360,0,0,'',0,0,0,0,0,16,0 );
INSERT INTO TE_PARM VALUES ( 'divert_type','',0,'','',5169376,5168992,'p_divert_type',0,4108664,0,0,'',0,0,0,0,0,15,0 );
INSERT INTO TE_PREFIX VALUES ( 'Escher_','','Escher_','','ESCHER_','Escher_','','','','Escher_','pport_','rport_','channel_' );
INSERT INTO TE_SET VALUES ( 'SYS_MAX_CONTAINERS','Escher_Iterator_s','Escher_SetFactoryInit','Escher_InitSet','Escher_CopySet','Escher_ClearSet','Escher_SetInsertElement','Escher_SetInsertInstance','Escher_SetInsertBlock','Escher_SetRemoveElement','Escher_SetRemoveInstance','Escher_SetCardinality','Escher_SetContains','Escher_SetEquality','Escher_SetIsEmpty','Escher_SetGetAny','Escher_IteratorReset','Escher_IteratorNext','Escher_ObjectSet_s','Escher_SetElement_s','','' );
INSERT INTO TE_PERSIST VALUES ( 'sys_persist','','ESCHER_PERSIST_INST_CACHE_DEPTH','ESCHER_PERSIST_LINK_CACHE_DEPTH','check_mark_post','','Escher_link_t','','Escher_PersistFactoryInit','Escher_PersistenceCommit','Escher_PersistenceRestore','Escher_PersistDelete','domainnum','Escher_DomainNumber_t','classnum','Escher_ClassNumber_t','index','Escher_InstanceIndex_t','InstanceIdentifier_t','instance_identifier','s1_t','persist_dirty',1,0 );
INSERT INTO TE_EQ VALUES ( 'EVENT_IS_IGNORED','EVENT_CANT_HAPPEN','Escher_systemxtUMLevents','Escher_xtUML_event_pool','Escher_xtUMLEventConstant_t','Escher_xtUMLEvent_t','mc_event_base','ESCHER_SYS_MAX_XTUML_EVENTS','ESCHER_SYS_MAX_SELF_EVENTS','ESCHER_SYS_MAX_NONSELF_EVENTS','Escher_NewxtUMLEvent','Escher_AllocatextUMLEvent','Escher_DeletextUMLEvent','Escher_ModifyxtUMLEvent','Escher_SendSelfEvent','Escher_SendEvent','Escher_EventSearchAndDestroy','Escher_run_flag','e','' );
INSERT INTO TE_ILB VALUES ( 'sys_ilb','ESCHER_SYS_MAX_INTERLEAVED_BRIDGES','ESCHER_SYS_MAX_INTERLEAVED_BRIDGE_DATA','InterleaveBridge','InterleaveBridgeDone','GetILBData','DispatchInterleaveBridge' );
INSERT INTO TE_THREAD VALUES ( 'sys_thread','Escher_thread_create','Escher_mutex_lock','Escher_mutex_unlock','Escher_nonbusy_wait','Escher_nonbusy_wake','Escher_thread_shutdown',0,'POSIX',0,1,'','AUTOSAR_ENABLED' );
INSERT INTO TE_FILE VALUES ( 'h','c','o','Intf_Diverter_sys_main','sys_xtuml','sys_events','sys_nvs','NVS_bridge','sys_sets','Intf_Diverter_sys_types','sys_thread','sys_trace','TIM_bridge','sys_user_co','sys_ilb','sys_persist','sys_xtumlload','sysc_interfaces','RegDefs','.','_ch','_ch','_ch','_ch','.','bridge.mark','system.mark','datatype.mark','event.mark','class.mark','domain.mark','sys_functions.arc','mc3020/arc','.' );
INSERT INTO TE_CALLOUT VALUES ( 'sys_user_co','UserInitializationCallout','UserPreOoaInitializationCallout','UserPostOoaInitializationCallout','UserBackgroundProcessingCallout','UserEventCantHappenCallout','UserPreShutdownCallout','UserPostShutdownCallout','UserEventNoInstanceCallout','UserEventFreeListEmptyCallout','UserEmptyHandleDetectedCallout','UserObjectPoolEmptyCallout','UserNodeListEmptyCallout','UserInterleavedBridgeOverflowCallout','UserSelfEventQueueEmptyCallout','UserNonSelfEventQueueEmptyCallout','UserPersistenceErrorCallout' );
INSERT INTO TE_STRING VALUES ( 'Escher_memset','Escher_memmove','Escher_strcpy','Escher_stradd','Escher_strlen','Escher_strcmp','Escher_strget','Escher_itoa','Escher_atoi','ESCHER_SYS_MAX_STRING_LEN','ESCHER_DEBUG_BUFFER_DEPTH' );
INSERT INTO TE_TRACE VALUES ( 'COMP_MSG_START_TRACE','COMP_MSG_END_TRACE','STATE_TXN_START_TRACE','STATE_TXN_END_TRACE','STATE_TXN_IG_TRACE','STATE_TXN_CH_TRACE','OAL_ACTION_TRACE' );
INSERT INTO TE_COPYRIGHT VALUES ( 'your copyright statement can go here (from te_copyright.body)' );
INSERT INTO TE_DMA VALUES ( 'sys_memory','Escher_malloc','Escher_free',0 );
INSERT INTO TE_CONTAINER VALUES ( '' );
INSERT INTO TE_DLIST VALUES ( '','Escher_SetRemoveDlistNode' );
INSERT INTO TE_SLIST VALUES ( '','Escher_SetRemoveNode' );
INSERT INTO TE_TARGET VALUES ( 'C','#ifdef	__cplusplus
extern	"C"	{
#endif','#ifdef	__cplusplus
}
#endif','main' );
INSERT INTO TE_RELINFO VALUES ( 0,0,0,0,0,0,0,0,'',0,0,0,0 );
INSERT INTO TE_RELSTORE VALUES ( '','','',0,'','self' );
INSERT INTO TE_INSTANCE VALUES ( 'Escher_CreateInstance','Escher_CreatePersistent','Escher_DeleteInstance','Escher_DeletePersistent','self','Escher_GetSelf','Escher_InstanceBase_t','Escher_iHandle_t','Escher_ClassFactoryInit','Escher_Object_s','ESCHER_SYS_MAX_OBJECT_EXTENT','ESCHER_SYS_MAX_ASSOCIATION_EXTENT','ESCHER_SYS_MAX_TRANSIENT_EXTENT','current_state','','Escher_GetDCI','Escher_GetEventDispatcher','Escher_GetThreadAssignment','' );
INSERT INTO TE_TIM VALUES ( 'ESCHER_SYS_MAX_XTUML_TIMERS',0,1,0,'ETimer_t','','' );
INSERT INTO TE_TYPEMAP VALUES ( 'Escher_InstanceIndex_t','u2_t','Escher_ClassSize_t','Escher_size_t','Escher_ClassNumber_t','u2_t','Escher_StateNumber_t','u1_t','Escher_DomainNumber_t','u1_t','Escher_EventNumber_t','u1_t','Escher_EventPriority_t','u1_t','Escher_EventFlags_t','u1_t','Escher_PolyEventRC_t','u1_t','Escher_SEMcell_t','u1_t','','','' );
INSERT INTO TE_EXTENT VALUES ( 'Escher_ObjectSet_s','Escher_Extent_t','active','inactive','','Escher_ClassSize_t','size','Escher_StateNumber_t','initial_state','Escher_SetElement_s*','container','Escher_iHandle_t','pool','Escher_InstanceIndex_t','population','Escher_ClassSize_t','size_no_rel','link_function' );
INSERT INTO TE_CIA VALUES ( 'domain_class_info','Escher_Extent_t','active_count','domain_class_count','Escher_ClassNumber_t' );
INSERT INTO TE_ASSIGN VALUES ( 0,0,'','',0,'','',5139424,0 );
INSERT INTO TE_BRIDGE VALUES ( '','',5142240 );
INSERT INTO TE_CREATE_EVENT VALUES ( 0,0,'','','','','','',5148736 );
INSERT INTO TE_CREATE_INSTANCE VALUES ( 0,0,'','',5149248 );
INSERT INTO TE_DELETE_INSTANCE VALUES ( 0,'',0,5150496 );
INSERT INTO TE_ELIF VALUES ( '',5154080 );
INSERT INTO TE_EVENT_PARAMETERS VALUES ( '','','','',5155744 );
INSERT INTO TE_FOR VALUES ( 0,'','','',5159200 );
INSERT INTO TE_FUNCTION VALUES ( '','',5159552 );
INSERT INTO TE_GENERATE VALUES ( 0,0,'','','','',5159808 );
INSERT INTO TE_GENERATE_CREATOR_EVENT VALUES ( 0,0,'','','','',5160224 );
INSERT INTO TE_GENERATE_PRECREATED_EVENT VALUES ( 0,'',5160640 );
INSERT INTO TE_GENERATE_TO_CLASS VALUES ( 0,0,'','','','',5160896 );
INSERT INTO TE_IF VALUES ( '',5161312 );
INSERT INTO TE_IOP VALUES ( '','',5163680 );
INSERT INTO TE_OPERATION VALUES ( 0,'','','',5167456 );
INSERT INTO TE_RELATE VALUES ( 0,0,0,0,0,'','','',5172768 );
INSERT INTO TE_RELATE_USING VALUES ( 0,0,0,0,0,0,'','','','','','',5173280 );
INSERT INTO TE_RETURN VALUES ( '','','',5175168 );
INSERT INTO TE_SELECT VALUES ( 0,0,'','','','','',5175488 );
INSERT INTO TE_SELECT_WHERE VALUES ( 0,0,'','','','','','','',0,0,5177024 );
INSERT INTO TE_SGN VALUES ( 0,0,'','','','',5178720 );
INSERT INTO TE_UNRELATE VALUES ( 0,0,0,0,0,'','','',5187616 );
INSERT INTO TE_UNRELATE_USING VALUES ( 0,0,0,0,0,0,'','','','','','',5188128 );
INSERT INTO TE_WHILE VALUES ( '',5190144 );
INSERT INTO C_I VALUES ( 12,0,'DivertMotor','' );
INSERT INTO C_I VALUES ( 13,0,'DiverterClient','' );
INSERT INTO C_I VALUES ( 27,0,'E_to_P','' );
INSERT INTO C_I VALUES ( 31,0,'PneumaticControlValve','' );
INSERT INTO C_I VALUES ( 32,0,'SpeedSignal','' );
INSERT INTO C_EP VALUES ( 14,13,-1,'divert_pending','' );
INSERT INTO C_EP VALUES ( 20,13,-1,'diverter_ready','' );
INSERT INTO C_EP VALUES ( 23,13,-1,'request_status','True - Diverter Ready, False - Diverter Not Ready
Operation returns the current state of the diverter system.  
' );
INSERT INTO C_EP VALUES ( 24,13,-1,'get_xtfr_jog_switch_position','' );
INSERT INTO C_EP VALUES ( 25,13,-1,'xtfr_jog_switch_position_changed','' );
INSERT INTO C_EP VALUES ( 28,27,-1,'set_pressure','' );
INSERT INTO C_EP VALUES ( 33,32,-1,'CutPulse','' );
INSERT INTO C_AS VALUES ( 14,'divert_pending','',0,0 );
INSERT INTO C_AS VALUES ( 20,'diverter_ready','',1,14 );
INSERT INTO C_AS VALUES ( 25,'xtfr_jog_switch_position_changed','',0,20 );
INSERT INTO C_AS VALUES ( 33,'CutPulse','',1,0 );
INSERT INTO C_IO VALUES ( 23,22,'request_status','True - Diverter Ready, False - Diverter Not Ready
Operation returns the current state of the diverter system.  
',0,'',0 );
INSERT INTO C_IO VALUES ( 24,6,'get_xtfr_jog_switch_position','',1,'',23 );
INSERT INTO C_IO VALUES ( 28,29,'set_pressure','',0,'',0 );
INSERT INTO C_PP VALUES ( 15,14,3,'divert_type','',0,'',0 );
INSERT INTO C_PP VALUES ( 16,14,17,'packet_start_position','',0,'',19 );
INSERT INTO C_PP VALUES ( 18,14,17,'sheet_length','',0,'',16 );
INSERT INTO C_PP VALUES ( 19,14,17,'number_of_sheets','',0,'',15 );
INSERT INTO C_PP VALUES ( 21,20,22,'ready','',0,'',0 );
INSERT INTO C_PP VALUES ( 26,25,6,'new_position','',0,'',0 );
INSERT INTO C_PP VALUES ( 30,28,17,'pressure','',0,'',0 );
INSERT INTO PE_PE VALUES ( 3,1,2,0,3 );
INSERT INTO PE_PE VALUES ( 6,1,2,0,3 );
INSERT INTO PE_PE VALUES ( 12,1,11,0,6 );
INSERT INTO PE_PE VALUES ( 13,1,11,0,6 );
INSERT INTO PE_PE VALUES ( 27,1,11,0,6 );
INSERT INTO PE_PE VALUES ( 31,1,11,0,6 );
INSERT INTO PE_PE VALUES ( 32,1,11,0,6 );
INSERT INTO PE_PE VALUES ( 29,1,0,0,3 );
INSERT INTO PE_PE VALUES ( 22,1,0,0,3 );
INSERT INTO PE_PE VALUES ( 17,1,0,0,3 );
INSERT INTO PE_PE VALUES ( 34,1,0,0,3 );
INSERT INTO PE_PE VALUES ( 35,1,0,0,3 );
INSERT INTO PE_PE VALUES ( 36,1,0,0,3 );
INSERT INTO PE_PE VALUES ( 37,1,0,0,3 );
INSERT INTO PE_PE VALUES ( 38,1,0,0,3 );
INSERT INTO PE_PE VALUES ( 39,1,0,0,3 );
INSERT INTO PE_PE VALUES ( 40,1,0,0,3 );
INSERT INTO PE_PE VALUES ( 41,1,0,0,3 );
INSERT INTO PE_PE VALUES ( 42,1,0,0,3 );
INSERT INTO PE_PE VALUES ( 43,1,0,0,3 );
INSERT INTO PE_PE VALUES ( 44,1,0,0,3 );
INSERT INTO PE_PE VALUES ( 45,1,0,0,3 );
INSERT INTO PE_PE VALUES ( 46,1,0,0,3 );
INSERT INTO PE_PE VALUES ( 47,1,0,0,3 );
INSERT INTO S_DT VALUES ( 3,0,'Divert_Packet','','' );
INSERT INTO S_DT VALUES ( 6,0,'Jog_Switch_Position','','' );
INSERT INTO S_DT VALUES ( 29,0,'void','','' );
INSERT INTO S_DT VALUES ( 22,0,'boolean','','' );
INSERT INTO S_DT VALUES ( 17,0,'integer','','' );
INSERT INTO S_DT VALUES ( 34,0,'real','','' );
INSERT INTO S_DT VALUES ( 35,0,'string','','' );
INSERT INTO S_DT VALUES ( 36,0,'unique_id','','' );
INSERT INTO S_DT VALUES ( 37,0,'state<State_Model>','','' );
INSERT INTO S_DT VALUES ( 38,0,'same_as<Base_Attribute>','','' );
INSERT INTO S_DT VALUES ( 39,0,'inst_ref<Object>','','' );
INSERT INTO S_DT VALUES ( 40,0,'inst_ref_set<Object>','','' );
INSERT INTO S_DT VALUES ( 41,0,'inst<Event>','','' );
INSERT INTO S_DT VALUES ( 42,0,'inst<Mapping>','','' );
INSERT INTO S_DT VALUES ( 43,0,'inst_ref<Mapping>','','' );
INSERT INTO S_DT VALUES ( 44,0,'component_ref','','' );
INSERT INTO S_DT VALUES ( 45,0,'date','','' );
INSERT INTO S_DT VALUES ( 46,0,'inst_ref<Timer>','','' );
INSERT INTO S_DT VALUES ( 47,0,'timestamp','','' );
