-- root-types-contained: SystemModel_c,PackageableElement_c,DataType_c,CoreDataType_c,UserDataType_c
-- BP 7.1 content: StreamData syschar: 3 persistence-version: 7.1.6

INSERT INTO S_SYS
	VALUES ("5d6861b0-d06b-46b6-b4e1-a463d1fc8b18",
	'Intf_Diverter',
	1);
INSERT INTO EP_PKG
	VALUES ("e8a5107b-1ec5-4a7b-9499-bb6f72d908fb",
	"5d6861b0-d06b-46b6-b4e1-a463d1fc8b18",
	"5d6861b0-d06b-46b6-b4e1-a463d1fc8b18",
	'DataTypes',
	'',
	0);
INSERT INTO PE_PE
	VALUES ("e637c9ff-a804-4aef-b8eb-e6854f50cc68",
	1,
	"e8a5107b-1ec5-4a7b-9499-bb6f72d908fb",
	"00000000-0000-0000-0000-000000000000",
	3);
INSERT INTO S_DT
	VALUES ("e637c9ff-a804-4aef-b8eb-e6854f50cc68",
	"00000000-0000-0000-0000-000000000000",
	'Divert_Packet',
	'',
	'');
INSERT INTO S_EDT
	VALUES ("e637c9ff-a804-4aef-b8eb-e6854f50cc68");
INSERT INTO S_ENUM
	VALUES ("efd136fc-ffa5-4a8f-9c15-d20888f656a4",
	'Scrap',
	'',
	"e637c9ff-a804-4aef-b8eb-e6854f50cc68",
	"00000000-0000-0000-0000-000000000000");
INSERT INTO S_ENUM
	VALUES ("8077035d-6c06-4a98-8da1-668472117889",
	'Inspection',
	'',
	"e637c9ff-a804-4aef-b8eb-e6854f50cc68",
	"efd136fc-ffa5-4a8f-9c15-d20888f656a4");
INSERT INTO PE_PE
	VALUES ("f69263cd-bbf1-4447-ab8c-6ca928791356",
	1,
	"e8a5107b-1ec5-4a7b-9499-bb6f72d908fb",
	"00000000-0000-0000-0000-000000000000",
	3);
INSERT INTO S_DT
	VALUES ("f69263cd-bbf1-4447-ab8c-6ca928791356",
	"00000000-0000-0000-0000-000000000000",
	'Jog_Switch_Position',
	'',
	'');
INSERT INTO S_EDT
	VALUES ("f69263cd-bbf1-4447-ab8c-6ca928791356");
INSERT INTO S_ENUM
	VALUES ("cc9f160f-a5c8-4fc3-aa88-61d05088ce18",
	'Stop',
	'',
	"f69263cd-bbf1-4447-ab8c-6ca928791356",
	"00000000-0000-0000-0000-000000000000");
INSERT INTO S_ENUM
	VALUES ("a25ea528-6e48-4c6d-8159-95c1136a228f",
	'Operator',
	'',
	"f69263cd-bbf1-4447-ab8c-6ca928791356",
	"cc9f160f-a5c8-4fc3-aa88-61d05088ce18");
INSERT INTO S_ENUM
	VALUES ("7dc639d1-4772-4dea-abb8-715959ea3b70",
	'Drive',
	'',
	"f69263cd-bbf1-4447-ab8c-6ca928791356",
	"a25ea528-6e48-4c6d-8159-95c1136a228f");
INSERT INTO S_ENUM
	VALUES ("21928aeb-3d5b-4c8c-8cdb-d79fa51ecb6d",
	'Impossible',
	'',
	"f69263cd-bbf1-4447-ab8c-6ca928791356",
	"7dc639d1-4772-4dea-abb8-715959ea3b70");
INSERT INTO EP_PKG
	VALUES ("554df2db-1a3d-4596-8aca-3a562bf45cb6",
	"5d6861b0-d06b-46b6-b4e1-a463d1fc8b18",
	"5d6861b0-d06b-46b6-b4e1-a463d1fc8b18",
	'DiverterInterfaces',
	'',
	0);
INSERT INTO PE_PE
	VALUES ("c05eb167-3bf3-4c2f-8a02-681482983586",
	1,
	"554df2db-1a3d-4596-8aca-3a562bf45cb6",
	"00000000-0000-0000-0000-000000000000",
	6);
INSERT INTO C_I
	VALUES ("c05eb167-3bf3-4c2f-8a02-681482983586",
	"00000000-0000-0000-0000-000000000000",
	'DivertMotor',
	'');
INSERT INTO PE_PE
	VALUES ("1c4072df-4470-4866-9416-5fa08e4b28be",
	1,
	"554df2db-1a3d-4596-8aca-3a562bf45cb6",
	"00000000-0000-0000-0000-000000000000",
	6);
INSERT INTO C_I
	VALUES ("1c4072df-4470-4866-9416-5fa08e4b28be",
	"00000000-0000-0000-0000-000000000000",
	'DiverterClient',
	'');
INSERT INTO C_EP
	VALUES ("f057388f-df84-4155-94c4-b3fb64b631d2",
	"1c4072df-4470-4866-9416-5fa08e4b28be",
	-1,
	'divert_pending',
	'');
INSERT INTO C_AS
	VALUES ("f057388f-df84-4155-94c4-b3fb64b631d2",
	'divert_pending',
	'',
	0,
	"00000000-0000-0000-0000-000000000000");
INSERT INTO C_PP
	VALUES ("a1d04f96-6866-452c-b1c0-01fc438b7c4c",
	"f057388f-df84-4155-94c4-b3fb64b631d2",
	"e637c9ff-a804-4aef-b8eb-e6854f50cc68",
	'divert_type',
	'',
	0,
	'',
	"00000000-0000-0000-0000-000000000000");
INSERT INTO C_PP
	VALUES ("7dbd1f14-2ca8-4481-879b-039ebdef131f",
	"f057388f-df84-4155-94c4-b3fb64b631d2",
	"ba5eda7a-def5-0000-0000-000000000002",
	'packet_start_position',
	'',
	0,
	'',
	"a1d04f96-6866-452c-b1c0-01fc438b7c4c");
INSERT INTO C_PP
	VALUES ("891e5c83-c654-415c-bf46-9141a327aeb9",
	"f057388f-df84-4155-94c4-b3fb64b631d2",
	"ba5eda7a-def5-0000-0000-000000000002",
	'sheet_length',
	'',
	0,
	'',
	"7dbd1f14-2ca8-4481-879b-039ebdef131f");
INSERT INTO C_PP
	VALUES ("024af0b9-5d13-4fca-bfec-7c530938e4f6",
	"f057388f-df84-4155-94c4-b3fb64b631d2",
	"ba5eda7a-def5-0000-0000-000000000002",
	'number_of_sheets',
	'',
	0,
	'',
	"891e5c83-c654-415c-bf46-9141a327aeb9");
INSERT INTO C_EP
	VALUES ("75c6ef98-13ed-4d3f-af8e-966a6574358b",
	"1c4072df-4470-4866-9416-5fa08e4b28be",
	-1,
	'diverter_ready',
	'');
INSERT INTO C_AS
	VALUES ("75c6ef98-13ed-4d3f-af8e-966a6574358b",
	'diverter_ready',
	'',
	1,
	"f057388f-df84-4155-94c4-b3fb64b631d2");
INSERT INTO C_PP
	VALUES ("739dd604-8245-439f-8c0e-559e9487c05d",
	"75c6ef98-13ed-4d3f-af8e-966a6574358b",
	"ba5eda7a-def5-0000-0000-000000000001",
	'ready',
	'',
	0,
	'',
	"00000000-0000-0000-0000-000000000000");
INSERT INTO C_EP
	VALUES ("617e5f69-340e-4966-9b58-2ed30ec3c58d",
	"1c4072df-4470-4866-9416-5fa08e4b28be",
	-1,
	'request_status',
	'True - Diverter Ready, False - Diverter Not Ready
Operation returns the current state of the diverter system.  
');
INSERT INTO C_IO
	VALUES ("617e5f69-340e-4966-9b58-2ed30ec3c58d",
	"ba5eda7a-def5-0000-0000-000000000001",
	'request_status',
	'True - Diverter Ready, False - Diverter Not Ready
Operation returns the current state of the diverter system.  
',
	0,
	'',
	"00000000-0000-0000-0000-000000000000");
INSERT INTO C_EP
	VALUES ("c9114946-3cdf-4418-98be-3c89197a5f21",
	"1c4072df-4470-4866-9416-5fa08e4b28be",
	-1,
	'get_xtfr_jog_switch_position',
	'');
INSERT INTO C_IO
	VALUES ("c9114946-3cdf-4418-98be-3c89197a5f21",
	"f69263cd-bbf1-4447-ab8c-6ca928791356",
	'get_xtfr_jog_switch_position',
	'',
	1,
	'',
	"617e5f69-340e-4966-9b58-2ed30ec3c58d");
INSERT INTO C_EP
	VALUES ("ad786695-010d-4e54-86a6-57e572786231",
	"1c4072df-4470-4866-9416-5fa08e4b28be",
	-1,
	'xtfr_jog_switch_position_changed',
	'');
INSERT INTO C_AS
	VALUES ("ad786695-010d-4e54-86a6-57e572786231",
	'xtfr_jog_switch_position_changed',
	'',
	0,
	"75c6ef98-13ed-4d3f-af8e-966a6574358b");
INSERT INTO C_PP
	VALUES ("08bf01d4-2033-48cc-a3d4-ee8bb4eb9520",
	"ad786695-010d-4e54-86a6-57e572786231",
	"f69263cd-bbf1-4447-ab8c-6ca928791356",
	'new_position',
	'',
	0,
	'',
	"00000000-0000-0000-0000-000000000000");
INSERT INTO PE_PE
	VALUES ("1fa20169-f00d-4a13-968d-9a9af5b26147",
	1,
	"554df2db-1a3d-4596-8aca-3a562bf45cb6",
	"00000000-0000-0000-0000-000000000000",
	6);
INSERT INTO C_I
	VALUES ("1fa20169-f00d-4a13-968d-9a9af5b26147",
	"00000000-0000-0000-0000-000000000000",
	'E_to_P',
	'');
INSERT INTO C_EP
	VALUES ("a3256710-9489-4c24-9168-5be1df87eb29",
	"1fa20169-f00d-4a13-968d-9a9af5b26147",
	-1,
	'set_pressure',
	'');
INSERT INTO C_IO
	VALUES ("a3256710-9489-4c24-9168-5be1df87eb29",
	"ba5eda7a-def5-0000-0000-000000000000",
	'set_pressure',
	'',
	0,
	'',
	"00000000-0000-0000-0000-000000000000");
INSERT INTO C_PP
	VALUES ("cf3ca878-49db-42f6-8a95-483619ffe717",
	"a3256710-9489-4c24-9168-5be1df87eb29",
	"ba5eda7a-def5-0000-0000-000000000002",
	'pressure',
	'',
	0,
	'',
	"00000000-0000-0000-0000-000000000000");
INSERT INTO PE_PE
	VALUES ("53af1b5f-f2a3-44c3-9e01-551a6dbc7829",
	1,
	"554df2db-1a3d-4596-8aca-3a562bf45cb6",
	"00000000-0000-0000-0000-000000000000",
	6);
INSERT INTO C_I
	VALUES ("53af1b5f-f2a3-44c3-9e01-551a6dbc7829",
	"00000000-0000-0000-0000-000000000000",
	'PneumaticControlValve',
	'');
INSERT INTO PE_PE
	VALUES ("6585f459-e4e1-4bcf-a79d-20860fa3054a",
	1,
	"554df2db-1a3d-4596-8aca-3a562bf45cb6",
	"00000000-0000-0000-0000-000000000000",
	6);
INSERT INTO C_I
	VALUES ("6585f459-e4e1-4bcf-a79d-20860fa3054a",
	"00000000-0000-0000-0000-000000000000",
	'SpeedSignal',
	'');
INSERT INTO C_EP
	VALUES ("8ee99fda-5497-4931-a625-3fdc9793c2e9",
	"6585f459-e4e1-4bcf-a79d-20860fa3054a",
	-1,
	'CutPulse',
	'');
INSERT INTO C_AS
	VALUES ("8ee99fda-5497-4931-a625-3fdc9793c2e9",
	'CutPulse',
	'',
	1,
	"00000000-0000-0000-0000-000000000000");
INSERT INTO PE_PE
	VALUES ("ba5eda7a-def5-0000-0000-000000000000",
	1,
	"00000000-0000-0000-0000-000000000000",
	"00000000-0000-0000-0000-000000000000",
	3);
INSERT INTO S_DT
	VALUES ("ba5eda7a-def5-0000-0000-000000000000",
	"00000000-0000-0000-0000-000000000000",
	'void',
	'',
	'');
INSERT INTO S_CDT
	VALUES ("ba5eda7a-def5-0000-0000-000000000000",
	0);
INSERT INTO PE_PE
	VALUES ("ba5eda7a-def5-0000-0000-000000000001",
	1,
	"00000000-0000-0000-0000-000000000000",
	"00000000-0000-0000-0000-000000000000",
	3);
INSERT INTO S_DT
	VALUES ("ba5eda7a-def5-0000-0000-000000000001",
	"00000000-0000-0000-0000-000000000000",
	'boolean',
	'',
	'');
INSERT INTO S_CDT
	VALUES ("ba5eda7a-def5-0000-0000-000000000001",
	1);
INSERT INTO PE_PE
	VALUES ("ba5eda7a-def5-0000-0000-000000000002",
	1,
	"00000000-0000-0000-0000-000000000000",
	"00000000-0000-0000-0000-000000000000",
	3);
INSERT INTO S_DT
	VALUES ("ba5eda7a-def5-0000-0000-000000000002",
	"00000000-0000-0000-0000-000000000000",
	'integer',
	'',
	'');
INSERT INTO S_CDT
	VALUES ("ba5eda7a-def5-0000-0000-000000000002",
	2);
INSERT INTO PE_PE
	VALUES ("ba5eda7a-def5-0000-0000-000000000003",
	1,
	"00000000-0000-0000-0000-000000000000",
	"00000000-0000-0000-0000-000000000000",
	3);
INSERT INTO S_DT
	VALUES ("ba5eda7a-def5-0000-0000-000000000003",
	"00000000-0000-0000-0000-000000000000",
	'real',
	'',
	'');
INSERT INTO S_CDT
	VALUES ("ba5eda7a-def5-0000-0000-000000000003",
	3);
INSERT INTO PE_PE
	VALUES ("ba5eda7a-def5-0000-0000-000000000004",
	1,
	"00000000-0000-0000-0000-000000000000",
	"00000000-0000-0000-0000-000000000000",
	3);
INSERT INTO S_DT
	VALUES ("ba5eda7a-def5-0000-0000-000000000004",
	"00000000-0000-0000-0000-000000000000",
	'string',
	'',
	'');
INSERT INTO S_CDT
	VALUES ("ba5eda7a-def5-0000-0000-000000000004",
	4);
INSERT INTO PE_PE
	VALUES ("ba5eda7a-def5-0000-0000-000000000005",
	1,
	"00000000-0000-0000-0000-000000000000",
	"00000000-0000-0000-0000-000000000000",
	3);
INSERT INTO S_DT
	VALUES ("ba5eda7a-def5-0000-0000-000000000005",
	"00000000-0000-0000-0000-000000000000",
	'unique_id',
	'',
	'');
INSERT INTO S_CDT
	VALUES ("ba5eda7a-def5-0000-0000-000000000005",
	5);
INSERT INTO PE_PE
	VALUES ("ba5eda7a-def5-0000-0000-000000000006",
	1,
	"00000000-0000-0000-0000-000000000000",
	"00000000-0000-0000-0000-000000000000",
	3);
INSERT INTO S_DT
	VALUES ("ba5eda7a-def5-0000-0000-000000000006",
	"00000000-0000-0000-0000-000000000000",
	'state<State_Model>',
	'',
	'');
INSERT INTO S_CDT
	VALUES ("ba5eda7a-def5-0000-0000-000000000006",
	6);
INSERT INTO PE_PE
	VALUES ("ba5eda7a-def5-0000-0000-000000000007",
	1,
	"00000000-0000-0000-0000-000000000000",
	"00000000-0000-0000-0000-000000000000",
	3);
INSERT INTO S_DT
	VALUES ("ba5eda7a-def5-0000-0000-000000000007",
	"00000000-0000-0000-0000-000000000000",
	'same_as<Base_Attribute>',
	'',
	'');
INSERT INTO S_CDT
	VALUES ("ba5eda7a-def5-0000-0000-000000000007",
	7);
INSERT INTO PE_PE
	VALUES ("ba5eda7a-def5-0000-0000-000000000008",
	1,
	"00000000-0000-0000-0000-000000000000",
	"00000000-0000-0000-0000-000000000000",
	3);
INSERT INTO S_DT
	VALUES ("ba5eda7a-def5-0000-0000-000000000008",
	"00000000-0000-0000-0000-000000000000",
	'inst_ref<Object>',
	'',
	'');
INSERT INTO S_CDT
	VALUES ("ba5eda7a-def5-0000-0000-000000000008",
	8);
INSERT INTO PE_PE
	VALUES ("ba5eda7a-def5-0000-0000-000000000009",
	1,
	"00000000-0000-0000-0000-000000000000",
	"00000000-0000-0000-0000-000000000000",
	3);
INSERT INTO S_DT
	VALUES ("ba5eda7a-def5-0000-0000-000000000009",
	"00000000-0000-0000-0000-000000000000",
	'inst_ref_set<Object>',
	'',
	'');
INSERT INTO S_CDT
	VALUES ("ba5eda7a-def5-0000-0000-000000000009",
	9);
INSERT INTO PE_PE
	VALUES ("ba5eda7a-def5-0000-0000-00000000000a",
	1,
	"00000000-0000-0000-0000-000000000000",
	"00000000-0000-0000-0000-000000000000",
	3);
INSERT INTO S_DT
	VALUES ("ba5eda7a-def5-0000-0000-00000000000a",
	"00000000-0000-0000-0000-000000000000",
	'inst<Event>',
	'',
	'');
INSERT INTO S_CDT
	VALUES ("ba5eda7a-def5-0000-0000-00000000000a",
	10);
INSERT INTO PE_PE
	VALUES ("ba5eda7a-def5-0000-0000-00000000000b",
	1,
	"00000000-0000-0000-0000-000000000000",
	"00000000-0000-0000-0000-000000000000",
	3);
INSERT INTO S_DT
	VALUES ("ba5eda7a-def5-0000-0000-00000000000b",
	"00000000-0000-0000-0000-000000000000",
	'inst<Mapping>',
	'',
	'');
INSERT INTO S_CDT
	VALUES ("ba5eda7a-def5-0000-0000-00000000000b",
	11);
INSERT INTO PE_PE
	VALUES ("ba5eda7a-def5-0000-0000-00000000000c",
	1,
	"00000000-0000-0000-0000-000000000000",
	"00000000-0000-0000-0000-000000000000",
	3);
INSERT INTO S_DT
	VALUES ("ba5eda7a-def5-0000-0000-00000000000c",
	"00000000-0000-0000-0000-000000000000",
	'inst_ref<Mapping>',
	'',
	'');
INSERT INTO S_CDT
	VALUES ("ba5eda7a-def5-0000-0000-00000000000c",
	12);
INSERT INTO PE_PE
	VALUES ("ba5eda7a-def5-0000-0000-00000000000d",
	1,
	"00000000-0000-0000-0000-000000000000",
	"00000000-0000-0000-0000-000000000000",
	3);
INSERT INTO S_DT
	VALUES ("ba5eda7a-def5-0000-0000-00000000000d",
	"00000000-0000-0000-0000-000000000000",
	'component_ref',
	'',
	'');
INSERT INTO S_CDT
	VALUES ("ba5eda7a-def5-0000-0000-00000000000d",
	13);
INSERT INTO PE_PE
	VALUES ("ba5eda7a-def5-0000-0000-00000000000e",
	1,
	"00000000-0000-0000-0000-000000000000",
	"00000000-0000-0000-0000-000000000000",
	3);
INSERT INTO S_DT
	VALUES ("ba5eda7a-def5-0000-0000-00000000000e",
	"00000000-0000-0000-0000-000000000000",
	'date',
	'',
	'');
INSERT INTO S_UDT
	VALUES ("ba5eda7a-def5-0000-0000-00000000000e",
	"ba5eda7a-def5-0000-0000-00000000000b",
	1);
INSERT INTO PE_PE
	VALUES ("ba5eda7a-def5-0000-0000-00000000000f",
	1,
	"00000000-0000-0000-0000-000000000000",
	"00000000-0000-0000-0000-000000000000",
	3);
INSERT INTO S_DT
	VALUES ("ba5eda7a-def5-0000-0000-00000000000f",
	"00000000-0000-0000-0000-000000000000",
	'inst_ref<Timer>',
	'',
	'');
INSERT INTO S_UDT
	VALUES ("ba5eda7a-def5-0000-0000-00000000000f",
	"ba5eda7a-def5-0000-0000-00000000000c",
	3);
INSERT INTO PE_PE
	VALUES ("ba5eda7a-def5-0000-0000-000000000010",
	1,
	"00000000-0000-0000-0000-000000000000",
	"00000000-0000-0000-0000-000000000000",
	3);
INSERT INTO S_DT
	VALUES ("ba5eda7a-def5-0000-0000-000000000010",
	"00000000-0000-0000-0000-000000000000",
	'timestamp',
	'',
	'');
INSERT INTO S_UDT
	VALUES ("ba5eda7a-def5-0000-0000-000000000010",
	"ba5eda7a-def5-0000-0000-00000000000b",
	2);
