-- Read a.xtuml on the UserPostOoaInitializationCalloutf command line.
INSERT INTO MSG_M VALUES ( 34,35,33,0 );
INSERT INTO MSG_M VALUES ( 39,40,33,0 );
INSERT INTO MSG_M VALUES ( 42,43,33,0 );
INSERT INTO MSG_M VALUES ( 44,45,33,0 );
INSERT INTO MSG_M VALUES ( 52,53,33,0 );
INSERT INTO MSG_M VALUES ( 55,35,33,0 );
INSERT INTO MSG_M VALUES ( 57,43,35,0 );
INSERT INTO MSG_M VALUES ( 61,43,35,0 );
INSERT INTO MSG_M VALUES ( 63,33,35,0 );
INSERT INTO MSG_M VALUES ( 65,35,35,0 );
INSERT INTO MSG_M VALUES ( 72,35,71,0 );
INSERT INTO MSG_M VALUES ( 82,35,71,0 );
INSERT INTO MSG_M VALUES ( 87,33,71,0 );
INSERT INTO MSG_M VALUES ( 96,32,43,0 );
INSERT INTO MSG_M VALUES ( 100,71,43,0 );
INSERT INTO MSG_M VALUES ( 102,71,43,0 );
INSERT INTO MSG_M VALUES ( 104,71,43,0 );
INSERT INTO MSG_M VALUES ( 126,33,53,0 );
INSERT INTO MSG_M VALUES ( 143,144,142,0 );
INSERT INTO MSG_M VALUES ( 146,147,144,0 );
INSERT INTO MSG_M VALUES ( 149,147,144,0 );
INSERT INTO MSG_M VALUES ( 151,147,144,0 );
INSERT INTO MSG_M VALUES ( 153,147,144,0 );
INSERT INTO MSG_M VALUES ( 158,144,157,0 );
INSERT INTO MSG_M VALUES ( 163,144,157,0 );
INSERT INTO MSG_M VALUES ( 168,141,147,0 );
INSERT INTO MSG_M VALUES ( 170,157,147,0 );
INSERT INTO MSG_M VALUES ( 171,157,147,0 );
INSERT INTO MSG_M VALUES ( 172,141,147,0 );
INSERT INTO MSG_M VALUES ( 1830,1831,1829,0 );
INSERT INTO MSG_M VALUES ( 1832,1831,1829,0 );
INSERT INTO MSG_M VALUES ( 1836,1829,1831,0 );
INSERT INTO MSG_M VALUES ( 1841,1829,1831,0 );
INSERT INTO MSG_M VALUES ( 1846,1847,1845,0 );
INSERT INTO MSG_M VALUES ( 1848,1847,1845,0 );
INSERT INTO MSG_M VALUES ( 1854,1845,1847,0 );
INSERT INTO MSG_M VALUES ( 1859,1845,1847,0 );
INSERT INTO MSG_M VALUES ( 1868,1869,1867,0 );
INSERT INTO MSG_M VALUES ( 1870,1869,1867,0 );
INSERT INTO MSG_M VALUES ( 1873,1867,1869,0 );
INSERT INTO MSG_A VALUES ( 37,0,34,'machine_side = MachineSide::Operator','MachineSide::Operator','','',1 );
INSERT INTO MSG_A VALUES ( 47,0,44,'direction = MotorDirection::Reverse','MotorDirection::Reverse','','',1 );
INSERT INTO MSG_A VALUES ( 50,0,44,'control_alg = DivertConvDischargeAlg::Dist_x2_HesitatingRollout','DivertConvDischargeAlg::Dist_x2_HesitatingRollout','','',1 );
INSERT INTO MSG_A VALUES ( 56,0,55,'machine_side = MachineSide::Operator','MachineSide::Operator','','',1 );
INSERT INTO MSG_A VALUES ( 59,0,57,'direction = MachineSide::Operator','MachineSide::Operator','','',1 );
INSERT INTO MSG_A VALUES ( 66,0,65,'direction = MachineSide::Operator','MachineSide::Operator','','',1 );
INSERT INTO MSG_A VALUES ( 74,0,72,'direction = MotorDirection::Forward','MotorDirection::Forward','','',1 );
INSERT INTO MSG_A VALUES ( 76,0,72,'velocity','','','',1 );
INSERT INTO MSG_A VALUES ( 78,0,72,'acceleration','','','',1 );
INSERT INTO MSG_A VALUES ( 80,0,72,'duration = 0','0','','',1 );
INSERT INTO MSG_A VALUES ( 83,0,82,'direction = MotorDirection::Forward','MotorDirection::Forward','','',1 );
INSERT INTO MSG_A VALUES ( 84,0,82,'velocity','','','',1 );
INSERT INTO MSG_A VALUES ( 85,0,82,'acceleration','','','',1 );
INSERT INTO MSG_A VALUES ( 86,0,82,'duration = 0','0','','',1 );
INSERT INTO MSG_A VALUES ( 98,0,96,'new_position = JogSwitchPosition::Operator','JogSwitchPosition::Operator','','',1 );
INSERT INTO MSG_A VALUES ( 145,0,143,'machine_side = MachineSide::Operator','MachineSide::Operator','','',1 );
INSERT INTO MSG_A VALUES ( 148,0,146,'direction = MachineSide::Operator','MachineSide::Operator','','',1 );
INSERT INTO MSG_A VALUES ( 159,0,158,'direction = MotorDirection::Forward','MotorDirection::Forward','','',1 );
INSERT INTO MSG_A VALUES ( 160,0,158,'velocity','','','',1 );
INSERT INTO MSG_A VALUES ( 161,0,158,'acceleration','','','',1 );
INSERT INTO MSG_A VALUES ( 162,0,158,'duration = 0','0','','',1 );
INSERT INTO MSG_A VALUES ( 169,0,168,'new_position = JogSwitchPosition::Operator','JogSwitchPosition::Operator','','',1 );
INSERT INTO MSG_A VALUES ( 173,0,172,'new_position = JogSwitchPosition::Stop','JogSwitchPosition::Stop','','',1 );
INSERT INTO MSG_A VALUES ( 1837,0,1836,'direction','','','',1 );
INSERT INTO MSG_A VALUES ( 1838,0,1836,'velocity','','','',1 );
INSERT INTO MSG_A VALUES ( 1839,0,1836,'acceleration','','','',1 );
INSERT INTO MSG_A VALUES ( 1840,0,1836,'duration = 0','0','','Client is not specifying a jog duration.  The jog will continue until a stop 
command is issued by the client.',1 );
INSERT INTO MSG_A VALUES ( 1855,0,1854,'direction','','','',1 );
INSERT INTO MSG_A VALUES ( 1856,0,1854,'velocity','','','',1 );
INSERT INTO MSG_A VALUES ( 1857,0,1854,'acceleration','','','',1 );
INSERT INTO MSG_A VALUES ( 1858,0,1854,'duration = 12000','12000','','Client specifies a 12 second jog duration with the jog command.',1 );
INSERT INTO MSG_A VALUES ( 1874,0,1873,'direction','','','',1 );
INSERT INTO MSG_A VALUES ( 1875,0,1873,'velocity','','','',1 );
INSERT INTO MSG_A VALUES ( 1876,0,1873,'acceleration','','','',1 );
INSERT INTO MSG_A VALUES ( 1877,0,1873,'duration = 12000','12000','','Client is specifying a 12 second jog duration when the jog is initiated.  The
provider is responsible to ensure the client specified duration is implemented.',1 );
INSERT INTO MSG_O VALUES ( 34,36 );
INSERT INTO MSG_O VALUES ( 55,36 );
INSERT INTO MSG_O VALUES ( 143,36 );
INSERT INTO MSG_E VALUES ( 39,41 );
INSERT INTO MSG_E VALUES ( 44,46 );
INSERT INTO MSG_E VALUES ( 52,54 );
INSERT INTO MSG_E VALUES ( 57,58 );
INSERT INTO MSG_E VALUES ( 61,62 );
INSERT INTO MSG_E VALUES ( 63,64 );
INSERT INTO MSG_E VALUES ( 65,58 );
INSERT INTO MSG_E VALUES ( 126,127 );
INSERT INTO MSG_E VALUES ( 146,58 );
INSERT INTO MSG_E VALUES ( 149,150 );
INSERT INTO MSG_E VALUES ( 151,152 );
INSERT INTO MSG_E VALUES ( 153,62 );
INSERT INTO MSG_OA VALUES ( 37,38 );
INSERT INTO MSG_OA VALUES ( 56,38 );
INSERT INTO MSG_OA VALUES ( 145,38 );
INSERT INTO MSG_EA VALUES ( 47,48,49 );
INSERT INTO MSG_EA VALUES ( 50,48,51 );
INSERT INTO MSG_EA VALUES ( 59,48,60 );
INSERT INTO MSG_EA VALUES ( 66,48,60 );
INSERT INTO MSG_EA VALUES ( 148,48,60 );
INSERT INTO MSG_SM VALUES ( 34,'Informal Message','','','','MotorDirection::Forward',1,'GetMotorDirection','' );
INSERT INTO MSG_SM VALUES ( 55,'Informal Message','','','','MotorDirection::Forward',1,'GetMotorDirection','' );
INSERT INTO MSG_SM VALUES ( 143,'Informal Message','','','','MotorDirection::Forward',1,'GetMotorDirection','' );
INSERT INTO MSG_AM VALUES ( 39,'Informal Message','','','','',1,'ACTR1: activate','' );
INSERT INTO MSG_AM VALUES ( 42,'Event Ignored: ''XTFRCNVR9: motor_stopped''','','','','',0,'Event Ignored: ''XTFRCNVR9: motor_stopped''','' );
INSERT INTO MSG_AM VALUES ( 44,'Informal Message','','','','',1,'XTFRCNVR6: discharge','' );
INSERT INTO MSG_AM VALUES ( 52,'Informal Message','','','','',1,'XTFRCNVR7: automatic_sequence_cmplt','' );
INSERT INTO MSG_AM VALUES ( 57,'Informal Message','','','','',1,'XTFRCNVR3: jog','' );
INSERT INTO MSG_AM VALUES ( 61,'Informal Message','','','','',1,'XTFRCNVR5: drive_rdy_for_inst','' );
INSERT INTO MSG_AM VALUES ( 63,'Informal Message','','','','',1,'XTFRCNVR10: enable_control','' );
INSERT INTO MSG_AM VALUES ( 65,'Informal Message','','','','',1,'XTFRCNVR3: jog','' );
INSERT INTO MSG_AM VALUES ( 72,'Informal Message','','','','',1,'jog','' );
INSERT INTO MSG_AM VALUES ( 82,'Informal Message','','','','',1,'jog','' );
INSERT INTO MSG_AM VALUES ( 87,'Informal Message','','','','',1,'stop','' );
INSERT INTO MSG_AM VALUES ( 96,'Informal Message','','','','',1,'xtfr_jog_switch_position_changed','' );
INSERT INTO MSG_AM VALUES ( 100,'Informal Message','','','','',1,'motion_initiated','' );
INSERT INTO MSG_AM VALUES ( 102,'Informal Message','','','','',1,'motion_complete','' );
INSERT INTO MSG_AM VALUES ( 104,'Informal Message','','','','',1,'motion_initiated','' );
INSERT INTO MSG_AM VALUES ( 126,'Informal Message','','','','',1,'AUTOSEQ11: initiate_auto_seq','' );
INSERT INTO MSG_AM VALUES ( 146,'Informal Message','','','','',1,'XTFRCNVR3: jog','' );
INSERT INTO MSG_AM VALUES ( 149,'Informal Message','','','','',1,'XTFRCNVR4: jog_complete','' );
INSERT INTO MSG_AM VALUES ( 151,'Informal Message','','','','',1,'XTFRCNVR9: motor_stopped','' );
INSERT INTO MSG_AM VALUES ( 153,'Informal Message','','','','',1,'XTFRCNVR5: drive_rdy_for_inst','' );
INSERT INTO MSG_AM VALUES ( 158,'Informal Message','','','','',1,'jog','' );
INSERT INTO MSG_AM VALUES ( 163,'Informal Message','','','','',1,'stop','' );
INSERT INTO MSG_AM VALUES ( 168,'Informal Message','','','','',1,'xtfr_jog_switch_position_changed','' );
INSERT INTO MSG_AM VALUES ( 170,'Informal Message','','','','',1,'motion_initiated','' );
INSERT INTO MSG_AM VALUES ( 171,'Informal Message','','','','',1,'motion_complete','' );
INSERT INTO MSG_AM VALUES ( 172,'Informal Message','','','','',1,'xtfr_jog_switch_position_changed','' );
INSERT INTO MSG_AM VALUES ( 1830,'Informal Message','','','','',1,'motion_initiated','' );
INSERT INTO MSG_AM VALUES ( 1832,'Informal Message','','','','',1,'motion_complete','' );
INSERT INTO MSG_AM VALUES ( 1836,'Informal Message','','','','',1,'jog','' );
INSERT INTO MSG_AM VALUES ( 1841,'Informal Message','','','','',1,'stop','' );
INSERT INTO MSG_AM VALUES ( 1846,'Informal Message','','','','',1,'motion_initiated','' );
INSERT INTO MSG_AM VALUES ( 1848,'Informal Message','','','','',1,'motion_complete','' );
INSERT INTO MSG_AM VALUES ( 1854,'Informal Message','','','','',1,'jog','' );
INSERT INTO MSG_AM VALUES ( 1859,'Informal Message','','','','',1,'stop','' );
INSERT INTO MSG_AM VALUES ( 1868,'Informal Message','','','','',1,'motion_initiated','' );
INSERT INTO MSG_AM VALUES ( 1870,'Informal Message','','','','',1,'motion_complete','' );
INSERT INTO MSG_AM VALUES ( 1873,'Informal Message','','','','',1,'jog','' );
INSERT INTO MSG_IAM VALUES ( 42 );
INSERT INTO MSG_SIG VALUES ( 72,73 );
INSERT INTO MSG_SIG VALUES ( 82,73 );
INSERT INTO MSG_SIG VALUES ( 87,88 );
INSERT INTO MSG_SIG VALUES ( 96,97 );
INSERT INTO MSG_SIG VALUES ( 100,101 );
INSERT INTO MSG_SIG VALUES ( 102,103 );
INSERT INTO MSG_SIG VALUES ( 104,101 );
INSERT INTO MSG_SIG VALUES ( 158,73 );
INSERT INTO MSG_SIG VALUES ( 163,88 );
INSERT INTO MSG_SIG VALUES ( 168,97 );
INSERT INTO MSG_SIG VALUES ( 170,101 );
INSERT INTO MSG_SIG VALUES ( 171,103 );
INSERT INTO MSG_SIG VALUES ( 172,97 );
INSERT INTO MSG_SIG VALUES ( 1830,101 );
INSERT INTO MSG_SIG VALUES ( 1832,103 );
INSERT INTO MSG_SIG VALUES ( 1836,73 );
INSERT INTO MSG_SIG VALUES ( 1841,88 );
INSERT INTO MSG_SIG VALUES ( 1846,101 );
INSERT INTO MSG_SIG VALUES ( 1848,103 );
INSERT INTO MSG_SIG VALUES ( 1854,73 );
INSERT INTO MSG_SIG VALUES ( 1859,88 );
INSERT INTO MSG_SIG VALUES ( 1868,101 );
INSERT INTO MSG_SIG VALUES ( 1870,103 );
INSERT INTO MSG_SIG VALUES ( 1873,73 );
INSERT INTO MSG_EPA VALUES ( 74,75 );
INSERT INTO MSG_EPA VALUES ( 76,77 );
INSERT INTO MSG_EPA VALUES ( 78,79 );
INSERT INTO MSG_EPA VALUES ( 80,81 );
INSERT INTO MSG_EPA VALUES ( 83,75 );
INSERT INTO MSG_EPA VALUES ( 84,77 );
INSERT INTO MSG_EPA VALUES ( 85,79 );
INSERT INTO MSG_EPA VALUES ( 86,81 );
INSERT INTO MSG_EPA VALUES ( 98,99 );
INSERT INTO MSG_EPA VALUES ( 159,75 );
INSERT INTO MSG_EPA VALUES ( 160,77 );
INSERT INTO MSG_EPA VALUES ( 161,79 );
INSERT INTO MSG_EPA VALUES ( 162,81 );
INSERT INTO MSG_EPA VALUES ( 169,99 );
INSERT INTO MSG_EPA VALUES ( 173,99 );
INSERT INTO MSG_EPA VALUES ( 1837,75 );
INSERT INTO MSG_EPA VALUES ( 1838,77 );
INSERT INTO MSG_EPA VALUES ( 1839,79 );
INSERT INTO MSG_EPA VALUES ( 1840,81 );
INSERT INTO MSG_EPA VALUES ( 1855,75 );
INSERT INTO MSG_EPA VALUES ( 1856,77 );
INSERT INTO MSG_EPA VALUES ( 1857,79 );
INSERT INTO MSG_EPA VALUES ( 1858,81 );
INSERT INTO MSG_EPA VALUES ( 1874,75 );
INSERT INTO MSG_EPA VALUES ( 1875,77 );
INSERT INTO MSG_EPA VALUES ( 1876,79 );
INSERT INTO MSG_EPA VALUES ( 1877,81 );
INSERT INTO O_OBJ VALUES ( 347,'Automatic Sequence',13,'AUTOSEQ','',0 );
INSERT INTO O_OBJ VALUES ( 354,'Conveyor Length Rollout',15,'CLX1DCGSEQ','',0 );
INSERT INTO O_OBJ VALUES ( 17,'Cross Transfer Conveyor',7,'XTFRCNVR','',0 );
INSERT INTO O_OBJ VALUES ( 121,'Hesitating Rollout',14,'CLX2HRDCGSEQ','',0 );
INSERT INTO O_OBJ VALUES ( 27,'Manual Sequence',11,'MANSEQ','',0 );
INSERT INTO O_OBJ VALUES ( 349,'Motion Inhibited',12,'MOTINH','',0 );
INSERT INTO O_OBJ VALUES ( 109,'Actuator',3,'ACTR','',0 );
INSERT INTO O_OBJ VALUES ( 805,'Air Blast',10,'ARBLST','',0 );
INSERT INTO O_OBJ VALUES ( 189,'Divert Packet',1,'DVRTPKT','',0 );
INSERT INTO O_OBJ VALUES ( 810,'Divert Sheet',2,'DVRTSHT','',0 );
INSERT INTO O_OBJ VALUES ( 818,'Divert Stack',5,'DVRTSTK','',0 );
INSERT INTO O_OBJ VALUES ( 115,'Diverter Bay',6,'DVRTBAY','',0 );
INSERT INTO O_OBJ VALUES ( 803,'Diverter Pan',9,'DVTPAN','',0 );
INSERT INTO O_OBJ VALUES ( 801,'Fingers',8,'FNGRS','',0 );
INSERT INTO O_OBJ VALUES ( 814,'Tracking Point',4,'TRKPT','',0 );
INSERT INTO O_IOBJ VALUES ( 808,17,0,0,'Cross Transfer Conveyor','XTFRCNVR' );
INSERT INTO O_ATTR VALUES ( 353,347,0,'Id','','','Id',0,358,'','' );
INSERT INTO O_ATTR VALUES ( 359,347,360,'current_state','','','current_state',0,361,'','' );
INSERT INTO O_ATTR VALUES ( 362,347,353,'time_to_run','','','time_to_run',0,217,'','' );
INSERT INTO O_ATTR VALUES ( 360,347,362,'motor_direction','','','motor_direction',0,363,'','' );
INSERT INTO O_ATTR VALUES ( 366,354,367,'current_state','','','current_state',0,361,'','' );
INSERT INTO O_ATTR VALUES ( 367,354,0,'Id','','','Id',0,358,'','' );
INSERT INTO O_ATTR VALUES ( 19,17,25,'current_state','','','current_state',0,361,'','' );
INSERT INTO O_ATTR VALUES ( 21,17,23,'stopping_time','Units = mSec
Time required for the conveyor to come to a complete stop from its maximum velocity.','','stopping_time',0,217,'','' );
INSERT INTO O_ATTR VALUES ( 23,17,0,'Id','','','Id',0,217,'','' );
INSERT INTO O_ATTR VALUES ( 25,17,21,'drive_side','This attribute defines the required motor direction for the conveyor to run
toward the drive side of the machine.','','drive_side',0,363,'','' );
INSERT INTO O_ATTR VALUES ( 123,121,125,'current_state','','','current_state',0,361,'','' );
INSERT INTO O_ATTR VALUES ( 125,121,560,'preliminary_move_time','','','preliminary_move_time',0,217,'','' );
INSERT INTO O_ATTR VALUES ( 560,121,0,'Id','','','Id',0,358,'','' );
INSERT INTO O_ATTR VALUES ( 29,27,31,'current_state','','','current_state',0,361,'','' );
INSERT INTO O_ATTR VALUES ( 670,27,0,'Id','','','Id',0,358,'','' );
INSERT INTO O_ATTR VALUES ( 31,27,670,'jog_direction','','','jog_direction',0,288,'','' );
INSERT INTO O_ATTR VALUES ( 784,349,785,'current_state','','','current_state',0,361,'','' );
INSERT INTO O_ATTR VALUES ( 785,349,0,'Id','','','Id',0,358,'','' );
INSERT INTO O_ATTR VALUES ( 111,109,113,'current_state','','','current_state',0,361,'','' );
INSERT INTO O_ATTR VALUES ( 113,109,0,'Id','','','Id',0,217,'','' );
INSERT INTO O_ATTR VALUES ( 882,805,0,'position','','','position',0,217,'','' );
INSERT INTO O_ATTR VALUES ( 896,805,884,'current_state','','','current_state',0,361,'','' );
INSERT INTO O_ATTR VALUES ( 884,805,882,'blast_duration','','','blast_duration',0,217,'','' );
INSERT INTO O_ATTR VALUES ( 1008,189,0,'Id','','','Id',0,217,'','' );
INSERT INTO O_ATTR VALUES ( 214,189,1008,'type','','','type',0,213,'','' );
INSERT INTO O_ATTR VALUES ( 218,189,214,'leading_edge_position','','','leading_edge_position',0,217,'','' );
INSERT INTO O_ATTR VALUES ( 221,189,218,'trailing_edge_position','','','trailing_edge_position',0,217,'','' );
INSERT INTO O_ATTR VALUES ( 229,189,221,'web_caliper','','','web_caliper',0,217,'','' );
INSERT INTO O_ATTR VALUES ( 1070,810,812,'position','Units = mm
The position of a divert sheet is defined as the distance between the leading
edge of the sheet and the knife cut line.  If the leading edge of the sheet has
not yet reached the knife cut line the distance will be negative.','','position',0,217,'','' );
INSERT INTO O_ATTR VALUES ( 812,810,0,'Id','','','Id',0,217,'','' );
INSERT INTO O_ATTR VALUES ( 1074,810,1070,'length','','','length',0,217,'','' );
INSERT INTO O_ATTR VALUES ( 1151,818,0,'stack_type','','','stack_type',0,213,'','' );
INSERT INTO O_ATTR VALUES ( 1152,818,1151,'number_of_sheets','','','number_of_sheets',0,217,'','' );
INSERT INTO O_ATTR VALUES ( 1153,818,1152,'stack_thickness','','','stack_thickness',0,217,'','' );
INSERT INTO O_ATTR VALUES ( 117,115,119,'current_state','','','current_state',0,361,'','' );
INSERT INTO O_ATTR VALUES ( 119,115,0,'sheet_settling_timer','','','sheet_settling_timer',0,1154,'','' );
INSERT INTO O_ATTR VALUES ( 886,803,0,'position','','','position',0,217,'','' );
INSERT INTO O_ATTR VALUES ( 1302,803,886,'current_state','','','current_state',0,361,'','' );
INSERT INTO O_ATTR VALUES ( 888,801,0,'position','Relative to Pivot Point','','position',0,217,'','' );
INSERT INTO O_ATTR VALUES ( 890,801,888,'lower_time','','','lower_time',0,217,'','' );
INSERT INTO O_ATTR VALUES ( 892,801,890,'raise_time','','','raise_time',0,217,'','' );
INSERT INTO O_ATTR VALUES ( 1331,801,892,'current_state','','','current_state',0,361,'','' );
INSERT INTO O_ATTR VALUES ( 1351,814,1078,'actual_position','Units = mm
The physical position on the machine measured from the knife cut line,
where the interaction is desired to occur with the divert sheet.','','actual_position',0,217,'','' );
INSERT INTO O_ATTR VALUES ( 1134,814,1086,'type','Identity of type of event to fire when tracking point is reached.','','type',0,792,'','' );
INSERT INTO O_ATTR VALUES ( 1352,814,1351,'offset_time','Units = mSec
The actuator''s delay to change position.','','offset_time',0,217,'','' );
INSERT INTO O_ATTR VALUES ( 1086,814,1352,'effective_position','Units = mm
The position of the divert sheet specified edge when the tracking point is reached
based on the offset_time and speed the divert sheet is traveling.  If the
offset_time is 0, then the effective_position will be equal to the actual_position.','','effective_position',0,217,'','' );
INSERT INTO O_ATTR VALUES ( 1078,814,1353,'edge_to_track','Defines which edge of the sheet should be used as the comparison reference.','','edge_to_track',0,789,'','' );
INSERT INTO O_ATTR VALUES ( 1354,814,0,'TRKDVRTSHT_Id','','TRKDVRTSHT_','Id',1,358,'','' );
INSERT INTO O_ATTR VALUES ( 1353,814,1354,'ACTR_Id','','ACTR_','Id',1,358,'','' );
INSERT INTO O_ID VALUES ( 0,347 );
INSERT INTO O_ID VALUES ( 1,347 );
INSERT INTO O_ID VALUES ( 2,347 );
INSERT INTO O_ID VALUES ( 0,354 );
INSERT INTO O_ID VALUES ( 1,354 );
INSERT INTO O_ID VALUES ( 2,354 );
INSERT INTO O_ID VALUES ( 0,17 );
INSERT INTO O_ID VALUES ( 1,17 );
INSERT INTO O_ID VALUES ( 2,17 );
INSERT INTO O_ID VALUES ( 0,121 );
INSERT INTO O_ID VALUES ( 1,121 );
INSERT INTO O_ID VALUES ( 2,121 );
INSERT INTO O_ID VALUES ( 0,27 );
INSERT INTO O_ID VALUES ( 1,27 );
INSERT INTO O_ID VALUES ( 2,27 );
INSERT INTO O_ID VALUES ( 0,349 );
INSERT INTO O_ID VALUES ( 1,349 );
INSERT INTO O_ID VALUES ( 2,349 );
INSERT INTO O_ID VALUES ( 0,109 );
INSERT INTO O_ID VALUES ( 1,109 );
INSERT INTO O_ID VALUES ( 2,109 );
INSERT INTO O_ID VALUES ( 0,805 );
INSERT INTO O_ID VALUES ( 1,805 );
INSERT INTO O_ID VALUES ( 2,805 );
INSERT INTO O_ID VALUES ( 0,189 );
INSERT INTO O_ID VALUES ( 1,189 );
INSERT INTO O_ID VALUES ( 2,189 );
INSERT INTO O_ID VALUES ( 0,810 );
INSERT INTO O_ID VALUES ( 1,810 );
INSERT INTO O_ID VALUES ( 2,810 );
INSERT INTO O_ID VALUES ( 0,818 );
INSERT INTO O_ID VALUES ( 1,818 );
INSERT INTO O_ID VALUES ( 2,818 );
INSERT INTO O_ID VALUES ( 0,115 );
INSERT INTO O_ID VALUES ( 1,115 );
INSERT INTO O_ID VALUES ( 2,115 );
INSERT INTO O_ID VALUES ( 0,803 );
INSERT INTO O_ID VALUES ( 1,803 );
INSERT INTO O_ID VALUES ( 2,803 );
INSERT INTO O_ID VALUES ( 0,801 );
INSERT INTO O_ID VALUES ( 1,801 );
INSERT INTO O_ID VALUES ( 2,801 );
INSERT INTO O_ID VALUES ( 0,814 );
INSERT INTO O_ID VALUES ( 1,814 );
INSERT INTO O_ID VALUES ( 2,814 );
INSERT INTO O_OIDA VALUES ( 353,347,0,'Id' );
INSERT INTO O_OIDA VALUES ( 367,354,0,'Id' );
INSERT INTO O_OIDA VALUES ( 23,17,0,'Id' );
INSERT INTO O_OIDA VALUES ( 560,121,0,'Id' );
INSERT INTO O_OIDA VALUES ( 670,27,0,'Id' );
INSERT INTO O_OIDA VALUES ( 785,349,0,'Id' );
INSERT INTO O_OIDA VALUES ( 113,109,0,'Id' );
INSERT INTO O_OIDA VALUES ( 1008,189,0,'Id' );
INSERT INTO O_OIDA VALUES ( 812,810,0,'Id' );
INSERT INTO O_OIDA VALUES ( 1354,814,0,'TRKDVRTSHT_Id' );
INSERT INTO O_OIDA VALUES ( 1353,814,0,'ACTR_Id' );
INSERT INTO O_BATTR VALUES ( 359,347 );
INSERT INTO O_BATTR VALUES ( 362,347 );
INSERT INTO O_BATTR VALUES ( 360,347 );
INSERT INTO O_BATTR VALUES ( 366,354 );
INSERT INTO O_BATTR VALUES ( 19,17 );
INSERT INTO O_BATTR VALUES ( 21,17 );
INSERT INTO O_BATTR VALUES ( 23,17 );
INSERT INTO O_BATTR VALUES ( 25,17 );
INSERT INTO O_BATTR VALUES ( 123,121 );
INSERT INTO O_BATTR VALUES ( 125,121 );
INSERT INTO O_BATTR VALUES ( 29,27 );
INSERT INTO O_BATTR VALUES ( 31,27 );
INSERT INTO O_BATTR VALUES ( 784,349 );
INSERT INTO O_BATTR VALUES ( 111,109 );
INSERT INTO O_BATTR VALUES ( 113,109 );
INSERT INTO O_BATTR VALUES ( 882,805 );
INSERT INTO O_BATTR VALUES ( 896,805 );
INSERT INTO O_BATTR VALUES ( 884,805 );
INSERT INTO O_BATTR VALUES ( 1008,189 );
INSERT INTO O_BATTR VALUES ( 214,189 );
INSERT INTO O_BATTR VALUES ( 218,189 );
INSERT INTO O_BATTR VALUES ( 221,189 );
INSERT INTO O_BATTR VALUES ( 229,189 );
INSERT INTO O_BATTR VALUES ( 1070,810 );
INSERT INTO O_BATTR VALUES ( 812,810 );
INSERT INTO O_BATTR VALUES ( 1074,810 );
INSERT INTO O_BATTR VALUES ( 1151,818 );
INSERT INTO O_BATTR VALUES ( 1152,818 );
INSERT INTO O_BATTR VALUES ( 1153,818 );
INSERT INTO O_BATTR VALUES ( 117,115 );
INSERT INTO O_BATTR VALUES ( 119,115 );
INSERT INTO O_BATTR VALUES ( 886,803 );
INSERT INTO O_BATTR VALUES ( 1302,803 );
INSERT INTO O_BATTR VALUES ( 888,801 );
INSERT INTO O_BATTR VALUES ( 890,801 );
INSERT INTO O_BATTR VALUES ( 892,801 );
INSERT INTO O_BATTR VALUES ( 1331,801 );
INSERT INTO O_BATTR VALUES ( 1351,814 );
INSERT INTO O_BATTR VALUES ( 1134,814 );
INSERT INTO O_BATTR VALUES ( 1352,814 );
INSERT INTO O_BATTR VALUES ( 1086,814 );
INSERT INTO O_BATTR VALUES ( 1078,814 );
INSERT INTO O_NBATTR VALUES ( 359,347 );
INSERT INTO O_NBATTR VALUES ( 362,347 );
INSERT INTO O_NBATTR VALUES ( 360,347 );
INSERT INTO O_NBATTR VALUES ( 366,354 );
INSERT INTO O_NBATTR VALUES ( 19,17 );
INSERT INTO O_NBATTR VALUES ( 21,17 );
INSERT INTO O_NBATTR VALUES ( 23,17 );
INSERT INTO O_NBATTR VALUES ( 25,17 );
INSERT INTO O_NBATTR VALUES ( 123,121 );
INSERT INTO O_NBATTR VALUES ( 125,121 );
INSERT INTO O_NBATTR VALUES ( 29,27 );
INSERT INTO O_NBATTR VALUES ( 31,27 );
INSERT INTO O_NBATTR VALUES ( 784,349 );
INSERT INTO O_NBATTR VALUES ( 111,109 );
INSERT INTO O_NBATTR VALUES ( 113,109 );
INSERT INTO O_NBATTR VALUES ( 882,805 );
INSERT INTO O_NBATTR VALUES ( 896,805 );
INSERT INTO O_NBATTR VALUES ( 884,805 );
INSERT INTO O_NBATTR VALUES ( 1008,189 );
INSERT INTO O_NBATTR VALUES ( 214,189 );
INSERT INTO O_NBATTR VALUES ( 218,189 );
INSERT INTO O_NBATTR VALUES ( 221,189 );
INSERT INTO O_NBATTR VALUES ( 229,189 );
INSERT INTO O_NBATTR VALUES ( 1070,810 );
INSERT INTO O_NBATTR VALUES ( 812,810 );
INSERT INTO O_NBATTR VALUES ( 1074,810 );
INSERT INTO O_NBATTR VALUES ( 1151,818 );
INSERT INTO O_NBATTR VALUES ( 1152,818 );
INSERT INTO O_NBATTR VALUES ( 1153,818 );
INSERT INTO O_NBATTR VALUES ( 117,115 );
INSERT INTO O_NBATTR VALUES ( 119,115 );
INSERT INTO O_NBATTR VALUES ( 886,803 );
INSERT INTO O_NBATTR VALUES ( 1302,803 );
INSERT INTO O_NBATTR VALUES ( 888,801 );
INSERT INTO O_NBATTR VALUES ( 890,801 );
INSERT INTO O_NBATTR VALUES ( 892,801 );
INSERT INTO O_NBATTR VALUES ( 1331,801 );
INSERT INTO O_NBATTR VALUES ( 1351,814 );
INSERT INTO O_NBATTR VALUES ( 1134,814 );
INSERT INTO O_NBATTR VALUES ( 1352,814 );
INSERT INTO O_NBATTR VALUES ( 1086,814 );
INSERT INTO O_NBATTR VALUES ( 1078,814 );
INSERT INTO O_RATTR VALUES ( 353,347,23,17,1,'Id' );
INSERT INTO O_RATTR VALUES ( 367,354,23,17,1,'Id' );
INSERT INTO O_RATTR VALUES ( 560,121,23,17,1,'Id' );
INSERT INTO O_RATTR VALUES ( 670,27,23,17,1,'Id' );
INSERT INTO O_RATTR VALUES ( 785,349,23,17,1,'Id' );
INSERT INTO O_RATTR VALUES ( 1354,814,812,810,1,'Id' );
INSERT INTO O_RATTR VALUES ( 1353,814,113,109,1,'Id' );
INSERT INTO S_CDT VALUES ( 831,0 );
INSERT INTO S_CDT VALUES ( 231,1 );
INSERT INTO S_CDT VALUES ( 217,2 );
INSERT INTO S_CDT VALUES ( 1678,3 );
INSERT INTO S_CDT VALUES ( 1679,4 );
INSERT INTO S_CDT VALUES ( 1680,5 );
INSERT INTO S_CDT VALUES ( 361,6 );
INSERT INTO S_CDT VALUES ( 358,7 );
INSERT INTO S_CDT VALUES ( 212,8 );
INSERT INTO S_CDT VALUES ( 936,9 );
INSERT INTO S_CDT VALUES ( 1192,10 );
INSERT INTO S_CDT VALUES ( 1681,11 );
INSERT INTO S_CDT VALUES ( 1682,12 );
INSERT INTO S_CDT VALUES ( 1683,13 );
INSERT INTO O_REF VALUES ( 347,17,0,23,344,348,345,353,357,0,0,'','Cross Transfer Conveyor','Id','R8' );
INSERT INTO O_REF VALUES ( 354,347,0,353,351,355,352,367,368,0,0,'','Automatic Sequence','Id','R9' );
INSERT INTO O_REF VALUES ( 121,347,0,353,351,356,352,560,561,0,0,'','Automatic Sequence','Id','R9' );
INSERT INTO O_REF VALUES ( 27,17,0,23,344,346,345,670,671,0,0,'','Cross Transfer Conveyor','Id','R8' );
INSERT INTO O_REF VALUES ( 349,17,0,23,344,350,345,785,786,0,0,'','Cross Transfer Conveyor','Id','R8' );
INSERT INTO O_REF VALUES ( 814,810,0,812,809,815,811,1354,1355,0,0,'','Divert Sheet','Id','R3.''responds to position of''' );
INSERT INTO O_REF VALUES ( 814,109,0,113,809,815,813,1353,1356,0,0,'','Actuator','Id','R3.''initiates motion on''' );
INSERT INTO O_RTIDA VALUES ( 23,17,0,344,345 );
INSERT INTO O_RTIDA VALUES ( 353,347,0,351,352 );
INSERT INTO O_RTIDA VALUES ( 812,810,0,809,811 );
INSERT INTO O_RTIDA VALUES ( 113,109,0,809,813 );
INSERT INTO O_TFR VALUES ( 36,17,'GetMotorDirection','Converts a machine side into a motor direction to run the conveyor in the correct
direction.  ',363,1,'motor_dir = self.drive_side;
if param.machine_side == Machine_Side::Operator;
   motor_dir = Motor_Direction::Forward;
   if self.drive_side == Motor_Direction::Forward;
      motor_dir = Motor_Direction::Reverse;
   end if;
end if;

return motor_dir;

',1,'',0 );
INSERT INTO O_TFR VALUES ( 916,189,'SheetDiverted','',831,1,'// Notify the diverter bay that it has received another sheet
select one diverter_bay related by self->DVRTBAY[R4];
generate DVRTBAY1:receive_sheet(sheet_caliper: self.web_caliper) to diverter_bay;

// Check to see if there are any more sheets remaining
select many divert_sheets related by self->DVRTSHT[R2];
if empty divert_sheets;
   // This divert packet can be deleted now, perform cleanup
   unrelate self from diverter_bay across R4;
   
   select one divert_sheet related by self->DVRTPKT[R1.''next''];
   if not_empty divert_sheet;
      // remove relationship between this instance of divert packet and the next
      unrelate self from divert_sheet across R1.''next'';

      // establish the new relationship with the diverter bay
      relate divert_sheet to diverter_bay across R4;
   end if;
   
   // Notify the diverter bay that it has received the last sheet from this divert packet
   generate DVRTBAY2:divert_packet_received() to diverter_bay;
   
   // Remove this divert packet
   delete object instance self;
end if;',1,'',0 );
INSERT INTO O_TFR VALUES ( 951,189,'UpdatePosition','',831,1,'// Update the position of the divert packet and the divert sheets. 
if (self.trailing_edge_position < 0);
   self.leading_edge_position = self.leading_edge_position + param.web_travel_dist;
   if (self.leading_edge_position > 0);
      self.leading_edge_position = 0;
   end if;
   
   self.trailing_edge_position = self.trailing_edge_position + param.web_travel_dist;
   if (self.trailing_edge_position > 0);
      self.trailing_edge_position = 0;
   end if;
end if;

// Update the position of the tracked divert sheets
select many divert_sheets related by self->DVRTSHT[R2];
for each divert_sheet in divert_sheets;
   divert_sheet.UpdatePosition(web_travel_dist: param.web_travel_dist, sheet_travel_dist: param.sheet_travel_dist);
end for;
',1,'',916 );
INSERT INTO O_TFR VALUES ( 1005,810,'UpdatePosition','',831,1,'// Update the tracked sheet''s position, check if any tracking points have been
//    reached, if so fire the events off, remove tracked sheet if it has no more
//    tracking points and add it to the stack.
// 


// Update position of sheet
if self.position - self.length < 0;
   // This sheet is still part of the web, use distance the web moved
   self.position = self.position + param.web_travel_dist;
else;
   // This sheet has been cut off and is under the control of the sheet handler
   self.position = self.position + param.sheet_travel_dist;
end if;

// Find the tracking points that should be fired
select many tracking_points related by self->TRKPT[R3] where 
   (selected.edge_to_track == Sheet_End::Leading and 
    self.position >= selected.effective_position) or
   (selected.edge_to_track == Sheet_End::Trailing and 
    self.position - self.length >= selected.effective_position);
      
for each tracking_point in tracking_points;
   // Send the event to the actuator
   select one actuator related by tracking_point->ACTR[R3];
   if tracking_point.type == Actuator_Event_Type::Engage_Material;
      generate ACTR1:activate() to actuator;
   else;
      generate ACTR2:de_activate() to actuator;
   end if;
     
   // Remove the tracking point
   unrelate actuator from self across R3 using tracking_point;
   delete object instance tracking_point;
end for;

// Check to see if this tracked_sheet has any more tracking points, if not,
//    it is a candidate for deletion.
// 

if self.position - self.length >= 0;  // The sheet must be severed from web
   select any tracking_point related by self->TRKPT[R3];
   if empty tracking_point;
      // Inform the Divert Packet this sheet has been diverted
      select one divert_packet related by self->DVRTPKT[R2];
      divert_packet.SheetDiverted();
   
      delete object instance self;
   end if;
end if;
',1,'',0 );
INSERT INTO O_TPARM VALUES ( 38,36,'machine_side',288,0,'',0,'' );
INSERT INTO O_TPARM VALUES ( 952,951,'web_travel_dist',217,0,'',953,'' );
INSERT INTO O_TPARM VALUES ( 953,951,'sheet_travel_dist',217,0,'',0,'' );
INSERT INTO O_TPARM VALUES ( 1047,1005,'web_travel_dist',217,0,'',1048,'' );
INSERT INTO O_TPARM VALUES ( 1048,1005,'sheet_travel_dist',217,0,'',0,'' );
INSERT INTO S_UDT VALUES ( 1684,1681,1 );
INSERT INTO S_UDT VALUES ( 1154,1682,3 );
INSERT INTO S_UDT VALUES ( 1685,1681,2 );
INSERT INTO S_BRG VALUES ( 1690,1689,'shutdown','',0,831,'control stop;',1,'' );
INSERT INTO S_BRG VALUES ( 1695,1694,'LogSuccess','',0,831,'',1,'' );
INSERT INTO S_BRG VALUES ( 1699,1694,'LogFailure','',0,831,'',1,'' );
INSERT INTO S_BRG VALUES ( 1703,1694,'LogInfo','',0,831,'',1,'' );
INSERT INTO S_BRG VALUES ( 1707,1694,'LogDate','',0,831,'',1,'' );
INSERT INTO S_BRG VALUES ( 1712,1694,'LogTime','',0,831,'',1,'' );
INSERT INTO S_BRG VALUES ( 1717,1694,'LogReal','',0,831,'',1,'' );
INSERT INTO S_BRG VALUES ( 1722,1694,'LogInteger','',0,831,'',1,'' );
INSERT INTO S_BRG VALUES ( 1726,1686,'current_date','',1,1684,'',1,'' );
INSERT INTO S_BRG VALUES ( 1729,1686,'create_date','',1,1684,'',1,'' );
INSERT INTO S_BRG VALUES ( 1738,1686,'get_second','',1,217,'',1,'' );
INSERT INTO S_BRG VALUES ( 1742,1686,'get_minute','',1,217,'',1,'' );
INSERT INTO S_BRG VALUES ( 1746,1686,'get_hour','',1,217,'',1,'' );
INSERT INTO S_BRG VALUES ( 1750,1686,'get_day','',1,217,'',1,'' );
INSERT INTO S_BRG VALUES ( 1754,1686,'get_month','',1,217,'',1,'' );
INSERT INTO S_BRG VALUES ( 1758,1686,'get_year','',1,217,'',1,'' );
INSERT INTO S_BRG VALUES ( 1762,1686,'current_clock','',1,1685,'',1,'' );
INSERT INTO S_BRG VALUES ( 1185,1686,'timer_start','This bridge operation starts a timer set to expire in the specified number of
microseconds, generating the passed event upon expiration. Returns the instance
handle of the timer.',1,1154,'',1,'' );
INSERT INTO S_BRG VALUES ( 1769,1686,'timer_start_recurring','This bridge operation starts a timer set to expire in the specified number of
microseconds, generating the passed event upon expiration. Upon expiration, the
timer will be restarted and fire again in the specified number of microseconds
generating the passed event. This bridge operation returns the instance handle
of the timer.',1,1154,'',1,'' );
INSERT INTO S_BRG VALUES ( 1774,1686,'timer_remaining_time','Returns the time remaining (in microseconds) for the passed timer instance. If
the timer has expired, a zero value is returned.',1,217,'',1,'' );
INSERT INTO S_BRG VALUES ( 1778,1686,'timer_reset_time','This bridge operation attempts to set the passed existing timer to expire in
the specified number of microseconds. If the timer exists (that is, it has not
expired), a TRUE value is returned. If the timer no longer exists, a FALSE value
is returned.',1,231,'',1,'' );
INSERT INTO S_BRG VALUES ( 1783,1686,'timer_add_time','This bridge operation attempts to add the specified number of microseconds to a
passed existing timer. If the timer exists (that is, it has not expired), a TRUE
value is returned. If the timer no longer exists, a FALSE value is returned.',1,231,'',1,'' );
INSERT INTO S_BRG VALUES ( 1788,1686,'timer_cancel','This bridge operation cancels and deletes the passed timer instance. If the 
timer exists (that is, it had not expired), a TRUE value is returned. If the
timer no longer exists, a FALSE value is returned.',1,231,'',1,'' );
INSERT INTO S_BPARM VALUES ( 1696,1695,'message',1679,0,'',0,'' );
INSERT INTO S_BPARM VALUES ( 1700,1699,'message',1679,0,'',0,'' );
INSERT INTO S_BPARM VALUES ( 1704,1703,'message',1679,0,'',0,'' );
INSERT INTO S_BPARM VALUES ( 1708,1707,'d',1684,0,'',0,'' );
INSERT INTO S_BPARM VALUES ( 1709,1707,'message',1679,0,'',1708,'' );
INSERT INTO S_BPARM VALUES ( 1713,1712,'t',1685,0,'',1714,'' );
INSERT INTO S_BPARM VALUES ( 1714,1712,'message',1679,0,'',0,'' );
INSERT INTO S_BPARM VALUES ( 1718,1717,'r',1678,0,'',1719,'' );
INSERT INTO S_BPARM VALUES ( 1719,1717,'message',1679,0,'',0,'' );
INSERT INTO S_BPARM VALUES ( 1723,1722,'message',217,0,'',0,'' );
INSERT INTO S_BPARM VALUES ( 1730,1729,'second',217,0,'',1731,'' );
INSERT INTO S_BPARM VALUES ( 1732,1729,'minute',217,0,'',1733,'' );
INSERT INTO S_BPARM VALUES ( 1733,1729,'hour',217,0,'',1734,'' );
INSERT INTO S_BPARM VALUES ( 1734,1729,'day',217,0,'',0,'' );
INSERT INTO S_BPARM VALUES ( 1731,1729,'month',217,0,'',1732,'' );
INSERT INTO S_BPARM VALUES ( 1735,1729,'year',217,0,'',1730,'' );
INSERT INTO S_BPARM VALUES ( 1739,1738,'date',1684,0,'',0,'' );
INSERT INTO S_BPARM VALUES ( 1743,1742,'date',1684,0,'',0,'' );
INSERT INTO S_BPARM VALUES ( 1747,1746,'date',1684,0,'',0,'' );
INSERT INTO S_BPARM VALUES ( 1751,1750,'date',1684,0,'',0,'' );
INSERT INTO S_BPARM VALUES ( 1755,1754,'date',1684,0,'',0,'' );
INSERT INTO S_BPARM VALUES ( 1759,1758,'date',1684,0,'',0,'' );
INSERT INTO S_BPARM VALUES ( 1765,1185,'microseconds',217,0,'',1766,'' );
INSERT INTO S_BPARM VALUES ( 1766,1185,'event_inst',1192,0,'',0,'' );
INSERT INTO S_BPARM VALUES ( 1770,1769,'microseconds',217,0,'',1771,'' );
INSERT INTO S_BPARM VALUES ( 1771,1769,'event_inst',1192,0,'',0,'' );
INSERT INTO S_BPARM VALUES ( 1775,1774,'timer_inst_ref',1154,0,'',0,'' );
INSERT INTO S_BPARM VALUES ( 1779,1778,'timer_inst_ref',1154,0,'',1780,'' );
INSERT INTO S_BPARM VALUES ( 1780,1778,'microseconds',217,0,'',0,'' );
INSERT INTO S_BPARM VALUES ( 1784,1783,'timer_inst_ref',1154,0,'',1785,'' );
INSERT INTO S_BPARM VALUES ( 1785,1783,'microseconds',217,0,'',0,'' );
INSERT INTO S_BPARM VALUES ( 1789,1788,'timer_inst_ref',1154,0,'',0,'' );
INSERT INTO EP_PKG VALUES ( 2,1,1,'Analysis','',0 );
INSERT INTO EP_PKG VALUES ( 3,0,1,'Sequences','',0 );
INSERT INTO EP_PKG VALUES ( 4,0,1,'Cross Transfer Conveyor_Inspection Sequence','',0 );
INSERT INTO EP_PKG VALUES ( 14,0,1,'CrossTransferConveyor_ManualJog_AutoInt','',0 );
INSERT INTO EP_PKG VALUES ( 131,0,1,'CrossTransferConveyor_ManualJog','',0 );
INSERT INTO EP_PKG VALUES ( 177,1,1,'Design','',0 );
INSERT INTO EP_PKG VALUES ( 178,0,1,'Model','Package description',800 );
INSERT INTO EP_PKG VALUES ( 343,0,1,'CrossTransferConveyorControl','',0 );
INSERT INTO EP_PKG VALUES ( 788,0,1,'DataTypes','',0 );
INSERT INTO EP_PKG VALUES ( 798,0,1,'Subsys','The class diagram for the diverter may appear to be more abstract than necessary,
but there are characteristics of the diverter operation that make the abstraction
necessary.  

Establishing relationships between the diverted sheets (product) and the actuated 
components would have been the logical choice.  Thestate machines to control the 
actuators would have resided within the product.  As the product flows along the 
board path, it''s state machine would trigger actions on the machine.  This model 
fails because the actuation time delays of the actuators are configurable and 
therefore does not guarantee the sequence of events generated.  Using product 
state machines to control the actuators is non-deterministic.

The approach taken in this model is to use a tracking point class to establish the
relationship between the product and the actuators.  The tracking points are in 
no particular order and trigger an action only when the divert sheet reaches a 
calculated position along the board path.  The tracking points have no 
understanding of what actions occurred before them or will occur after them.

The key point of this model is the sequence of actions of the diverter is not set
in a state machine, but is dynamic and therefore easily changed. 

The cross transfer conveyor is different.  It receives a tracking event near the 
beginning of the divert sequence to stop the conveyor prior to the first divert
sheet entering the diverter bay.  The conveyor may be moving from a user activity.
After that point, the cross transfer conveyor actions are driven by the diverter 
bay and ultimately the diverted stack, whether it is scrap or inspection. ',0 );
INSERT INTO EP_PKG VALUES ( 1386,0,1,'UnitTest','',0 );
INSERT INTO EP_PKG VALUES ( 1387,1,1,'PhysicalCompModel_pg1','',0 );
INSERT INTO EP_PKG VALUES ( 1526,1,1,'PhysicalCompModel_pg2','',0 );
INSERT INTO EP_PKG VALUES ( 1688,1687,1687,'BP_EE','',0 );
INSERT INTO EP_PKG VALUES ( 1793,1792,1792,'ClientInterface','',0 );
INSERT INTO EP_PKG VALUES ( 1794,0,1792,'JogMotor','',0 );
INSERT INTO EP_PKG VALUES ( 1795,0,1792,'TestComponents','',0 );
INSERT INTO EP_PKG VALUES ( 1825,0,1792,'Sequences','',0 );
INSERT INTO EP_PKG VALUES ( 1826,0,1792,'Client_JogCommand_UnknownDuration','',0 );
INSERT INTO EP_PKG VALUES ( 1842,0,1792,'Client_JogCommand_KnownDurationInterupt','',0 );
INSERT INTO EP_PKG VALUES ( 1864,0,1792,'Client_JogCommand_KnownDuration','',0 );
INSERT INTO EP_PKG VALUES ( 1882,1792,1792,'HardwareInterface','',0 );
INSERT INTO EP_PKG VALUES ( 1883,0,1792,'VelocityControlDrive','',0 );
INSERT INTO EP_PKG VALUES ( 1884,0,1792,'TestComponents','',0 );
INSERT INTO EP_PKG VALUES ( 1920,1792,1792,'DataTypes','',0 );
INSERT INTO EP_PKG VALUES ( 1922,1921,1921,'DataTypes','',0 );
INSERT INTO EP_PKG VALUES ( 1924,1923,1923,'DataTypes','',0 );
INSERT INTO EP_PKG VALUES ( 1926,1923,1923,'DiverterInterfaces','',0 );
INSERT INTO S_EDT VALUES ( 789 );
INSERT INTO S_EDT VALUES ( 792 );
INSERT INTO S_EDT VALUES ( 450 );
INSERT INTO S_EDT VALUES ( 363 );
INSERT INTO S_EDT VALUES ( 288 );
INSERT INTO S_EDT VALUES ( 213 );
INSERT INTO S_EDT VALUES ( 273 );
INSERT INTO CNST_CSP VALUES ( 795,'My Constants','' );
INSERT INTO CNST_SYC VALUES ( 796,'Forward','Don''t look back.',217,795,0,0 );
INSERT INTO CNST_SYC VALUES ( 797,'Reverse','Opposite of forward.',217,795,796,217 );
INSERT INTO CNST_LFSC VALUES ( 796,217 );
INSERT INTO CNST_LFSC VALUES ( 797,217 );
INSERT INTO CNST_LSC VALUES ( 796,217,'1' );
INSERT INTO CNST_LSC VALUES ( 797,217,'2' );
INSERT INTO S_ENUM VALUES ( 790,'Leading','The most downstream edge of a sheet.  The edge made by the first cut of the knife.',789,0 );
INSERT INTO S_ENUM VALUES ( 791,'Trailing','The most upstream edge of a sheet.  The edge made by the second cut of the knife.',789,790 );
INSERT INTO S_ENUM VALUES ( 793,'Engage_Material','Event type identifies events which cause the actuator to engage with the product
or material being handled.',792,0 );
INSERT INTO S_ENUM VALUES ( 794,'Disengage_Material','Event type identifies events which cause the actuator to disengage with the product
or material being handled.',792,793 );
INSERT INTO S_ENUM VALUES ( 498,'Dist_x1_Rollout','',450,0 );
INSERT INTO S_ENUM VALUES ( 501,'Dist_x2_Hesitating_Rollout','',450,498 );
INSERT INTO S_ENUM VALUES ( 442,'Forward','',363,0 );
INSERT INTO S_ENUM VALUES ( 449,'Reverse','',363,442 );
INSERT INTO S_ENUM VALUES ( 289,'Operator','Identifies the side of the machine the operator uses to control the machine.',288,0 );
INSERT INTO S_ENUM VALUES ( 292,'Drive','Identifies the side of the machine where the drive cabinets are located.',288,289 );
INSERT INTO S_ENUM VALUES ( 1271,'Scrap','',213,0 );
INSERT INTO S_ENUM VALUES ( 1925,'Inspection','',213,1271 );
INSERT INTO S_ENUM VALUES ( 275,'Stop','',273,0 );
INSERT INTO S_ENUM VALUES ( 278,'Operator','',273,275 );
INSERT INTO S_ENUM VALUES ( 281,'Drive','',273,278 );
INSERT INTO S_ENUM VALUES ( 284,'Impossible','',273,281 );
INSERT INTO S_SYNC VALUES ( 830,0,'Init','','// This function performs all initialization necessary for this sub-system.
// 


// Create the hardware

// Actuator class - Air Blast
create object instance actuator of ACTR;

create object instance air_blast of ARBLST;
air_blast.position = 1000;
air_blast.blast_duration = 100;

relate air_blast to actuator across R5;

// Actuator class - Diverter Pan
create object instance actuator of ACTR;

create object instance diverter_pan of DVTPAN;
diverter_pan.position = 900;

relate diverter_pan to actuator across R5;

// Actuator class - Fingers
create object instance actuator of ACTR;

create object instance fingers of FNGRS;
fingers.position = 900;
fingers.lower_time = 5;
fingers.raise_time = 5;

relate fingers to actuator across R5;

// Actuator class - Cross Transfer Conveyor
create object instance actuator of ACTR;

create object instance xtfr_conv of XTFRCNVR;
xtfr_conv.stopping_time = 500;
xtfr_conv.drive_side = Motor_Direction::Forward;

relate xtfr_conv to actuator across R5;

create object instance manual of MANSEQ;
relate manual to xtfr_conv across R8;

create object instance diverter_bay of DVRTBAY;
relate diverter_bay to xtfr_conv across R7;

//
// // Start the class based timers
// create event instance tracking_timer of DVRTPKT_A1:calc_new_position to DVRTPKT assigner;
// timer_handle = TIM::timer_start_recurring(microseconds: 1 * 1000, 
//                                             event_inst: tracking_timer);
// 
// create event instance tracking_timer of TRKPT_A1:correct_position to TRKPT assigner;
// timer_handle = TIM::timer_start_recurring(microseconds: 100 * 1000, 
//                                             event_inst: tracking_timer);
// 

',831,1,'' );
INSERT INTO S_SYS VALUES ( 1,'Diverter',1 );
INSERT INTO S_SYS VALUES ( 1687,'BridgePoint_EE',1 );
INSERT INTO S_SYS VALUES ( 1792,'Intf_MotorDrive',1 );
INSERT INTO S_SYS VALUES ( 1921,'Types_Corrugated',1 );
INSERT INTO S_SYS VALUES ( 1923,'Intf_Diverter',1 );
INSERT INTO TE_CI VALUES ( 5145792,'Motor_Drive_Reg','ShingleSeparator','',24097208,1424 );
INSERT INTO TE_CI VALUES ( 5145832,'Motor_Drive_FB','iMotor_Drive_FB','',24097416,1395 );
INSERT INTO TE_CI VALUES ( 5145872,'Motor_Drive_FB','DivertPan','',24097416,1406 );
INSERT INTO TE_CI VALUES ( 5145912,'Motor_Drive_FB','iMotor_Drive_FB','',24097416,1567 );
INSERT INTO TE_CI VALUES ( 5145952,'Motor_Drive_Brake','iMotor_Drive_Brake','',24097624,1556 );
INSERT INTO TE_CI VALUES ( 5145992,'Motor_Drive_Brake','Positioning','',24097624,1575 );
INSERT INTO TE_CI VALUES ( 5146032,'Motor_Drive','iMotor_Drive','',24097832,1388 );
INSERT INTO TE_CI VALUES ( 5146072,'Motor_Drive','CrossTransferConveyor','',24097832,1412 );
INSERT INTO TE_CI VALUES ( 5146112,'Motor_Drive','VacuumBlower','',24097832,1416 );
INSERT INTO TE_CI VALUES ( 5146152,'Motor_Drive','VacuumConveyor','',24097832,1420 );
INSERT INTO TE_CI VALUES ( 24107104,'Motor_Drive','iMotor_Drive','',24097832,1435 );
INSERT INTO TE_CI VALUES ( 24107144,'Motor_Drive','FlatBelts1to5','',24097832,1551 );
INSERT INTO TE_CI VALUES ( 24107184,'Motor_Drive','Oscillator','',24097832,1583 );
INSERT INTO TE_OIR VALUES ( 'XTFRCNVR_R7','form','','',0,1,829,17,827 );
INSERT INTO TE_OIR VALUES ( 'DVRTBAY_R7_removes_diverted_stacks_from','part','','removes_diverted_stacks_from',0,0,828,115,827 );
INSERT INTO TE_OIR VALUES ( 'DVRTSHT_R2_consists_of','form','','consists_of',1,1,826,810,824 );
INSERT INTO TE_OIR VALUES ( 'DVRTPKT_R2','part','','',0,1,825,189,824 );
INSERT INTO TE_OIR VALUES ( 'DVRTPKT_R4_receives_next','form','','receives_next',0,1,823,189,208 );
INSERT INTO TE_OIR VALUES ( 'DVRTBAY_R4','part','','',0,1,822,115,208 );
INSERT INTO TE_OIR VALUES ( 'DVRTPKT_R1_prev','form','','prev',0,1,821,189,236 );
INSERT INTO TE_OIR VALUES ( 'DVRTPKT_R1_next','part','','next',0,0,820,189,236 );
INSERT INTO TE_OIR VALUES ( 'DVRTSTK_R6_creates','form','','creates',0,1,819,818,816 );
INSERT INTO TE_OIR VALUES ( 'DVRTBAY_R6_forms_in','part','','forms_in',0,0,817,115,816 );
INSERT INTO TE_OIR VALUES ( 'TRKPT_R3','assr','','',0,1,815,814,809 );
INSERT INTO TE_OIR VALUES ( 'ACTR_R3_initiates_motion_on','aoth','','initiates_motion_on',1,1,813,109,809 );
INSERT INTO TE_OIR VALUES ( 'DVRTSHT_R3_responds_to_position_of','aone','','responds_to_position_of',1,0,811,810,809 );
INSERT INTO TE_OIR VALUES ( 'R5_subtype','subsuper','R5_object_id','',0,0,807,17,799 );
INSERT INTO TE_OIR VALUES ( 'R5_subtype','subsuper','R5_object_id','',0,0,806,805,799 );
INSERT INTO TE_OIR VALUES ( 'R5_subtype','subsuper','R5_object_id','',0,0,804,803,799 );
INSERT INTO TE_OIR VALUES ( 'R5_subtype','subsuper','R5_object_id','',0,0,802,801,799 );
INSERT INTO TE_OIR VALUES ( 'ACTR_R5','subsuper','','',0,0,800,109,799 );
INSERT INTO TE_OIR VALUES ( 'R9_subtype','subsuper','R9_object_id','',0,0,356,121,351 );
INSERT INTO TE_OIR VALUES ( 'R9_subtype','subsuper','R9_object_id','',0,0,355,354,351 );
INSERT INTO TE_OIR VALUES ( 'AUTOSEQ_R9','subsuper','','',0,1,352,347,351 );
INSERT INTO TE_OIR VALUES ( 'R8_subtype','subsuper','R8_object_id','',0,1,350,349,344 );
INSERT INTO TE_OIR VALUES ( 'R8_subtype','subsuper','R8_object_id','',0,1,348,347,344 );
INSERT INTO TE_OIR VALUES ( 'R8_subtype','subsuper','R8_object_id','',0,1,346,27,344 );
INSERT INTO TE_OIR VALUES ( 'XTFRCNVR_R8','subsuper','','',0,1,345,17,344 );
INSERT INTO TE_SYS VALUES ( 1,'','',32,0,0,0,0,0,0,0,0,0,0,0,0,0,128,128,0,0,'','Diverter',0,0,'sc_interface',0,0,0,1 );
INSERT INTO TE_DISP VALUES ( 1,1,'main','dispatcher' );
INSERT INTO TE_QUEUE VALUES ( 1,1,1,'Self Queue',0,0 );
INSERT INTO TE_QUEUE VALUES ( 2,1,2,'NonSelf Queue',0,0 );
INSERT INTO TE_ABA VALUES ( 5137856,'TE_MACT',5144336,0,0,' void ','','','','','','','','','LiftBay_Port2_BundleOffsetTopSheetHoldCylinder','void',0,0,'','' );
INSERT INTO TE_ABA VALUES ( 5137964,'TE_MACT',5144336,0,0,' void ','','','','','','','','','LiftBay_Port2_BundleOffsetExtendCylinder','void',0,0,'','' );
INSERT INTO TE_ABA VALUES ( 5138072,'TE_MACT',5144752,0,0,' void ','','','','','','','','','Backstop_Port3_BundleOffsetUpDownCylinder','void',0,0,'','' );
INSERT INTO TE_ABA VALUES ( 5138180,'TE_MACT',5144752,0,0,' void ','','','','','','','','','Backstop_Port3_UpDownCylinder','void',0,0,'','' );
INSERT INTO TE_ABA VALUES ( 5138288,'TE_MACT',5144960,0,0,' void ','','','','','','','','','ShinglingSection_Port3_Multi_Flute','void',0,0,'','' );
INSERT INTO TE_ABA VALUES ( 5138396,'TE_MACT',5144960,0,0,' void ','','','','','','','','','ShinglingSection_Port3_SyncVacCylinders','void',0,0,'','' );
INSERT INTO TE_ABA VALUES ( 5138504,'TE_MACT',5144960,0,0,' void ','','','','','','','','','ShinglingSection_Port3_ChamberDampers','void',0,0,'','' );
INSERT INTO TE_ABA VALUES ( 5138612,'TE_MACT',5144960,0,0,' void ','','','','','','','','','ShinglingSection_Port3_MainDampers','void',0,0,'','' );
INSERT INTO TE_ABA VALUES ( 5138720,'TE_MACT',24098456,0,0,' void ','','','','','','','','','Diverter_Port3_AirBlast','void',0,0,'','' );
INSERT INTO TE_ABA VALUES ( 5138828,'TE_MACT',24098456,0,0,' void ','','','','','','','','','Diverter_Port3_Fingers','void',0,0,'','' );
INSERT INTO TE_ABA VALUES ( 24180816,'TE_MACT',5143504,0,0,' void ','','','','','','','','','rqd_JogMotor_IntfTest_Port1_motion_complete','void',0,0,'','' );
INSERT INTO TE_ABA VALUES ( 24180924,'TE_MACT',5143504,0,0,' void ','','','','','','','','','rqd_JogMotor_IntfTest_Port1_motion_initiated','void',0,0,'','' );
INSERT INTO TE_ABA VALUES ( 24181032,'TE_MACT',5143504,0,0,' void ','','','','','','','','','rqd_JogMotor_IntfTest_Port1_stop','void',0,0,'','' );
INSERT INTO TE_ABA VALUES ( 24181140,'TE_MACT',5143504,0,0,' const i_t, const Diverter_Motor_Direction_t, const i_t, const i_t ',' const i_t p_acceleration, const Diverter_Motor_Direction_t p_direction, const i_t p_duration, const i_t p_velocity ','i_t p_acceleration;
Diverter_Motor_Direction_t p_direction;
i_t p_duration;
i_t p_velocity;
',', p_acceleration, p_direction, p_duration, p_velocity','%d,%d,%d,%d',' p_acceleration, p_direction, p_duration, p_velocity','    e->p_acceleration = p_acceleration;    e->p_direction = p_direction;    e->p_duration = p_duration;    e->p_velocity = p_velocity;','    e->p_acceleration = p_acceleration;    e->p_direction = p_direction;    e->p_duration = p_duration;    e->p_velocity = p_velocity;','','rqd_JogMotor_IntfTest_Port1_jog','void',0,0,'','' );
INSERT INTO TE_ABA VALUES ( 24181248,'TE_MACT',5143920,0,0,' void ','','','','','','','','','SafetySystem_Port2_LiftChainFailureProx','void',0,0,'','' );
INSERT INTO TE_ABA VALUES ( 24181356,'TE_MACT',5143920,0,0,' void ','','','','','','','','','SafetySystem_Port2_LiftTableLiftLocksEngagedProx','void',0,0,'','' );
INSERT INTO TE_ABA VALUES ( 24181464,'TE_MACT',5143920,0,0,' void ','','','','','','','','','SafetySystem_Port2_PalletInfeedObstructionPE','void',0,0,'','' );
INSERT INTO TE_ABA VALUES ( 24181572,'TE_MACT',5143920,0,0,' void ','','','','','','','','','SafetySystem_Port2_LiftDownLimitSw','void',0,0,'','' );
INSERT INTO TE_ABA VALUES ( 24181680,'TE_MACT',5143920,0,0,' void ','','','','','','','','','SafetySystem_Port2_LiftMidPointObstructionPE','void',0,0,'','' );
INSERT INTO TE_ABA VALUES ( 24181788,'TE_MACT',5143920,0,0,' void ','','','','','','','','','SafetySystem_Port2_LiftDownObstructionPE','void',0,0,'','' );
INSERT INTO TE_ABA VALUES ( 24196912,'TE_MACT',5143920,0,0,' void ','','','','','','','','','SafetySystem_Port2_LiftBayScan','void',0,0,'','' );
INSERT INTO TE_ABA VALUES ( 24197020,'TE_MACT',5143920,0,0,' void ','','','','','','','','','SafetySystem_Port2_SheetHandlingSlidingDoorSw','void',0,0,'','' );
INSERT INTO TE_ABA VALUES ( 24197128,'TE_MACT',5143920,0,0,' void ','','','','','','','','','SafetySystem_Port2_LiftRaiseObstructionPE','void',0,0,'','' );
INSERT INTO TE_ABA VALUES ( 24197236,'TE_MACT',5143920,0,0,' void ','','','','','','','','','SafetySystem_Port2_SafetyTripCable','void',0,0,'','' );
INSERT INTO TE_ABA VALUES ( 24197344,'TE_MACT',5143920,0,0,' void ','','','','','','','','','SafetySystem_Port2_UpperLevelInfeedConveyorAccess','void',0,0,'','' );
INSERT INTO TE_ABA VALUES ( 24197452,'TE_MACT',5144128,0,0,' void ','','','','','','','','','LiftConveyor_Port3_EarlyStackRollout','void',0,0,'','' );
INSERT INTO TE_ABA VALUES ( 24197560,'TE_MACT',5144128,0,0,' void ','','','','','','','','','LiftConveyor_Port3_StackSensePE','void',0,0,'','' );
INSERT INTO TE_ABA VALUES ( 24197668,'TE_MACT',5144336,0,0,' void ','','','','','','','','','LiftBay_Port2_CounterWeightMaxUpSensor','void',0,0,'','' );
INSERT INTO TE_ABA VALUES ( 24197776,'TE_MACT',5144752,0,0,' void ','','','','','','','','','Backstop_Port3_StackHeightSensors','void',0,0,'','' );
INSERT INTO TE_ABA VALUES ( 24197884,'TE_MACT',5144752,0,0,' void ','','','','','','','','','Backstop_Port3_BackstopJammed','void',0,0,'','' );
INSERT INTO TE_ABA VALUES ( 24207728,'TE_MACT',24098456,0,0,' void ','','','','','','','','','Diverter_Port3_LockedInRunPosition','void',0,0,'','' );
INSERT INTO TE_ABA VALUES ( 24207836,'TE_MACT',24098456,0,0,' void ','','','','','','','','','Diverter_Port3_UserInputs_Jog_InspectionSheet_FoilSense','void',0,0,'','' );
INSERT INTO TE_ABA VALUES ( 24207944,'TE_MACT',24098664,0,0,' void ','','','','','','','','','CTMSensor_Port1_HomeReferenceOverTravelProx','void',0,0,'','' );
INSERT INTO TE_ABA VALUES ( 24208052,'TE_MACT',24099080,0,0,' void ','','','','','','','','','Diverter_Port1_motion_complete','void',0,0,'','' );
INSERT INTO TE_ABA VALUES ( 24208160,'TE_MACT',24099080,0,0,' void ','','','','','','','','','Diverter_Port1_motion_initiated','void',0,0,'','' );
INSERT INTO TE_ABA VALUES ( 24208268,'TE_MACT',24099080,0,0,' void ','','','','','','','','','Diverter_Port1_stop','void',0,0,'','' );
INSERT INTO TE_ABA VALUES ( 24208376,'TE_MACT',24099080,0,0,' const i_t, const Diverter_Motor_Direction_t, const i_t, const i_t ',' const i_t p_acceleration, const Diverter_Motor_Direction_t p_direction, const i_t p_duration, const i_t p_velocity ','i_t p_acceleration;
Diverter_Motor_Direction_t p_direction;
i_t p_duration;
i_t p_velocity;
',', p_acceleration, p_direction, p_duration, p_velocity','%d,%d,%d,%d',' p_acceleration, p_direction, p_duration, p_velocity','    e->p_acceleration = p_acceleration;    e->p_direction = p_direction;    e->p_duration = p_duration;    e->p_velocity = p_velocity;','    e->p_acceleration = p_acceleration;    e->p_direction = p_direction;    e->p_duration = p_duration;    e->p_velocity = p_velocity;','','Diverter_Port1_jog','void',0,0,'','' );
INSERT INTO TE_ABA VALUES ( 24208484,'TE_MACT',24099080,0,0,' void ','','','','','','','','','Diverter_speed_ref_CutPulse','void',0,0,'','' );
INSERT INTO TE_ABA VALUES ( 24208592,'TE_MACT',24099080,0,0,' void ','','','','','','','','','Diverter_xtfrcnvr_motion_complete','void',0,0,'','  Diverter_XTFRCNVR * xtfr_conveyor=0;
  /* SELECT any xtfr_conveyor FROM INSTANCES OF XTFRCNVR */
  XTUML_OAL_STMT_TRACE( 1, "SELECT any xtfr_conveyor FROM INSTANCES OF XTFRCNVR" );
  xtfr_conveyor = (Diverter_XTFRCNVR *) Escher_SetGetAny( &pG_Diverter_XTFRCNVR_extent.active );
  /* GENERATE XTFRCNVR9:motor_stopped() TO xtfr_conveyor */
  XTUML_OAL_STMT_TRACE( 1, "GENERATE XTFRCNVR9:motor_stopped() TO xtfr_conveyor" );
  { Escher_xtUMLEvent_t * e = Escher_NewxtUMLEvent( xtfr_conveyor, &Diverter_XTFRCNVRevent9c );
    Escher_SendEvent( e );
  }
' );
INSERT INTO TE_ABA VALUES ( 24208700,'TE_MACT',24099080,0,0,' void ','','','','','','','','','Diverter_xtfrcnvr_motion_initiated','void',0,0,'','  Diverter_XTFRCNVR * xtfr_conveyor=0;
  /* SELECT any xtfr_conveyor FROM INSTANCES OF XTFRCNVR */
  XTUML_OAL_STMT_TRACE( 1, "SELECT any xtfr_conveyor FROM INSTANCES OF XTFRCNVR" );
  xtfr_conveyor = (Diverter_XTFRCNVR *) Escher_SetGetAny( &pG_Diverter_XTFRCNVR_extent.active );
  /* GENERATE XTFRCNVR5:drive_rdy_for_inst() TO xtfr_conveyor */
  XTUML_OAL_STMT_TRACE( 1, "GENERATE XTFRCNVR5:drive_rdy_for_inst() TO xtfr_conveyor" );
  { Escher_xtUMLEvent_t * e = Escher_NewxtUMLEvent( xtfr_conveyor, &Diverter_XTFRCNVRevent5c );
    Escher_SendEvent( e );
  }
' );
INSERT INTO TE_ABA VALUES ( 24225568,'TE_MACT',24099080,0,0,' void ','','','','','','','','','Diverter_xtfrcnvr_stop','void',0,0,'','' );
INSERT INTO TE_ABA VALUES ( 24225676,'TE_MACT',24099080,0,0,' const i_t, const Diverter_Motor_Direction_t, const i_t, const i_t ',' const i_t p_acceleration, const Diverter_Motor_Direction_t p_direction, const i_t p_duration, const i_t p_velocity ','i_t p_acceleration;
Diverter_Motor_Direction_t p_direction;
i_t p_duration;
i_t p_velocity;
',', p_acceleration, p_direction, p_duration, p_velocity','%d,%d,%d,%d',' p_acceleration, p_direction, p_duration, p_velocity','    e->p_acceleration = p_acceleration;    e->p_direction = p_direction;    e->p_duration = p_duration;    e->p_velocity = p_velocity;','    e->p_acceleration = p_acceleration;    e->p_direction = p_direction;    e->p_duration = p_duration;    e->p_velocity = p_velocity;','','Diverter_xtfrcnvr_jog','void',0,0,'','' );
INSERT INTO TE_ABA VALUES ( 24225784,'TE_MACT',24099080,0,0,' void ','','','','','','','','','Diverter_Client_get_xtfr_jog_switch_position','Diverter_Jog_Switch_Position_t',0,0,'','' );
INSERT INTO TE_ABA VALUES ( 24225892,'TE_MACT',24099080,0,0,' void ','','','','','','','','','Diverter_Client_request_status','bool',0,0,'','  /* RETURN FALSE */
  XTUML_OAL_STMT_TRACE( 1, "RETURN FALSE" );
  {bool xtumlOALrv = FALSE;
  return xtumlOALrv;}
' );
INSERT INTO TE_ABA VALUES ( 24226000,'TE_MACT',5143296,0,0,' void ','','','','','','','','','prv_ExpectedResponse_Port1_error','void',0,0,'','' );
INSERT INTO TE_ABA VALUES ( 24226108,'TE_MACT',5143296,0,0,' void ','','','','','','','','','prv_ExpectedResponse_Port1_done','void',0,0,'','' );
INSERT INTO TE_ABA VALUES ( 24226216,'TE_MACT',5143296,0,0,' void ','','','','','','','','','prv_ExpectedResponse_Port1_in_progress','void',0,0,'','' );
INSERT INTO TE_ABA VALUES ( 24226324,'TE_MACT',5143296,0,0,' void ','','','','','','','','','prv_ExpectedResponse_Port1_stop_motor','void',0,0,'','  /* SEND Port1::done() */
  XTUML_OAL_STMT_TRACE( 1, "SEND Port1::done()" );
  prv_ExpectedResponse_Port1_done();
' );
INSERT INTO TE_ABA VALUES ( 24226432,'TE_MACT',5143296,0,0,' const i_t, const Diverter_Motor_Direction_t, const i_t ',' const i_t p_acceleration, const Diverter_Motor_Direction_t p_motor_direction, const i_t p_velocity ','i_t p_acceleration;
Diverter_Motor_Direction_t p_motor_direction;
i_t p_velocity;
',', p_acceleration, p_motor_direction, p_velocity','%d,%d,%d',' p_acceleration, p_motor_direction, p_velocity','    e->p_acceleration = p_acceleration;    e->p_motor_direction = p_motor_direction;    e->p_velocity = p_velocity;','    e->p_acceleration = p_acceleration;    e->p_motor_direction = p_motor_direction;    e->p_velocity = p_velocity;','','prv_ExpectedResponse_Port1_jog_motor','void',0,0,'','  /* SEND Port1::in_progress() */
  XTUML_OAL_STMT_TRACE( 1, "SEND Port1::in_progress()" );
  prv_ExpectedResponse_Port1_in_progress();
' );
INSERT INTO TE_ABA VALUES ( 24226540,'TE_MACT',5143296,0,0,' const bool ',' const bool p_enable ','bool p_enable;
',', p_enable','%d',' p_enable','    e->p_enable = p_enable;','    e->p_enable = p_enable;','','prv_ExpectedResponse_Port1_enable_drive','void',0,0,'','  /* SEND Port1::done() */
  XTUML_OAL_STMT_TRACE( 1, "SEND Port1::done()" );
  prv_ExpectedResponse_Port1_done();
' );
INSERT INTO TE_ABA VALUES ( 24245576,'TE_MACT',5143712,0,0,' void ','','','','','','','','','prv_JogMotor_ExpResp_Port1_motion_complete','void',0,0,'','' );
INSERT INTO TE_ABA VALUES ( 24245684,'TE_MACT',5143712,0,0,' void ','','','','','','','','','prv_JogMotor_ExpResp_Port1_motion_initiated','void',0,0,'','' );
INSERT INTO TE_ABA VALUES ( 24245792,'TE_MACT',5143712,0,0,' void ','','','','','','','','','prv_JogMotor_ExpResp_Port1_stop','void',0,0,'','' );
INSERT INTO TE_ABA VALUES ( 24245900,'TE_MACT',5143712,0,0,' const i_t, const Diverter_Motor_Direction_t, const i_t, const i_t ',' const i_t p_acceleration, const Diverter_Motor_Direction_t p_direction, const i_t p_duration, const i_t p_velocity ','i_t p_acceleration;
Diverter_Motor_Direction_t p_direction;
i_t p_duration;
i_t p_velocity;
',', p_acceleration, p_direction, p_duration, p_velocity','%d,%d,%d,%d',' p_acceleration, p_direction, p_duration, p_velocity','    e->p_acceleration = p_acceleration;    e->p_direction = p_direction;    e->p_duration = p_duration;    e->p_velocity = p_velocity;','    e->p_acceleration = p_acceleration;    e->p_direction = p_direction;    e->p_duration = p_duration;    e->p_velocity = p_velocity;','','prv_JogMotor_ExpResp_Port1_jog','void',0,0,'','' );
INSERT INTO TE_ABA VALUES ( 24246008,'TE_MACT',24099080,0,0,' const Diverter_Jog_Switch_Position_t ',' const Diverter_Jog_Switch_Position_t p_new_position ','Diverter_Jog_Switch_Position_t p_new_position;
',', p_new_position','%d',' p_new_position','    e->p_new_position = p_new_position;','    e->p_new_position = p_new_position;','','Diverter_Client_xtfr_jog_switch_position_changed','void',0,0,'','  Diverter_XTFRCNVR * xtfr_conveyor=0;
  /* SELECT any xtfr_conveyor FROM INSTANCES OF XTFRCNVR */
  XTUML_OAL_STMT_TRACE( 1, "SELECT any xtfr_conveyor FROM INSTANCES OF XTFRCNVR" );
  xtfr_conveyor = (Diverter_XTFRCNVR *) Escher_SetGetAny( &pG_Diverter_XTFRCNVR_extent.active );
  /* IF ( ( PARAM.new_position == Stop ) ) */
  XTUML_OAL_STMT_TRACE( 1, "IF ( ( PARAM.new_position == Stop ) )" );
  if ( ( p_new_position == Diverter_Jog_Switch_Position_Stop_e ) ) {
    /* GENERATE XTFRCNVR4:jog_complete() TO xtfr_conveyor */
    XTUML_OAL_STMT_TRACE( 2, "GENERATE XTFRCNVR4:jog_complete() TO xtfr_conveyor" );
    { Escher_xtUMLEvent_t * e = Escher_NewxtUMLEvent( xtfr_conveyor, &Diverter_XTFRCNVRevent4c );
      Escher_SendEvent( e );
    }
  }
  else if ( ( p_new_position == Diverter_Jog_Switch_Position_Operator_e ) ) {
    /* GENERATE XTFRCNVR3:jog(direction:Operator) TO xtfr_conveyor */
    XTUML_OAL_STMT_TRACE( 2, "GENERATE XTFRCNVR3:jog(direction:Operator) TO xtfr_conveyor" );
    { Diverter_XTFRCNVRevent3 * e = (Diverter_XTFRCNVRevent3 *) Escher_NewxtUMLEvent( xtfr_conveyor, &Diverter_XTFRCNVRevent3c );
      e->p_direction = Diverter_Machine_Side_Operator_e;
      Escher_SendEvent( (Escher_xtUMLEvent_t *) e );
    }
  }
  else if ( ( p_new_position == Diverter_Jog_Switch_Position_Drive_e ) ) {
    /* GENERATE XTFRCNVR3:jog(direction:Drive) TO xtfr_conveyor */
    XTUML_OAL_STMT_TRACE( 2, "GENERATE XTFRCNVR3:jog(direction:Drive) TO xtfr_conveyor" );
    { Diverter_XTFRCNVRevent3 * e = (Diverter_XTFRCNVRevent3 *) Escher_NewxtUMLEvent( xtfr_conveyor, &Diverter_XTFRCNVRevent3c );
      e->p_direction = Diverter_Machine_Side_Drive_e;
      Escher_SendEvent( (Escher_xtUMLEvent_t *) e );
    }
  }
  else if ( ( p_new_position == Diverter_Jog_Switch_Position_Impossible_e ) ) {
  }
' );
INSERT INTO TE_ABA VALUES ( 24246116,'TE_MACT',24099080,0,0,' const bool ',' const bool p_ready ','bool p_ready;
',', p_ready','%d',' p_ready','    e->p_ready = p_ready;','    e->p_ready = p_ready;','','Diverter_Client_diverter_ready','void',0,0,'','' );
INSERT INTO TE_ABA VALUES ( 24246224,'TE_MACT',24099080,0,0,' const Diverter_Divert_Packet_t, const i_t, const i_t, const i_t ',' const Diverter_Divert_Packet_t p_divert_type, const i_t p_number_of_sheets, const i_t p_packet_start_position, const i_t p_sheet_length ','Diverter_Divert_Packet_t p_divert_type;
i_t p_number_of_sheets;
i_t p_packet_start_position;
i_t p_sheet_length;
',', p_divert_type, p_number_of_sheets, p_packet_start_position, p_sheet_length','%d,%d,%d,%d',' p_divert_type, p_number_of_sheets, p_packet_start_position, p_sheet_length','    e->p_divert_type = p_divert_type;    e->p_number_of_sheets = p_number_of_sheets;    e->p_packet_start_position = p_packet_start_position;    e->p_sheet_length = p_sheet_length;','    e->p_divert_type = p_divert_type;    e->p_number_of_sheets = p_number_of_sheets;    e->p_packet_start_position = p_packet_start_position;    e->p_sheet_length = p_sheet_length;','','Diverter_Client_divert_pending','void',0,0,'','  Diverter_DVRTPKT * divert_package;Diverter_DVRTBAY * diverter_bay=0;Diverter_DVRTPKT * dvrt_package=0;
  /* CREATE OBJECT INSTANCE divert_package OF DVRTPKT */
  XTUML_OAL_STMT_TRACE( 1, "CREATE OBJECT INSTANCE divert_package OF DVRTPKT" );
  divert_package = (Diverter_DVRTPKT *) Escher_CreateInstance( Diverter_DOMAIN_ID, Diverter_DVRTPKT_CLASS_NUMBER );
  /* ASSIGN divert_package.type = PARAM.divert_type */
  XTUML_OAL_STMT_TRACE( 1, "ASSIGN divert_package.type = PARAM.divert_type" );
  divert_package->type = p_divert_type;
  /* ASSIGN divert_package.leading_edge_position = PARAM.packet_start_position */
  XTUML_OAL_STMT_TRACE( 1, "ASSIGN divert_package.leading_edge_position = PARAM.packet_start_position" );
  divert_package->leading_edge_position = p_packet_start_position;
  /* ASSIGN divert_package.trailing_edge_position = ( PARAM.packet_start_position - ( PARAM.sheet_length * PARAM.number_of_sheets ) ) */
  XTUML_OAL_STMT_TRACE( 1, "ASSIGN divert_package.trailing_edge_position = ( PARAM.packet_start_position - ( PARAM.sheet_length * PARAM.number_of_sheets ) )" );
  divert_package->trailing_edge_position = ( p_packet_start_position - ( p_sheet_length * p_number_of_sheets ) );
  /* ASSIGN divert_package.web_caliper = 0 */
  XTUML_OAL_STMT_TRACE( 1, "ASSIGN divert_package.web_caliper = 0" );
  divert_package->web_caliper = 0;
  /* SELECT any diverter_bay FROM INSTANCES OF DVRTBAY */
  XTUML_OAL_STMT_TRACE( 1, "SELECT any diverter_bay FROM INSTANCES OF DVRTBAY" );
  diverter_bay = (Diverter_DVRTBAY *) Escher_SetGetAny( &pG_Diverter_DVRTBAY_extent.active );
  /* SELECT one dvrt_package RELATED BY diverter_bay->DVRTPKT[R4] */
  XTUML_OAL_STMT_TRACE( 1, "SELECT one dvrt_package RELATED BY diverter_bay->DVRTPKT[R4]" );
  dvrt_package = ( 0 != diverter_bay ) ? diverter_bay->DVRTPKT_R4_receives_next : 0;
  /* IF ( not_empty dvrt_package ) */
  XTUML_OAL_STMT_TRACE( 1, "IF ( not_empty dvrt_package )" );
  if ( ( 0 != dvrt_package ) ) {
    /* WHILE ( not_empty dvrt_package ) */
    XTUML_OAL_STMT_TRACE( 2, "WHILE ( not_empty dvrt_package )" );
    while ( ( 0 != dvrt_package ) ) {
      /* SELECT one dvrt_package RELATED BY dvrt_package->DVRTPKT[R1.next] */
      XTUML_OAL_STMT_TRACE( 3, "SELECT one dvrt_package RELATED BY dvrt_package->DVRTPKT[R1.next]" );
      dvrt_package = ( 0 != dvrt_package ) ? dvrt_package->DVRTPKT_R1_next : 0;
    }
    /* RELATE divert_package TO dvrt_package ACROSS R1 */
    XTUML_OAL_STMT_TRACE( 2, "RELATE divert_package TO dvrt_package ACROSS R1" );
    Diverter_DVRTPKT_R1_Link_next( divert_package, dvrt_package );
  }
' );
INSERT INTO TE_ABA VALUES ( 24246332,'S_SYNC',24099080,0,0,' void ','','','','','','','','','Diverter_Init','void',0,0,'','  Diverter_DVRTBAY * diverter_bay;Diverter_MANSEQ * manual;Diverter_XTFRCNVR * xtfr_conv;Diverter_FNGRS * fingers;Diverter_DVTPAN * diverter_pan;Diverter_ARBLST * air_blast;Diverter_ACTR * actuator;
  /* CREATE OBJECT INSTANCE actuator OF ACTR */
  XTUML_OAL_STMT_TRACE( 1, "CREATE OBJECT INSTANCE actuator OF ACTR" );
  actuator = (Diverter_ACTR *) Escher_CreateInstance( Diverter_DOMAIN_ID, Diverter_ACTR_CLASS_NUMBER );
  /* CREATE OBJECT INSTANCE air_blast OF ARBLST */
  XTUML_OAL_STMT_TRACE( 1, "CREATE OBJECT INSTANCE air_blast OF ARBLST" );
  air_blast = (Diverter_ARBLST *) Escher_CreateInstance( Diverter_DOMAIN_ID, Diverter_ARBLST_CLASS_NUMBER );
  /* ASSIGN air_blast.position = 1000 */
  XTUML_OAL_STMT_TRACE( 1, "ASSIGN air_blast.position = 1000" );
  air_blast->position = 1000;
  /* ASSIGN air_blast.blast_duration = 100 */
  XTUML_OAL_STMT_TRACE( 1, "ASSIGN air_blast.blast_duration = 100" );
  air_blast->blast_duration = 100;
  /* RELATE air_blast TO actuator ACROSS R5 */
  XTUML_OAL_STMT_TRACE( 1, "RELATE air_blast TO actuator ACROSS R5" );
  Diverter_ARBLST_R5_Link( actuator, air_blast );
  /* CREATE OBJECT INSTANCE actuator OF ACTR */
  XTUML_OAL_STMT_TRACE( 1, "CREATE OBJECT INSTANCE actuator OF ACTR" );
  actuator = (Diverter_ACTR *) Escher_CreateInstance( Diverter_DOMAIN_ID, Diverter_ACTR_CLASS_NUMBER );
  /* CREATE OBJECT INSTANCE diverter_pan OF DVTPAN */
  XTUML_OAL_STMT_TRACE( 1, "CREATE OBJECT INSTANCE diverter_pan OF DVTPAN" );
  diverter_pan = (Diverter_DVTPAN *) Escher_CreateInstance( Diverter_DOMAIN_ID, Diverter_DVTPAN_CLASS_NUMBER );
  /* ASSIGN diverter_pan.position = 900 */
  XTUML_OAL_STMT_TRACE( 1, "ASSIGN diverter_pan.position = 900" );
  diverter_pan->position = 900;
  /* RELATE diverter_pan TO actuator ACROSS R5 */
  XTUML_OAL_STMT_TRACE( 1, "RELATE diverter_pan TO actuator ACROSS R5" );
  Diverter_DVTPAN_R5_Link( actuator, diverter_pan );
  /* CREATE OBJECT INSTANCE actuator OF ACTR */
  XTUML_OAL_STMT_TRACE( 1, "CREATE OBJECT INSTANCE actuator OF ACTR" );
  actuator = (Diverter_ACTR *) Escher_CreateInstance( Diverter_DOMAIN_ID, Diverter_ACTR_CLASS_NUMBER );
  /* CREATE OBJECT INSTANCE fingers OF FNGRS */
  XTUML_OAL_STMT_TRACE( 1, "CREATE OBJECT INSTANCE fingers OF FNGRS" );
  fingers = (Diverter_FNGRS *) Escher_CreateInstance( Diverter_DOMAIN_ID, Diverter_FNGRS_CLASS_NUMBER );
  /* ASSIGN fingers.position = 900 */
  XTUML_OAL_STMT_TRACE( 1, "ASSIGN fingers.position = 900" );
  fingers->position = 900;
  /* ASSIGN fingers.lower_time = 5 */
  XTUML_OAL_STMT_TRACE( 1, "ASSIGN fingers.lower_time = 5" );
  fingers->lower_time = 5;
  /* ASSIGN fingers.raise_time = 5 */
  XTUML_OAL_STMT_TRACE( 1, "ASSIGN fingers.raise_time = 5" );
  fingers->raise_time = 5;
  /* RELATE fingers TO actuator ACROSS R5 */
  XTUML_OAL_STMT_TRACE( 1, "RELATE fingers TO actuator ACROSS R5" );
  Diverter_FNGRS_R5_Link( actuator, fingers );
  /* CREATE OBJECT INSTANCE actuator OF ACTR */
  XTUML_OAL_STMT_TRACE( 1, "CREATE OBJECT INSTANCE actuator OF ACTR" );
  actuator = (Diverter_ACTR *) Escher_CreateInstance( Diverter_DOMAIN_ID, Diverter_ACTR_CLASS_NUMBER );
  /* CREATE OBJECT INSTANCE xtfr_conv OF XTFRCNVR */
  XTUML_OAL_STMT_TRACE( 1, "CREATE OBJECT INSTANCE xtfr_conv OF XTFRCNVR" );
  xtfr_conv = (Diverter_XTFRCNVR *) Escher_CreateInstance( Diverter_DOMAIN_ID, Diverter_XTFRCNVR_CLASS_NUMBER );
  /* ASSIGN xtfr_conv.stopping_time = 500 */
  XTUML_OAL_STMT_TRACE( 1, "ASSIGN xtfr_conv.stopping_time = 500" );
  xtfr_conv->stopping_time = 500;
  /* ASSIGN xtfr_conv.drive_side = Forward */
  XTUML_OAL_STMT_TRACE( 1, "ASSIGN xtfr_conv.drive_side = Forward" );
  xtfr_conv->drive_side = Diverter_Motor_Direction_Forward_e;
  /* RELATE xtfr_conv TO actuator ACROSS R5 */
  XTUML_OAL_STMT_TRACE( 1, "RELATE xtfr_conv TO actuator ACROSS R5" );
  Diverter_XTFRCNVR_R5_Link( actuator, xtfr_conv );
  /* CREATE OBJECT INSTANCE manual OF MANSEQ */
  XTUML_OAL_STMT_TRACE( 1, "CREATE OBJECT INSTANCE manual OF MANSEQ" );
  manual = (Diverter_MANSEQ *) Escher_CreateInstance( Diverter_DOMAIN_ID, Diverter_MANSEQ_CLASS_NUMBER );
  /* RELATE manual TO xtfr_conv ACROSS R8 */
  XTUML_OAL_STMT_TRACE( 1, "RELATE manual TO xtfr_conv ACROSS R8" );
  Diverter_MANSEQ_R8_Link( xtfr_conv, manual );
  /* CREATE OBJECT INSTANCE diverter_bay OF DVRTBAY */
  XTUML_OAL_STMT_TRACE( 1, "CREATE OBJECT INSTANCE diverter_bay OF DVRTBAY" );
  diverter_bay = (Diverter_DVRTBAY *) Escher_CreateInstance( Diverter_DOMAIN_ID, Diverter_DVRTBAY_CLASS_NUMBER );
  /* RELATE diverter_bay TO xtfr_conv ACROSS R7 */
  XTUML_OAL_STMT_TRACE( 1, "RELATE diverter_bay TO xtfr_conv ACROSS R7" );
  Diverter_XTFRCNVR_R7_Link( diverter_bay, xtfr_conv );
' );
INSERT INTO TE_ABA VALUES ( 24246440,'SM_ACT',24099080,0,0,' void ','','','','','','','','','Diverter_TRKPT_CB_act1','void',0,0,'','  Diverter_TRKPT * tracking_point=0;i_t sheet_handler_velocity;Escher_ObjectSet_s tracking_points_space={0}; Escher_ObjectSet_s * tracking_points = &tracking_points_space;
  /* ASSIGN sheet_handler_velocity = 0 */
  XTUML_OAL_STMT_TRACE( 1, "ASSIGN sheet_handler_velocity = 0" );
  sheet_handler_velocity = 0;
  /* SELECT many tracking_points FROM INSTANCES OF TRKPT */
  XTUML_OAL_STMT_TRACE( 1, "SELECT many tracking_points FROM INSTANCES OF TRKPT" );
  Escher_CopySet( tracking_points, &pG_Diverter_TRKPT_extent.active );
  /* FOR EACH tracking_point IN tracking_points */
  XTUML_OAL_STMT_TRACE( 1, "FOR EACH tracking_point IN tracking_points" );
  { Escher_Iterator_s itertracking_point;
  Diverter_TRKPT * iitracking_point;
  Escher_IteratorReset( &itertracking_point, tracking_points );
  while ( (iitracking_point = (Diverter_TRKPT *)Escher_IteratorNext( &itertracking_point )) != 0 ) {
    tracking_point = iitracking_point; {
    /* ASSIGN tracking_point.effective_position = ( tracking_point.actual_position - ( sheet_handler_velocity * tracking_point.offset_time ) ) */
    XTUML_OAL_STMT_TRACE( 2, "ASSIGN tracking_point.effective_position = ( tracking_point.actual_position - ( sheet_handler_velocity * tracking_point.offset_time ) )" );
    tracking_point->effective_position = ( tracking_point->actual_position - ( sheet_handler_velocity * tracking_point->offset_time ) );
  }}}
  Escher_ClearSet( tracking_points );
' );
INSERT INTO TE_ABA VALUES ( 24246548,'SM_ACT',24099080,0,0,' void ','','','','','','','','','Diverter_FNGRS_act1','void',0,0,'','' );
INSERT INTO TE_ABA VALUES ( 24361656,'SM_ACT',24099080,0,0,' void ','','','','','','','','','Diverter_FNGRS_act2','void',0,0,'','' );
INSERT INTO TE_ABA VALUES ( 24361764,'SM_ACT',24099080,0,0,' void ','','','','','','','','','Diverter_DVTPAN_act3','void',0,0,'','' );
INSERT INTO TE_ABA VALUES ( 24361872,'SM_ACT',24099080,0,0,' void ','','','','','','','','','Diverter_DVTPAN_act2','void',0,0,'','' );
INSERT INTO TE_ABA VALUES ( 24361980,'SM_ACT',24099080,0,0,' void ','','','','','','','','','Diverter_DVTPAN_act1','void',0,0,'','' );
INSERT INTO TE_ABA VALUES ( 24362088,'SM_ACT',24099080,0,0,' void ','','','','','','','','','Diverter_DVRTBAY_act1','void',0,0,'','  Diverter_DVRTSTK * divert_stack=0;
  /* SELECT one divert_stack RELATED BY self->DVRTSTK[R6] */
  XTUML_OAL_STMT_TRACE( 1, "SELECT one divert_stack RELATED BY self->DVRTSTK[R6]" );
  divert_stack = ( 0 != self ) ? self->DVRTSTK_R6_creates : 0;
  /* IF ( not_empty divert_stack ) */
  XTUML_OAL_STMT_TRACE( 1, "IF ( not_empty divert_stack )" );
  if ( ( 0 != divert_stack ) ) {
    /* UNRELATE self FROM divert_stack ACROSS R6 */
    XTUML_OAL_STMT_TRACE( 2, "UNRELATE self FROM divert_stack ACROSS R6" );
    Diverter_DVRTSTK_R6_Unlink_creates( self, divert_stack );
    /* DELETE OBJECT INSTANCE divert_stack */
    XTUML_OAL_STMT_TRACE( 2, "DELETE OBJECT INSTANCE divert_stack" );
    if ( 0 == divert_stack ) {
      XTUML_EMPTY_HANDLE_TRACE( "DVRTSTK", "Escher_DeleteInstance" );
    }
    Escher_DeleteInstance( (Escher_iHandle_t) divert_stack, Diverter_DOMAIN_ID, Diverter_DVRTSTK_CLASS_NUMBER );
  }
' );
INSERT INTO TE_ABA VALUES ( 24362196,'SM_ACT',24099080,0,0,' void ','','','','','','','','','Diverter_DVRTBAY_act3','void',0,0,'','  Escher_xtUMLEvent_t * timer_expired;
  /* CREATE EVENT INSTANCE timer_expired(  ) TO self */
  XTUML_OAL_STMT_TRACE( 1, "CREATE EVENT INSTANCE timer_expired(  ) TO self" );
  timer_expired = Escher_NewxtUMLEvent( (void *) self, &Diverter_DVRTBAYevent3c );
  /* ASSIGN self.sheet_settling_timer = TIM::timer_start(event_inst:timer_expired, microseconds:( ( 2 * 1000 ) * 1000 )) */
  XTUML_OAL_STMT_TRACE( 1, "ASSIGN self.sheet_settling_timer = TIM::timer_start(event_inst:timer_expired, microseconds:( ( 2 * 1000 ) * 1000 ))" );
  self->sheet_settling_timer = TIM_timer_start( (Escher_xtUMLEvent_t *)timer_expired, ( ( 2 * 1000 ) * 1000 ) );
' );
INSERT INTO TE_ABA VALUES ( 24362304,'SM_ACT',24099080,0,0,' void ','','','','','','','','','Diverter_DVRTBAY_act2','void',0,0,'','  Diverter_DVRTSTK * divert_stack=0;
  /* SELECT one divert_stack RELATED BY self->DVRTSTK[R6] */
  XTUML_OAL_STMT_TRACE( 1, "SELECT one divert_stack RELATED BY self->DVRTSTK[R6]" );
  divert_stack = ( 0 != self ) ? self->DVRTSTK_R6_creates : 0;
  /* IF ( empty divert_stack ) */
  XTUML_OAL_STMT_TRACE( 1, "IF ( empty divert_stack )" );
  if ( ( 0 == divert_stack ) ) {
    Diverter_DVRTPKT * divert_packet=0;
    /* CREATE OBJECT INSTANCE divert_stack OF DVRTSTK */
    XTUML_OAL_STMT_TRACE( 2, "CREATE OBJECT INSTANCE divert_stack OF DVRTSTK" );
    divert_stack = (Diverter_DVRTSTK *) Escher_CreateInstance( Diverter_DOMAIN_ID, Diverter_DVRTSTK_CLASS_NUMBER );
    /* RELATE divert_stack TO self ACROSS R6 */
    XTUML_OAL_STMT_TRACE( 2, "RELATE divert_stack TO self ACROSS R6" );
    Diverter_DVRTSTK_R6_Link_creates( self, divert_stack );
    /* SELECT one divert_packet RELATED BY self->DVRTPKT[R4] */
    XTUML_OAL_STMT_TRACE( 2, "SELECT one divert_packet RELATED BY self->DVRTPKT[R4]" );
    divert_packet = ( 0 != self ) ? self->DVRTPKT_R4_receives_next : 0;
    /* ASSIGN divert_stack.stack_type = divert_packet.type */
    XTUML_OAL_STMT_TRACE( 2, "ASSIGN divert_stack.stack_type = divert_packet.type" );
    divert_stack->stack_type = divert_packet->type;
    /* ASSIGN divert_stack.number_of_sheets = 1 */
    XTUML_OAL_STMT_TRACE( 2, "ASSIGN divert_stack.number_of_sheets = 1" );
    divert_stack->number_of_sheets = 1;
    /* ASSIGN divert_stack.stack_thickness = PARAM.sheet_caliper */
    XTUML_OAL_STMT_TRACE( 2, "ASSIGN divert_stack.stack_thickness = PARAM.sheet_caliper" );
    divert_stack->stack_thickness = rcvd_evt->p_sheet_caliper;
  }
  else {
    /* ASSIGN divert_stack.number_of_sheets = ( divert_stack.number_of_sheets + 1 ) */
    XTUML_OAL_STMT_TRACE( 2, "ASSIGN divert_stack.number_of_sheets = ( divert_stack.number_of_sheets + 1 )" );
    divert_stack->number_of_sheets = ( divert_stack->number_of_sheets + 1 );
    /* ASSIGN divert_stack.stack_thickness = ( divert_stack.stack_thickness + PARAM.sheet_caliper ) */
    XTUML_OAL_STMT_TRACE( 2, "ASSIGN divert_stack.stack_thickness = ( divert_stack.stack_thickness + PARAM.sheet_caliper )" );
    divert_stack->stack_thickness = ( divert_stack->stack_thickness + rcvd_evt->p_sheet_caliper );
  }
' );
INSERT INTO TE_ABA VALUES ( 24362412,'SM_ACT',24099080,0,0,' void ','','','','','','','','','Diverter_DVRTBAY_act4','void',0,0,'','  Diverter_Divert_Conv_Discharge_Alg_t discharge_alg;Diverter_Machine_Side_t discharge_dir;Diverter_XTFRCNVR * cross_transfer_conveyor=0;Diverter_DVRTSTK * divert_stack=0;
  /* SELECT one divert_stack RELATED BY self->DVRTSTK[R6] */
  XTUML_OAL_STMT_TRACE( 1, "SELECT one divert_stack RELATED BY self->DVRTSTK[R6]" );
  divert_stack = ( 0 != self ) ? self->DVRTSTK_R6_creates : 0;
  /* ASSIGN discharge_dir = Operator */
  XTUML_OAL_STMT_TRACE( 1, "ASSIGN discharge_dir = Operator" );
  discharge_dir = Diverter_Machine_Side_Operator_e;
  /* ASSIGN discharge_alg = Dist_x1_Rollout */
  XTUML_OAL_STMT_TRACE( 1, "ASSIGN discharge_alg = Dist_x1_Rollout" );
  discharge_alg = Diverter_Divert_Conv_Discharge_Alg_Dist_x1_Rollout_e;
  /* IF ( ( divert_stack.stack_type == Scrap ) ) */
  XTUML_OAL_STMT_TRACE( 1, "IF ( ( divert_stack.stack_type == Scrap ) )" );
  if ( ( divert_stack->stack_type == Diverter_Divert_Packet_Scrap_e ) ) {
    /* ASSIGN discharge_dir = Drive */
    XTUML_OAL_STMT_TRACE( 2, "ASSIGN discharge_dir = Drive" );
    discharge_dir = Diverter_Machine_Side_Drive_e;
    /* ASSIGN discharge_alg = Dist_x2_Hesitating_Rollout */
    XTUML_OAL_STMT_TRACE( 2, "ASSIGN discharge_alg = Dist_x2_Hesitating_Rollout" );
    discharge_alg = Diverter_Divert_Conv_Discharge_Alg_Dist_x2_Hesitating_Rollout_e;
  }
  /* SELECT one cross_transfer_conveyor RELATED BY self->XTFRCNVR[R7] */
  XTUML_OAL_STMT_TRACE( 1, "SELECT one cross_transfer_conveyor RELATED BY self->XTFRCNVR[R7]" );
  cross_transfer_conveyor = ( 0 != self ) ? self->XTFRCNVR_R7 : 0;
  /* GENERATE XTFRCNVR6:discharge(control_alg:discharge_alg, direction:discharge_dir) TO cross_transfer_conveyor */
  XTUML_OAL_STMT_TRACE( 1, "GENERATE XTFRCNVR6:discharge(control_alg:discharge_alg, direction:discharge_dir) TO cross_transfer_conveyor" );
  { Diverter_XTFRCNVRevent6 * e = (Diverter_XTFRCNVRevent6 *) Escher_NewxtUMLEvent( cross_transfer_conveyor, &Diverter_XTFRCNVRevent6c );
    e->p_control_alg = discharge_alg;    e->p_direction = discharge_dir;
    Escher_SendEvent( (Escher_xtUMLEvent_t *) e );
  }
' );
INSERT INTO TE_ABA VALUES ( 24362520,'O_TFR',24099080,0,0,' const i_t, const i_t ',' const i_t p_sheet_travel_dist, const i_t p_web_travel_dist ','i_t p_sheet_travel_dist;
i_t p_web_travel_dist;
',', p_sheet_travel_dist, p_web_travel_dist','%d,%d',' p_sheet_travel_dist, p_web_travel_dist','    e->p_sheet_travel_dist = p_sheet_travel_dist;    e->p_web_travel_dist = p_web_travel_dist;','    e->p_sheet_travel_dist = p_sheet_travel_dist;    e->p_web_travel_dist = p_web_travel_dist;','','Diverter_DVRTSHT_op_UpdatePosition','void',0,0,'','  Diverter_TRKPT * tracking_point=0;Escher_ObjectSet_s tracking_points_space={0}; Escher_ObjectSet_s * tracking_points = &tracking_points_space;
  /* IF ( ( ( self.position - self.length ) < 0 ) ) */
  XTUML_OAL_STMT_TRACE( 1, "IF ( ( ( self.position - self.length ) < 0 ) )" );
  if ( ( ( self->position - self->length ) < 0 ) ) {
    /* ASSIGN self.position = ( self.position + PARAM.web_travel_dist ) */
    XTUML_OAL_STMT_TRACE( 2, "ASSIGN self.position = ( self.position + PARAM.web_travel_dist )" );
    self->position = ( self->position + p_web_travel_dist );
  }
  else {
    /* ASSIGN self.position = ( self.position + PARAM.sheet_travel_dist ) */
    XTUML_OAL_STMT_TRACE( 2, "ASSIGN self.position = ( self.position + PARAM.sheet_travel_dist )" );
    self->position = ( self->position + p_sheet_travel_dist );
  }
  /* SELECT many tracking_points RELATED BY self->TRKPT[R3] WHERE ( ( ( ( SELECTED.edge_to_track == Leading ) and ( self.position >= SELECTED.effective_position ) ) or ( ( SELECTED.edge_to_track == Trailing ) and ( ( self.position - self.length ) >= SELECTED.effective_position ) ) ) ) */
  XTUML_OAL_STMT_TRACE( 1, "SELECT many tracking_points RELATED BY self->TRKPT[R3] WHERE ( ( ( ( SELECTED.edge_to_track == Leading ) and ( self.position >= SELECTED.effective_position ) ) or ( ( SELECTED.edge_to_track == Trailing ) and ( ( self.position - self.length ) >= SELECTED.effective_position ) ) ) )" );
  Escher_ClearSet( tracking_points );
  {Diverter_TRKPT * selected;
  Escher_Iterator_s iTRKPT_R3;
  Escher_IteratorReset( &iTRKPT_R3, &self->TRKPT_R3 );
  while ( 0 != ( selected = (Diverter_TRKPT *) Escher_IteratorNext( &iTRKPT_R3 ) ) ) {
    if ( ( ( ( selected->edge_to_track == Diverter_Sheet_End_Leading_e ) && ( self->position >= selected->effective_position ) ) || ( ( selected->edge_to_track == Diverter_Sheet_End_Trailing_e ) && ( ( self->position - self->length ) >= selected->effective_position ) ) ) ) {
      if ( ! Escher_SetContains( (Escher_ObjectSet_s *) tracking_points, selected ) ) {
        Escher_SetInsertElement( (Escher_ObjectSet_s *) tracking_points, selected );
  }}}}
  /* FOR EACH tracking_point IN tracking_points */
  XTUML_OAL_STMT_TRACE( 1, "FOR EACH tracking_point IN tracking_points" );
  { Escher_Iterator_s itertracking_point;
  Diverter_TRKPT * iitracking_point;
  Escher_IteratorReset( &itertracking_point, tracking_points );
  while ( (iitracking_point = (Diverter_TRKPT *)Escher_IteratorNext( &itertracking_point )) != 0 ) {
    tracking_point = iitracking_point; {
    Diverter_ACTR * actuator=0;
    /* SELECT one actuator RELATED BY tracking_point->ACTR[R3] */
    XTUML_OAL_STMT_TRACE( 2, "SELECT one actuator RELATED BY tracking_point->ACTR[R3]" );
    actuator = ( 0 != tracking_point ) ? tracking_point->ACTR_R3_initiates_motion_on : 0;
    /* IF ( ( tracking_point.type == Engage_Material ) ) */
    XTUML_OAL_STMT_TRACE( 2, "IF ( ( tracking_point.type == Engage_Material ) )" );
    if ( ( tracking_point->type == Diverter_Actuator_Event_Type_Engage_Material_e ) ) {
      /* GENERATE ACTR1:activate() TO actuator */
      XTUML_OAL_STMT_TRACE( 3, "GENERATE ACTR1:activate() TO actuator" );
      { Escher_xtUMLEvent_t * e = Escher_NewxtUMLEvent( actuator, &Diverter_ACTRevent1c );
        Escher_SendEvent( e );
      }
    }
    else {
      /* GENERATE ACTR2:de_activate() TO actuator */
      XTUML_OAL_STMT_TRACE( 3, "GENERATE ACTR2:de_activate() TO actuator" );
      { Escher_xtUMLEvent_t * e = Escher_NewxtUMLEvent( actuator, &Diverter_ACTRevent2c );
        Escher_SendEvent( e );
      }
    }
    /* UNRELATE actuator FROM self ACROSS R3 USING tracking_point */
    XTUML_OAL_STMT_TRACE( 2, "UNRELATE actuator FROM self ACROSS R3 USING tracking_point" );
    Diverter_TRKPT_R3_Unlink( self, actuator, tracking_point );
    /* DELETE OBJECT INSTANCE tracking_point */
    XTUML_OAL_STMT_TRACE( 2, "DELETE OBJECT INSTANCE tracking_point" );
    if ( 0 == tracking_point ) {
      XTUML_EMPTY_HANDLE_TRACE( "TRKPT", "Escher_DeleteInstance" );
    }
    Escher_DeleteInstance( (Escher_iHandle_t) tracking_point, Diverter_DOMAIN_ID, Diverter_TRKPT_CLASS_NUMBER );
  }}}
  /* IF ( ( ( self.position - self.length ) >= 0 ) ) */
  XTUML_OAL_STMT_TRACE( 1, "IF ( ( ( self.position - self.length ) >= 0 ) )" );
  if ( ( ( self->position - self->length ) >= 0 ) ) {
    /* SELECT any tracking_point RELATED BY self->TRKPT[R3] */
    XTUML_OAL_STMT_TRACE( 2, "SELECT any tracking_point RELATED BY self->TRKPT[R3]" );
    tracking_point = ( 0 != self ) ? (Diverter_TRKPT *) Escher_SetGetAny( &self->TRKPT_R3 ) : 0;
    /* IF ( empty tracking_point ) */
    XTUML_OAL_STMT_TRACE( 2, "IF ( empty tracking_point )" );
    if ( ( 0 == tracking_point ) ) {
      Diverter_DVRTPKT * divert_packet=0;
      /* SELECT one divert_packet RELATED BY self->DVRTPKT[R2] */
      XTUML_OAL_STMT_TRACE( 3, "SELECT one divert_packet RELATED BY self->DVRTPKT[R2]" );
      divert_packet = ( 0 != self ) ? self->DVRTPKT_R2 : 0;
      /* divert_packet.SheetDiverted() */
      XTUML_OAL_STMT_TRACE( 3, "divert_packet.SheetDiverted()" );
      Diverter_DVRTPKT_op_SheetDiverted( divert_packet );
      /* DELETE OBJECT INSTANCE self */
      XTUML_OAL_STMT_TRACE( 3, "DELETE OBJECT INSTANCE self" );
      if ( 0 == self ) {
        XTUML_EMPTY_HANDLE_TRACE( "DVRTSHT", "Escher_DeleteInstance" );
      }
      Escher_DeleteInstance( (Escher_iHandle_t) self, Diverter_DOMAIN_ID, Diverter_DVRTSHT_CLASS_NUMBER );
    }
  }
  Escher_ClearSet( tracking_points ); 
' );
INSERT INTO TE_ABA VALUES ( 24362628,'SM_ACT',24099080,0,0,' void ','','','','','','','','','Diverter_DVRTPKT_CB_act1','void',0,0,'','  Diverter_DVRTPKT * divert_packet=0;i_t sheet_dist;i_t web_dist;i_t sheet_handler_speed;i_t web_speed;Escher_ObjectSet_s divert_packets_space={0}; Escher_ObjectSet_s * divert_packets = &divert_packets_space;
  /* ASSIGN web_speed = 100 */
  XTUML_OAL_STMT_TRACE( 1, "ASSIGN web_speed = 100" );
  web_speed = 100;
  /* ASSIGN sheet_handler_speed = 105 */
  XTUML_OAL_STMT_TRACE( 1, "ASSIGN sheet_handler_speed = 105" );
  sheet_handler_speed = 105;
  /* ASSIGN web_dist = ( web_speed / 60 ) */
  XTUML_OAL_STMT_TRACE( 1, "ASSIGN web_dist = ( web_speed / 60 )" );
  web_dist = ( web_speed / 60 );
  /* ASSIGN sheet_dist = ( sheet_handler_speed / 60 ) */
  XTUML_OAL_STMT_TRACE( 1, "ASSIGN sheet_dist = ( sheet_handler_speed / 60 )" );
  sheet_dist = ( sheet_handler_speed / 60 );
  /* SELECT many divert_packets FROM INSTANCES OF DVRTPKT */
  XTUML_OAL_STMT_TRACE( 1, "SELECT many divert_packets FROM INSTANCES OF DVRTPKT" );
  Escher_CopySet( divert_packets, &pG_Diverter_DVRTPKT_extent.active );
  /* FOR EACH divert_packet IN divert_packets */
  XTUML_OAL_STMT_TRACE( 1, "FOR EACH divert_packet IN divert_packets" );
  { Escher_Iterator_s iterdivert_packet;
  Diverter_DVRTPKT * iidivert_packet;
  Escher_IteratorReset( &iterdivert_packet, divert_packets );
  while ( (iidivert_packet = (Diverter_DVRTPKT *)Escher_IteratorNext( &iterdivert_packet )) != 0 ) {
    divert_packet = iidivert_packet; {
    /* divert_packet.UpdatePosition( sheet_travel_dist:sheet_dist, web_travel_dist:web_dist ) */
    XTUML_OAL_STMT_TRACE( 2, "divert_packet.UpdatePosition( sheet_travel_dist:sheet_dist, web_travel_dist:web_dist )" );
    Diverter_DVRTPKT_op_UpdatePosition( divert_packet,  sheet_dist, web_dist );
  }}}
  Escher_ClearSet( divert_packets );
' );
INSERT INTO TE_ABA VALUES ( 24381784,'O_TFR',24099080,0,0,' void ','','','','','','','','','Diverter_DVRTPKT_op_SheetDiverted','void',0,0,'','  Escher_ObjectSet_s divert_sheets_space={0}; Escher_ObjectSet_s * divert_sheets = &divert_sheets_space;Diverter_DVRTBAY * diverter_bay=0;
  /* SELECT one diverter_bay RELATED BY self->DVRTBAY[R4] */
  XTUML_OAL_STMT_TRACE( 1, "SELECT one diverter_bay RELATED BY self->DVRTBAY[R4]" );
  diverter_bay = ( 0 != self ) ? self->DVRTBAY_R4 : 0;
  /* GENERATE DVRTBAY1:receive_sheet(sheet_caliper:self.web_caliper) TO diverter_bay */
  XTUML_OAL_STMT_TRACE( 1, "GENERATE DVRTBAY1:receive_sheet(sheet_caliper:self.web_caliper) TO diverter_bay" );
  { Diverter_DVRTBAYevent1 * e = (Diverter_DVRTBAYevent1 *) Escher_NewxtUMLEvent( diverter_bay, &Diverter_DVRTBAYevent1c );
    e->p_sheet_caliper = self->web_caliper;
    Escher_SendEvent( (Escher_xtUMLEvent_t *) e );
  }
  /* SELECT many divert_sheets RELATED BY self->DVRTSHT[R2] */
  XTUML_OAL_STMT_TRACE( 1, "SELECT many divert_sheets RELATED BY self->DVRTSHT[R2]" );
  Escher_ClearSet( divert_sheets );
  if ( 0 != self ) {
    Escher_CopySet( divert_sheets, &self->DVRTSHT_R2_consists_of );
  }
  /* IF ( empty divert_sheets ) */
  XTUML_OAL_STMT_TRACE( 1, "IF ( empty divert_sheets )" );
  if ( Escher_SetIsEmpty( divert_sheets ) ) {
    Diverter_DVRTPKT * divert_sheet=0;
    /* UNRELATE self FROM diverter_bay ACROSS R4 */
    XTUML_OAL_STMT_TRACE( 2, "UNRELATE self FROM diverter_bay ACROSS R4" );
    Diverter_DVRTPKT_R4_Unlink_receives_next( diverter_bay, self );
    /* SELECT one divert_sheet RELATED BY self->DVRTPKT[R1.next] */
    XTUML_OAL_STMT_TRACE( 2, "SELECT one divert_sheet RELATED BY self->DVRTPKT[R1.next]" );
    divert_sheet = ( 0 != self ) ? self->DVRTPKT_R1_next : 0;
    /* IF ( not_empty divert_sheet ) */
    XTUML_OAL_STMT_TRACE( 2, "IF ( not_empty divert_sheet )" );
    if ( ( 0 != divert_sheet ) ) {
      /* UNRELATE self FROM divert_sheet ACROSS R1 */
      XTUML_OAL_STMT_TRACE( 3, "UNRELATE self FROM divert_sheet ACROSS R1" );
      Diverter_DVRTPKT_R1_Unlink_next( self, divert_sheet );
      /* RELATE divert_sheet TO diverter_bay ACROSS R4 */
      XTUML_OAL_STMT_TRACE( 3, "RELATE divert_sheet TO diverter_bay ACROSS R4" );
      Diverter_DVRTPKT_R4_Link_receives_next( diverter_bay, divert_sheet );
    }
    /* GENERATE DVRTBAY2:divert_packet_received() TO diverter_bay */
    XTUML_OAL_STMT_TRACE( 2, "GENERATE DVRTBAY2:divert_packet_received() TO diverter_bay" );
    { Escher_xtUMLEvent_t * e = Escher_NewxtUMLEvent( diverter_bay, &Diverter_DVRTBAYevent2c );
      Escher_SendEvent( e );
    }
    /* DELETE OBJECT INSTANCE self */
    XTUML_OAL_STMT_TRACE( 2, "DELETE OBJECT INSTANCE self" );
    if ( 0 == self ) {
      XTUML_EMPTY_HANDLE_TRACE( "DVRTPKT", "Escher_DeleteInstance" );
    }
    Escher_DeleteInstance( (Escher_iHandle_t) self, Diverter_DOMAIN_ID, Diverter_DVRTPKT_CLASS_NUMBER );
  }
  Escher_ClearSet( divert_sheets ); 
' );
INSERT INTO TE_ABA VALUES ( 24381892,'O_TFR',24099080,0,0,' const i_t, const i_t ',' const i_t p_sheet_travel_dist, const i_t p_web_travel_dist ','i_t p_sheet_travel_dist;
i_t p_web_travel_dist;
',', p_sheet_travel_dist, p_web_travel_dist','%d,%d',' p_sheet_travel_dist, p_web_travel_dist','    e->p_sheet_travel_dist = p_sheet_travel_dist;    e->p_web_travel_dist = p_web_travel_dist;','    e->p_sheet_travel_dist = p_sheet_travel_dist;    e->p_web_travel_dist = p_web_travel_dist;','','Diverter_DVRTPKT_op_UpdatePosition','void',0,0,'','  Diverter_DVRTSHT * divert_sheet=0;Escher_ObjectSet_s divert_sheets_space={0}; Escher_ObjectSet_s * divert_sheets = &divert_sheets_space;
  /* IF ( ( self.trailing_edge_position < 0 ) ) */
  XTUML_OAL_STMT_TRACE( 1, "IF ( ( self.trailing_edge_position < 0 ) )" );
  if ( ( self->trailing_edge_position < 0 ) ) {
    /* ASSIGN self.leading_edge_position = ( self.leading_edge_position + PARAM.web_travel_dist ) */
    XTUML_OAL_STMT_TRACE( 2, "ASSIGN self.leading_edge_position = ( self.leading_edge_position + PARAM.web_travel_dist )" );
    self->leading_edge_position = ( self->leading_edge_position + p_web_travel_dist );
    /* IF ( ( self.leading_edge_position > 0 ) ) */
    XTUML_OAL_STMT_TRACE( 2, "IF ( ( self.leading_edge_position > 0 ) )" );
    if ( ( self->leading_edge_position > 0 ) ) {
      /* ASSIGN self.leading_edge_position = 0 */
      XTUML_OAL_STMT_TRACE( 3, "ASSIGN self.leading_edge_position = 0" );
      self->leading_edge_position = 0;
    }
    /* ASSIGN self.trailing_edge_position = ( self.trailing_edge_position + PARAM.web_travel_dist ) */
    XTUML_OAL_STMT_TRACE( 2, "ASSIGN self.trailing_edge_position = ( self.trailing_edge_position + PARAM.web_travel_dist )" );
    self->trailing_edge_position = ( self->trailing_edge_position + p_web_travel_dist );
    /* IF ( ( self.trailing_edge_position > 0 ) ) */
    XTUML_OAL_STMT_TRACE( 2, "IF ( ( self.trailing_edge_position > 0 ) )" );
    if ( ( self->trailing_edge_position > 0 ) ) {
      /* ASSIGN self.trailing_edge_position = 0 */
      XTUML_OAL_STMT_TRACE( 3, "ASSIGN self.trailing_edge_position = 0" );
      self->trailing_edge_position = 0;
    }
  }
  /* SELECT many divert_sheets RELATED BY self->DVRTSHT[R2] */
  XTUML_OAL_STMT_TRACE( 1, "SELECT many divert_sheets RELATED BY self->DVRTSHT[R2]" );
  Escher_ClearSet( divert_sheets );
  if ( 0 != self ) {
    Escher_CopySet( divert_sheets, &self->DVRTSHT_R2_consists_of );
  }
  /* FOR EACH divert_sheet IN divert_sheets */
  XTUML_OAL_STMT_TRACE( 1, "FOR EACH divert_sheet IN divert_sheets" );
  { Escher_Iterator_s iterdivert_sheet;
  Diverter_DVRTSHT * iidivert_sheet;
  Escher_IteratorReset( &iterdivert_sheet, divert_sheets );
  while ( (iidivert_sheet = (Diverter_DVRTSHT *)Escher_IteratorNext( &iterdivert_sheet )) != 0 ) {
    divert_sheet = iidivert_sheet; {
    /* divert_sheet.UpdatePosition( sheet_travel_dist:PARAM.sheet_travel_dist, web_travel_dist:PARAM.web_travel_dist ) */
    XTUML_OAL_STMT_TRACE( 2, "divert_sheet.UpdatePosition( sheet_travel_dist:PARAM.sheet_travel_dist, web_travel_dist:PARAM.web_travel_dist )" );
    Diverter_DVRTSHT_op_UpdatePosition( divert_sheet,  p_sheet_travel_dist, p_web_travel_dist );
  }}}
  Escher_ClearSet( divert_sheets ); 
' );
INSERT INTO TE_ABA VALUES ( 24382000,'SM_ACT',24099080,0,0,' void ','','','','','','','','','Diverter_ARBLST_act1','void',0,0,'','' );
INSERT INTO TE_ABA VALUES ( 24382108,'SM_ACT',24099080,0,0,' void ','','','','','','','','','Diverter_ARBLST_act2','void',0,0,'','' );
INSERT INTO TE_ABA VALUES ( 24382216,'SM_ACT',24099080,0,0,' void ','','','','','','','','','Diverter_MANSEQ_act1','void',0,0,'','  Diverter_Jog_Switch_Position_t position;
  /* ASSIGN position = Client::get_xtfr_jog_switch_position() */
  XTUML_OAL_STMT_TRACE( 1, "ASSIGN position = Client::get_xtfr_jog_switch_position()" );
  position = Diverter_Client_get_xtfr_jog_switch_position();
  /* IF ( ( position == Operator ) ) */
  XTUML_OAL_STMT_TRACE( 1, "IF ( ( position == Operator ) )" );
  if ( ( position == Diverter_Jog_Switch_Position_Operator_e ) ) {
    /* GENERATE XTFRCNVR3:jog(direction:Operator) TO self */
    XTUML_OAL_STMT_TRACE( 2, "GENERATE XTFRCNVR3:jog(direction:Operator) TO self" );
    { Diverter_XTFRCNVRevent3 * e = (Diverter_XTFRCNVRevent3 *) Escher_NewxtUMLEvent( self, &Diverter_XTFRCNVRevent3c );
      e->p_direction = Diverter_Machine_Side_Operator_e;
      Escher_SendSelfEvent( (Escher_xtUMLEvent_t *) e );
    }
  }
  else if ( ( position == Diverter_Jog_Switch_Position_Drive_e ) ) {
    /* GENERATE XTFRCNVR3:jog(direction:Drive) TO self */
    XTUML_OAL_STMT_TRACE( 2, "GENERATE XTFRCNVR3:jog(direction:Drive) TO self" );
    { Diverter_XTFRCNVRevent3 * e = (Diverter_XTFRCNVRevent3 *) Escher_NewxtUMLEvent( self, &Diverter_XTFRCNVRevent3c );
      e->p_direction = Diverter_Machine_Side_Drive_e;
      Escher_SendSelfEvent( (Escher_xtUMLEvent_t *) e );
    }
  }
' );
INSERT INTO TE_ABA VALUES ( 24382324,'SM_ACT',24099080,0,0,' void ','','','','','','','','','Diverter_MANSEQ_act2','void',0,0,'','  Diverter_XTFRCNVR * conveyor=0;
  /* ASSIGN self.jog_direction = PARAM.direction */
  XTUML_OAL_STMT_TRACE( 1, "ASSIGN self.jog_direction = PARAM.direction" );
  self->jog_direction = rcvd_evt->p_direction;
  /* SELECT one conveyor RELATED BY self->XTFRCNVR[R8] */
  XTUML_OAL_STMT_TRACE( 1, "SELECT one conveyor RELATED BY self->XTFRCNVR[R8]" );
  conveyor = ( 0 != self ) ? self->XTFRCNVR_R8 : 0;
  /* SEND xtfrcnvr::jog(acceleration:- 1, conveyor.GetMotorDirection(machine_side:PARAM.direction), duration:0000, velocity:- 1) */
  XTUML_OAL_STMT_TRACE( 1, "SEND xtfrcnvr::jog(acceleration:- 1, conveyor.GetMotorDirection(machine_side:PARAM.direction), duration:0000, velocity:- 1)" );
  Diverter_xtfrcnvr_jog( -1, Diverter_XTFRCNVR_op_GetMotorDirection(conveyor, rcvd_evt->p_direction), 0000, -1 );
' );
INSERT INTO TE_ABA VALUES ( 24382432,'SM_ACT',24099080,0,0,' void ','','','','','','','','','Diverter_MANSEQ_act3','void',0,0,'','  Diverter_Jog_Switch_Position_t position;
  /* ASSIGN position = Client::get_xtfr_jog_switch_position() */
  XTUML_OAL_STMT_TRACE( 1, "ASSIGN position = Client::get_xtfr_jog_switch_position()" );
  position = Diverter_Client_get_xtfr_jog_switch_position();
  /* IF ( ( ( ( position == Stop ) or ( ( position == Operator ) and ( self.jog_direction == Drive ) ) ) or ( ( position == Drive ) and ( self.jog_direction == Operator ) ) ) ) */
  XTUML_OAL_STMT_TRACE( 1, "IF ( ( ( ( position == Stop ) or ( ( position == Operator ) and ( self.jog_direction == Drive ) ) ) or ( ( position == Drive ) and ( self.jog_direction == Operator ) ) ) )" );
  if ( ( ( ( position == Diverter_Jog_Switch_Position_Stop_e ) || ( ( position == Diverter_Jog_Switch_Position_Operator_e ) && ( self->jog_direction == Diverter_Machine_Side_Drive_e ) ) ) || ( ( position == Diverter_Jog_Switch_Position_Drive_e ) && ( self->jog_direction == Diverter_Machine_Side_Operator_e ) ) ) ) {
    /* GENERATE XTFRCNVR4:jog_complete() TO self */
    XTUML_OAL_STMT_TRACE( 2, "GENERATE XTFRCNVR4:jog_complete() TO self" );
    { Escher_xtUMLEvent_t * e = Escher_NewxtUMLEvent( self, &Diverter_XTFRCNVRevent4c );
      Escher_SendSelfEvent( e );
    }
  }
' );
INSERT INTO TE_ABA VALUES ( 24382540,'SM_ACT',24099080,0,0,' void ','','','','','','','','','Diverter_MANSEQ_act4','void',0,0,'','  /* SEND xtfrcnvr::stop() */
  XTUML_OAL_STMT_TRACE( 1, "SEND xtfrcnvr::stop()" );
  Diverter_xtfrcnvr_stop();
' );
INSERT INTO TE_ABA VALUES ( 24382648,'SM_ACT',24099080,0,0,' void ','','','','','','','','','Diverter_CLX2HRDCGSEQ_act1','void',0,0,'','' );
INSERT INTO TE_ABA VALUES ( 24382756,'SM_ACT',24099080,0,0,' void ','','','','','','','','','Diverter_CLX2HRDCGSEQ_act2','void',0,0,'','  Diverter_AUTOSEQ * auto_seq=0;
  /* SELECT one auto_seq RELATED BY self->AUTOSEQ[R9] */
  XTUML_OAL_STMT_TRACE( 1, "SELECT one auto_seq RELATED BY self->AUTOSEQ[R9]" );
  auto_seq = ( 0 != self ) ? self->AUTOSEQ_R9 : 0;
  /* SEND xtfrcnvr::jog(acceleration:- 1, direction:auto_seq.motor_direction, duration:self.preliminary_move_time, velocity:- 1) */
  XTUML_OAL_STMT_TRACE( 1, "SEND xtfrcnvr::jog(acceleration:- 1, direction:auto_seq.motor_direction, duration:self.preliminary_move_time, velocity:- 1)" );
  Diverter_xtfrcnvr_jog( -1, auto_seq->motor_direction, self->preliminary_move_time, -1 );
' );
INSERT INTO TE_ABA VALUES ( 24400160,'SM_ACT',24099080,0,0,' void ','','','','','','','','','Diverter_CLX2HRDCGSEQ_act3','void',0,0,'','  Diverter_Motor_Direction_t motor_dir;Diverter_AUTOSEQ * auto_seq=0;
  /* SELECT one auto_seq RELATED BY self->AUTOSEQ[R9] */
  XTUML_OAL_STMT_TRACE( 1, "SELECT one auto_seq RELATED BY self->AUTOSEQ[R9]" );
  auto_seq = ( 0 != self ) ? self->AUTOSEQ_R9 : 0;
  /* ASSIGN motor_dir = Forward */
  XTUML_OAL_STMT_TRACE( 1, "ASSIGN motor_dir = Forward" );
  motor_dir = Diverter_Motor_Direction_Forward_e;
  /* IF ( ( auto_seq.motor_direction == Forward ) ) */
  XTUML_OAL_STMT_TRACE( 1, "IF ( ( auto_seq.motor_direction == Forward ) )" );
  if ( ( auto_seq->motor_direction == Diverter_Motor_Direction_Forward_e ) ) {
    /* ASSIGN motor_dir = Reverse */
    XTUML_OAL_STMT_TRACE( 2, "ASSIGN motor_dir = Reverse" );
    motor_dir = Diverter_Motor_Direction_Reverse_e;
  }
  /* SEND xtfrcnvr::jog(acceleration:- 1, direction:motor_dir, duration:self.preliminary_move_time, velocity:- 1) */
  XTUML_OAL_STMT_TRACE( 1, "SEND xtfrcnvr::jog(acceleration:- 1, direction:motor_dir, duration:self.preliminary_move_time, velocity:- 1)" );
  Diverter_xtfrcnvr_jog( -1, motor_dir, self->preliminary_move_time, -1 );
' );
INSERT INTO TE_ABA VALUES ( 24400268,'SM_ACT',24099080,0,0,' void ','','','','','','','','','Diverter_CLX2HRDCGSEQ_act4','void',0,0,'','  Diverter_AUTOSEQ * auto_seq=0;
  /* SELECT one auto_seq RELATED BY self->AUTOSEQ[R9] */
  XTUML_OAL_STMT_TRACE( 1, "SELECT one auto_seq RELATED BY self->AUTOSEQ[R9]" );
  auto_seq = ( 0 != self ) ? self->AUTOSEQ_R9 : 0;
  /* SEND xtfrcnvr::jog(acceleration:- 1, direction:auto_seq.motor_direction, duration:auto_seq.time_to_run, velocity:- 1) */
  XTUML_OAL_STMT_TRACE( 1, "SEND xtfrcnvr::jog(acceleration:- 1, direction:auto_seq.motor_direction, duration:auto_seq.time_to_run, velocity:- 1)" );
  Diverter_xtfrcnvr_jog( -1, auto_seq->motor_direction, auto_seq->time_to_run, -1 );
' );
INSERT INTO TE_ABA VALUES ( 24400376,'SM_ACT',24099080,0,0,' void ','','','','','','','','','Diverter_CLX2HRDCGSEQ_act5','void',0,0,'','  Diverter_XTFRCNVR * xtfr_conveyor=0;Diverter_AUTOSEQ * auto_seq=0;
  /* SELECT one auto_seq RELATED BY self->AUTOSEQ[R9] */
  XTUML_OAL_STMT_TRACE( 1, "SELECT one auto_seq RELATED BY self->AUTOSEQ[R9]" );
  auto_seq = ( 0 != self ) ? self->AUTOSEQ_R9 : 0;
  /* SELECT one xtfr_conveyor RELATED BY auto_seq->XTFRCNVR[R8] */
  XTUML_OAL_STMT_TRACE( 1, "SELECT one xtfr_conveyor RELATED BY auto_seq->XTFRCNVR[R8]" );
  xtfr_conveyor = ( 0 != auto_seq ) ? auto_seq->XTFRCNVR_R8 : 0;
  /* UNRELATE auto_seq FROM xtfr_conveyor ACROSS R8 */
  XTUML_OAL_STMT_TRACE( 1, "UNRELATE auto_seq FROM xtfr_conveyor ACROSS R8" );
  Diverter_AUTOSEQ_R8_Unlink( xtfr_conveyor, auto_seq );
  /* UNRELATE self FROM auto_seq ACROSS R9 */
  XTUML_OAL_STMT_TRACE( 1, "UNRELATE self FROM auto_seq ACROSS R9" );
  Diverter_CLX2HRDCGSEQ_R9_Unlink( auto_seq, self );
  /* GENERATE XTFRCNVR7:automatic_sequence_cmplt() TO xtfr_conveyor */
  XTUML_OAL_STMT_TRACE( 1, "GENERATE XTFRCNVR7:automatic_sequence_cmplt() TO xtfr_conveyor" );
  { Escher_xtUMLEvent_t * e = Escher_NewxtUMLEvent( xtfr_conveyor, &Diverter_XTFRCNVRevent7c );
    Escher_SendEvent( e );
  }
  /* DELETE OBJECT INSTANCE self */
  XTUML_OAL_STMT_TRACE( 1, "DELETE OBJECT INSTANCE self" );
  if ( 0 == self ) {
    XTUML_EMPTY_HANDLE_TRACE( "CLX2HRDCGSEQ", "Escher_DeleteInstance" );
  }
  Escher_DeleteInstance( (Escher_iHandle_t) self, Diverter_DOMAIN_ID, Diverter_CLX2HRDCGSEQ_CLASS_NUMBER );
' );
INSERT INTO TE_ABA VALUES ( 24400484,'SM_ACT',24099080,0,0,' void ','','','','','','','','','Diverter_XTFRCNVR_act1','void',0,0,'','  Diverter_MANSEQ * man_seq;
  /* CREATE OBJECT INSTANCE man_seq OF MANSEQ */
  XTUML_OAL_STMT_TRACE( 1, "CREATE OBJECT INSTANCE man_seq OF MANSEQ" );
  man_seq = (Diverter_MANSEQ *) Escher_CreateInstance( Diverter_DOMAIN_ID, Diverter_MANSEQ_CLASS_NUMBER );
  /* RELATE man_seq TO self ACROSS R8 */
  XTUML_OAL_STMT_TRACE( 1, "RELATE man_seq TO self ACROSS R8" );
  Diverter_MANSEQ_R8_Link( self, man_seq );
  /* GENERATE XTFRCNVR10:enable_control() TO man_seq */
  XTUML_OAL_STMT_TRACE( 1, "GENERATE XTFRCNVR10:enable_control() TO man_seq" );
  { Escher_xtUMLEvent_t * e = Escher_NewxtUMLEvent( man_seq, &Diverter_XTFRCNVRevent10c );
    Escher_SendEvent( e );
  }
' );
INSERT INTO TE_ABA VALUES ( 24400592,'SM_ACT',24099080,0,0,' void ','','','','','','','','','Diverter_XTFRCNVR_act2','void',0,0,'','  Diverter_MOTINH * motion_inh;
  /* CREATE OBJECT INSTANCE motion_inh OF MOTINH */
  XTUML_OAL_STMT_TRACE( 1, "CREATE OBJECT INSTANCE motion_inh OF MOTINH" );
  motion_inh = (Diverter_MOTINH *) Escher_CreateInstance( Diverter_DOMAIN_ID, Diverter_MOTINH_CLASS_NUMBER );
  /* RELATE motion_inh TO self ACROSS R8 */
  XTUML_OAL_STMT_TRACE( 1, "RELATE motion_inh TO self ACROSS R8" );
  Diverter_MOTINH_R8_Link( self, motion_inh );
  /* SEND xtfrcnvr::stop() */
  XTUML_OAL_STMT_TRACE( 1, "SEND xtfrcnvr::stop()" );
  Diverter_xtfrcnvr_stop();
' );
INSERT INTO TE_ABA VALUES ( 24400700,'SM_ACT',24099080,0,0,' void ','','','','','','','','','Diverter_XTFRCNVR_act3','void',0,0,'','  Diverter_AUTOSEQ * auto_seq;Diverter_XTFRCNVR * xtfr_cnvr=0;
  /* CREATE OBJECT INSTANCE auto_seq OF AUTOSEQ */
  XTUML_OAL_STMT_TRACE( 1, "CREATE OBJECT INSTANCE auto_seq OF AUTOSEQ" );
  auto_seq = (Diverter_AUTOSEQ *) Escher_CreateInstance( Diverter_DOMAIN_ID, Diverter_AUTOSEQ_CLASS_NUMBER );
  /* RELATE auto_seq TO self ACROSS R8 */
  XTUML_OAL_STMT_TRACE( 1, "RELATE auto_seq TO self ACROSS R8" );
  Diverter_AUTOSEQ_R8_Link( self, auto_seq );
  /* SELECT one xtfr_cnvr RELATED BY auto_seq->XTFRCNVR[R8] */
  XTUML_OAL_STMT_TRACE( 1, "SELECT one xtfr_cnvr RELATED BY auto_seq->XTFRCNVR[R8]" );
  xtfr_cnvr = ( 0 != auto_seq ) ? auto_seq->XTFRCNVR_R8 : 0;
  /* ASSIGN auto_seq.motor_direction = xtfr_cnvr.GetMotorDirection(machine_side:PARAM.direction) */
  XTUML_OAL_STMT_TRACE( 1, "ASSIGN auto_seq.motor_direction = xtfr_cnvr.GetMotorDirection(machine_side:PARAM.direction)" );
  auto_seq->motor_direction = Diverter_XTFRCNVR_op_GetMotorDirection(xtfr_cnvr, rcvd_evt->p_direction);
  /* IF ( ( PARAM.control_alg == Dist_x1_Rollout ) ) */
  XTUML_OAL_STMT_TRACE( 1, "IF ( ( PARAM.control_alg == Dist_x1_Rollout ) )" );
  if ( ( rcvd_evt->p_control_alg == Diverter_Divert_Conv_Discharge_Alg_Dist_x1_Rollout_e ) ) {
    Diverter_CLX1DCGSEQ * conv_len_rollout;
    /* CREATE OBJECT INSTANCE conv_len_rollout OF CLX1DCGSEQ */
    XTUML_OAL_STMT_TRACE( 2, "CREATE OBJECT INSTANCE conv_len_rollout OF CLX1DCGSEQ" );
    conv_len_rollout = (Diverter_CLX1DCGSEQ *) Escher_CreateInstance( Diverter_DOMAIN_ID, Diverter_CLX1DCGSEQ_CLASS_NUMBER );
    /* RELATE conv_len_rollout TO auto_seq ACROSS R9 */
    XTUML_OAL_STMT_TRACE( 2, "RELATE conv_len_rollout TO auto_seq ACROSS R9" );
    Diverter_CLX1DCGSEQ_R9_Link( auto_seq, conv_len_rollout );
    /* ASSIGN auto_seq.time_to_run = 90 */
    XTUML_OAL_STMT_TRACE( 2, "ASSIGN auto_seq.time_to_run = 90" );
    auto_seq->time_to_run = 90;
  }
  else if ( ( rcvd_evt->p_control_alg == Diverter_Divert_Conv_Discharge_Alg_Dist_x2_Hesitating_Rollout_e ) ) {
    Diverter_CLX2HRDCGSEQ * hesitate_rollout;
    /* CREATE OBJECT INSTANCE hesitate_rollout OF CLX2HRDCGSEQ */
    XTUML_OAL_STMT_TRACE( 2, "CREATE OBJECT INSTANCE hesitate_rollout OF CLX2HRDCGSEQ" );
    hesitate_rollout = (Diverter_CLX2HRDCGSEQ *) Escher_CreateInstance( Diverter_DOMAIN_ID, Diverter_CLX2HRDCGSEQ_CLASS_NUMBER );
    /* RELATE hesitate_rollout TO auto_seq ACROSS R9 */
    XTUML_OAL_STMT_TRACE( 2, "RELATE hesitate_rollout TO auto_seq ACROSS R9" );
    Diverter_CLX2HRDCGSEQ_R9_Link( auto_seq, hesitate_rollout );
    /* ASSIGN auto_seq.time_to_run = 180 */
    XTUML_OAL_STMT_TRACE( 2, "ASSIGN auto_seq.time_to_run = 180" );
    auto_seq->time_to_run = 180;
  }
  /* GENERATE AUTOSEQ11:initiate_auto_seq() TO auto_seq */
  XTUML_OAL_STMT_TRACE( 1, "GENERATE AUTOSEQ11:initiate_auto_seq() TO auto_seq" );
  { Escher_xtUMLEvent_t * e = Escher_NewxtUMLEvent( auto_seq, &Diverter_AUTOSEQevent11c );
    Escher_SendEvent( e );
  }
' );
INSERT INTO TE_ABA VALUES ( 24400808,'SM_ACT',24099080,0,0,' void ','','','','','','','','','Diverter_XTFRCNVR_xact1','void',0,0,'','  Diverter_MANSEQ * manual_seq=0;
  /* SELECT one manual_seq RELATED BY self->MANSEQ[R8] */
  XTUML_OAL_STMT_TRACE( 1, "SELECT one manual_seq RELATED BY self->MANSEQ[R8]" );
  manual_seq = 0;
  if ( ( 0 != self ) && ( Diverter_MANSEQ_CLASS_NUMBER == self->R8_object_id ) )  manual_seq = ( 0 != self ) ? (Diverter_MANSEQ *) self->R8_subtype : 0;
  /* UNRELATE manual_seq FROM self ACROSS R8 */
  XTUML_OAL_STMT_TRACE( 1, "UNRELATE manual_seq FROM self ACROSS R8" );
  Diverter_MANSEQ_R8_Unlink( self, manual_seq );
  /* DELETE OBJECT INSTANCE manual_seq */
  XTUML_OAL_STMT_TRACE( 1, "DELETE OBJECT INSTANCE manual_seq" );
  if ( 0 == manual_seq ) {
    XTUML_EMPTY_HANDLE_TRACE( "MANSEQ", "Escher_DeleteInstance" );
  }
  Escher_DeleteInstance( (Escher_iHandle_t) manual_seq, Diverter_DOMAIN_ID, Diverter_MANSEQ_CLASS_NUMBER );
' );
INSERT INTO TE_ABA VALUES ( 24400916,'SM_ACT',24099080,0,0,' void ','','','','','','','','','Diverter_XTFRCNVR_xact2','void',0,0,'','  Diverter_MOTINH * motion_inh=0;
  /* SELECT one motion_inh RELATED BY self->MOTINH[R8] */
  XTUML_OAL_STMT_TRACE( 1, "SELECT one motion_inh RELATED BY self->MOTINH[R8]" );
  motion_inh = 0;
  if ( ( 0 != self ) && ( Diverter_MOTINH_CLASS_NUMBER == self->R8_object_id ) )  motion_inh = ( 0 != self ) ? (Diverter_MOTINH *) self->R8_subtype : 0;
  /* UNRELATE motion_inh FROM self ACROSS R8 */
  XTUML_OAL_STMT_TRACE( 1, "UNRELATE motion_inh FROM self ACROSS R8" );
  Diverter_MOTINH_R8_Unlink( self, motion_inh );
  /* DELETE OBJECT INSTANCE motion_inh */
  XTUML_OAL_STMT_TRACE( 1, "DELETE OBJECT INSTANCE motion_inh" );
  if ( 0 == motion_inh ) {
    XTUML_EMPTY_HANDLE_TRACE( "MOTINH", "Escher_DeleteInstance" );
  }
  Escher_DeleteInstance( (Escher_iHandle_t) motion_inh, Diverter_DOMAIN_ID, Diverter_MOTINH_CLASS_NUMBER );
' );
INSERT INTO TE_ABA VALUES ( 24401024,'SM_ACT',24099080,0,0,' void ','','','','','','','','','Diverter_XTFRCNVR_xact3','void',0,0,'','  Diverter_AUTOSEQ * auto_seq=0;
  /* SELECT one auto_seq RELATED BY self->AUTOSEQ[R8] */
  XTUML_OAL_STMT_TRACE( 1, "SELECT one auto_seq RELATED BY self->AUTOSEQ[R8]" );
  auto_seq = 0;
  if ( ( 0 != self ) && ( Diverter_AUTOSEQ_CLASS_NUMBER == self->R8_object_id ) )  auto_seq = ( 0 != self ) ? (Diverter_AUTOSEQ *) self->R8_subtype : 0;
  /* UNRELATE auto_seq FROM self ACROSS R8 */
  XTUML_OAL_STMT_TRACE( 1, "UNRELATE auto_seq FROM self ACROSS R8" );
  Diverter_AUTOSEQ_R8_Unlink( self, auto_seq );
  /* DELETE OBJECT INSTANCE auto_seq */
  XTUML_OAL_STMT_TRACE( 1, "DELETE OBJECT INSTANCE auto_seq" );
  if ( 0 == auto_seq ) {
    XTUML_EMPTY_HANDLE_TRACE( "AUTOSEQ", "Escher_DeleteInstance" );
  }
  Escher_DeleteInstance( (Escher_iHandle_t) auto_seq, Diverter_DOMAIN_ID, Diverter_AUTOSEQ_CLASS_NUMBER );
' );
INSERT INTO TE_ABA VALUES ( 24401132,'SM_ACT',24099080,0,0,' void ','','','','','','','','','Diverter_XTFRCNVR_xact4','void',0,0,'','  Diverter_MOTINH * motion_inh=0;
  /* SELECT one motion_inh RELATED BY self->MOTINH[R8] */
  XTUML_OAL_STMT_TRACE( 1, "SELECT one motion_inh RELATED BY self->MOTINH[R8]" );
  motion_inh = 0;
  if ( ( 0 != self ) && ( Diverter_MOTINH_CLASS_NUMBER == self->R8_object_id ) )  motion_inh = ( 0 != self ) ? (Diverter_MOTINH *) self->R8_subtype : 0;
  /* UNRELATE motion_inh FROM self ACROSS R8 */
  XTUML_OAL_STMT_TRACE( 1, "UNRELATE motion_inh FROM self ACROSS R8" );
  Diverter_MOTINH_R8_Unlink( self, motion_inh );
  /* DELETE OBJECT INSTANCE motion_inh */
  XTUML_OAL_STMT_TRACE( 1, "DELETE OBJECT INSTANCE motion_inh" );
  if ( 0 == motion_inh ) {
    XTUML_EMPTY_HANDLE_TRACE( "MOTINH", "Escher_DeleteInstance" );
  }
  Escher_DeleteInstance( (Escher_iHandle_t) motion_inh, Diverter_DOMAIN_ID, Diverter_MOTINH_CLASS_NUMBER );
' );
INSERT INTO TE_ABA VALUES ( 24414616,'O_TFR',24099080,0,0,' const Diverter_Machine_Side_t ',' const Diverter_Machine_Side_t p_machine_side ','Diverter_Machine_Side_t p_machine_side;
',', p_machine_side','%d',' p_machine_side','    e->p_machine_side = p_machine_side;','    e->p_machine_side = p_machine_side;','','Diverter_XTFRCNVR_op_GetMotorDirection','Diverter_Motor_Direction_t',0,0,'','  Diverter_Motor_Direction_t motor_dir;
  /* ASSIGN motor_dir = self.drive_side */
  XTUML_OAL_STMT_TRACE( 1, "ASSIGN motor_dir = self.drive_side" );
  motor_dir = self->drive_side;
  /* IF ( ( PARAM.machine_side == Operator ) ) */
  XTUML_OAL_STMT_TRACE( 1, "IF ( ( PARAM.machine_side == Operator ) )" );
  if ( ( p_machine_side == Diverter_Machine_Side_Operator_e ) ) {
    /* ASSIGN motor_dir = Forward */
    XTUML_OAL_STMT_TRACE( 2, "ASSIGN motor_dir = Forward" );
    motor_dir = Diverter_Motor_Direction_Forward_e;
    /* IF ( ( self.drive_side == Forward ) ) */
    XTUML_OAL_STMT_TRACE( 2, "IF ( ( self.drive_side == Forward ) )" );
    if ( ( self->drive_side == Diverter_Motor_Direction_Forward_e ) ) {
      /* ASSIGN motor_dir = Reverse */
      XTUML_OAL_STMT_TRACE( 3, "ASSIGN motor_dir = Reverse" );
      motor_dir = Diverter_Motor_Direction_Reverse_e;
    }
  }
  /* RETURN motor_dir */
  XTUML_OAL_STMT_TRACE( 1, "RETURN motor_dir" );
  {Diverter_Motor_Direction_t xtumlOALrv = motor_dir;
  return xtumlOALrv;}
' );
INSERT INTO TE_ABA VALUES ( 24414724,'SM_ACT',24099080,0,0,' void ','','','','','','','','','Diverter_CLX1DCGSEQ_act1','void',0,0,'','' );
INSERT INTO TE_ABA VALUES ( 24414832,'SM_ACT',24099080,0,0,' void ','','','','','','','','','Diverter_CLX1DCGSEQ_act2','void',0,0,'','  Diverter_AUTOSEQ * auto_seq=0;
  /* SELECT one auto_seq RELATED BY self->AUTOSEQ[R9] */
  XTUML_OAL_STMT_TRACE( 1, "SELECT one auto_seq RELATED BY self->AUTOSEQ[R9]" );
  auto_seq = ( 0 != self ) ? self->AUTOSEQ_R9 : 0;
  /* SEND xtfrcnvr::jog(acceleration:- 1, direction:auto_seq.motor_direction, duration:auto_seq.time_to_run, velocity:- 1) */
  XTUML_OAL_STMT_TRACE( 1, "SEND xtfrcnvr::jog(acceleration:- 1, direction:auto_seq.motor_direction, duration:auto_seq.time_to_run, velocity:- 1)" );
  Diverter_xtfrcnvr_jog( -1, auto_seq->motor_direction, auto_seq->time_to_run, -1 );
' );
INSERT INTO TE_ABA VALUES ( 24414940,'SM_ACT',24099080,0,0,' void ','','','','','','','','','Diverter_CLX1DCGSEQ_act3','void',0,0,'','  Diverter_XTFRCNVR * xtfr_conveyor=0;Diverter_AUTOSEQ * auto_seq=0;
  /* SELECT one auto_seq RELATED BY self->AUTOSEQ[R9] */
  XTUML_OAL_STMT_TRACE( 1, "SELECT one auto_seq RELATED BY self->AUTOSEQ[R9]" );
  auto_seq = ( 0 != self ) ? self->AUTOSEQ_R9 : 0;
  /* SELECT one xtfr_conveyor RELATED BY auto_seq->XTFRCNVR[R8] */
  XTUML_OAL_STMT_TRACE( 1, "SELECT one xtfr_conveyor RELATED BY auto_seq->XTFRCNVR[R8]" );
  xtfr_conveyor = ( 0 != auto_seq ) ? auto_seq->XTFRCNVR_R8 : 0;
  /* UNRELATE auto_seq FROM xtfr_conveyor ACROSS R8 */
  XTUML_OAL_STMT_TRACE( 1, "UNRELATE auto_seq FROM xtfr_conveyor ACROSS R8" );
  Diverter_AUTOSEQ_R8_Unlink( xtfr_conveyor, auto_seq );
  /* UNRELATE self FROM auto_seq ACROSS R9 */
  XTUML_OAL_STMT_TRACE( 1, "UNRELATE self FROM auto_seq ACROSS R9" );
  Diverter_CLX1DCGSEQ_R9_Unlink( auto_seq, self );
  /* GENERATE XTFRCNVR7:automatic_sequence_cmplt() TO xtfr_conveyor */
  XTUML_OAL_STMT_TRACE( 1, "GENERATE XTFRCNVR7:automatic_sequence_cmplt() TO xtfr_conveyor" );
  { Escher_xtUMLEvent_t * e = Escher_NewxtUMLEvent( xtfr_conveyor, &Diverter_XTFRCNVRevent7c );
    Escher_SendEvent( e );
  }
  /* DELETE OBJECT INSTANCE self */
  XTUML_OAL_STMT_TRACE( 1, "DELETE OBJECT INSTANCE self" );
  if ( 0 == self ) {
    XTUML_EMPTY_HANDLE_TRACE( "CLX1DCGSEQ", "Escher_DeleteInstance" );
  }
  Escher_DeleteInstance( (Escher_iHandle_t) self, Diverter_DOMAIN_ID, Diverter_CLX1DCGSEQ_CLASS_NUMBER );
' );
INSERT INTO TE_ABA VALUES ( 24415048,'S_BRG',0,0,0,' void ','','','','','','','','','ARCH_shutdown','void',0,0,'','' );
INSERT INTO TE_ABA VALUES ( 24415156,'S_BRG',0,0,0,' c_t[ESCHER_SYS_MAX_STRING_LEN] ',' c_t p_message[ESCHER_SYS_MAX_STRING_LEN] ','c_t p_message[ESCHER_SYS_MAX_STRING_LEN];
','','[]',' p_message','    Escher_strcpy( e->p_message, p_message );','    Escher_strcpy( e->p_message, p_message );','','LOG_LogSuccess','void',0,0,'','' );
INSERT INTO TE_ABA VALUES ( 24415264,'S_BRG',0,0,0,' c_t[ESCHER_SYS_MAX_STRING_LEN] ',' c_t p_message[ESCHER_SYS_MAX_STRING_LEN] ','c_t p_message[ESCHER_SYS_MAX_STRING_LEN];
','','[]',' p_message','    Escher_strcpy( e->p_message, p_message );','    Escher_strcpy( e->p_message, p_message );','','LOG_LogFailure','void',0,0,'','' );
INSERT INTO TE_ABA VALUES ( 24415372,'S_BRG',0,0,0,' c_t[ESCHER_SYS_MAX_STRING_LEN] ',' c_t p_message[ESCHER_SYS_MAX_STRING_LEN] ','c_t p_message[ESCHER_SYS_MAX_STRING_LEN];
','','[]',' p_message','    Escher_strcpy( e->p_message, p_message );','    Escher_strcpy( e->p_message, p_message );','','LOG_LogInfo','void',0,0,'','' );
INSERT INTO TE_ABA VALUES ( 24415480,'S_BRG',0,0,0,' Escher_Date_t, c_t[ESCHER_SYS_MAX_STRING_LEN] ',' Escher_Date_t p_d, c_t p_message[ESCHER_SYS_MAX_STRING_LEN] ','Escher_Date_t p_d;
c_t p_message[ESCHER_SYS_MAX_STRING_LEN];
',', p_d','%d,[]',' p_d, p_message','    e->p_d = p_d;    Escher_strcpy( e->p_message, p_message );','    e->p_d = p_d;    Escher_strcpy( e->p_message, p_message );','','LOG_LogDate','void',0,0,'','' );
INSERT INTO TE_ABA VALUES ( 24415588,'S_BRG',0,0,0,' c_t[ESCHER_SYS_MAX_STRING_LEN], Escher_TimeStamp_t ',' c_t p_message[ESCHER_SYS_MAX_STRING_LEN], Escher_TimeStamp_t p_t ','c_t p_message[ESCHER_SYS_MAX_STRING_LEN];
Escher_TimeStamp_t p_t;
',', p_t','[],%d',' p_message, p_t','    Escher_strcpy( e->p_message, p_message );    e->p_t = p_t;','    Escher_strcpy( e->p_message, p_message );    e->p_t = p_t;','','LOG_LogTime','void',0,0,'','' );
INSERT INTO TE_ABA VALUES ( 24432664,'S_BRG',0,0,0,' c_t[ESCHER_SYS_MAX_STRING_LEN], const r_t ',' c_t p_message[ESCHER_SYS_MAX_STRING_LEN], const r_t p_r ','c_t p_message[ESCHER_SYS_MAX_STRING_LEN];
r_t p_r;
',', p_r','[],%f',' p_message, p_r','    Escher_strcpy( e->p_message, p_message );    e->p_r = p_r;','    Escher_strcpy( e->p_message, p_message );    e->p_r = p_r;','','LOG_LogReal','void',0,0,'','' );
INSERT INTO TE_ABA VALUES ( 24432772,'S_BRG',0,0,0,' const i_t ',' const i_t p_message ','i_t p_message;
',', p_message','%d',' p_message','    e->p_message = p_message;','    e->p_message = p_message;','','LOG_LogInteger','void',0,0,'','' );
INSERT INTO TE_ABA VALUES ( 24432880,'S_BRG',0,0,0,' void ','','','','','','','','','TIM_current_date','Escher_Date_t',0,0,'','' );
INSERT INTO TE_ABA VALUES ( 24432988,'S_BRG',0,0,0,' const i_t, const i_t, const i_t, const i_t, const i_t, const i_t ',' const i_t p_day, const i_t p_hour, const i_t p_minute, const i_t p_month, const i_t p_second, const i_t p_year ','i_t p_day;
i_t p_hour;
i_t p_minute;
i_t p_month;
i_t p_second;
i_t p_year;
',', p_day, p_hour, p_minute, p_month, p_second, p_year','%d,%d,%d,%d,%d,%d',' p_day, p_hour, p_minute, p_month, p_second, p_year','    e->p_day = p_day;    e->p_hour = p_hour;    e->p_minute = p_minute;    e->p_month = p_month;    e->p_second = p_second;    e->p_year = p_year;','    e->p_day = p_day;    e->p_hour = p_hour;    e->p_minute = p_minute;    e->p_month = p_month;    e->p_second = p_second;    e->p_year = p_year;','','TIM_create_date','Escher_Date_t',0,0,'','' );
INSERT INTO TE_ABA VALUES ( 24433096,'S_BRG',0,0,0,' Escher_Date_t ',' Escher_Date_t p_date ','Escher_Date_t p_date;
',', p_date','%d',' p_date','    e->p_date = p_date;','    e->p_date = p_date;','','TIM_get_second','i_t',0,0,'','' );
INSERT INTO TE_ABA VALUES ( 24433204,'S_BRG',0,0,0,' Escher_Date_t ',' Escher_Date_t p_date ','Escher_Date_t p_date;
',', p_date','%d',' p_date','    e->p_date = p_date;','    e->p_date = p_date;','','TIM_get_minute','i_t',0,0,'','' );
INSERT INTO TE_ABA VALUES ( 24433312,'S_BRG',0,0,0,' Escher_Date_t ',' Escher_Date_t p_date ','Escher_Date_t p_date;
',', p_date','%d',' p_date','    e->p_date = p_date;','    e->p_date = p_date;','','TIM_get_hour','i_t',0,0,'','' );
INSERT INTO TE_ABA VALUES ( 24433420,'S_BRG',0,0,0,' Escher_Date_t ',' Escher_Date_t p_date ','Escher_Date_t p_date;
',', p_date','%d',' p_date','    e->p_date = p_date;','    e->p_date = p_date;','','TIM_get_day','i_t',0,0,'','' );
INSERT INTO TE_ABA VALUES ( 24433528,'S_BRG',0,0,0,' Escher_Date_t ',' Escher_Date_t p_date ','Escher_Date_t p_date;
',', p_date','%d',' p_date','    e->p_date = p_date;','    e->p_date = p_date;','','TIM_get_month','i_t',0,0,'','' );
INSERT INTO TE_ABA VALUES ( 24433636,'S_BRG',0,0,0,' Escher_Date_t ',' Escher_Date_t p_date ','Escher_Date_t p_date;
',', p_date','%d',' p_date','    e->p_date = p_date;','    e->p_date = p_date;','','TIM_get_year','i_t',0,0,'','' );
INSERT INTO TE_ABA VALUES ( 24451968,'S_BRG',0,0,0,' void ','','','','','','','','','TIM_current_clock','Escher_TimeStamp_t',0,0,'','' );
INSERT INTO TE_ABA VALUES ( 24452076,'S_BRG',0,0,0,' Escher_xtUMLEvent_t *, const i_t ',' Escher_xtUMLEvent_t * p_event_inst, const i_t p_microseconds ','Escher_xtUMLEvent_t * p_event_inst;
i_t p_microseconds;
',', p_event_inst, p_microseconds','%p,%d',' p_event_inst, p_microseconds','    e->p_event_inst = p_event_inst;    e->p_microseconds = p_microseconds;','    e->p_event_inst = p_event_inst;    e->p_microseconds = p_microseconds;','','TIM_timer_start','Escher_Timer_t *',0,0,'','' );
INSERT INTO TE_ABA VALUES ( 24452184,'S_BRG',0,0,0,' Escher_xtUMLEvent_t *, const i_t ',' Escher_xtUMLEvent_t * p_event_inst, const i_t p_microseconds ','Escher_xtUMLEvent_t * p_event_inst;
i_t p_microseconds;
',', p_event_inst, p_microseconds','%p,%d',' p_event_inst, p_microseconds','    e->p_event_inst = p_event_inst;    e->p_microseconds = p_microseconds;','    e->p_event_inst = p_event_inst;    e->p_microseconds = p_microseconds;','','TIM_timer_start_recurring','Escher_Timer_t *',0,0,'','' );
INSERT INTO TE_ABA VALUES ( 24452292,'S_BRG',0,0,0,' Escher_Timer_t * ',' Escher_Timer_t * p_timer_inst_ref ','Escher_Timer_t * p_timer_inst_ref;
',', p_timer_inst_ref','%d',' p_timer_inst_ref','    e->p_timer_inst_ref = p_timer_inst_ref;','    e->p_timer_inst_ref = p_timer_inst_ref;','','TIM_timer_remaining_time','i_t',0,0,'','' );
INSERT INTO TE_ABA VALUES ( 24452400,'S_BRG',0,0,0,' const i_t, Escher_Timer_t * ',' const i_t p_microseconds, Escher_Timer_t * p_timer_inst_ref ','i_t p_microseconds;
Escher_Timer_t * p_timer_inst_ref;
',', p_microseconds, p_timer_inst_ref','%d,%d',' p_microseconds, p_timer_inst_ref','    e->p_microseconds = p_microseconds;    e->p_timer_inst_ref = p_timer_inst_ref;','    e->p_microseconds = p_microseconds;    e->p_timer_inst_ref = p_timer_inst_ref;','','TIM_timer_reset_time','bool',0,0,'','' );
INSERT INTO TE_ABA VALUES ( 24452508,'S_BRG',0,0,0,' const i_t, Escher_Timer_t * ',' const i_t p_microseconds, Escher_Timer_t * p_timer_inst_ref ','i_t p_microseconds;
Escher_Timer_t * p_timer_inst_ref;
',', p_microseconds, p_timer_inst_ref','%d,%d',' p_microseconds, p_timer_inst_ref','    e->p_microseconds = p_microseconds;    e->p_timer_inst_ref = p_timer_inst_ref;','    e->p_microseconds = p_microseconds;    e->p_timer_inst_ref = p_timer_inst_ref;','','TIM_timer_add_time','bool',0,0,'','' );
INSERT INTO TE_ABA VALUES ( 24452616,'S_BRG',0,0,0,' Escher_Timer_t * ',' Escher_Timer_t * p_timer_inst_ref ','Escher_Timer_t * p_timer_inst_ref;
',', p_timer_inst_ref','%d',' p_timer_inst_ref','    e->p_timer_inst_ref = p_timer_inst_ref;','    e->p_timer_inst_ref = p_timer_inst_ref;','','TIM_timer_cancel','bool',0,0,'','' );
INSERT INTO TE_C VALUES ( 5143296,'prv_ExpectedResponse','',0,1,1,1,0,0,1,0,'prv_ExpectedResponse_classes','',0,0,0,2,3,0,1,0,0,0,'prv_ExpectedResponse','prv_ExpectedResponse','',1,0,0,1,0,1885,0,0 );
INSERT INTO TE_C VALUES ( 5143504,'rqd_JogMotor_IntfTest','',0,1,1,1,0,0,1,0,'rqd_JogMotor_IntfTest_classes','',0,0,0,2,3,0,1,0,0,0,'rqd_JogMotor_IntfTest','rqd_JogMotor_IntfTest','',1,0,0,1,0,1810,0,0 );
INSERT INTO TE_C VALUES ( 5143712,'prv_JogMotor_ExpResp','',0,1,1,1,0,0,1,0,'prv_JogMotor_ExpResp_classes','',0,0,0,2,3,0,1,0,0,0,'prv_JogMotor_ExpResp','prv_JogMotor_ExpResp','',1,0,0,1,0,70,0,0 );
INSERT INTO TE_C VALUES ( 5143920,'SafetySystem','',0,1,1,1,0,0,1,0,'SafetySystem_classes','',0,0,0,2,3,0,1,0,0,0,'SafetySystem','SafetySystem','',1,0,0,1,0,1627,0,0 );
INSERT INTO TE_C VALUES ( 5144128,'LiftConveyor','',0,1,1,1,0,0,1,0,'LiftConveyor_classes','',0,0,0,2,3,0,1,0,0,0,'LiftConveyor','LiftConveyor','',1,0,0,1,0,1611,0,0 );
INSERT INTO TE_C VALUES ( 5144336,'LiftBay','',0,1,1,1,0,0,1,0,'LiftBay_classes','',0,0,0,2,3,0,1,0,0,0,'LiftBay','LiftBay','',1,0,0,1,0,1592,0,0 );
INSERT INTO TE_C VALUES ( 5144544,'FlatBelts','',0,1,1,1,0,0,1,0,'FlatBelts_classes','',0,0,0,2,3,0,1,0,0,0,'FlatBelts','FlatBelts','',1,0,0,1,0,1590,0,0 );
INSERT INTO TE_C VALUES ( 5144752,'Backstop','',0,1,1,1,0,0,1,0,'Backstop_classes','',0,0,0,2,3,0,1,0,0,0,'Backstop','Backstop','',1,0,0,1,0,1527,0,0 );
INSERT INTO TE_C VALUES ( 5144960,'ShinglingSection','',0,1,1,1,0,0,1,0,'ShinglingSection_classes','',0,0,0,2,3,0,1,0,0,0,'ShinglingSection','ShinglingSection','',1,0,0,1,0,1502,0,0 );
INSERT INTO TE_C VALUES ( 5145168,'PullRoll','',0,1,1,1,0,0,1,0,'PullRoll_classes','',0,0,0,2,3,0,1,0,0,0,'PullRoll','PullRoll','',1,0,0,1,0,1500,0,0 );
INSERT INTO TE_C VALUES ( 24097208,'Motor_Drive_Reg','',0,1,1,1,0,0,1,0,'Motor_Drive_Reg_classes','',0,0,0,2,3,0,1,0,0,0,'Motor_Drive_Reg','Motor_Drive_Reg','',1,0,0,1,0,1425,0,0 );
INSERT INTO TE_C VALUES ( 24097416,'Motor_Drive_FB','',0,1,1,1,0,0,1,0,'Motor_Drive_FB_classes','',0,0,0,2,3,0,1,0,0,0,'Motor_Drive_FB','Motor_Drive_FB','',1,0,0,1,0,1396,0,0 );
INSERT INTO TE_C VALUES ( 24097624,'Motor_Drive_Brake','',0,1,1,1,0,0,1,0,'Motor_Drive_Brake_classes','',0,0,0,2,3,0,1,0,0,0,'Motor_Drive_Brake','Motor_Drive_Brake','',1,0,0,1,0,1489,0,0 );
INSERT INTO TE_C VALUES ( 24097832,'Motor_Drive','',0,1,1,1,0,0,1,0,'Motor_Drive_classes','',0,0,0,2,3,0,1,0,0,0,'Motor_Drive','Motor_Drive','',1,0,0,1,0,1389,0,0 );
INSERT INTO TE_C VALUES ( 24098040,'KnifeCylinder','',0,1,1,1,0,0,1,0,'KnifeCylinder_classes','',0,0,0,2,3,0,1,0,0,0,'KnifeCylinder','KnifeCylinder','',1,0,0,1,0,1488,0,0 );
INSERT INTO TE_C VALUES ( 24098248,'HighSpeedNip','',0,1,1,1,0,0,1,0,'HighSpeedNip_classes','',0,0,0,2,3,0,1,0,0,0,'HighSpeedNip','HighSpeedNip','',1,0,0,1,0,1483,0,0 );
INSERT INTO TE_C VALUES ( 24098456,'Diverter','',0,1,1,1,0,0,1,0,'Diverter_classes','',0,0,0,2,3,0,1,0,0,0,'Diverter','Diverter','',1,0,0,1,0,1460,0,0 );
INSERT INTO TE_C VALUES ( 24098664,'CTMSensor','',0,1,1,1,0,0,1,0,'CTMSensor_classes','',0,0,0,2,3,0,1,0,0,0,'CTMSensor','CTMSensor','',1,0,0,1,0,1450,0,0 );
INSERT INTO TE_C VALUES ( 24098872,'BarConveyor','',0,1,1,1,0,0,1,0,'BarConveyor_classes','',0,0,0,2,3,0,1,0,0,0,'BarConveyor','BarConveyor','',1,0,0,1,0,1447,0,0 );
INSERT INTO TE_C VALUES ( 24099080,'Diverter','Where does this show up?',0,1,1,1,0,0,1,0,'Diverter_classes','',150,30,10,2,3,0,1,0,0,0,'Diverter','Diverter','',1,1,0,1,0,8,0,5182336 );
INSERT INTO TE_EE VALUES ( 'Time','TIM','TIM','The Time external entity provides date, timestamp, and timer related operations.',1,'TIM_bridge','TIM_bridge.h',0,0,1686,5153216,0 );
INSERT INTO TE_EE VALUES ( 'Logging','LOG','LOG','',0,'LOG_bridge','LOG_bridge.h',0,0,1694,5153292,0 );
INSERT INTO TE_EE VALUES ( 'Architecture','ARCH','ARCH','',0,'ARCH_bridge','ARCH_bridge.h',0,0,1689,5153368,0 );
INSERT INTO TE_DT VALUES ( 5152352,'Jog_Switch_Position',2,1,'Diverter_Jog_Switch_Position_t','','Diverter_Jog_Switch_Position__UNINITIALIZED__e','-1',1,'Diverter','%d',0,0,273 );
INSERT INTO TE_DT VALUES ( 5152428,'Divert_Packet',2,1,'Diverter_Divert_Packet_t','','Diverter_Divert_Packet__UNINITIALIZED__e','-1',1,'Diverter','%d',0,0,213 );
INSERT INTO TE_DT VALUES ( 5152504,'Machine_Side',2,1,'Diverter_Machine_Side_t','','Diverter_Machine_Side__UNINITIALIZED__e','-1',1,'Diverter','%d',0,0,288 );
INSERT INTO TE_DT VALUES ( 5152580,'Motor_Direction',2,1,'Diverter_Motor_Direction_t','','Diverter_Motor_Direction__UNINITIALIZED__e','-1',1,'Diverter','%d',0,0,363 );
INSERT INTO TE_DT VALUES ( 5152656,'timestamp',11,1,'Escher_TimeStamp_t','Diverter_sys_types.h','CTOR','',0,'Diverter','%d',0,0,1685 );
INSERT INTO TE_DT VALUES ( 5152732,'inst_ref<Timer>',12,1,'Escher_Timer_t *','Diverter_sys_types.h','0','',0,'Diverter','%d',0,0,1154 );
INSERT INTO TE_DT VALUES ( 5152808,'date',11,1,'Escher_Date_t','Diverter_sys_types.h','CTOR','',0,'Diverter','%d',0,0,1684 );
INSERT INTO TE_DT VALUES ( 5152884,'component_ref',13,0,'','Diverter_sys_types.h','','',0,'Diverter','%x',0,0,1683 );
INSERT INTO TE_DT VALUES ( 5152960,'inst_ref<Mapping>',12,0,'i_t','Diverter_sys_types.h','0','',0,'Diverter','%d',0,0,1682 );
INSERT INTO TE_DT VALUES ( 5153036,'inst<Mapping>',11,0,'','Diverter_sys_types.h','','',0,'Diverter','%d',0,0,1681 );
INSERT INTO TE_DT VALUES ( 24116672,'inst<Event>',10,1,'Escher_xtUMLEvent_t *','Diverter_sys_types.h','0','',0,'Diverter','%p',0,0,1192 );
INSERT INTO TE_DT VALUES ( 24116748,'inst_ref_set<Object>',9,0,'Escher_ObjectSet_s *','Diverter_sys_types.h','','',0,'Diverter','%p',0,0,936 );
INSERT INTO TE_DT VALUES ( 24116824,'inst_ref<Object>',8,0,'void *','Diverter_sys_types.h','','',0,'Diverter','%p',0,0,212 );
INSERT INTO TE_DT VALUES ( 24116900,'same_as<Base_Attribute>',7,0,'','Diverter_sys_types.h','','',0,'Diverter','%p',0,0,358 );
INSERT INTO TE_DT VALUES ( 24116976,'state<State_Model>',6,0,'','Diverter_sys_types.h','','',0,'Diverter','%d',0,0,361 );
INSERT INTO TE_DT VALUES ( 24117052,'unique_id',5,0,'Escher_UniqueID_t','Diverter_sys_types.h','0','',0,'Diverter','%p',0,0,1680 );
INSERT INTO TE_DT VALUES ( 24117128,'string',4,1,'c_t','Diverter_sys_types.h','CTOR','',0,'Diverter','%s',0,0,1679 );
INSERT INTO TE_DT VALUES ( 24117204,'real',3,1,'r_t','Diverter_sys_types.h','0.0','',0,'Diverter','%f',0,0,1678 );
INSERT INTO TE_DT VALUES ( 24117280,'integer',2,1,'i_t','Diverter_sys_types.h','0','',0,'Diverter','%d',0,0,217 );
INSERT INTO TE_DT VALUES ( 24117356,'boolean',1,1,'bool','Diverter_sys_types.h','false','',0,'Diverter','%d',0,0,231 );
INSERT INTO TE_DT VALUES ( 24118168,'void',0,0,'void','Diverter_sys_types.h','0','',0,'Diverter','',0,0,831 );
INSERT INTO TE_DT VALUES ( 24118244,'Divert_Conv_Discharge_Alg',2,0,'Diverter_Divert_Conv_Discharge_Alg_t','','Diverter_Divert_Conv_Discharge_Alg__UNINITIALIZED__e','-1',1,'Diverter','%d',0,24099080,450 );
INSERT INTO TE_DT VALUES ( 24118320,'Actuator_Event_Type',2,0,'Diverter_Actuator_Event_Type_t','','Diverter_Actuator_Event_Type__UNINITIALIZED__e','-1',1,'Diverter','%d',0,24099080,792 );
INSERT INTO TE_DT VALUES ( 24118396,'Sheet_End',2,0,'Diverter_Sheet_End_t','','Diverter_Sheet_End__UNINITIALIZED__e','-1',1,'Diverter','%d',0,24099080,789 );
INSERT INTO TE_ACT VALUES ( 24246440,'Diverter_TRKPT_CB_act1',0,1357,1360 );
INSERT INTO TE_ACT VALUES ( 24246548,'Diverter_FNGRS_act1',0,1332,1336 );
INSERT INTO TE_ACT VALUES ( 24361656,'Diverter_FNGRS_act2',0,1332,1340 );
INSERT INTO TE_ACT VALUES ( 24361764,'Diverter_DVTPAN_act3',0,1303,1308 );
INSERT INTO TE_ACT VALUES ( 24361872,'Diverter_DVTPAN_act2',0,1303,1312 );
INSERT INTO TE_ACT VALUES ( 24361980,'Diverter_DVTPAN_act1',0,1303,1316 );
INSERT INTO TE_ACT VALUES ( 24362088,'Diverter_DVRTBAY_act1',0,1155,1160 );
INSERT INTO TE_ACT VALUES ( 24362196,'Diverter_DVRTBAY_act3',0,1155,1175 );
INSERT INTO TE_ACT VALUES ( 24362304,'Diverter_DVRTBAY_act2',0,1155,1194 );
INSERT INTO TE_ACT VALUES ( 24362412,'Diverter_DVRTBAY_act4',0,1155,1242 );
INSERT INTO TE_ACT VALUES ( 24362628,'Diverter_DVRTPKT_CB_act1',0,1009,1012 );
INSERT INTO TE_ACT VALUES ( 24382000,'Diverter_ARBLST_act1',0,897,901 );
INSERT INTO TE_ACT VALUES ( 24382108,'Diverter_ARBLST_act2',0,897,905 );
INSERT INTO TE_ACT VALUES ( 24382216,'Diverter_MANSEQ_act1',0,672,679 );
INSERT INTO TE_ACT VALUES ( 24382324,'Diverter_MANSEQ_act2',0,672,702 );
INSERT INTO TE_ACT VALUES ( 24382432,'Diverter_MANSEQ_act3',0,672,723 );
INSERT INTO TE_ACT VALUES ( 24382540,'Diverter_MANSEQ_act4',0,672,756 );
INSERT INTO TE_ACT VALUES ( 24382648,'Diverter_CLX2HRDCGSEQ_act1',0,562,568 );
INSERT INTO TE_ACT VALUES ( 24382756,'Diverter_CLX2HRDCGSEQ_act2',0,562,572 );
INSERT INTO TE_ACT VALUES ( 24400160,'Diverter_CLX2HRDCGSEQ_act3',0,562,590 );
INSERT INTO TE_ACT VALUES ( 24400268,'Diverter_CLX2HRDCGSEQ_act4',0,562,620 );
INSERT INTO TE_ACT VALUES ( 24400376,'Diverter_CLX2HRDCGSEQ_act5',0,562,638 );
INSERT INTO TE_ACT VALUES ( 24400484,'Diverter_XTFRCNVR_act1',0,48,455 );
INSERT INTO TE_ACT VALUES ( 24400592,'Diverter_XTFRCNVR_act2',0,48,464 );
INSERT INTO TE_ACT VALUES ( 24400700,'Diverter_XTFRCNVR_act3',0,48,473 );
INSERT INTO TE_ACT VALUES ( 24400808,'Diverter_XTFRCNVR_xact1',1,48,517 );
INSERT INTO TE_ACT VALUES ( 24400916,'Diverter_XTFRCNVR_xact2',2,48,528 );
INSERT INTO TE_ACT VALUES ( 24401024,'Diverter_XTFRCNVR_xact3',3,48,539 );
INSERT INTO TE_ACT VALUES ( 24401132,'Diverter_XTFRCNVR_xact4',4,48,550 );
INSERT INTO TE_ACT VALUES ( 24414724,'Diverter_CLX1DCGSEQ_act1',0,369,375 );
INSERT INTO TE_ACT VALUES ( 24414832,'Diverter_CLX1DCGSEQ_act2',0,369,379 );
INSERT INTO TE_ACT VALUES ( 24414940,'Diverter_CLX1DCGSEQ_act3',0,369,397 );
INSERT INTO TE_SYNC VALUES ( 'Init',0,0,0,1,0,24246332,'Diverter_Init','Diverter_Init','Diverter_Init_deferred',24099080,830,5182336,0 );
INSERT INTO TE_TFR VALUES ( 0,1,1,'DVRTSHT','UpdatePosition','Diverter_DVRTSHT_op_UpdatePosition',24362520,1005 );
INSERT INTO TE_TFR VALUES ( 0,1,1,'DVRTPKT','SheetDiverted','Diverter_DVRTPKT_op_SheetDiverted',24381784,916 );
INSERT INTO TE_TFR VALUES ( 0,1,1,'DVRTPKT','UpdatePosition','Diverter_DVRTPKT_op_UpdatePosition',24381892,951 );
INSERT INTO TE_TFR VALUES ( 0,1,1,'XTFRCNVR','GetMotorDirection','Diverter_XTFRCNVR_op_GetMotorDirection',24414616,36 );
INSERT INTO R_REL VALUES ( 344,8,'This relationship formalizes a migrating sub-type class relationship.  The
sub-type classes provide different sequencing logic for the Cross 
Transfer Conveyor super-type.  The Cross Transfer Conveyor super-type class
doesn''t change but displays different behavior based on the current sub-type.

Polymorphic events directed to the Cross Transfer Conveyor are seamlessly passed
to the sub-types for interaction with the sub-type state machine. 


',0 );
INSERT INTO R_REL VALUES ( 351,9,'

',0 );
INSERT INTO R_REL VALUES ( 799,5,'',0 );
INSERT INTO R_REL VALUES ( 809,3,'',0 );
INSERT INTO R_REL VALUES ( 816,6,'',0 );
INSERT INTO R_REL VALUES ( 236,1,'',0 );
INSERT INTO R_REL VALUES ( 208,4,'',0 );
INSERT INTO R_REL VALUES ( 824,2,'',0 );
INSERT INTO R_REL VALUES ( 827,7,'',0 );
INSERT INTO TE_BRG VALUES ( 'Architecture','ARCH','shutdown','ARCH_shutdown',24415048,1690,1689 );
INSERT INTO TE_BRG VALUES ( 'Logging','LOG','LogSuccess','LOG_LogSuccess',24415156,1695,1694 );
INSERT INTO TE_BRG VALUES ( 'Logging','LOG','LogFailure','LOG_LogFailure',24415264,1699,1694 );
INSERT INTO TE_BRG VALUES ( 'Logging','LOG','LogInfo','LOG_LogInfo',24415372,1703,1694 );
INSERT INTO TE_BRG VALUES ( 'Logging','LOG','LogDate','LOG_LogDate',24415480,1707,1694 );
INSERT INTO TE_BRG VALUES ( 'Logging','LOG','LogTime','LOG_LogTime',24415588,1712,1694 );
INSERT INTO TE_BRG VALUES ( 'Logging','LOG','LogReal','LOG_LogReal',24432664,1717,1694 );
INSERT INTO TE_BRG VALUES ( 'Logging','LOG','LogInteger','LOG_LogInteger',24432772,1722,1694 );
INSERT INTO TE_BRG VALUES ( 'Time','TIM','current_date','TIM_current_date',24432880,1726,1686 );
INSERT INTO TE_BRG VALUES ( 'Time','TIM','create_date','TIM_create_date',24432988,1729,1686 );
INSERT INTO TE_BRG VALUES ( 'Time','TIM','get_second','TIM_get_second',24433096,1738,1686 );
INSERT INTO TE_BRG VALUES ( 'Time','TIM','get_minute','TIM_get_minute',24433204,1742,1686 );
INSERT INTO TE_BRG VALUES ( 'Time','TIM','get_hour','TIM_get_hour',24433312,1746,1686 );
INSERT INTO TE_BRG VALUES ( 'Time','TIM','get_day','TIM_get_day',24433420,1750,1686 );
INSERT INTO TE_BRG VALUES ( 'Time','TIM','get_month','TIM_get_month',24433528,1754,1686 );
INSERT INTO TE_BRG VALUES ( 'Time','TIM','get_year','TIM_get_year',24433636,1758,1686 );
INSERT INTO TE_BRG VALUES ( 'Time','TIM','current_clock','TIM_current_clock',24451968,1762,1686 );
INSERT INTO TE_BRG VALUES ( 'Time','TIM','timer_start','TIM_timer_start',24452076,1185,1686 );
INSERT INTO TE_BRG VALUES ( 'Time','TIM','timer_start_recurring','TIM_timer_start_recurring',24452184,1769,1686 );
INSERT INTO TE_BRG VALUES ( 'Time','TIM','timer_remaining_time','TIM_timer_remaining_time',24452292,1774,1686 );
INSERT INTO TE_BRG VALUES ( 'Time','TIM','timer_reset_time','TIM_timer_reset_time',24452400,1778,1686 );
INSERT INTO TE_BRG VALUES ( 'Time','TIM','timer_add_time','TIM_timer_add_time',24452508,1783,1686 );
INSERT INTO TE_BRG VALUES ( 'Time','TIM','timer_cancel','TIM_timer_cancel',24452616,1788,1686 );
INSERT INTO TE_ENUM VALUES ( 'Stop','',0,'Diverter_Jog_Switch_Position_Stop_e',275 );
INSERT INTO TE_ENUM VALUES ( 'Operator','',0,'Diverter_Jog_Switch_Position_Operator_e',278 );
INSERT INTO TE_ENUM VALUES ( 'Drive','',0,'Diverter_Jog_Switch_Position_Drive_e',281 );
INSERT INTO TE_ENUM VALUES ( 'Impossible','',0,'Diverter_Jog_Switch_Position_Impossible_e',284 );
INSERT INTO TE_ENUM VALUES ( 'Scrap','',0,'Diverter_Divert_Packet_Scrap_e',1271 );
INSERT INTO TE_ENUM VALUES ( 'Inspection','',0,'Diverter_Divert_Packet_Inspection_e',1925 );
INSERT INTO TE_ENUM VALUES ( 'Operator','',0,'Diverter_Machine_Side_Operator_e',289 );
INSERT INTO TE_ENUM VALUES ( 'Drive','',0,'Diverter_Machine_Side_Drive_e',292 );
INSERT INTO TE_ENUM VALUES ( 'Forward','',0,'Diverter_Motor_Direction_Forward_e',442 );
INSERT INTO TE_ENUM VALUES ( 'Reverse','',0,'Diverter_Motor_Direction_Reverse_e',449 );
INSERT INTO TE_ENUM VALUES ( 'Dist_x1_Rollout','',0,'Diverter_Divert_Conv_Discharge_Alg_Dist_x1_Rollout_e',498 );
INSERT INTO TE_ENUM VALUES ( 'Dist_x2_Hesitating_Rollout','',0,'Diverter_Divert_Conv_Discharge_Alg_Dist_x2_Hesitating_Rollout_e',501 );
INSERT INTO TE_ENUM VALUES ( 'Engage_Material','',0,'Diverter_Actuator_Event_Type_Engage_Material_e',793 );
INSERT INTO TE_ENUM VALUES ( 'Disengage_Material','',0,'Diverter_Actuator_Event_Type_Disengage_Material_e',794 );
INSERT INTO TE_ENUM VALUES ( 'Leading','',0,'Diverter_Sheet_End_Leading_e',790 );
INSERT INTO TE_ENUM VALUES ( 'Trailing','',0,'Diverter_Sheet_End_Trailing_e',791 );
INSERT INTO TE_PARM VALUES ( 'A0xtumlsret','',0,'','',5168480,0,'A0xtumlsret',0,24117128,1,0,'[ESCHER_SYS_MAX_STRING_LEN]',0,0,0,0,0,0,0 );
INSERT INTO TE_PARM VALUES ( 'timer_inst_ref','',0,'','',5168608,0,'p_timer_inst_ref',0,5152732,0,0,'',24452616,0,0,0,0,0,1789 );
INSERT INTO TE_PARM VALUES ( 'microseconds','',0,'','',5168736,5168864,'p_microseconds',0,24117280,0,0,'',24452508,0,0,0,0,0,1785 );
INSERT INTO TE_PARM VALUES ( 'timer_inst_ref','',1,'','',5168864,0,'p_timer_inst_ref',0,5152732,0,0,'',24452508,0,0,0,0,0,1784 );
INSERT INTO TE_PARM VALUES ( 'microseconds','',0,'','',5168992,5169120,'p_microseconds',0,24117280,0,0,'',24452400,0,0,0,0,0,1780 );
INSERT INTO TE_PARM VALUES ( 'timer_inst_ref','',1,'','',5169120,0,'p_timer_inst_ref',0,5152732,0,0,'',24452400,0,0,0,0,0,1779 );
INSERT INTO TE_PARM VALUES ( 'timer_inst_ref','',0,'','',5169248,0,'p_timer_inst_ref',0,5152732,0,0,'',24452292,0,0,0,0,0,1775 );
INSERT INTO TE_PARM VALUES ( 'event_inst','',0,'','',5169376,5169504,'p_event_inst',0,24116672,0,0,'',24452184,0,0,0,0,0,1771 );
INSERT INTO TE_PARM VALUES ( 'microseconds','',1,'','',5169504,0,'p_microseconds',0,24117280,0,0,'',24452184,0,0,0,0,0,1770 );
INSERT INTO TE_PARM VALUES ( 'event_inst','',0,'(Escher_xtUMLEvent_t *)timer_expired, ( ( 2 * 1000 ) * 1000 )','event_inst:timer_expired, microseconds:( ( 2 * 1000 ) * 1000 )',5169632,24155896,'p_event_inst',0,24116672,0,0,'',24452076,0,0,0,0,0,1766 );
INSERT INTO TE_PARM VALUES ( 'microseconds','',1,'','',24155896,0,'p_microseconds',0,24117280,0,0,'',24452076,0,0,0,0,0,1765 );
INSERT INTO TE_PARM VALUES ( 'date','',0,'','',24156024,0,'p_date',0,5152808,0,0,'',24433636,0,0,0,0,0,1759 );
INSERT INTO TE_PARM VALUES ( 'date','',0,'','',24156152,0,'p_date',0,5152808,0,0,'',24433528,0,0,0,0,0,1755 );
INSERT INTO TE_PARM VALUES ( 'date','',0,'','',24156280,0,'p_date',0,5152808,0,0,'',24433420,0,0,0,0,0,1751 );
INSERT INTO TE_PARM VALUES ( 'date','',0,'','',24156408,0,'p_date',0,5152808,0,0,'',24433312,0,0,0,0,0,1747 );
INSERT INTO TE_PARM VALUES ( 'date','',0,'','',24156536,0,'p_date',0,5152808,0,0,'',24433204,0,0,0,0,0,1743 );
INSERT INTO TE_PARM VALUES ( 'date','',0,'','',24156664,0,'p_date',0,5152808,0,0,'',24433096,0,0,0,0,0,1739 );
INSERT INTO TE_PARM VALUES ( 'year','',5,'','',24156792,0,'p_year',0,24117280,0,0,'',24432988,0,0,0,0,0,1735 );
INSERT INTO TE_PARM VALUES ( 'month','',3,'','',24156920,24158992,'p_month',0,24117280,0,0,'',24432988,0,0,0,0,0,1731 );
INSERT INTO TE_PARM VALUES ( 'day','',0,'','',24157048,24158736,'p_day',0,24117280,0,0,'',24432988,0,0,0,0,0,1734 );
INSERT INTO TE_PARM VALUES ( 'hour','',1,'','',24158736,24158864,'p_hour',0,24117280,0,0,'',24432988,0,0,0,0,0,1733 );
INSERT INTO TE_PARM VALUES ( 'minute','',2,'','',24158864,24156920,'p_minute',0,24117280,0,0,'',24432988,0,0,0,0,0,1732 );
INSERT INTO TE_PARM VALUES ( 'second','',4,'','',24158992,24156792,'p_second',0,24117280,0,0,'',24432988,0,0,0,0,0,1730 );
INSERT INTO TE_PARM VALUES ( 'message','',0,'','',24159120,0,'p_message',0,24117280,0,0,'',24432772,0,0,0,0,0,1723 );
INSERT INTO TE_PARM VALUES ( 'message','',0,'','',24159248,24159376,'p_message',0,24117128,1,0,'[ESCHER_SYS_MAX_STRING_LEN]',24432664,0,0,0,0,0,1719 );
INSERT INTO TE_PARM VALUES ( 'r','',1,'','',24159376,0,'p_r',0,24117204,0,0,'',24432664,0,0,0,0,0,1718 );
INSERT INTO TE_PARM VALUES ( 'message','',0,'','',24159504,24159632,'p_message',0,24117128,1,0,'[ESCHER_SYS_MAX_STRING_LEN]',24415588,0,0,0,0,0,1714 );
INSERT INTO TE_PARM VALUES ( 't','',1,'','',24159632,0,'p_t',0,5152656,0,0,'',24415588,0,0,0,0,0,1713 );
INSERT INTO TE_PARM VALUES ( 'message','',1,'','',24159760,0,'p_message',0,24117128,1,0,'[ESCHER_SYS_MAX_STRING_LEN]',24415480,0,0,0,0,0,1709 );
INSERT INTO TE_PARM VALUES ( 'd','',0,'','',24159888,24159760,'p_d',0,5152808,0,0,'',24415480,0,0,0,0,0,1708 );
INSERT INTO TE_PARM VALUES ( 'message','',0,'','',24161720,0,'p_message',0,24117128,1,0,'[ESCHER_SYS_MAX_STRING_LEN]',24415372,0,0,0,0,0,1704 );
INSERT INTO TE_PARM VALUES ( 'message','',0,'','',24161848,0,'p_message',0,24117128,1,0,'[ESCHER_SYS_MAX_STRING_LEN]',24415264,0,0,0,0,0,1700 );
INSERT INTO TE_PARM VALUES ( 'message','',0,'','',24161976,0,'p_message',0,24117128,1,0,'[ESCHER_SYS_MAX_STRING_LEN]',24415156,0,0,0,0,0,1696 );
INSERT INTO TE_PARM VALUES ( 'sheet_travel_dist','',0,'p_sheet_travel_dist, p_web_travel_dist','sheet_travel_dist:PARAM.sheet_travel_dist, web_travel_dist:PARAM.web_travel_dist',24162104,24162232,'p_sheet_travel_dist',0,24117280,0,0,'',24362520,0,0,0,1048,0,0 );
INSERT INTO TE_PARM VALUES ( 'web_travel_dist','',1,'','',24162232,0,'p_web_travel_dist',0,24117280,0,0,'',24362520,0,0,0,1047,0,0 );
INSERT INTO TE_PARM VALUES ( 'sheet_travel_dist','',0,'sheet_dist, web_dist','sheet_travel_dist:sheet_dist, web_travel_dist:web_dist',24162360,24162488,'p_sheet_travel_dist',0,24117280,0,0,'',24381892,0,0,0,953,0,0 );
INSERT INTO TE_PARM VALUES ( 'web_travel_dist','',1,'','',24162488,0,'p_web_travel_dist',0,24117280,0,0,'',24381892,0,0,0,952,0,0 );
INSERT INTO TE_PARM VALUES ( 'machine_side','',0,'rcvd_evt->p_direction','machine_side:PARAM.direction',24162616,0,'p_machine_side',0,5152504,0,0,'',24414616,0,0,0,38,0,0 );
INSERT INTO TE_PARM VALUES ( 'sheet_caliper','',0,'','',24162744,0,'p_sheet_caliper',0,24117280,0,0,'',0,1155,1156,0,0,0,0 );
INSERT INTO TE_PARM VALUES ( 'control_alg','',0,'','',24162872,24164920,'p_control_alg',0,24118244,0,0,'',0,48,51,0,0,0,0 );
INSERT INTO TE_PARM VALUES ( 'direction','',0,'','',24164920,0,'p_direction',0,5152504,0,0,'',0,48,49,0,0,0,0 );
INSERT INTO TE_PARM VALUES ( 'direction','',0,'','',24165048,0,'p_direction',0,5152504,0,0,'',0,48,60,0,0,0,0 );
INSERT INTO TE_PARM VALUES ( 'pressure','',0,'','',24165176,0,'p_pressure',0,24117280,0,0,'',0,0,0,0,0,1930,0 );
INSERT INTO TE_PARM VALUES ( 'new_position','',0,'','',24165304,0,'p_new_position',0,5152352,0,0,'',24246008,0,0,0,0,99,0 );
INSERT INTO TE_PARM VALUES ( 'ready','',0,'','',24165432,0,'p_ready',0,24117356,0,0,'',24246116,0,0,0,0,1927,0 );
INSERT INTO TE_PARM VALUES ( 'number_of_sheets','',1,'','',24165560,24165816,'p_number_of_sheets',0,24117280,0,0,'',24246224,0,0,0,0,227,0 );
INSERT INTO TE_PARM VALUES ( 'sheet_length','',3,'','',24165688,0,'p_sheet_length',0,24117280,0,0,'',24246224,0,0,0,0,225,0 );
INSERT INTO TE_PARM VALUES ( 'packet_start_position','',2,'','',24165816,24165688,'p_packet_start_position',0,24117280,0,0,'',24246224,0,0,0,0,219,0 );
INSERT INTO TE_PARM VALUES ( 'divert_type','',0,'','',24165944,24165560,'p_divert_type',0,5152428,0,0,'',24246224,0,0,0,0,215,0 );
INSERT INTO TE_PARM VALUES ( 'acceleration','',0,'','',24166072,24168352,'p_acceleration',0,24117280,0,0,'',24226432,0,0,0,0,1919,0 );
INSERT INTO TE_PARM VALUES ( 'velocity','',2,'','',24168224,0,'p_velocity',0,24117280,0,0,'',24226432,0,0,0,0,1918,0 );
INSERT INTO TE_PARM VALUES ( 'motor_direction','',1,'','',24168352,24168224,'p_motor_direction',0,5152580,0,0,'',24226432,0,0,0,0,1917,0 );
INSERT INTO TE_PARM VALUES ( 'enable','',0,'','',24168480,0,'p_enable',0,24117356,0,0,'',24226540,0,0,0,0,1916,0 );
INSERT INTO TE_PARM VALUES ( 'duration','',2,'','',24168608,24168864,'p_duration',0,24117280,0,0,'',24181140,0,0,0,0,81,0 );
INSERT INTO TE_PARM VALUES ( 'acceleration','',0,'','',24168736,24168992,'p_acceleration',0,24117280,0,0,'',24181140,0,0,0,0,79,0 );
INSERT INTO TE_PARM VALUES ( 'velocity','',3,'','',24168864,0,'p_velocity',0,24117280,0,0,'',24181140,0,0,0,0,77,0 );
INSERT INTO TE_PARM VALUES ( 'direction','',1,'-1, auto_seq->motor_direction, auto_seq->time_to_run, -1','acceleration:- 1, direction:auto_seq.motor_direction, duration:auto_seq.time_to_run, velocity:- 1',24168992,24168608,'p_direction',0,5152580,0,0,'',24181140,0,0,0,0,75,0 );
INSERT INTO TE_PARM VALUES ( 'acceleration','',0,'','',24169120,24169248,'p_acceleration',0,24117280,0,0,'',24208376,0,0,0,0,0,0 );
INSERT INTO TE_PARM VALUES ( 'direction','',1,'','',24169248,24169376,'p_direction',0,5152580,0,0,'',24208376,0,0,0,0,0,0 );
INSERT INTO TE_PARM VALUES ( 'duration','',2,'','',24169376,24214416,'p_duration',0,24117280,0,0,'',24208376,0,0,0,0,0,0 );
INSERT INTO TE_PARM VALUES ( 'velocity','',3,'','',24214416,0,'p_velocity',0,24117280,0,0,'',24208376,0,0,0,0,0,0 );
INSERT INTO TE_PARM VALUES ( 'acceleration','',0,'','',24214544,24214672,'p_acceleration',0,24117280,0,0,'',24225676,0,0,0,0,0,0 );
INSERT INTO TE_PARM VALUES ( 'direction','',1,'','',24214672,24214800,'p_direction',0,5152580,0,0,'',24225676,0,0,0,0,0,0 );
INSERT INTO TE_PARM VALUES ( 'duration','',2,'','',24214800,24214928,'p_duration',0,24117280,0,0,'',24225676,0,0,0,0,0,0 );
INSERT INTO TE_PARM VALUES ( 'velocity','',3,'','',24214928,0,'p_velocity',0,24117280,0,0,'',24225676,0,0,0,0,0,0 );
INSERT INTO TE_PARM VALUES ( 'acceleration','',0,'','',24215056,24215184,'p_acceleration',0,24117280,0,0,'',24245900,0,0,0,0,0,0 );
INSERT INTO TE_PARM VALUES ( 'direction','',1,'','',24215184,24215312,'p_direction',0,5152580,0,0,'',24245900,0,0,0,0,0,0 );
INSERT INTO TE_PARM VALUES ( 'duration','',2,'','',24215312,24215440,'p_duration',0,24117280,0,0,'',24245900,0,0,0,0,0,0 );
INSERT INTO TE_PARM VALUES ( 'velocity','',3,'','',24215440,0,'p_velocity',0,24117280,0,0,'',24245900,0,0,0,0,0,0 );
INSERT INTO TE_WHERE VALUES ( 0,'Diverter_TRKPT_AnyWhere1',0,814 );
INSERT INTO TE_WHERE VALUES ( 0,'Diverter_TRKPT_AnyWhere2',1,814 );
INSERT INTO TE_WHERE VALUES ( 0,'Diverter_TRKPT_AnyWhere3',2,814 );
INSERT INTO TE_WHERE VALUES ( 0,'Diverter_FNGRS_AnyWhere1',0,801 );
INSERT INTO TE_WHERE VALUES ( 0,'Diverter_FNGRS_AnyWhere2',1,801 );
INSERT INTO TE_WHERE VALUES ( 0,'Diverter_FNGRS_AnyWhere3',2,801 );
INSERT INTO TE_WHERE VALUES ( 0,'Diverter_DVTPAN_AnyWhere1',0,803 );
INSERT INTO TE_WHERE VALUES ( 0,'Diverter_DVTPAN_AnyWhere2',1,803 );
INSERT INTO TE_WHERE VALUES ( 0,'Diverter_DVTPAN_AnyWhere3',2,803 );
INSERT INTO TE_WHERE VALUES ( 0,'Diverter_DVRTBAY_AnyWhere1',0,115 );
INSERT INTO TE_WHERE VALUES ( 0,'Diverter_DVRTBAY_AnyWhere2',1,115 );
INSERT INTO TE_WHERE VALUES ( 0,'Diverter_DVRTBAY_AnyWhere3',2,115 );
INSERT INTO TE_WHERE VALUES ( 0,'Diverter_DVRTSTK_AnyWhere1',0,818 );
INSERT INTO TE_WHERE VALUES ( 0,'Diverter_DVRTSTK_AnyWhere2',1,818 );
INSERT INTO TE_WHERE VALUES ( 0,'Diverter_DVRTSTK_AnyWhere3',2,818 );
INSERT INTO TE_WHERE VALUES ( 0,'Diverter_DVRTSHT_AnyWhere1',0,810 );
INSERT INTO TE_WHERE VALUES ( 0,'Diverter_DVRTSHT_AnyWhere2',1,810 );
INSERT INTO TE_WHERE VALUES ( 0,'Diverter_DVRTSHT_AnyWhere3',2,810 );
INSERT INTO TE_WHERE VALUES ( 0,'Diverter_DVRTPKT_AnyWhere1',0,189 );
INSERT INTO TE_WHERE VALUES ( 0,'Diverter_DVRTPKT_AnyWhere2',1,189 );
INSERT INTO TE_WHERE VALUES ( 0,'Diverter_DVRTPKT_AnyWhere3',2,189 );
INSERT INTO TE_WHERE VALUES ( 0,'Diverter_ARBLST_AnyWhere1',0,805 );
INSERT INTO TE_WHERE VALUES ( 0,'Diverter_ARBLST_AnyWhere2',1,805 );
INSERT INTO TE_WHERE VALUES ( 0,'Diverter_ARBLST_AnyWhere3',2,805 );
INSERT INTO TE_WHERE VALUES ( 0,'Diverter_ACTR_AnyWhere1',0,109 );
INSERT INTO TE_WHERE VALUES ( 0,'Diverter_ACTR_AnyWhere2',1,109 );
INSERT INTO TE_WHERE VALUES ( 0,'Diverter_ACTR_AnyWhere3',2,109 );
INSERT INTO TE_WHERE VALUES ( 0,'Diverter_MOTINH_AnyWhere1',0,349 );
INSERT INTO TE_WHERE VALUES ( 0,'Diverter_MOTINH_AnyWhere2',1,349 );
INSERT INTO TE_WHERE VALUES ( 0,'Diverter_MOTINH_AnyWhere3',2,349 );
INSERT INTO TE_WHERE VALUES ( 0,'Diverter_MANSEQ_AnyWhere1',0,27 );
INSERT INTO TE_WHERE VALUES ( 0,'Diverter_MANSEQ_AnyWhere2',1,27 );
INSERT INTO TE_WHERE VALUES ( 0,'Diverter_MANSEQ_AnyWhere3',2,27 );
INSERT INTO TE_WHERE VALUES ( 0,'Diverter_CLX2HRDCGSEQ_AnyWhere1',0,121 );
INSERT INTO TE_WHERE VALUES ( 0,'Diverter_CLX2HRDCGSEQ_AnyWhere2',1,121 );
INSERT INTO TE_WHERE VALUES ( 0,'Diverter_CLX2HRDCGSEQ_AnyWhere3',2,121 );
INSERT INTO TE_WHERE VALUES ( 0,'Diverter_XTFRCNVR_AnyWhere1',0,17 );
INSERT INTO TE_WHERE VALUES ( 0,'Diverter_XTFRCNVR_AnyWhere2',1,17 );
INSERT INTO TE_WHERE VALUES ( 0,'Diverter_XTFRCNVR_AnyWhere3',2,17 );
INSERT INTO TE_WHERE VALUES ( 0,'Diverter_CLX1DCGSEQ_AnyWhere1',0,354 );
INSERT INTO TE_WHERE VALUES ( 0,'Diverter_CLX1DCGSEQ_AnyWhere2',1,354 );
INSERT INTO TE_WHERE VALUES ( 0,'Diverter_CLX1DCGSEQ_AnyWhere3',2,354 );
INSERT INTO TE_WHERE VALUES ( 0,'Diverter_AUTOSEQ_AnyWhere1',0,347 );
INSERT INTO TE_WHERE VALUES ( 0,'Diverter_AUTOSEQ_AnyWhere2',1,347 );
INSERT INTO TE_WHERE VALUES ( 0,'Diverter_AUTOSEQ_AnyWhere3',2,347 );
INSERT INTO TE_ATTR VALUES ( 5139936,1,0,0,0,0,'','TRKDVRTSHT_Id','TRKDVRTSHT_Id','',1,0,0,'','Diverter_TRKPT','i_t',0,1354,814 );
INSERT INTO TE_ATTR VALUES ( 5140020,1,0,0,0,0,'','ACTR_Id','ACTR_Id','',1,0,0,'','Diverter_TRKPT','i_t',5139936,1353,814 );
INSERT INTO TE_ATTR VALUES ( 5140104,1,1,0,0,0,'','edge_to_track','edge_to_track','',1,0,0,'','Diverter_TRKPT','Diverter_Sheet_End_t',5140020,1078,814 );
INSERT INTO TE_ATTR VALUES ( 5140188,1,1,0,0,0,'','actual_position','actual_position','',1,0,0,'','Diverter_TRKPT','i_t',5140104,1351,814 );
INSERT INTO TE_ATTR VALUES ( 5140272,1,1,0,0,0,'','offset_time','offset_time','',1,0,0,'','Diverter_TRKPT','i_t',5140188,1352,814 );
INSERT INTO TE_ATTR VALUES ( 5140356,1,1,1,0,0,'','effective_position','effective_position','',1,0,0,'','Diverter_TRKPT','i_t',5140272,1086,814 );
INSERT INTO TE_ATTR VALUES ( 5140440,1,1,0,0,0,'','type','type','',1,0,0,'','Diverter_TRKPT','Diverter_Actuator_Event_Type_t',5140356,1134,814 );
INSERT INTO TE_ATTR VALUES ( 5140524,1,1,1,0,0,'','position','position','',1,0,0,'','Diverter_FNGRS','i_t',0,888,801 );
INSERT INTO TE_ATTR VALUES ( 5140608,1,1,1,0,0,'','lower_time','lower_time','',1,0,0,'','Diverter_FNGRS','i_t',5140524,890,801 );
INSERT INTO TE_ATTR VALUES ( 5140692,1,1,1,0,0,'','raise_time','raise_time','',1,0,0,'','Diverter_FNGRS','i_t',5140608,892,801 );
INSERT INTO TE_ATTR VALUES ( 24359488,0,0,0,0,0,'','current_state','current_state','',1,0,0,'','Diverter_FNGRS','',5140692,1331,801 );
INSERT INTO TE_ATTR VALUES ( 24359572,1,1,1,0,0,'','position','position','',1,0,0,'','Diverter_DVTPAN','i_t',0,886,803 );
INSERT INTO TE_ATTR VALUES ( 24359656,0,0,0,0,0,'','current_state','current_state','',1,0,0,'','Diverter_DVTPAN','',24359572,1302,803 );
INSERT INTO TE_ATTR VALUES ( 24359740,1,1,1,0,0,'','sheet_settling_timer','sheet_settling_timer','',1,0,0,'','Diverter_DVRTBAY','Escher_Timer_t *',0,119,115 );
INSERT INTO TE_ATTR VALUES ( 24359824,0,0,0,0,0,'','current_state','current_state','',1,0,0,'','Diverter_DVRTBAY','',24359740,117,115 );
INSERT INTO TE_ATTR VALUES ( 24359908,1,1,1,0,0,'','stack_type','stack_type','',1,0,0,'','Diverter_DVRTSTK','Diverter_Divert_Packet_t',0,1151,818 );
INSERT INTO TE_ATTR VALUES ( 24359992,1,1,1,0,0,'','number_of_sheets','number_of_sheets','',1,0,0,'','Diverter_DVRTSTK','i_t',24359908,1152,818 );
INSERT INTO TE_ATTR VALUES ( 24360076,1,1,1,0,0,'','stack_thickness','stack_thickness','',1,0,0,'','Diverter_DVRTSTK','i_t',24359992,1153,818 );
INSERT INTO TE_ATTR VALUES ( 24360160,1,0,0,0,0,'','Id','Id','',1,0,0,'','Diverter_DVRTSHT','i_t',0,812,810 );
INSERT INTO TE_ATTR VALUES ( 24360244,1,1,1,0,0,'','position','position','',1,0,0,'','Diverter_DVRTSHT','i_t',24360160,1070,810 );
INSERT INTO TE_ATTR VALUES ( 24373376,1,1,0,0,0,'','length','length','',1,0,0,'','Diverter_DVRTSHT','i_t',24360244,1074,810 );
INSERT INTO TE_ATTR VALUES ( 24373460,1,0,0,0,0,'','Id','Id','',1,0,0,'','Diverter_DVRTPKT','i_t',0,1008,189 );
INSERT INTO TE_ATTR VALUES ( 24373544,1,1,1,0,0,'','type','type','',1,0,0,'','Diverter_DVRTPKT','Diverter_Divert_Packet_t',24373460,214,189 );
INSERT INTO TE_ATTR VALUES ( 24373628,1,1,1,0,0,'','leading_edge_position','leading_edge_position','',1,0,0,'','Diverter_DVRTPKT','i_t',24373544,218,189 );
INSERT INTO TE_ATTR VALUES ( 24373712,1,1,1,0,0,'','trailing_edge_position','trailing_edge_position','',1,0,0,'','Diverter_DVRTPKT','i_t',24373628,221,189 );
INSERT INTO TE_ATTR VALUES ( 24373796,1,1,1,0,0,'','web_caliper','web_caliper','',1,0,0,'','Diverter_DVRTPKT','i_t',24373712,229,189 );
INSERT INTO TE_ATTR VALUES ( 24373880,1,1,1,0,0,'','position','position','',1,0,0,'','Diverter_ARBLST','i_t',0,882,805 );
INSERT INTO TE_ATTR VALUES ( 24373964,1,1,1,0,0,'','blast_duration','blast_duration','',1,0,0,'','Diverter_ARBLST','i_t',24373880,884,805 );
INSERT INTO TE_ATTR VALUES ( 24374048,0,0,0,0,0,'','current_state','current_state','',1,0,0,'','Diverter_ARBLST','',24373964,896,805 );
INSERT INTO TE_ATTR VALUES ( 24374132,1,0,0,0,0,'','Id','Id','',1,0,0,'','Diverter_ACTR','i_t',0,113,109 );
INSERT INTO TE_ATTR VALUES ( 24389672,0,0,0,0,0,'','current_state','current_state','',1,0,0,'','Diverter_ACTR','',24374132,111,109 );
INSERT INTO TE_ATTR VALUES ( 24389756,1,0,0,0,0,'','Id','Id','',1,0,0,'','Diverter_MOTINH','i_t',0,785,349 );
INSERT INTO TE_ATTR VALUES ( 24389840,0,0,0,0,0,'','current_state','current_state','',1,0,0,'','Diverter_MOTINH','',24389756,784,349 );
INSERT INTO TE_ATTR VALUES ( 24389924,1,0,0,0,0,'','Id','Id','',1,0,0,'','Diverter_MANSEQ','i_t',0,670,27 );
INSERT INTO TE_ATTR VALUES ( 24390008,1,1,1,0,0,'','jog_direction','jog_direction','',1,0,0,'','Diverter_MANSEQ','Diverter_Machine_Side_t',24389924,31,27 );
INSERT INTO TE_ATTR VALUES ( 24390092,0,0,0,0,0,'','current_state','current_state','',1,0,0,'','Diverter_MANSEQ','',24390008,29,27 );
INSERT INTO TE_ATTR VALUES ( 24390176,1,0,0,0,0,'','Id','Id','',1,0,0,'','Diverter_CLX2HRDCGSEQ','i_t',0,560,121 );
INSERT INTO TE_ATTR VALUES ( 24390260,1,1,0,0,0,'','preliminary_move_time','preliminary_move_time','',1,0,0,'','Diverter_CLX2HRDCGSEQ','i_t',24390176,125,121 );
INSERT INTO TE_ATTR VALUES ( 24390344,0,0,0,0,0,'','current_state','current_state','',1,0,0,'','Diverter_CLX2HRDCGSEQ','',24390260,123,121 );
INSERT INTO TE_ATTR VALUES ( 24390428,1,0,0,0,0,'','Id','Id','',1,0,0,'','Diverter_XTFRCNVR','i_t',0,23,17 );
INSERT INTO TE_ATTR VALUES ( 24405832,1,1,1,0,0,'','stopping_time','stopping_time','',1,0,0,'','Diverter_XTFRCNVR','i_t',24390428,21,17 );
INSERT INTO TE_ATTR VALUES ( 24405916,1,1,1,0,0,'','drive_side','drive_side','',1,0,0,'','Diverter_XTFRCNVR','Diverter_Motor_Direction_t',24405832,25,17 );
INSERT INTO TE_ATTR VALUES ( 24406000,0,0,0,0,0,'','current_state','current_state','',1,0,0,'','Diverter_XTFRCNVR','',24405916,19,17 );
INSERT INTO TE_ATTR VALUES ( 24406084,1,0,0,0,0,'','Id','Id','',1,0,0,'','Diverter_CLX1DCGSEQ','i_t',0,367,354 );
INSERT INTO TE_ATTR VALUES ( 24406168,0,0,0,0,0,'','current_state','current_state','',1,0,0,'','Diverter_CLX1DCGSEQ','',24406084,366,354 );
INSERT INTO TE_ATTR VALUES ( 24406252,1,0,0,0,0,'','Id','Id','',1,0,0,'','Diverter_AUTOSEQ','i_t',0,353,347 );
INSERT INTO TE_ATTR VALUES ( 24406336,1,1,1,0,0,'','time_to_run','time_to_run','',1,0,0,'','Diverter_AUTOSEQ','i_t',24406252,362,347 );
INSERT INTO TE_ATTR VALUES ( 24406420,1,1,1,0,0,'','motor_direction','motor_direction','',1,0,0,'','Diverter_AUTOSEQ','Diverter_Motor_Direction_t',24406336,360,347 );
INSERT INTO TE_ATTR VALUES ( 24406504,0,0,0,0,0,'','current_state','current_state','',1,0,0,'','Diverter_AUTOSEQ','',24406420,359,347 );
INSERT INTO TE_REL VALUES ( 7,1,0,1,0,0,827 );
INSERT INTO TE_REL VALUES ( 2,0,0,1,0,0,824 );
INSERT INTO TE_REL VALUES ( 4,1,1,1,0,0,208 );
INSERT INTO TE_REL VALUES ( 1,1,1,1,0,0,236 );
INSERT INTO TE_REL VALUES ( 6,1,1,1,0,0,816 );
INSERT INTO TE_REL VALUES ( 3,0,1,1,0,0,809 );
INSERT INTO TE_REL VALUES ( 5,1,0,0,0,0,799 );
INSERT INTO TE_REL VALUES ( 9,1,1,1,0,0,351 );
INSERT INTO TE_REL VALUES ( 8,1,1,1,0,0,344 );
INSERT INTO TE_EVT VALUES ( 5156096,'correct_position',1,'Diverter_TRKPT_CBevent1','DIVERTER_TRKPT_CBEVENT1NUM',0,0,0,0,0,1358,5179360 );
INSERT INTO TE_EVT VALUES ( 5156160,'de_activate',2,'Diverter_FNGRSevent_ACTR_PE2','DIVERTER_FNGRSEVENT_ACTR_PE2NUM',1,1,1,0,0,1333,5179432 );
INSERT INTO TE_EVT VALUES ( 5156224,'activate',1,'Diverter_FNGRSevent_ACTR_PE1','DIVERTER_FNGRSEVENT_ACTR_PE1NUM',0,1,1,0,0,1334,5179432 );
INSERT INTO TE_EVT VALUES ( 5156288,'de_activate',2,'Diverter_DVTPANevent_ACTR_PE2','DIVERTER_DVTPANEVENT_ACTR_PE2NUM',2,1,1,0,0,1304,5179504 );
INSERT INTO TE_EVT VALUES ( 5156352,'activate',1,'Diverter_DVTPANevent_ACTR_PE1','DIVERTER_DVTPANEVENT_ACTR_PE1NUM',1,1,1,0,0,1305,5179504 );
INSERT INTO TE_EVT VALUES ( 5156416,'LowerPan',3,'Diverter_DVTPANevent3','DIVERTER_DVTPANEVENT3NUM',0,0,0,0,0,1306,5179504 );
INSERT INTO TE_EVT VALUES ( 5156480,'divert_packet_received',2,'Diverter_DVRTBAYevent2','DIVERTER_DVRTBAYEVENT2NUM',1,1,1,0,0,947,5179576 );
INSERT INTO TE_EVT VALUES ( 5156544,'receive_sheet',1,'Diverter_DVRTBAYevent1','DIVERTER_DVRTBAYEVENT1NUM',0,1,3,0,0,926,5179576 );
INSERT INTO TE_EVT VALUES ( 5156608,'start_discharge',3,'Diverter_DVRTBAYevent3','DIVERTER_DVRTBAYEVENT3NUM',2,1,1,0,0,1157,5179576 );
INSERT INTO TE_EVT VALUES ( 5156672,'discharge_complete',4,'Diverter_DVRTBAYevent4','DIVERTER_DVRTBAYEVENT4NUM',3,0,0,0,0,1158,5179576 );
INSERT INTO TE_EVT VALUES ( 24380736,'calc_new_position',1,'Diverter_DVRTPKT_CBevent1','DIVERTER_DVRTPKT_CBEVENT1NUM',0,0,0,0,0,1010,5179648 );
INSERT INTO TE_EVT VALUES ( 24380800,'activate',1,'Diverter_ARBLSTevent_ACTR_PE1','DIVERTER_ARBLSTEVENT_ACTR_PE1NUM',1,1,1,0,0,898,5179720 );
INSERT INTO TE_EVT VALUES ( 24380864,'de_activate',2,'Diverter_ARBLSTevent_ACTR_PE2','DIVERTER_ARBLSTEVENT_ACTR_PE2NUM',0,1,1,0,0,899,5179720 );
INSERT INTO TE_EVT VALUES ( 24380928,'activate',1,'Diverter_ACTRevent1','DIVERTER_ACTREVENT1NUM',0,1,2,0,0,41,5179792 );
INSERT INTO TE_EVT VALUES ( 24380992,'de_activate',2,'Diverter_ACTRevent2','DIVERTER_ACTREVENT2NUM',1,1,2,0,0,895,5179792 );
INSERT INTO TE_EVT VALUES ( 24381056,'jog',3,'Diverter_MANSEQevent_XTFRCNVR_PE3','DIVERTER_MANSEQEVENT_XTFRCNVR_PE3NUM',4,1,1,0,0,673,5179936 );
INSERT INTO TE_EVT VALUES ( 24381120,'jog_complete',4,'Diverter_MANSEQevent_XTFRCNVR_PE4','DIVERTER_MANSEQEVENT_XTFRCNVR_PE4NUM',3,1,1,0,0,674,5179936 );
INSERT INTO TE_EVT VALUES ( 24381184,'drive_rdy_for_inst',10,'Diverter_MANSEQevent_XTFRCNVR_PE5','DIVERTER_MANSEQEVENT_XTFRCNVR_PE5NUM',2,1,1,0,0,675,5179936 );
INSERT INTO TE_EVT VALUES ( 24381248,'motor_stopped',9,'Diverter_MANSEQevent_XTFRCNVR_PE9','DIVERTER_MANSEQEVENT_XTFRCNVR_PE9NUM',1,1,1,0,0,676,5179936 );
INSERT INTO TE_EVT VALUES ( 24381312,'enable_control',10,'Diverter_MANSEQevent_XTFRCNVR_PE10','DIVERTER_MANSEQEVENT_XTFRCNVR_PE10NUM',0,1,1,0,0,677,5179936 );
INSERT INTO TE_EVT VALUES ( 24403696,'jog_time_expired',2,'Diverter_CLX2HRDCGSEQevent2','DIVERTER_CLX2HRDCGSEQEVENT2NUM',0,0,0,0,0,563,5180008 );
INSERT INTO TE_EVT VALUES ( 24403760,'initiate_auto_seq',11,'Diverter_CLX2HRDCGSEQevent_AUTOSEQ_PE11','DIVERTER_CLX2HRDCGSEQEVENT_AUTOSEQ_PE11NUM',3,1,1,0,0,564,5180008 );
INSERT INTO TE_EVT VALUES ( 24403824,'jog_complete',4,'Diverter_CLX2HRDCGSEQevent_XTFRCNVR_PE4','DIVERTER_CLX2HRDCGSEQEVENT_XTFRCNVR_PE4NUM',2,1,1,0,0,565,5180008 );
INSERT INTO TE_EVT VALUES ( 24403888,'motor_stopped',9,'Diverter_CLX2HRDCGSEQevent_XTFRCNVR_PE9','DIVERTER_CLX2HRDCGSEQEVENT_XTFRCNVR_PE9NUM',1,1,1,0,0,566,5180008 );
INSERT INTO TE_EVT VALUES ( 24403952,'jog',3,'Diverter_XTFRCNVRevent3','DIVERTER_XTFRCNVREVENT3NUM',4,1,4,0,0,58,24407648 );
INSERT INTO TE_EVT VALUES ( 24404016,'jog_complete',4,'Diverter_XTFRCNVRevent4','DIVERTER_XTFRCNVREVENT4NUM',5,1,2,0,0,150,24407648 );
INSERT INTO TE_EVT VALUES ( 24404080,'automatic_sequence_cmplt',7,'Diverter_XTFRCNVRevent7','DIVERTER_XTFRCNVREVENT7NUM',1,1,1,0,0,54,24407648 );
INSERT INTO TE_EVT VALUES ( 24404144,'discharge',6,'Diverter_XTFRCNVRevent6','DIVERTER_XTFRCNVREVENT6NUM',0,1,4,0,0,46,24407648 );
INSERT INTO TE_EVT VALUES ( 24404208,'activate',1,'Diverter_XTFRCNVRevent_ACTR_PE1','DIVERTER_XTFRCNVREVENT_ACTR_PE1NUM',3,1,1,0,0,451,24407648 );
INSERT INTO TE_EVT VALUES ( 24404272,'drive_rdy_for_inst',5,'Diverter_XTFRCNVRevent5','DIVERTER_XTFRCNVREVENT5NUM',6,1,2,0,0,62,24407648 );
INSERT INTO TE_EVT VALUES ( 24413152,'sequence_aborted',8,'Diverter_XTFRCNVRevent8','DIVERTER_XTFRCNVREVENT8NUM',2,0,0,0,0,453,24407648 );
INSERT INTO TE_EVT VALUES ( 24413216,'motor_stopped',9,'Diverter_XTFRCNVRevent9','DIVERTER_XTFRCNVREVENT9NUM',7,1,2,0,0,152,24407648 );
INSERT INTO TE_EVT VALUES ( 24413280,'enable_control',10,'Diverter_XTFRCNVRevent10','DIVERTER_XTFRCNVREVENT10NUM',8,1,2,0,0,64,24407648 );
INSERT INTO TE_EVT VALUES ( 24413344,'jog_time_expired',3,'Diverter_CLX1DCGSEQevent3','DIVERTER_CLX1DCGSEQEVENT3NUM',0,0,0,0,0,370,24407720 );
INSERT INTO TE_EVT VALUES ( 24413408,'initiate_auto_seq',11,'Diverter_CLX1DCGSEQevent_AUTOSEQ_PE11','DIVERTER_CLX1DCGSEQEVENT_AUTOSEQ_PE11NUM',3,1,1,0,0,371,24407720 );
INSERT INTO TE_EVT VALUES ( 24413472,'jog_complete',4,'Diverter_CLX1DCGSEQevent_XTFRCNVR_PE4','DIVERTER_CLX1DCGSEQEVENT_XTFRCNVR_PE4NUM',2,1,1,0,0,372,24407720 );
INSERT INTO TE_EVT VALUES ( 24413536,'motor_stopped',9,'Diverter_CLX1DCGSEQevent_XTFRCNVR_PE9','DIVERTER_CLX1DCGSEQEVENT_XTFRCNVR_PE9NUM',1,1,1,0,0,373,24407720 );
INSERT INTO TE_EVT VALUES ( 24413600,'auto_seq_cmplt',10,'Diverter_AUTOSEQevent10','DIVERTER_AUTOSEQEVENT10NUM',0,0,0,0,0,365,24407792 );
INSERT INTO TE_EVT VALUES ( 24413664,'initiate_auto_seq',11,'Diverter_AUTOSEQevent11','DIVERTER_AUTOSEQEVENT11NUM',1,1,2,0,0,127,24407792 );
INSERT INTO TE_STATE VALUES ( 'CorrectForVelocity','Diverter_TRKPT_CB_STATE_1',1,1,0,1357,1359 );
INSERT INTO TE_STATE VALUES ( 'Raised','Diverter_FNGRS_STATE_1',1,1,0,1332,1335 );
INSERT INTO TE_STATE VALUES ( 'Lowered','Diverter_FNGRS_STATE_2',2,2,1,1332,1339 );
INSERT INTO TE_STATE VALUES ( 'PanDown','Diverter_DVTPAN_STATE_3',3,3,2,1303,1307 );
INSERT INTO TE_STATE VALUES ( 'PanUp','Diverter_DVTPAN_STATE_2',2,2,1,1303,1311 );
INSERT INTO TE_STATE VALUES ( 'Initial','Diverter_DVTPAN_STATE_1',1,1,0,1303,1315 );
INSERT INTO TE_STATE VALUES ( 'Empty','Diverter_DVRTBAY_STATE_1',1,1,0,1155,1159 );
INSERT INTO TE_STATE VALUES ( 'WaitForDischargeWindow','Diverter_DVRTBAY_STATE_3',3,3,2,1155,1174 );
INSERT INTO TE_STATE VALUES ( 'ReceivingSheets','Diverter_DVRTBAY_STATE_2',2,2,1,1155,1193 );
INSERT INTO TE_STATE VALUES ( 'Discharging','Diverter_DVRTBAY_STATE_4',4,4,3,1155,1241 );
INSERT INTO TE_STATE VALUES ( 'Tracking','Diverter_DVRTPKT_CB_STATE_1',1,1,0,1009,1011 );
INSERT INTO TE_STATE VALUES ( 'Off','Diverter_ARBLST_STATE_1',1,1,0,897,900 );
INSERT INTO TE_STATE VALUES ( 'On','Diverter_ARBLST_STATE_2',2,2,1,897,904 );
INSERT INTO TE_STATE VALUES ( 'Stopped','Diverter_MANSEQ_STATE_1',1,1,0,672,678 );
INSERT INTO TE_STATE VALUES ( 'InitiateJog','Diverter_MANSEQ_STATE_2',2,2,1,672,701 );
INSERT INTO TE_STATE VALUES ( 'ConfirmedMoving','Diverter_MANSEQ_STATE_3',3,3,2,672,722 );
INSERT INTO TE_STATE VALUES ( 'InitiateStop','Diverter_MANSEQ_STATE_4',4,4,3,672,755 );
INSERT INTO TE_STATE VALUES ( 'Waiting','Diverter_CLX2HRDCGSEQ_STATE_1',1,1,0,562,567 );
INSERT INTO TE_STATE VALUES ( 'FirstMove','Diverter_CLX2HRDCGSEQ_STATE_2',2,2,1,562,571 );
INSERT INTO TE_STATE VALUES ( 'BackupMove','Diverter_CLX2HRDCGSEQ_STATE_3',3,3,2,562,589 );
INSERT INTO TE_STATE VALUES ( 'FullLengthMove','Diverter_CLX2HRDCGSEQ_STATE_4',4,4,3,562,619 );
INSERT INTO TE_STATE VALUES ( 'ConveyorEmpty','Diverter_CLX2HRDCGSEQ_STATE_5',5,5,4,562,637 );
INSERT INTO TE_STATE VALUES ( 'ManualControl','Diverter_XTFRCNVR_STATE_1',1,1,0,48,454 );
INSERT INTO TE_STATE VALUES ( 'MotionInhibited','Diverter_XTFRCNVR_STATE_2',2,2,1,48,463 );
INSERT INTO TE_STATE VALUES ( 'AutomaticControl','Diverter_XTFRCNVR_STATE_3',3,3,2,48,472 );
INSERT INTO TE_STATE VALUES ( 'Waiting','Diverter_CLX1DCGSEQ_STATE_1',1,1,0,369,374 );
INSERT INTO TE_STATE VALUES ( 'InitiatingConveyorJog','Diverter_CLX1DCGSEQ_STATE_2',2,2,1,369,378 );
INSERT INTO TE_STATE VALUES ( 'MotorStopConfirmed','Diverter_CLX1DCGSEQ_STATE_3',3,3,2,369,396 );
INSERT INTO R_OIR VALUES ( 17,344,345,0 );
INSERT INTO R_OIR VALUES ( 27,344,346,0 );
INSERT INTO R_OIR VALUES ( 347,344,348,0 );
INSERT INTO R_OIR VALUES ( 349,344,350,0 );
INSERT INTO R_OIR VALUES ( 347,351,352,0 );
INSERT INTO R_OIR VALUES ( 354,351,355,0 );
INSERT INTO R_OIR VALUES ( 121,351,356,0 );
INSERT INTO R_OIR VALUES ( 109,799,800,0 );
INSERT INTO R_OIR VALUES ( 801,799,802,0 );
INSERT INTO R_OIR VALUES ( 803,799,804,0 );
INSERT INTO R_OIR VALUES ( 805,799,806,0 );
INSERT INTO R_OIR VALUES ( 17,799,807,808 );
INSERT INTO R_OIR VALUES ( 810,809,811,0 );
INSERT INTO R_OIR VALUES ( 109,809,813,0 );
INSERT INTO R_OIR VALUES ( 814,809,815,0 );
INSERT INTO R_OIR VALUES ( 115,816,817,0 );
INSERT INTO R_OIR VALUES ( 818,816,819,0 );
INSERT INTO R_OIR VALUES ( 189,236,820,0 );
INSERT INTO R_OIR VALUES ( 189,236,821,0 );
INSERT INTO R_OIR VALUES ( 115,208,822,0 );
INSERT INTO R_OIR VALUES ( 189,208,823,0 );
INSERT INTO R_OIR VALUES ( 189,824,825,0 );
INSERT INTO R_OIR VALUES ( 810,824,826,0 );
INSERT INTO R_OIR VALUES ( 115,827,828,0 );
INSERT INTO R_OIR VALUES ( 17,827,829,808 );
INSERT INTO TE_PO VALUES ( 5170912,'Port1','Port1','VelocityControlDrive','',1,0,0,0,5143296,1888,1886 );
INSERT INTO TE_PO VALUES ( 5170984,'Port1','Port1','JogMotor','',0,0,0,0,5143504,298,1811 );
INSERT INTO TE_PO VALUES ( 5171056,'Port1','Port1','JogMotor','',1,0,0,0,5143712,298,1796 );
INSERT INTO TE_PO VALUES ( 5171128,'Port1','Port1','SafetySystemClient','',1,0,0,0,5143920,1630,1628 );
INSERT INTO TE_PO VALUES ( 5171200,'Port2','Port2','SafetySystemMonitor','',0,0,0,1,5143920,1633,1631 );
INSERT INTO TE_PO VALUES ( 5171272,'Port1','Port1','MotorDriveFeedback','',0,0,0,0,5144128,1452,1612 );
INSERT INTO TE_PO VALUES ( 5171344,'Port2','Port2','DownstreamConveyor','',0,0,0,1,5144128,1615,1613 );
INSERT INTO TE_PO VALUES ( 5171416,'Port3','Port3','LiftConveyorDigitalIO','',0,0,0,2,5144128,1618,1616 );
INSERT INTO TE_PO VALUES ( 5171488,'Port1','Port1','MotorDriveBrake','',0,0,0,0,5144336,1492,1593 );
INSERT INTO TE_PO VALUES ( 5171560,'Port2','Port2','LiftBayDigitalIO','',0,0,0,1,5144336,1596,1594 );
INSERT INTO TE_PO VALUES ( 24092544,'Shingle Thickness','ShingleThickness','PositionFeedback','',0,0,0,2,5144336,1495,1609 );
INSERT INTO TE_PO VALUES ( 24092616,'Port1','Port1','MotorDrive','',0,0,0,0,5144544,1463,1591 );
INSERT INTO TE_PO VALUES ( 24092688,'Port1','Port1','MotorDriveBrake','',0,0,0,0,5144752,1492,1528 );
INSERT INTO TE_PO VALUES ( 24092760,'Port2','Port2','MotorDrive','',0,0,0,1,5144752,1463,1530 );
INSERT INTO TE_PO VALUES ( 24092832,'Port3','Port3','BackstopDigitalIO','',0,0,0,2,5144752,1534,1532 );
INSERT INTO TE_PO VALUES ( 24092904,'Port1','Port1','MotorDrive','',0,1,0,0,5144960,1463,1503 );
INSERT INTO TE_PO VALUES ( 24092976,'Port2','Port2','MotorDrive','',0,1,1,1,5144960,1463,1504 );
INSERT INTO TE_PO VALUES ( 24093048,'Port3','Port3','ShinglingSectionDigitalIO','',0,0,0,2,5144960,1507,1505 );
INSERT INTO TE_PO VALUES ( 24093120,'Port4','Port4','E_to_P','',0,0,0,3,5144960,1487,1524 );
INSERT INTO TE_PO VALUES ( 24093192,'Port1','Port1','MotorDrive','',0,0,0,0,5145168,1463,1501 );
INSERT INTO TE_PO VALUES ( 24100376,'Port1','Port1','MotorDriveRegistration','',1,0,0,0,24097208,1449,1426 );
INSERT INTO TE_PO VALUES ( 24100448,'Port2','Port2','Registration','',0,0,0,1,24097208,1499,1431 );
INSERT INTO TE_PO VALUES ( 24100520,'Port1','Port1','MotorDriveFeedback','',1,0,0,0,24097416,1452,1397 );
INSERT INTO TE_PO VALUES ( 24100592,'Port2','Port2','PositionFeedback','',0,0,0,1,24097416,1495,1402 );
INSERT INTO TE_PO VALUES ( 24100664,'Port1','Port1','MotorDriveBrake','',1,0,0,0,24097624,1492,1490 );
INSERT INTO TE_PO VALUES ( 24100736,'Port2','Port2','PositionFeedback','',0,0,0,1,24097624,1495,1493 );
INSERT INTO TE_PO VALUES ( 24100808,'Port3','Port3','Brake','',0,0,0,2,24097624,1498,1496 );
INSERT INTO TE_PO VALUES ( 24100880,'Port1','Port1','MotorDrive','',1,0,0,0,24097832,1463,1390 );
INSERT INTO TE_PO VALUES ( 24100952,'Port1','Port1','MotorDrive','',0,0,0,0,24098248,1463,1484 );
INSERT INTO TE_PO VALUES ( 24101024,'Port2','Port2','E_to_P','',0,0,0,1,24098248,1487,1485 );
INSERT INTO TE_PO VALUES ( 24110472,'Port1','Port1','MotorDriveFeedback','',0,0,0,0,24098456,1452,1461 );
INSERT INTO TE_PO VALUES ( 24110544,'Port2','Port2','MotorDrive','',0,0,0,1,24098456,1463,1462 );
INSERT INTO TE_PO VALUES ( 24110616,'Port3','Port3','DiverterDigitalIO','',0,0,0,2,24098456,1466,1464 );
INSERT INTO TE_PO VALUES ( 24110688,'Motor_Drive','Motor_Drive','MotorDriveFeedback','',0,0,0,0,24098664,1452,1451 );
INSERT INTO TE_PO VALUES ( 24110760,'Port1','Port1','CTMSensorDigitalIO','',0,0,0,1,24098664,1455,1453 );
INSERT INTO TE_PO VALUES ( 24110832,'Port1','Port1','MotorDriveRegistration','',0,0,0,0,24098872,1449,1448 );
INSERT INTO TE_PO VALUES ( 24110904,'Client','Client','DiverterClient','',1,0,0,0,24099080,181,179 );
INSERT INTO TE_PO VALUES ( 24110976,'fngrs','fngrs','PneumaticControlValve','',0,1,0,1,24099080,295,293 );
INSERT INTO TE_PO VALUES ( 24111048,'xtfrcnvr','xtfrcnvr','JogMotor','',0,1,0,2,24099080,298,296 );
INSERT INTO TE_PO VALUES ( 24111120,'dvtpan','dvtpan','DivertMotor','',0,0,0,3,24099080,319,317 );
INSERT INTO TE_PO VALUES ( 24114728,'speed_ref','speed_ref','SpeedSignal','',0,0,0,4,24099080,322,320 );
INSERT INTO TE_PO VALUES ( 24114800,'arblst','arblst','PneumaticControlValve','',0,1,1,5,24099080,295,327 );
INSERT INTO TE_PO VALUES ( 24114872,'Port1','Port1','JogMotor','',0,1,1,6,24099080,298,329 );
INSERT INTO TE_SM VALUES ( 5179360,1,'Diverter_TRKPT_CB_STATE_1','Diverter_TRKPT_CB_StateEventMatrix','Diverter_TRKPT_CB_acts','StateAction_t','Diverter_TRKPT_CB_Events_u','Diverter_TRKPT_CB_xacts',0,'state_name_strings_CB',1,1,1357,'Diverter_TRKPT' );
INSERT INTO TE_SM VALUES ( 5179432,1,'Diverter_FNGRS_STATE_1','Diverter_FNGRS_StateEventMatrix','Diverter_FNGRS_acts','StateAction_t','Diverter_FNGRS_Events_u','Diverter_FNGRS_xacts',0,'state_name_strings',2,2,1332,'Diverter_FNGRS' );
INSERT INTO TE_SM VALUES ( 5179504,1,'Diverter_DVTPAN_STATE_1','Diverter_DVTPAN_StateEventMatrix','Diverter_DVTPAN_acts','StateAction_t','Diverter_DVTPAN_Events_u','Diverter_DVTPAN_xacts',0,'state_name_strings',3,3,1303,'Diverter_DVTPAN' );
INSERT INTO TE_SM VALUES ( 5179576,1,'Diverter_DVRTBAY_STATE_1','Diverter_DVRTBAY_StateEventMatrix','Diverter_DVRTBAY_acts','StateAction_t','Diverter_DVRTBAY_Events_u','Diverter_DVRTBAY_xacts',0,'state_name_strings',4,4,1155,'Diverter_DVRTBAY' );
INSERT INTO TE_SM VALUES ( 5179648,1,'Diverter_DVRTPKT_CB_STATE_1','Diverter_DVRTPKT_CB_StateEventMatrix','Diverter_DVRTPKT_CB_acts','StateAction_t','Diverter_DVRTPKT_CB_Events_u','Diverter_DVRTPKT_CB_xacts',0,'state_name_strings_CB',1,1,1009,'Diverter_DVRTPKT' );
INSERT INTO TE_SM VALUES ( 5179720,1,'Diverter_ARBLST_STATE_1','Diverter_ARBLST_StateEventMatrix','Diverter_ARBLST_acts','StateAction_t','Diverter_ARBLST_Events_u','Diverter_ARBLST_xacts',0,'state_name_strings',2,2,897,'Diverter_ARBLST' );
INSERT INTO TE_SM VALUES ( 5179792,0,'','Diverter_ACTR_StateEventMatrix','Diverter_ACTR_acts','StateAction_t','Diverter_ACTR_Events_u','Diverter_ACTR_xacts',0,'state_name_strings',0,2,452,'Diverter_ACTR' );
INSERT INTO TE_SM VALUES ( 5179864,0,'','Diverter_MOTINH_StateEventMatrix','Diverter_MOTINH_acts','StateAction_t','Diverter_MOTINH_Events_u','Diverter_MOTINH_xacts',0,'state_name_strings',0,0,787,'Diverter_MOTINH' );
INSERT INTO TE_SM VALUES ( 5179936,1,'Diverter_MANSEQ_STATE_1','Diverter_MANSEQ_StateEventMatrix','Diverter_MANSEQ_acts','StateAction_t','Diverter_MANSEQ_Events_u','Diverter_MANSEQ_xacts',0,'state_name_strings',4,5,672,'Diverter_MANSEQ' );
INSERT INTO TE_SM VALUES ( 5180008,1,'Diverter_CLX2HRDCGSEQ_STATE_1','Diverter_CLX2HRDCGSEQ_StateEventMatrix','Diverter_CLX2HRDCGSEQ_acts','StateAction_t','Diverter_CLX2HRDCGSEQ_Events_u','Diverter_CLX2HRDCGSEQ_xacts',0,'state_name_strings',5,4,562,'Diverter_CLX2HRDCGSEQ' );
INSERT INTO TE_SM VALUES ( 24407648,1,'Diverter_XTFRCNVR_STATE_1','Diverter_XTFRCNVR_StateEventMatrix','Diverter_XTFRCNVR_acts','StateAction_t','Diverter_XTFRCNVR_Events_u','Diverter_XTFRCNVR_xacts',4,'state_name_strings',3,9,48,'Diverter_XTFRCNVR' );
INSERT INTO TE_SM VALUES ( 24407720,1,'Diverter_CLX1DCGSEQ_STATE_1','Diverter_CLX1DCGSEQ_StateEventMatrix','Diverter_CLX1DCGSEQ_acts','StateAction_t','Diverter_CLX1DCGSEQ_Events_u','Diverter_CLX1DCGSEQ_xacts',0,'state_name_strings',3,4,369,'Diverter_CLX1DCGSEQ' );
INSERT INTO TE_SM VALUES ( 24407792,0,'','Diverter_AUTOSEQ_StateEventMatrix','Diverter_AUTOSEQ_acts','StateAction_t','Diverter_AUTOSEQ_Events_u','Diverter_AUTOSEQ_xacts',0,'state_name_strings',0,2,364,'Diverter_AUTOSEQ' );
INSERT INTO TE_CLASS VALUES ( 5146304,'Tracking Point',4,'TRKPT','','Diverter_TRKPT','Diverter_TRKPT_CB',0,0,0,0,0,10,0,0,0,0,1,0,0,'Diverter_TRKPT_class','Diverter_TRKPT_CLASS_NUMBER','Diverter_TRKPT_CLASS_NUMBER_CB','Diverter_TRKPT_LinkCentral','','Diverter_TRKPT_CBDispatch','%d,%d,%d,%d,%d,%d,%d',',
    self->TRKDVRTSHT_Id,
    self->ACTR_Id,
    self->edge_to_track,
    self->actual_position,
    self->offset_time,
    self->effective_position,
    self->type',24099080,814,5146928 );
INSERT INTO TE_CLASS VALUES ( 5146460,'Fingers',8,'FNGRS','','Diverter_FNGRS','Diverter_FNGRS_CB',0,0,0,0,0,10,0,1,0,0,1,0,0,'Diverter_FNGRS_class','Diverter_FNGRS_CLASS_NUMBER','Diverter_FNGRS_CLASS_NUMBER_CB','Diverter_FNGRS_LinkCentral','Diverter_FNGRS_Dispatch','','%d,%d,%d,%d',',
    self->position,
    self->lower_time,
    self->raise_time,
    self->current_state',24099080,801,5146616 );
INSERT INTO TE_CLASS VALUES ( 5146616,'Diverter Pan',9,'DVTPAN','','Diverter_DVTPAN','Diverter_DVTPAN_CB',0,0,0,0,0,10,0,1,0,0,1,0,0,'Diverter_DVTPAN_class','Diverter_DVTPAN_CLASS_NUMBER','Diverter_DVTPAN_CLASS_NUMBER_CB','Diverter_DVTPAN_LinkCentral','Diverter_DVTPAN_Dispatch','','%d,%d',',
    self->position,
    self->current_state',24099080,803,0 );
INSERT INTO TE_CLASS VALUES ( 5146772,'Diverter Bay',6,'DVRTBAY','','Diverter_DVRTBAY','Diverter_DVRTBAY_CB',1,0,0,0,0,10,0,1,0,0,1,0,0,'Diverter_DVRTBAY_class','Diverter_DVRTBAY_CLASS_NUMBER','Diverter_DVRTBAY_CLASS_NUMBER_CB','Diverter_DVRTBAY_LinkCentral','Diverter_DVRTBAY_Dispatch','','%d,%d',',
    self->sheet_settling_timer,
    self->current_state',24099080,115,24121080 );
INSERT INTO TE_CLASS VALUES ( 5146928,'Divert Stack',5,'DVRTSTK','','Diverter_DVRTSTK','Diverter_DVRTSTK_CB',0,0,0,0,0,10,0,1,0,0,1,0,0,'Diverter_DVRTSTK_class','Diverter_DVRTSTK_CLASS_NUMBER','Diverter_DVRTSTK_CLASS_NUMBER_CB','Diverter_DVRTSTK_LinkCentral','','','%d,%d,%d',',
    self->stack_type,
    self->number_of_sheets,
    self->stack_thickness',24099080,818,5146772 );
INSERT INTO TE_CLASS VALUES ( 5147084,'Divert Sheet',2,'DVRTSHT','','Diverter_DVRTSHT','Diverter_DVRTSHT_CB',0,0,0,0,0,10,0,0,0,0,1,0,0,'Diverter_DVRTSHT_class','Diverter_DVRTSHT_CLASS_NUMBER','Diverter_DVRTSHT_CLASS_NUMBER_CB','Diverter_DVRTSHT_LinkCentral','','','%d,%d,%d',',
    self->Id,
    self->position,
    self->length',24099080,810,5147552 );
INSERT INTO TE_CLASS VALUES ( 5147240,'Divert Packet',1,'DVRTPKT','','Diverter_DVRTPKT','Diverter_DVRTPKT_CB',0,0,0,0,0,10,0,1,0,0,1,0,0,'Diverter_DVRTPKT_class','Diverter_DVRTPKT_CLASS_NUMBER','Diverter_DVRTPKT_CLASS_NUMBER_CB','Diverter_DVRTPKT_LinkCentral','','Diverter_DVRTPKT_CBDispatch','%d,%d,%d,%d,%d',',
    self->Id,
    self->type,
    self->leading_edge_position,
    self->trailing_edge_position,
    self->web_caliper',24099080,189,5147084 );
INSERT INTO TE_CLASS VALUES ( 5147396,'Air Blast',10,'ARBLST','','Diverter_ARBLST','Diverter_ARBLST_CB',0,0,0,0,0,10,0,1,0,0,1,0,0,'Diverter_ARBLST_class','Diverter_ARBLST_CLASS_NUMBER','Diverter_ARBLST_CLASS_NUMBER_CB','Diverter_ARBLST_LinkCentral','Diverter_ARBLST_Dispatch','','%d,%d,%d',',
    self->position,
    self->blast_duration,
    self->current_state',24099080,805,24120768 );
INSERT INTO TE_CLASS VALUES ( 5147552,'Actuator',3,'ACTR','','Diverter_ACTR','Diverter_ACTR_CB',1,0,0,0,0,10,0,1,0,0,1,0,0,'Diverter_ACTR_class','Diverter_ACTR_CLASS_NUMBER','Diverter_ACTR_CLASS_NUMBER_CB','Diverter_ACTR_LinkCentral','Diverter_ACTR_Dispatch','','%d,%d',',
    self->Id,
    self->current_state',24099080,109,5146304 );
INSERT INTO TE_CLASS VALUES ( 5147708,'Motion Inhibited',12,'MOTINH','','Diverter_MOTINH','Diverter_MOTINH_CB',0,0,0,0,0,10,0,1,0,0,1,0,0,'Diverter_MOTINH_class','Diverter_MOTINH_CLASS_NUMBER','Diverter_MOTINH_CLASS_NUMBER_CB','Diverter_MOTINH_LinkCentral','Diverter_MOTINH_Dispatch','','%d,%d',',
    self->Id,
    self->current_state',24099080,349,24121392 );
INSERT INTO TE_CLASS VALUES ( 24120768,'Manual Sequence',11,'MANSEQ','','Diverter_MANSEQ','Diverter_MANSEQ_CB',0,0,0,0,0,10,0,1,0,0,1,0,0,'Diverter_MANSEQ_class','Diverter_MANSEQ_CLASS_NUMBER','Diverter_MANSEQ_CLASS_NUMBER_CB','Diverter_MANSEQ_LinkCentral','Diverter_MANSEQ_Dispatch','','%d,%d,%d',',
    self->Id,
    self->jog_direction,
    self->current_state',24099080,27,5147708 );
INSERT INTO TE_CLASS VALUES ( 24120924,'Hesitating Rollout',14,'CLX2HRDCGSEQ','','Diverter_CLX2HRDCGSEQ','Diverter_CLX2HRDCGSEQ_CB',0,0,0,0,0,10,0,1,0,0,1,0,0,'Diverter_CLX2HRDCGSEQ_class','Diverter_CLX2HRDCGSEQ_CLASS_NUMBER','Diverter_CLX2HRDCGSEQ_CLASS_NUMBER_CB','Diverter_CLX2HRDCGSEQ_LinkCentral','Diverter_CLX2HRDCGSEQ_Dispatch','','%d,%d,%d',',
    self->Id,
    self->preliminary_move_time,
    self->current_state',24099080,121,24121236 );
INSERT INTO TE_CLASS VALUES ( 24121080,'Cross Transfer Conveyor',7,'XTFRCNVR','','Diverter_XTFRCNVR','Diverter_XTFRCNVR_CB',1,0,0,0,0,10,0,1,0,0,1,0,0,'Diverter_XTFRCNVR_class','Diverter_XTFRCNVR_CLASS_NUMBER','Diverter_XTFRCNVR_CLASS_NUMBER_CB','Diverter_XTFRCNVR_LinkCentral','Diverter_XTFRCNVR_Dispatch','','%d,%d,%d,%d',',
    self->Id,
    self->stopping_time,
    self->drive_side,
    self->current_state',24099080,17,5146460 );
INSERT INTO TE_CLASS VALUES ( 24121236,'Conveyor Length Rollout',15,'CLX1DCGSEQ','','Diverter_CLX1DCGSEQ','Diverter_CLX1DCGSEQ_CB',0,0,0,0,0,10,0,1,0,0,1,0,0,'Diverter_CLX1DCGSEQ_class','Diverter_CLX1DCGSEQ_CLASS_NUMBER','Diverter_CLX1DCGSEQ_CLASS_NUMBER_CB','Diverter_CLX1DCGSEQ_LinkCentral','Diverter_CLX1DCGSEQ_Dispatch','','%d,%d',',
    self->Id,
    self->current_state',24099080,354,5147240 );
INSERT INTO TE_CLASS VALUES ( 24121392,'Automatic Sequence',13,'AUTOSEQ','','Diverter_AUTOSEQ','Diverter_AUTOSEQ_CB',1,0,0,0,0,10,0,1,0,0,1,0,0,'Diverter_AUTOSEQ_class','Diverter_AUTOSEQ_CLASS_NUMBER','Diverter_AUTOSEQ_CLASS_NUMBER_CB','Diverter_AUTOSEQ_LinkCentral','Diverter_AUTOSEQ_Dispatch','','%d,%d,%d,%d',',
    self->Id,
    self->time_to_run,
    self->motor_direction,
    self->current_state',24099080,347,24120924 );
INSERT INTO TE_PREFIX VALUES ( 'Escher_','','Escher_','','ESCHER_','Escher_','','','','Escher_','pport_','rport_','channel_' );
INSERT INTO TE_SET VALUES ( 'SYS_MAX_CONTAINERS','Escher_Iterator_s','Escher_SetFactoryInit','Escher_InitSet','Escher_CopySet','Escher_ClearSet','Escher_SetInsertElement','Escher_SetInsertInstance','Escher_SetInsertBlock','Escher_SetRemoveElement','Escher_SetRemoveInstance','Escher_SetCardinality','Escher_SetContains','Escher_SetEquality','Escher_SetIsEmpty','Escher_SetGetAny','Escher_IteratorReset','Escher_IteratorNext','Escher_ObjectSet_s','Escher_SetElement_s','','' );
INSERT INTO TE_PERSIST VALUES ( 'sys_persist','','ESCHER_PERSIST_INST_CACHE_DEPTH','ESCHER_PERSIST_LINK_CACHE_DEPTH','check_mark_post','','Escher_link_t','','Escher_PersistFactoryInit','Escher_PersistenceCommit','Escher_PersistenceRestore','Escher_PersistDelete','domainnum','Escher_DomainNumber_t','classnum','Escher_ClassNumber_t','index','Escher_InstanceIndex_t','InstanceIdentifier_t','instance_identifier','s1_t','persist_dirty',1,0 );
INSERT INTO R_RTO VALUES ( 17,344,345,0 );
INSERT INTO R_RTO VALUES ( 347,351,352,0 );
INSERT INTO R_RTO VALUES ( 109,799,800,-1 );
INSERT INTO R_RTO VALUES ( 810,809,811,0 );
INSERT INTO R_RTO VALUES ( 109,809,813,0 );
INSERT INTO R_RTO VALUES ( 115,816,817,-1 );
INSERT INTO R_RTO VALUES ( 189,236,820,-1 );
INSERT INTO R_RTO VALUES ( 115,208,822,-1 );
INSERT INTO R_RTO VALUES ( 189,824,825,-1 );
INSERT INTO R_RTO VALUES ( 115,827,828,-1 );
INSERT INTO TE_EQ VALUES ( 'EVENT_IS_IGNORED','EVENT_CANT_HAPPEN','Escher_systemxtUMLevents','Escher_xtUML_event_pool','Escher_xtUMLEventConstant_t','Escher_xtUMLEvent_t','mc_event_base','ESCHER_SYS_MAX_XTUML_EVENTS','ESCHER_SYS_MAX_SELF_EVENTS','ESCHER_SYS_MAX_NONSELF_EVENTS','Escher_NewxtUMLEvent','Escher_AllocatextUMLEvent','Escher_DeletextUMLEvent','Escher_ModifyxtUMLEvent','Escher_SendSelfEvent','Escher_SendEvent','Escher_EventSearchAndDestroy','Escher_run_flag','e','' );
INSERT INTO TE_ILB VALUES ( 'sys_ilb','ESCHER_SYS_MAX_INTERLEAVED_BRIDGES','ESCHER_SYS_MAX_INTERLEAVED_BRIDGE_DATA','InterleaveBridge','InterleaveBridgeDone','GetILBData','DispatchInterleaveBridge' );
INSERT INTO TE_THREAD VALUES ( 'sys_thread','Escher_thread_create','Escher_mutex_lock','Escher_mutex_unlock','Escher_nonbusy_wait','Escher_nonbusy_wake','Escher_thread_shutdown',0,'POSIX',0,1,'','AUTOSAR_ENABLED' );
INSERT INTO TE_FILE VALUES ( 'h','c','o','Diverter_sys_main','sys_xtuml','sys_events','sys_nvs','NVS_bridge','sys_sets','Diverter_sys_types','sys_thread','sys_trace','TIM_bridge','sys_user_co','sys_ilb','sys_persist','sys_xtumlload','sysc_interfaces','RegDefs','.','_ch','_ch','_ch','_ch','.','bridge.mark','system.mark','datatype.mark','event.mark','class.mark','domain.mark','sys_functions.arc','mc3020/arc','.' );
INSERT INTO TE_CALLOUT VALUES ( 'sys_user_co','UserInitializationCallout','UserPreOoaInitializationCallout','UserPostOoaInitializationCallout','UserBackgroundProcessingCallout','UserEventCantHappenCallout','UserPreShutdownCallout','UserPostShutdownCallout','UserEventNoInstanceCallout','UserEventFreeListEmptyCallout','UserEmptyHandleDetectedCallout','UserObjectPoolEmptyCallout','UserNodeListEmptyCallout','UserInterleavedBridgeOverflowCallout','UserSelfEventQueueEmptyCallout','UserNonSelfEventQueueEmptyCallout','UserPersistenceErrorCallout' );
INSERT INTO TE_STRING VALUES ( 'Escher_memset','Escher_memmove','Escher_strcpy','Escher_stradd','Escher_strlen','Escher_strcmp','Escher_strget','Escher_itoa','Escher_atoi','ESCHER_SYS_MAX_STRING_LEN','ESCHER_DEBUG_BUFFER_DEPTH' );
INSERT INTO TE_TRACE VALUES ( 'COMP_MSG_START_TRACE','COMP_MSG_END_TRACE','STATE_TXN_START_TRACE','STATE_TXN_END_TRACE','STATE_TXN_IG_TRACE','STATE_TXN_CH_TRACE','OAL_ACTION_TRACE' );
INSERT INTO TE_COPYRIGHT VALUES ( 'your copyright statement can go here (from te_copyright.body)' );
INSERT INTO TE_DMA VALUES ( 'sys_memory','Escher_malloc','Escher_free',0 );
INSERT INTO TE_CONTAINER VALUES ( '' );
INSERT INTO R_RGO VALUES ( 27,344,346 );
INSERT INTO R_RGO VALUES ( 347,344,348 );
INSERT INTO R_RGO VALUES ( 349,344,350 );
INSERT INTO R_RGO VALUES ( 354,351,355 );
INSERT INTO R_RGO VALUES ( 121,351,356 );
INSERT INTO R_RGO VALUES ( 801,799,802 );
INSERT INTO R_RGO VALUES ( 803,799,804 );
INSERT INTO R_RGO VALUES ( 805,799,806 );
INSERT INTO R_RGO VALUES ( 17,799,807 );
INSERT INTO R_RGO VALUES ( 814,809,815 );
INSERT INTO R_RGO VALUES ( 17,827,829 );
INSERT INTO R_RGO VALUES ( 810,824,826 );
INSERT INTO R_RGO VALUES ( 189,208,823 );
INSERT INTO R_RGO VALUES ( 189,236,821 );
INSERT INTO R_RGO VALUES ( 818,816,819 );
INSERT INTO TE_DLIST VALUES ( '','Escher_SetRemoveDlistNode' );
INSERT INTO TE_SLIST VALUES ( '','Escher_SetRemoveNode' );
INSERT INTO TE_TARGET VALUES ( 'C','#ifdef	__cplusplus
extern	"C"	{
#endif','#ifdef	__cplusplus
}
#endif','main' );
INSERT INTO R_SIMP VALUES ( 816 );
INSERT INTO R_SIMP VALUES ( 236 );
INSERT INTO R_SIMP VALUES ( 208 );
INSERT INTO R_SIMP VALUES ( 824 );
INSERT INTO R_SIMP VALUES ( 827 );
INSERT INTO TE_RELINFO VALUES ( 0,0,0,0,0,0,0,0,'',0,0,0,0 );
INSERT INTO TE_RELSTORE VALUES ( '','','',0,'','self' );
INSERT INTO TE_INSTANCE VALUES ( 'Escher_CreateInstance','Escher_CreatePersistent','Escher_DeleteInstance','Escher_DeletePersistent','self','Escher_GetSelf','Escher_InstanceBase_t','Escher_iHandle_t','Escher_ClassFactoryInit','Escher_Object_s','ESCHER_SYS_MAX_OBJECT_EXTENT','ESCHER_SYS_MAX_ASSOCIATION_EXTENT','ESCHER_SYS_MAX_TRANSIENT_EXTENT','current_state','','Escher_GetDCI','Escher_GetEventDispatcher','Escher_GetThreadAssignment','' );
INSERT INTO TE_TIM VALUES ( 'ESCHER_SYS_MAX_XTUML_TIMERS',0,1,0,'ETimer_t','','' );
INSERT INTO TE_TYPEMAP VALUES ( 'Escher_InstanceIndex_t','u2_t','Escher_ClassSize_t','Escher_size_t','Escher_ClassNumber_t','u2_t','Escher_StateNumber_t','u1_t','Escher_DomainNumber_t','u1_t','Escher_EventNumber_t','u1_t','Escher_EventPriority_t','u1_t','Escher_EventFlags_t','u1_t','Escher_PolyEventRC_t','u1_t','Escher_SEMcell_t','u2_t','','','' );
INSERT INTO TE_EXTENT VALUES ( 'Escher_ObjectSet_s','Escher_Extent_t','active','inactive','','Escher_ClassSize_t','size','Escher_StateNumber_t','initial_state','Escher_SetElement_s*','container','Escher_iHandle_t','pool','Escher_InstanceIndex_t','population','Escher_ClassSize_t','size_no_rel','link_function' );
INSERT INTO TE_PAR VALUES ( 'direction',0,'',0,1264,0 );
INSERT INTO TE_PAR VALUES ( 'control_alg',0,'',0,1263,0 );
INSERT INTO TE_PAR VALUES ( 'event_inst',0,'',0,1191,5169632 );
INSERT INTO TE_PAR VALUES ( 'microseconds',0,'',1,1189,24155896 );
INSERT INTO TE_PAR VALUES ( 'sheet_travel_dist',0,'',0,1042,24162360 );
INSERT INTO TE_PAR VALUES ( 'web_travel_dist',0,'',1,1041,24162488 );
INSERT INTO TE_PAR VALUES ( 'sheet_travel_dist',0,'',0,1007,24162104 );
INSERT INTO TE_PAR VALUES ( 'web_travel_dist',0,'',1,1006,24162232 );
INSERT INTO TE_PAR VALUES ( 'sheet_caliper',0,'',0,925,0 );
INSERT INTO TE_PAR VALUES ( 'duration',0,'',2,721,24168608 );
INSERT INTO TE_PAR VALUES ( 'acceleration',0,'',0,719,24168736 );
INSERT INTO TE_PAR VALUES ( 'velocity',0,'',3,716,24168864 );
INSERT INTO TE_PAR VALUES ( 'machine_side',0,'',0,717,24162616 );
INSERT INTO TE_PAR VALUES ( 'direction',0,'',1,715,24168992 );
INSERT INTO TE_PAR VALUES ( 'direction',0,'',0,700,0 );
INSERT INTO TE_PAR VALUES ( 'direction',0,'',0,698,0 );
INSERT INTO TE_PAR VALUES ( 'duration',0,'',2,635,24168608 );
INSERT INTO TE_PAR VALUES ( 'acceleration',0,'',0,633,24168736 );
INSERT INTO TE_PAR VALUES ( 'velocity',0,'',3,631,24168864 );
INSERT INTO TE_PAR VALUES ( 'direction',0,'',1,630,24168992 );
INSERT INTO TE_PAR VALUES ( 'duration',0,'',2,614,24168608 );
INSERT INTO TE_PAR VALUES ( 'acceleration',0,'',0,612,24168736 );
INSERT INTO TE_PAR VALUES ( 'velocity',0,'',3,610,24168864 );
INSERT INTO TE_PAR VALUES ( 'direction',0,'',1,609,24168992 );
INSERT INTO TE_PAR VALUES ( 'duration',0,'',2,587,24168608 );
INSERT INTO TE_PAR VALUES ( 'acceleration',0,'',0,585,24168736 );
INSERT INTO TE_PAR VALUES ( 'velocity',0,'',3,583,24168864 );
INSERT INTO TE_PAR VALUES ( 'direction',0,'',1,582,24168992 );
INSERT INTO TE_PAR VALUES ( 'machine_side',0,'',0,495,24162616 );
INSERT INTO TE_PAR VALUES ( 'duration',0,'',2,394,24168608 );
INSERT INTO TE_PAR VALUES ( 'acceleration',0,'',0,392,24168736 );
INSERT INTO TE_PAR VALUES ( 'velocity',0,'',3,390,24168864 );
INSERT INTO TE_PAR VALUES ( 'direction',0,'',1,389,24168992 );
INSERT INTO TE_PAR VALUES ( 'direction',0,'',0,291,0 );
INSERT INTO TE_PAR VALUES ( 'direction',0,'',0,287,0 );
INSERT INTO TE_MACT VALUES ( 5137856,5164800,'LiftBay_Port2_BundleOffsetTopSheetHoldCylinder','','LiftBay_Port2_BundleOffsetTopSheetHoldCylinder','LiftBay','','Port2','LiftBayDigitalIO','BundleOffsetTopSheetHoldCylinder',0,0,'SPR_RO',0,0,1,0,0,1605,0,5144336,5171560,0,24196108 );
INSERT INTO TE_MACT VALUES ( 5137964,5164932,'LiftBay_Port2_BundleOffsetExtendCylinder','','LiftBay_Port2_BundleOffsetExtendCylinder','LiftBay','','Port2','LiftBayDigitalIO','BundleOffsetExtendCylinder',0,0,'SPR_RO',0,0,0,0,0,1601,0,5144336,5171560,0,5164800 );
INSERT INTO TE_MACT VALUES ( 5138072,5165064,'Backstop_Port3_BundleOffsetUpDownCylinder','','Backstop_Port3_BundleOffsetUpDownCylinder','Backstop','','Port3','BackstopDigitalIO','BundleOffsetUpDownCylinder',0,0,'SPR_RO',0,0,1,0,0,1547,0,5144752,24092832,0,24196240 );
INSERT INTO TE_MACT VALUES ( 5138180,5165196,'Backstop_Port3_UpDownCylinder','','Backstop_Port3_UpDownCylinder','Backstop','','Port3','BackstopDigitalIO','UpDownCylinder',0,0,'SPR_RO',0,0,3,0,0,1543,0,5144752,24092832,0,0 );
INSERT INTO TE_MACT VALUES ( 5138288,5165328,'ShinglingSection_Port3_Multi_Flute','','ShinglingSection_Port3_Multi_Flute','ShinglingSection','','Port3','ShinglingSectionDigitalIO','Multi_Flute',0,0,'SPR_RO',0,0,2,0,0,1520,0,5144960,24093048,0,5165460 );
INSERT INTO TE_MACT VALUES ( 5138396,5165460,'ShinglingSection_Port3_SyncVacCylinders','','ShinglingSection_Port3_SyncVacCylinders','ShinglingSection','','Port3','ShinglingSectionDigitalIO','SyncVacCylinders',0,0,'SPR_RO',0,0,3,0,0,1516,0,5144960,24093048,0,0 );
INSERT INTO TE_MACT VALUES ( 5138504,5165592,'ShinglingSection_Port3_ChamberDampers','','ShinglingSection_Port3_ChamberDampers','ShinglingSection','','Port3','ShinglingSectionDigitalIO','ChamberDampers',0,0,'SPR_RO',0,0,0,0,0,1512,0,5144960,24093048,0,5165724 );
INSERT INTO TE_MACT VALUES ( 5138612,5165724,'ShinglingSection_Port3_MainDampers','','ShinglingSection_Port3_MainDampers','ShinglingSection','','Port3','ShinglingSectionDigitalIO','MainDampers',0,0,'SPR_RO',0,0,1,0,0,1508,0,5144960,24093048,0,5165328 );
INSERT INTO TE_MACT VALUES ( 5138720,5165856,'Diverter_Port3_AirBlast','','Diverter_Port3_AirBlast','Diverter','','Port3','DiverterDigitalIO','AirBlast',0,0,'SPR_RO',0,0,0,0,0,1479,0,24098456,24110616,0,5165988 );
INSERT INTO TE_MACT VALUES ( 5138828,5165988,'Diverter_Port3_Fingers','','Diverter_Port3_Fingers','Diverter','','Port3','DiverterDigitalIO','Fingers',0,0,'SPR_RO',0,0,1,0,0,1475,0,24098456,24110616,0,24205952 );
INSERT INTO TE_MACT VALUES ( 24180816,24179016,'rqd_JogMotor_IntfTest_Port1_motion_complete','This signal informs the client that the motor is no longer rotating and the 
drive is about to be disabled.  This signal will only occur after a stop has
been issued by the client of the interface or after a timed velocity move is
finished.','rqd_JogMotor_IntfTest_Port1_motion_complete','rqd_JogMotor_IntfTest','','Port1','JogMotor','motion_complete',1,0,'SPR_RS',1,0,1,0,0,0,1822,5143504,5170984,0,24179148 );
INSERT INTO TE_MACT VALUES ( 24180924,24179148,'rqd_JogMotor_IntfTest_Port1_motion_initiated','This signal is an indicator to the client of the interface that the last motion
instruction has been executed.  A new motion instruction can now be send from 
the client.','rqd_JogMotor_IntfTest_Port1_motion_initiated','rqd_JogMotor_IntfTest','','Port1','JogMotor','motion_initiated',1,0,'SPR_RS',1,0,2,0,0,0,1819,5143504,5170984,0,24179280 );
INSERT INTO TE_MACT VALUES ( 24181032,24179280,'rqd_JogMotor_IntfTest_Port1_stop','','rqd_JogMotor_IntfTest_Port1_stop','rqd_JogMotor_IntfTest','','Port1','JogMotor','stop',0,0,'SPR_RS',1,0,3,0,0,0,1816,5143504,5170984,0,0 );
INSERT INTO TE_MACT VALUES ( 24181140,24179412,'rqd_JogMotor_IntfTest_Port1_jog','','rqd_JogMotor_IntfTest_Port1_jog','rqd_JogMotor_IntfTest','','Port1','JogMotor','jog',0,0,'SPR_RS',1,0,0,0,0,0,1813,5143504,5170984,0,24179016 );
INSERT INTO TE_MACT VALUES ( 24181248,24179544,'SafetySystem_Port2_LiftChainFailureProx','','SafetySystem_Port2_LiftChainFailureProx','SafetySystem','','Port2','SafetySystemMonitor','LiftChainFailureProx',1,0,'SPR_RS',0,0,1,0,0,0,1674,5143920,5171200,0,24179940 );
INSERT INTO TE_MACT VALUES ( 24181356,24179676,'SafetySystem_Port2_LiftTableLiftLocksEngagedProx','','SafetySystem_Port2_LiftTableLiftLocksEngagedProx','SafetySystem','','Port2','SafetySystemMonitor','LiftTableLiftLocksEngagedProx',1,0,'SPR_RS',0,0,6,0,0,0,1670,5143920,5171200,0,24179808 );
INSERT INTO TE_MACT VALUES ( 24181464,24179808,'SafetySystem_Port2_PalletInfeedObstructionPE','','SafetySystem_Port2_PalletInfeedObstructionPE','SafetySystem','','Port2','SafetySystemMonitor','PalletInfeedObstructionPE',1,0,'SPR_RS',0,0,7,0,0,0,1666,5143920,5171200,0,24195580 );
INSERT INTO TE_MACT VALUES ( 24181572,24179940,'SafetySystem_Port2_LiftDownLimitSw','','SafetySystem_Port2_LiftDownLimitSw','SafetySystem','','Port2','SafetySystemMonitor','LiftDownLimitSw',1,0,'SPR_RS',0,0,2,0,0,0,1662,5143920,5171200,0,24180204 );
INSERT INTO TE_MACT VALUES ( 24181680,24180072,'SafetySystem_Port2_LiftMidPointObstructionPE','','SafetySystem_Port2_LiftMidPointObstructionPE','SafetySystem','','Port2','SafetySystemMonitor','LiftMidPointObstructionPE',1,0,'SPR_RS',0,0,4,0,0,0,1658,5143920,5171200,0,24195448 );
INSERT INTO TE_MACT VALUES ( 24181788,24180204,'SafetySystem_Port2_LiftDownObstructionPE','','SafetySystem_Port2_LiftDownObstructionPE','SafetySystem','','Port2','SafetySystemMonitor','LiftDownObstructionPE',1,0,'SPR_RS',0,0,3,0,0,0,1654,5143920,5171200,0,24180072 );
INSERT INTO TE_MACT VALUES ( 24196912,24195184,'SafetySystem_Port2_LiftBayScan','','SafetySystem_Port2_LiftBayScan','SafetySystem','','Port2','SafetySystemMonitor','LiftBayScan',1,0,'SPR_RS',0,0,0,0,0,0,1650,5143920,5171200,0,24179544 );
INSERT INTO TE_MACT VALUES ( 24197020,24195316,'SafetySystem_Port2_SheetHandlingSlidingDoorSw','','SafetySystem_Port2_SheetHandlingSlidingDoorSw','SafetySystem','','Port2','SafetySystemMonitor','SheetHandlingSlidingDoorSw',1,0,'SPR_RS',0,0,9,0,0,0,1646,5143920,5171200,0,24195712 );
INSERT INTO TE_MACT VALUES ( 24197128,24195448,'SafetySystem_Port2_LiftRaiseObstructionPE','','SafetySystem_Port2_LiftRaiseObstructionPE','SafetySystem','','Port2','SafetySystemMonitor','LiftRaiseObstructionPE',1,0,'SPR_RS',0,0,5,0,0,0,1642,5143920,5171200,0,24179676 );
INSERT INTO TE_MACT VALUES ( 24197236,24195580,'SafetySystem_Port2_SafetyTripCable','','SafetySystem_Port2_SafetyTripCable','SafetySystem','','Port2','SafetySystemMonitor','SafetyTripCable',1,0,'SPR_RS',0,0,8,0,0,0,1638,5143920,5171200,0,24195316 );
INSERT INTO TE_MACT VALUES ( 24197344,24195712,'SafetySystem_Port2_UpperLevelInfeedConveyorAccess','','SafetySystem_Port2_UpperLevelInfeedConveyorAccess','SafetySystem','','Port2','SafetySystemMonitor','UpperLevelInfeedConveyorAccess',1,0,'SPR_RS',0,0,10,0,0,0,1634,5143920,5171200,0,0 );
INSERT INTO TE_MACT VALUES ( 24197452,24195844,'LiftConveyor_Port3_EarlyStackRollout','','LiftConveyor_Port3_EarlyStackRollout','LiftConveyor','','Port3','LiftConveyorDigitalIO','EarlyStackRollout',1,0,'SPR_RS',0,0,0,0,0,0,1623,5144128,5171416,0,24195976 );
INSERT INTO TE_MACT VALUES ( 24197560,24195976,'LiftConveyor_Port3_StackSensePE','','LiftConveyor_Port3_StackSensePE','LiftConveyor','','Port3','LiftConveyorDigitalIO','StackSensePE',1,0,'SPR_RS',0,0,1,0,0,0,1619,5144128,5171416,0,0 );
INSERT INTO TE_MACT VALUES ( 24197668,24196108,'LiftBay_Port2_CounterWeightMaxUpSensor','','LiftBay_Port2_CounterWeightMaxUpSensor','LiftBay','','Port2','LiftBayDigitalIO','CounterWeightMaxUpSensor',1,0,'SPR_RS',0,0,2,0,0,0,1597,5144336,5171560,0,0 );
INSERT INTO TE_MACT VALUES ( 24197776,24196240,'Backstop_Port3_StackHeightSensors','','Backstop_Port3_StackHeightSensors','Backstop','','Port3','BackstopDigitalIO','StackHeightSensors',1,0,'SPR_RS',0,0,2,0,0,0,1539,5144752,24092832,0,5165196 );
INSERT INTO TE_MACT VALUES ( 24197884,24196372,'Backstop_Port3_BackstopJammed','','Backstop_Port3_BackstopJammed','Backstop','','Port3','BackstopDigitalIO','BackstopJammed',1,0,'SPR_RS',0,0,0,0,0,0,1535,5144752,24092832,0,5165064 );
INSERT INTO TE_MACT VALUES ( 24207728,24205952,'Diverter_Port3_LockedInRunPosition','','Diverter_Port3_LockedInRunPosition','Diverter','','Port3','DiverterDigitalIO','LockedInRunPosition',1,0,'SPR_RS',0,0,2,0,0,0,1471,24098456,24110616,0,24206084 );
INSERT INTO TE_MACT VALUES ( 24207836,24206084,'Diverter_Port3_UserInputs_Jog_InspectionSheet_FoilSense','','Diverter_Port3_UserInputs_Jog_InspectionSheet_FoilSense','Diverter','','Port3','DiverterDigitalIO','UserInputs_Jog_InspectionSheet_FoilSense',1,0,'SPR_RS',0,0,3,0,0,0,1467,24098456,24110616,0,0 );
INSERT INTO TE_MACT VALUES ( 24207944,24206216,'CTMSensor_Port1_HomeReferenceOverTravelProx','','CTMSensor_Port1_HomeReferenceOverTravelProx','CTMSensor','','Port1','CTMSensorDigitalIO','HomeReferenceOverTravelProx',1,0,'SPR_RS',0,0,0,0,0,0,1456,24098664,24110760,0,0 );
INSERT INTO TE_MACT VALUES ( 24208052,24206348,'Diverter_Port1_motion_complete','This signal informs the client that the motor is no longer rotating and the 
drive is about to be disabled.  This signal will only occur after a stop has
been issued by the client of the interface or after a timed velocity move is
finished.','Diverter_Port1_motion_complete','Diverter','','Port1','JogMotor','motion_complete',1,0,'SPR_RS',1,0,1,0,0,0,340,24099080,24114872,0,24206480 );
INSERT INTO TE_MACT VALUES ( 24208160,24206480,'Diverter_Port1_motion_initiated','This signal is an indicator to the client of the interface that the last motion
instruction has been executed.  A new motion instruction can now be send from 
the client.','Diverter_Port1_motion_initiated','Diverter','','Port1','JogMotor','motion_initiated',1,0,'SPR_RS',1,0,2,0,0,0,337,24099080,24114872,0,24206612 );
INSERT INTO TE_MACT VALUES ( 24208268,24206612,'Diverter_Port1_stop','','Diverter_Port1_stop','Diverter','','Port1','JogMotor','stop',0,0,'SPR_RS',1,0,3,0,0,0,334,24099080,24114872,0,0 );
INSERT INTO TE_MACT VALUES ( 24208376,24206744,'Diverter_Port1_jog','','Diverter_Port1_jog','Diverter','','Port1','JogMotor','jog',0,0,'SPR_RS',1,0,0,0,0,0,331,24099080,24114872,0,24206348 );
INSERT INTO TE_MACT VALUES ( 24208484,24206876,'Diverter_speed_ref_CutPulse','','Diverter_speed_ref_CutPulse','Diverter','','speed_ref','SpeedSignal','CutPulse',1,0,'SPR_RS',0,0,0,0,0,0,323,24099080,24114728,0,0 );
INSERT INTO TE_MACT VALUES ( 24208592,24207008,'Diverter_xtfrcnvr_motion_complete','This signal informs the client that the motor is no longer rotating and the 
drive is about to be disabled.  This signal will only occur after a stop has
been issued by the client of the interface or after a timed velocity move is
finished.','Diverter_xtfrcnvr_motion_complete','Diverter','','xtfrcnvr','JogMotor','motion_complete',1,0,'SPR_RS',1,0,1,0,0,0,311,24099080,24111048,0,24207140 );
INSERT INTO TE_MACT VALUES ( 24208700,24207140,'Diverter_xtfrcnvr_motion_initiated','This signal is an indicator to the client of the interface that the last motion
instruction has been executed.  A new motion instruction can now be send from 
the client.','Diverter_xtfrcnvr_motion_initiated','Diverter','','xtfrcnvr','JogMotor','motion_initiated',1,0,'SPR_RS',1,0,2,0,0,0,305,24099080,24111048,0,24223880 );
INSERT INTO TE_MACT VALUES ( 24225568,24223880,'Diverter_xtfrcnvr_stop','','Diverter_xtfrcnvr_stop','Diverter','','xtfrcnvr','JogMotor','stop',0,0,'SPR_RS',1,0,3,0,0,0,302,24099080,24111048,0,0 );
INSERT INTO TE_MACT VALUES ( 24225676,24224012,'Diverter_xtfrcnvr_jog','','Diverter_xtfrcnvr_jog','Diverter','acceleration:- 1, direction:auto_seq.motor_direction, duration:auto_seq.time_to_run, velocity:- 1','xtfrcnvr','JogMotor','jog',0,0,'SPR_RS',1,0,0,0,0,0,299,24099080,24111048,0,24207008 );
INSERT INTO TE_MACT VALUES ( 24225784,24224144,'Diverter_Client_get_xtfr_jog_switch_position','','Diverter_Client_get_xtfr_jog_switch_position','Diverter','','Client','DiverterClient','get_xtfr_jog_switch_position',1,1,'SPR_PO',0,0,2,251,0,0,0,24099080,24110904,0,24224276 );
INSERT INTO TE_MACT VALUES ( 24225892,24224276,'Diverter_Client_request_status','True - Diverter Ready, False - Diverter Not Ready
Operation returns the current state of the diverter system.  
','Diverter_Client_request_status','Diverter','','Client','DiverterClient','request_status',0,1,'SPR_PO',0,0,3,241,0,0,0,24099080,24110904,0,24244304 );
INSERT INTO TE_MACT VALUES ( 24226000,24224408,'prv_ExpectedResponse_Port1_error','','prv_ExpectedResponse_Port1_error','prv_ExpectedResponse','','Port1','VelocityControlDrive','error',1,1,'SPR_PS',0,0,2,0,1912,0,0,5143296,5170912,0,24224672 );
INSERT INTO TE_MACT VALUES ( 24226108,24224540,'prv_ExpectedResponse_Port1_done','','prv_ExpectedResponse_Port1_done','prv_ExpectedResponse','','Port1','VelocityControlDrive','done',1,1,'SPR_PS',0,0,0,0,1894,0,0,5143296,5170912,0,24225068 );
INSERT INTO TE_MACT VALUES ( 24226216,24224672,'prv_ExpectedResponse_Port1_in_progress','','prv_ExpectedResponse_Port1_in_progress','prv_ExpectedResponse','','Port1','VelocityControlDrive','in_progress',1,1,'SPR_PS',0,0,3,0,1900,0,0,5143296,5170912,0,24224936 );
INSERT INTO TE_MACT VALUES ( 24226324,24224804,'prv_ExpectedResponse_Port1_stop_motor','','prv_ExpectedResponse_Port1_stop_motor','prv_ExpectedResponse','','Port1','VelocityControlDrive','stop_motor',0,1,'SPR_PS',0,0,5,0,1901,0,0,5143296,5170912,0,0 );
INSERT INTO TE_MACT VALUES ( 24226432,24224936,'prv_ExpectedResponse_Port1_jog_motor','','prv_ExpectedResponse_Port1_jog_motor','prv_ExpectedResponse','','Port1','VelocityControlDrive','jog_motor',0,1,'SPR_PS',0,0,4,0,1895,0,0,5143296,5170912,0,24224804 );
INSERT INTO TE_MACT VALUES ( 24226540,24225068,'prv_ExpectedResponse_Port1_enable_drive','','prv_ExpectedResponse_Port1_enable_drive','prv_ExpectedResponse','','Port1','VelocityControlDrive','enable_drive',0,1,'SPR_PS',0,0,1,0,1889,0,0,5143296,5170912,0,24224408 );
INSERT INTO TE_MACT VALUES ( 24245576,24243776,'prv_JogMotor_ExpResp_Port1_motion_complete','This signal informs the client that the motor is no longer rotating and the 
drive is about to be disabled.  This signal will only occur after a stop has
been issued by the client of the interface or after a timed velocity move is
finished.','prv_JogMotor_ExpResp_Port1_motion_complete','prv_JogMotor_ExpResp','','Port1','JogMotor','motion_complete',1,1,'SPR_PS',0,0,1,0,1807,0,0,5143712,5171056,0,24243908 );
INSERT INTO TE_MACT VALUES ( 24245684,24243908,'prv_JogMotor_ExpResp_Port1_motion_initiated','This signal is an indicator to the client of the interface that the last motion
instruction has been executed.  A new motion instruction can now be send from 
the client.','prv_JogMotor_ExpResp_Port1_motion_initiated','prv_JogMotor_ExpResp','','Port1','JogMotor','motion_initiated',1,1,'SPR_PS',0,0,2,0,1804,0,0,5143712,5171056,0,24244040 );
INSERT INTO TE_MACT VALUES ( 24245792,24244040,'prv_JogMotor_ExpResp_Port1_stop','','prv_JogMotor_ExpResp_Port1_stop','prv_JogMotor_ExpResp','','Port1','JogMotor','stop',0,1,'SPR_PS',0,0,3,0,1801,0,0,5143712,5171056,0,0 );
INSERT INTO TE_MACT VALUES ( 24245900,24244172,'prv_JogMotor_ExpResp_Port1_jog','','prv_JogMotor_ExpResp_Port1_jog','prv_JogMotor_ExpResp','','Port1','JogMotor','jog',0,1,'SPR_PS',0,0,0,0,1798,0,0,5143712,5171056,0,24243776 );
INSERT INTO TE_MACT VALUES ( 24246008,24244304,'Diverter_Client_xtfr_jog_switch_position_changed','','Diverter_Client_xtfr_jog_switch_position_changed','Diverter','','Client','DiverterClient','xtfr_jog_switch_position_changed',0,1,'SPR_PS',0,0,4,0,255,0,0,24099080,24110904,0,0 );
INSERT INTO TE_MACT VALUES ( 24246116,24244436,'Diverter_Client_diverter_ready','','Diverter_Client_diverter_ready','Diverter','','Client','DiverterClient','diverter_ready',1,1,'SPR_PS',0,0,1,0,247,0,0,24099080,24110904,0,24224144 );
INSERT INTO TE_MACT VALUES ( 24246224,24244568,'Diverter_Client_divert_pending','','Diverter_Client_divert_pending','Diverter','','Client','DiverterClient','divert_pending',0,1,'SPR_PS',0,0,0,0,182,0,0,24099080,24110904,0,24244436 );
INSERT INTO R_PART VALUES ( 115,816,817,0,0,'forms in' );
INSERT INTO R_PART VALUES ( 189,236,820,0,1,'next' );
INSERT INTO R_PART VALUES ( 115,208,822,0,1,'' );
INSERT INTO R_PART VALUES ( 189,824,825,0,0,'' );
INSERT INTO R_PART VALUES ( 115,827,828,0,0,'removes diverted stacks from' );
INSERT INTO TE_IIR VALUES ( 5161536,'prv_ExpectedResponse','Port1','VelocityControlDrive',0,'','',0,1887,5170912,0 );
INSERT INTO TE_IIR VALUES ( 5161612,'rqd_JogMotor_IntfTest','Port1','JogMotor',0,'','',0,1812,5170984,0 );
INSERT INTO TE_IIR VALUES ( 5161688,'prv_JogMotor_ExpResp','Port1','JogMotor',0,'','',0,1797,5171056,0 );
INSERT INTO TE_IIR VALUES ( 5161764,'Safety System','Port1','SafetySystemClient',0,'','',0,1629,5171128,0 );
INSERT INTO TE_IIR VALUES ( 5161840,'Safety System','Port2','SafetySystemMonitor',0,'','',0,1632,5171200,0 );
INSERT INTO TE_IIR VALUES ( 5161916,'Lift Conveyor','Port1','MotorDriveFeedback',0,'','',0,1589,5171272,24101560 );
INSERT INTO TE_IIR VALUES ( 5161992,'Lift Conveyor','Port2','DownstreamConveyor',0,'','',0,1614,5171344,0 );
INSERT INTO TE_IIR VALUES ( 5162068,'Lift Conveyor','Port3','LiftConveyorDigitalIO',0,'','',0,1617,5171416,0 );
INSERT INTO TE_IIR VALUES ( 5162144,'Lift Bay','Port1','MotorDriveBrake',0,'','',0,1588,5171488,24103592 );
INSERT INTO TE_IIR VALUES ( 5162220,'Lift Bay','Port2','LiftBayDigitalIO',0,'','',0,1595,5171560,0 );
INSERT INTO TE_IIR VALUES ( 24093456,'Lift Bay','Shingle Thickness','PositionFeedback',0,'','',0,1610,24092544,0 );
INSERT INTO TE_IIR VALUES ( 24093532,'Flat Belts','Port1','MotorDrive',0,'','',0,1587,24092616,24105668 );
INSERT INTO TE_IIR VALUES ( 24093608,'Backstop','Port1','MotorDriveBrake',0,'','',0,1529,24092688,24103592 );
INSERT INTO TE_IIR VALUES ( 24093684,'Backstop','Port2','MotorDrive',0,'','',0,1531,24092760,24105668 );
INSERT INTO TE_IIR VALUES ( 24093760,'Backstop','Port3','BackstopDigitalIO',0,'','',0,1533,24092832,0 );
INSERT INTO TE_IIR VALUES ( 24093836,'Shingling Section','Port1','MotorDrive',1,'','',0,1443,24092904,24105668 );
INSERT INTO TE_IIR VALUES ( 24093912,'Shingling Section','Port2','MotorDrive',1,'','',0,1444,24092976,24105668 );
INSERT INTO TE_IIR VALUES ( 24093988,'Shingling Section','Port3','ShinglingSectionDigitalIO',0,'','',0,1506,24093048,0 );
INSERT INTO TE_IIR VALUES ( 24094064,'Shingling Section','Port4','E_to_P',0,'','',0,1525,24093120,0 );
INSERT INTO TE_IIR VALUES ( 24094140,'Pull Roll','Port1','MotorDrive',0,'','',0,1439,24093192,24105668 );
INSERT INTO TE_IIR VALUES ( 24101256,'Motor_Drive_Reg','Port1','MotorDriveRegistration',0,'','',0,1429,24100376,0 );
INSERT INTO TE_IIR VALUES ( 24101332,'','Port1','MotorDriveRegistration',0,'','',1428,0,24100376,0 );
INSERT INTO TE_IIR VALUES ( 24101408,'Motor_Drive_Reg','Port2','Registration',0,'','',0,1434,24100448,0 );
INSERT INTO TE_IIR VALUES ( 24101484,'','Port2','Registration',0,'','',1433,0,24100448,0 );
INSERT INTO TE_IIR VALUES ( 24101560,'Motor_Drive_FB','Port1','MotorDriveFeedback',0,'','',0,1400,24100520,0 );
INSERT INTO TE_IIR VALUES ( 24101636,'','Port1','MotorDriveFeedback',0,'','',1399,0,24100520,0 );
INSERT INTO TE_IIR VALUES ( 24101712,'','Port1','MotorDriveFeedback',0,'','',1408,0,24100520,0 );
INSERT INTO TE_IIR VALUES ( 24101788,'','Port1','MotorDriveFeedback',0,'','',1570,0,24100520,0 );
INSERT INTO TE_IIR VALUES ( 24101864,'Motor_Drive_FB','Port2','PositionFeedback',0,'','',0,1405,24100592,0 );
INSERT INTO TE_IIR VALUES ( 24101940,'','Port2','PositionFeedback',0,'','',1404,0,24100592,0 );
INSERT INTO TE_IIR VALUES ( 24103440,'','Port2','PositionFeedback',0,'','',1411,0,24100592,0 );
INSERT INTO TE_IIR VALUES ( 24103516,'','Port2','PositionFeedback',0,'','',1574,0,24100592,0 );
INSERT INTO TE_IIR VALUES ( 24103592,'Motor_Drive_Brake','Port1','MotorDriveBrake',0,'','',0,1491,24100664,0 );
INSERT INTO TE_IIR VALUES ( 24103668,'','Port1','MotorDriveBrake',0,'','',1559,0,24100664,0 );
INSERT INTO TE_IIR VALUES ( 24103744,'','Port1','MotorDriveBrake',0,'','',1577,0,24100664,0 );
INSERT INTO TE_IIR VALUES ( 24103820,'Motor_Drive_Brake','Port2','PositionFeedback',0,'','',0,1494,24100736,0 );
INSERT INTO TE_IIR VALUES ( 24103896,'','Port2','PositionFeedback',0,'','',1563,0,24100736,0 );
INSERT INTO TE_IIR VALUES ( 24103972,'','Port2','PositionFeedback',0,'','',1580,0,24100736,0 );
INSERT INTO TE_IIR VALUES ( 24104048,'Motor_Drive_Brake','Port3','Brake',0,'','',0,1497,24100808,0 );
INSERT INTO TE_IIR VALUES ( 24104124,'','Port3','Brake',0,'','',1566,0,24100808,0 );
INSERT INTO TE_IIR VALUES ( 24105592,'','Port3','Brake',0,'','',1582,0,24100808,0 );
INSERT INTO TE_IIR VALUES ( 24105668,'Motor_Drive','Port1','MotorDrive',0,'','',0,1393,24100880,0 );
INSERT INTO TE_IIR VALUES ( 24105744,'','Port1','MotorDrive',0,'','',1392,0,24100880,0 );
INSERT INTO TE_IIR VALUES ( 24105820,'','Port1','MotorDrive',0,'','',1414,0,24100880,0 );
INSERT INTO TE_IIR VALUES ( 24105896,'','Port1','MotorDrive',0,'','',1418,0,24100880,0 );
INSERT INTO TE_IIR VALUES ( 24105972,'','Port1','MotorDrive',0,'','',1422,0,24100880,0 );
INSERT INTO TE_IIR VALUES ( 24106048,'','Port1','MotorDrive',0,'','',1437,0,24100880,0 );
INSERT INTO TE_IIR VALUES ( 24106124,'','Port1','MotorDrive',0,'','',1554,0,24100880,0 );
INSERT INTO TE_IIR VALUES ( 24106200,'','Port1','MotorDrive',0,'','',1585,0,24100880,0 );
INSERT INTO TE_IIR VALUES ( 24106276,'High Speed Nip','Port1','MotorDrive',0,'','',0,1446,24100952,24106048 );
INSERT INTO TE_IIR VALUES ( 24109168,'High Speed Nip','Port2','E_to_P',0,'','',0,1486,24101024,0 );
INSERT INTO TE_IIR VALUES ( 24109244,'Diverter','Port1','MotorDriveFeedback',0,'','',0,1441,24110472,24101712 );
INSERT INTO TE_IIR VALUES ( 24109320,'Diverter','Port2','MotorDrive',0,'','',0,1442,24110544,24105820 );
INSERT INTO TE_IIR VALUES ( 24109396,'Diverter','Port3','DiverterDigitalIO',0,'','',0,1465,24110616,0 );
INSERT INTO TE_IIR VALUES ( 24109472,'CTM Sensor','Motor_Drive','MotorDriveFeedback',0,'','',0,1440,24110688,24101636 );
INSERT INTO TE_IIR VALUES ( 24109548,'CTM Sensor','Port1','CTMSensorDigitalIO',0,'','',0,1454,24110760,0 );
INSERT INTO TE_IIR VALUES ( 24109624,'Bar Conveyor','Port1','MotorDriveRegistration',0,'','',0,1445,24110832,24101332 );
INSERT INTO TE_IIR VALUES ( 24109700,'Diverter','Client','DiverterClient',0,'','',0,180,24110904,0 );
INSERT INTO TE_IIR VALUES ( 24109776,'Diverter','fngrs','PneumaticControlValve',1,'','',0,294,24110976,0 );
INSERT INTO TE_IIR VALUES ( 24109852,'Diverter','xtfrcnvr','JogMotor',1,'','',0,297,24111048,0 );
INSERT INTO TE_IIR VALUES ( 24113808,'Diverter','dvtpan','DivertMotor',0,'','',0,318,24111120,0 );
INSERT INTO TE_IIR VALUES ( 24113884,'Diverter','speed_ref','SpeedSignal',0,'','',0,321,24114728,0 );
INSERT INTO TE_IIR VALUES ( 24113960,'Diverter','arblst','PneumaticControlValve',1,'','',0,328,24114800,0 );
INSERT INTO TE_IIR VALUES ( 24114036,'Diverter','Port1','JogMotor',1,'','',0,330,24114872,0 );
INSERT INTO TE_DCI VALUES ( 5143296,'prv_ExpectedResponse_CLASS_NUMBERS','prv_ExpectedResponse_CLASS_U','prv_ExpectedResponse_task_numbers','prv_ExpectedResponse_TASK_NUMBERS','prv_ExpectedResponse_MAX_CLASS_NUMBERS','prv_ExpectedResponse_STATE_MODELS','prv_ExpectedResponse_CLASS_INFO_INIT','prv_ExpectedResponse_class_info' );
INSERT INTO TE_DCI VALUES ( 5143504,'rqd_JogMotor_IntfTest_CLASS_NUMBERS','rqd_JogMotor_IntfTest_CLASS_U','rqd_JogMotor_IntfTest_task_numbers','rqd_JogMotor_IntfTest_TASK_NUMBERS','rqd_JogMotor_IntfTest_MAX_CLASS_NUMBERS','rqd_JogMotor_IntfTest_STATE_MODELS','rqd_JogMotor_IntfTest_CLASS_INFO_INIT','rqd_JogMotor_IntfTest_class_info' );
INSERT INTO TE_DCI VALUES ( 5143712,'prv_JogMotor_ExpResp_CLASS_NUMBERS','prv_JogMotor_ExpResp_CLASS_U','prv_JogMotor_ExpResp_task_numbers','prv_JogMotor_ExpResp_TASK_NUMBERS','prv_JogMotor_ExpResp_MAX_CLASS_NUMBERS','prv_JogMotor_ExpResp_STATE_MODELS','prv_JogMotor_ExpResp_CLASS_INFO_INIT','prv_JogMotor_ExpResp_class_info' );
INSERT INTO TE_DCI VALUES ( 5143920,'SafetySystem_CLASS_NUMBERS','SafetySystem_CLASS_U','SafetySystem_task_numbers','SafetySystem_TASK_NUMBERS','SafetySystem_MAX_CLASS_NUMBERS','SafetySystem_STATE_MODELS','SafetySystem_CLASS_INFO_INIT','SafetySystem_class_info' );
INSERT INTO TE_DCI VALUES ( 5144128,'LiftConveyor_CLASS_NUMBERS','LiftConveyor_CLASS_U','LiftConveyor_task_numbers','LiftConveyor_TASK_NUMBERS','LiftConveyor_MAX_CLASS_NUMBERS','LiftConveyor_STATE_MODELS','LiftConveyor_CLASS_INFO_INIT','LiftConveyor_class_info' );
INSERT INTO TE_DCI VALUES ( 5144336,'LiftBay_CLASS_NUMBERS','LiftBay_CLASS_U','LiftBay_task_numbers','LiftBay_TASK_NUMBERS','LiftBay_MAX_CLASS_NUMBERS','LiftBay_STATE_MODELS','LiftBay_CLASS_INFO_INIT','LiftBay_class_info' );
INSERT INTO TE_DCI VALUES ( 5144544,'FlatBelts_CLASS_NUMBERS','FlatBelts_CLASS_U','FlatBelts_task_numbers','FlatBelts_TASK_NUMBERS','FlatBelts_MAX_CLASS_NUMBERS','FlatBelts_STATE_MODELS','FlatBelts_CLASS_INFO_INIT','FlatBelts_class_info' );
INSERT INTO TE_DCI VALUES ( 5144752,'Backstop_CLASS_NUMBERS','Backstop_CLASS_U','Backstop_task_numbers','Backstop_TASK_NUMBERS','Backstop_MAX_CLASS_NUMBERS','Backstop_STATE_MODELS','Backstop_CLASS_INFO_INIT','Backstop_class_info' );
INSERT INTO TE_DCI VALUES ( 5144960,'ShinglingSection_CLASS_NUMBERS','ShinglingSection_CLASS_U','ShinglingSection_task_numbers','ShinglingSection_TASK_NUMBERS','ShinglingSection_MAX_CLASS_NUMBERS','ShinglingSection_STATE_MODELS','ShinglingSection_CLASS_INFO_INIT','ShinglingSection_class_info' );
INSERT INTO TE_DCI VALUES ( 5145168,'PullRoll_CLASS_NUMBERS','PullRoll_CLASS_U','PullRoll_task_numbers','PullRoll_TASK_NUMBERS','PullRoll_MAX_CLASS_NUMBERS','PullRoll_STATE_MODELS','PullRoll_CLASS_INFO_INIT','PullRoll_class_info' );
INSERT INTO TE_DCI VALUES ( 24097208,'Motor_Drive_Reg_CLASS_NUMBERS','Motor_Drive_Reg_CLASS_U','Motor_Drive_Reg_task_numbers','Motor_Drive_Reg_TASK_NUMBERS','Motor_Drive_Reg_MAX_CLASS_NUMBERS','Motor_Drive_Reg_STATE_MODELS','Motor_Drive_Reg_CLASS_INFO_INIT','Motor_Drive_Reg_class_info' );
INSERT INTO TE_DCI VALUES ( 24097416,'Motor_Drive_FB_CLASS_NUMBERS','Motor_Drive_FB_CLASS_U','Motor_Drive_FB_task_numbers','Motor_Drive_FB_TASK_NUMBERS','Motor_Drive_FB_MAX_CLASS_NUMBERS','Motor_Drive_FB_STATE_MODELS','Motor_Drive_FB_CLASS_INFO_INIT','Motor_Drive_FB_class_info' );
INSERT INTO TE_DCI VALUES ( 24097624,'Motor_Drive_Brake_CLASS_NUMBERS','Motor_Drive_Brake_CLASS_U','Motor_Drive_Brake_task_numbers','Motor_Drive_Brake_TASK_NUMBERS','Motor_Drive_Brake_MAX_CLASS_NUMBERS','Motor_Drive_Brake_STATE_MODELS','Motor_Drive_Brake_CLASS_INFO_INIT','Motor_Drive_Brake_class_info' );
INSERT INTO TE_DCI VALUES ( 24097832,'Motor_Drive_CLASS_NUMBERS','Motor_Drive_CLASS_U','Motor_Drive_task_numbers','Motor_Drive_TASK_NUMBERS','Motor_Drive_MAX_CLASS_NUMBERS','Motor_Drive_STATE_MODELS','Motor_Drive_CLASS_INFO_INIT','Motor_Drive_class_info' );
INSERT INTO TE_DCI VALUES ( 24098040,'KnifeCylinder_CLASS_NUMBERS','KnifeCylinder_CLASS_U','KnifeCylinder_task_numbers','KnifeCylinder_TASK_NUMBERS','KnifeCylinder_MAX_CLASS_NUMBERS','KnifeCylinder_STATE_MODELS','KnifeCylinder_CLASS_INFO_INIT','KnifeCylinder_class_info' );
INSERT INTO TE_DCI VALUES ( 24098248,'HighSpeedNip_CLASS_NUMBERS','HighSpeedNip_CLASS_U','HighSpeedNip_task_numbers','HighSpeedNip_TASK_NUMBERS','HighSpeedNip_MAX_CLASS_NUMBERS','HighSpeedNip_STATE_MODELS','HighSpeedNip_CLASS_INFO_INIT','HighSpeedNip_class_info' );
INSERT INTO TE_DCI VALUES ( 24098456,'Diverter_CLASS_NUMBERS','Diverter_CLASS_U','Diverter_task_numbers','Diverter_TASK_NUMBERS','Diverter_MAX_CLASS_NUMBERS','Diverter_STATE_MODELS','Diverter_CLASS_INFO_INIT','Diverter_class_info' );
INSERT INTO TE_DCI VALUES ( 24098664,'CTMSensor_CLASS_NUMBERS','CTMSensor_CLASS_U','CTMSensor_task_numbers','CTMSensor_TASK_NUMBERS','CTMSensor_MAX_CLASS_NUMBERS','CTMSensor_STATE_MODELS','CTMSensor_CLASS_INFO_INIT','CTMSensor_class_info' );
INSERT INTO TE_DCI VALUES ( 24098872,'BarConveyor_CLASS_NUMBERS','BarConveyor_CLASS_U','BarConveyor_task_numbers','BarConveyor_TASK_NUMBERS','BarConveyor_MAX_CLASS_NUMBERS','BarConveyor_STATE_MODELS','BarConveyor_CLASS_INFO_INIT','BarConveyor_class_info' );
INSERT INTO TE_DCI VALUES ( 24099080,'Diverter_CLASS_NUMBERS','Diverter_CLASS_U','Diverter_task_numbers','Diverter_TASK_NUMBERS','Diverter_MAX_CLASS_NUMBERS','Diverter_STATE_MODELS','Diverter_CLASS_INFO_INIT','Diverter_class_info' );
INSERT INTO TE_CIA VALUES ( 'domain_class_info','Escher_Extent_t','active_count','domain_class_count','Escher_ClassNumber_t' );
INSERT INTO R_FORM VALUES ( 17,827,829,0,0,'' );
INSERT INTO R_FORM VALUES ( 810,824,826,1,0,'consists of' );
INSERT INTO R_FORM VALUES ( 189,208,823,0,1,'receives next' );
INSERT INTO R_FORM VALUES ( 189,236,821,0,1,'prev' );
INSERT INTO R_FORM VALUES ( 818,816,819,0,1,'creates' );
INSERT INTO R_ASSOC VALUES ( 809 );
INSERT INTO R_AONE VALUES ( 810,809,811,1,1,'responds to position of' );
INSERT INTO TE_BLK VALUES ( 1915,0,'','',1,'  ',24226000 );
INSERT INTO TE_BLK VALUES ( 1911,0,'','',1,'  ',24226108 );
INSERT INTO TE_BLK VALUES ( 1908,0,'','',1,'  ',24226216 );
INSERT INTO TE_BLK VALUES ( 1904,1905,'','',1,'  ',24226324 );
INSERT INTO TE_BLK VALUES ( 1898,1899,'','',1,'  ',24226432 );
INSERT INTO TE_BLK VALUES ( 1892,1893,'','',1,'  ',24226540 );
INSERT INTO TE_BLK VALUES ( 1824,0,'','',1,'  ',24180816 );
INSERT INTO TE_BLK VALUES ( 1821,0,'','',1,'  ',24180924 );
INSERT INTO TE_BLK VALUES ( 1818,0,'','',1,'  ',24181032 );
INSERT INTO TE_BLK VALUES ( 1815,0,'','',1,'  ',24181140 );
INSERT INTO TE_BLK VALUES ( 1809,0,'','',1,'  ',24245576 );
INSERT INTO TE_BLK VALUES ( 1806,0,'','',1,'  ',24245684 );
INSERT INTO TE_BLK VALUES ( 1803,0,'','',1,'  ',24245792 );
INSERT INTO TE_BLK VALUES ( 1800,0,'','',1,'  ',24245900 );
INSERT INTO TE_BLK VALUES ( 1791,0,'','',1,'  ',24452616 );
INSERT INTO TE_BLK VALUES ( 1787,0,'','',1,'  ',24452508 );
INSERT INTO TE_BLK VALUES ( 1782,0,'','',1,'  ',24452400 );
INSERT INTO TE_BLK VALUES ( 1777,0,'','',1,'  ',24452292 );
INSERT INTO TE_BLK VALUES ( 1773,0,'','',1,'  ',24452184 );
INSERT INTO TE_BLK VALUES ( 1768,0,'','',1,'  ',24452076 );
INSERT INTO TE_BLK VALUES ( 1764,0,'','',1,'  ',24451968 );
INSERT INTO TE_BLK VALUES ( 1761,0,'','',1,'  ',24433636 );
INSERT INTO TE_BLK VALUES ( 1757,0,'','',1,'  ',24433528 );
INSERT INTO TE_BLK VALUES ( 1753,0,'','',1,'  ',24433420 );
INSERT INTO TE_BLK VALUES ( 1749,0,'','',1,'  ',24433312 );
INSERT INTO TE_BLK VALUES ( 1745,0,'','',1,'  ',24433204 );
INSERT INTO TE_BLK VALUES ( 1741,0,'','',1,'  ',24433096 );
INSERT INTO TE_BLK VALUES ( 1737,0,'','',1,'  ',24432988 );
INSERT INTO TE_BLK VALUES ( 1728,0,'','',1,'  ',24432880 );
INSERT INTO TE_BLK VALUES ( 1725,0,'','',1,'  ',24432772 );
INSERT INTO TE_BLK VALUES ( 1721,0,'','',1,'  ',24432664 );
INSERT INTO TE_BLK VALUES ( 1716,0,'','',1,'  ',24415588 );
INSERT INTO TE_BLK VALUES ( 1711,0,'','',1,'  ',24415480 );
INSERT INTO TE_BLK VALUES ( 1706,0,'','',1,'  ',24415372 );
INSERT INTO TE_BLK VALUES ( 1702,0,'','',1,'  ',24415264 );
INSERT INTO TE_BLK VALUES ( 1698,0,'','',1,'  ',24415156 );
INSERT INTO TE_BLK VALUES ( 1692,1693,'','',1,'  ',24415048 );
INSERT INTO TE_BLK VALUES ( 1677,0,'','',1,'  ',24181248 );
INSERT INTO TE_BLK VALUES ( 1673,0,'','',1,'  ',24181356 );
INSERT INTO TE_BLK VALUES ( 1669,0,'','',1,'  ',24181464 );
INSERT INTO TE_BLK VALUES ( 1665,0,'','',1,'  ',24181572 );
INSERT INTO TE_BLK VALUES ( 1661,0,'','',1,'  ',24181680 );
INSERT INTO TE_BLK VALUES ( 1657,0,'','',1,'  ',24181788 );
INSERT INTO TE_BLK VALUES ( 1653,0,'','',1,'  ',24196912 );
INSERT INTO TE_BLK VALUES ( 1649,0,'','',1,'  ',24197020 );
INSERT INTO TE_BLK VALUES ( 1645,0,'','',1,'  ',24197128 );
INSERT INTO TE_BLK VALUES ( 1641,0,'','',1,'  ',24197236 );
INSERT INTO TE_BLK VALUES ( 1637,0,'','',1,'  ',24197344 );
INSERT INTO TE_BLK VALUES ( 1626,0,'','',1,'  ',24197452 );
INSERT INTO TE_BLK VALUES ( 1622,0,'','',1,'  ',24197560 );
INSERT INTO TE_BLK VALUES ( 1608,0,'','',1,'  ',5137856 );
INSERT INTO TE_BLK VALUES ( 1604,0,'','',1,'  ',5137964 );
INSERT INTO TE_BLK VALUES ( 1600,0,'','',1,'  ',24197668 );
INSERT INTO TE_BLK VALUES ( 1550,0,'','',1,'  ',5138072 );
INSERT INTO TE_BLK VALUES ( 1546,0,'','',1,'  ',5138180 );
INSERT INTO TE_BLK VALUES ( 1542,0,'','',1,'  ',24197776 );
INSERT INTO TE_BLK VALUES ( 1538,0,'','',1,'  ',24197884 );
INSERT INTO TE_BLK VALUES ( 1523,0,'','',1,'  ',5138288 );
INSERT INTO TE_BLK VALUES ( 1519,0,'','',1,'  ',5138396 );
INSERT INTO TE_BLK VALUES ( 1515,0,'','',1,'  ',5138504 );
INSERT INTO TE_BLK VALUES ( 1511,0,'','',1,'  ',5138612 );
INSERT INTO TE_BLK VALUES ( 1482,0,'','',1,'  ',5138720 );
INSERT INTO TE_BLK VALUES ( 1478,0,'','',1,'  ',5138828 );
INSERT INTO TE_BLK VALUES ( 1474,0,'','',1,'  ',24207728 );
INSERT INTO TE_BLK VALUES ( 1470,0,'','',1,'  ',24207836 );
INSERT INTO TE_BLK VALUES ( 1459,0,'','',1,'  ',24207944 );
INSERT INTO TE_BLK VALUES ( 1385,0,'','',1,'  ',0 );
INSERT INTO TE_BLK VALUES ( 1369,1372,'','',2,'    ',0 );
INSERT INTO TE_BLK VALUES ( 1362,1363,'Diverter_TRKPT * tracking_point=0;i_t sheet_handler_velocity;Escher_ObjectSet_s tracking_points_space={0}; Escher_ObjectSet_s * tracking_points = &tracking_points_space;','Escher_ClearSet( tracking_points );',1,'  ',24246440 );
INSERT INTO TE_BLK VALUES ( 1350,0,'','',1,'  ',0 );
INSERT INTO TE_BLK VALUES ( 1346,0,'','',1,'  ',0 );
INSERT INTO TE_BLK VALUES ( 1342,0,'','',1,'  ',24361656 );
INSERT INTO TE_BLK VALUES ( 1338,0,'','',1,'  ',24246548 );
INSERT INTO TE_BLK VALUES ( 1330,0,'','',1,'  ',0 );
INSERT INTO TE_BLK VALUES ( 1326,0,'','',1,'  ',0 );
INSERT INTO TE_BLK VALUES ( 1322,0,'','',1,'  ',0 );
INSERT INTO TE_BLK VALUES ( 1318,0,'','',1,'  ',24361980 );
INSERT INTO TE_BLK VALUES ( 1314,0,'','',1,'  ',24361872 );
INSERT INTO TE_BLK VALUES ( 1310,0,'','',1,'  ',24361764 );
INSERT INTO TE_BLK VALUES ( 1301,0,'','',1,'  ',0 );
INSERT INTO TE_BLK VALUES ( 1297,0,'','',1,'  ',0 );
INSERT INTO TE_BLK VALUES ( 1293,0,'','',1,'  ',0 );
INSERT INTO TE_BLK VALUES ( 1289,0,'','',1,'  ',0 );
INSERT INTO TE_BLK VALUES ( 1285,0,'','',1,'  ',0 );
INSERT INTO TE_BLK VALUES ( 1281,0,'','',1,'  ',0 );
INSERT INTO TE_BLK VALUES ( 1257,1272,'','',2,'    ',0 );
INSERT INTO TE_BLK VALUES ( 1244,1245,'Diverter_Divert_Conv_Discharge_Alg_t discharge_alg;Diverter_Machine_Side_t discharge_dir;Diverter_XTFRCNVR * cross_transfer_conveyor=0;Diverter_DVRTSTK * divert_stack=0;','',1,'  ',24362412 );
INSERT INTO TE_BLK VALUES ( 1205,1227,'','',2,'    ',0 );
INSERT INTO TE_BLK VALUES ( 1202,1208,'Diverter_DVRTPKT * divert_packet=0;','',2,'    ',0 );
INSERT INTO TE_BLK VALUES ( 1196,1197,'Diverter_DVRTSTK * divert_stack=0;','',1,'  ',24362304 );
INSERT INTO TE_BLK VALUES ( 1177,1178,'Escher_xtUMLEvent_t * timer_expired;','',1,'  ',24362196 );
INSERT INTO TE_BLK VALUES ( 1168,1172,'','',2,'    ',0 );
INSERT INTO TE_BLK VALUES ( 1162,1163,'Diverter_DVRTSTK * divert_stack=0;','',1,'  ',24362088 );
INSERT INTO TE_BLK VALUES ( 1142,1145,'Diverter_DVRTPKT * divert_packet=0;','',3,'      ',0 );
INSERT INTO TE_BLK VALUES ( 1065,1138,'','',2,'    ',0 );
INSERT INTO TE_BLK VALUES ( 1130,1137,'','',3,'      ',0 );
INSERT INTO TE_BLK VALUES ( 1127,1136,'','',3,'      ',0 );
INSERT INTO TE_BLK VALUES ( 1063,1121,'Diverter_ACTR * actuator=0;','',2,'    ',0 );
INSERT INTO TE_BLK VALUES ( 1056,1114,'','',2,'    ',0 );
INSERT INTO TE_BLK VALUES ( 1053,1107,'','',2,'    ',0 );
INSERT INTO TE_BLK VALUES ( 1050,1051,'Diverter_TRKPT * tracking_point=0;Escher_ObjectSet_s tracking_points_space={0}; Escher_ObjectSet_s * tracking_points = &tracking_points_space;','Escher_ClearSet( tracking_points ); ',1,'  ',24362520 );
INSERT INTO TE_BLK VALUES ( 1046,0,'','',1,'  ',0 );
INSERT INTO TE_BLK VALUES ( 1030,1040,'','',2,'    ',0 );
INSERT INTO TE_BLK VALUES ( 1014,1015,'Diverter_DVRTPKT * divert_packet=0;i_t sheet_dist;i_t web_dist;i_t sheet_handler_speed;i_t web_speed;Escher_ObjectSet_s divert_packets_space={0}; Escher_ObjectSet_s * divert_packets = &divert_packets_space;','Escher_ClearSet( divert_packets );',1,'  ',24362628 );
INSERT INTO TE_BLK VALUES ( 964,1004,'','',2,'    ',0 );
INSERT INTO TE_BLK VALUES ( 980,1000,'','',3,'      ',0 );
INSERT INTO TE_BLK VALUES ( 975,996,'','',3,'      ',0 );
INSERT INTO TE_BLK VALUES ( 958,970,'','',2,'    ',0 );
INSERT INTO TE_BLK VALUES ( 955,956,'Diverter_DVRTSHT * divert_sheet=0;Escher_ObjectSet_s divert_sheets_space={0}; Escher_ObjectSet_s * divert_sheets = &divert_sheets_space;','Escher_ClearSet( divert_sheets ); ',1,'  ',24381892 );
INSERT INTO TE_BLK VALUES ( 944,949,'','',3,'      ',0 );
INSERT INTO TE_BLK VALUES ( 931,937,'Diverter_DVRTPKT * divert_sheet=0;','',2,'    ',0 );
INSERT INTO TE_BLK VALUES ( 918,919,'Escher_ObjectSet_s divert_sheets_space={0}; Escher_ObjectSet_s * divert_sheets = &divert_sheets_space;Diverter_DVRTBAY * diverter_bay=0;','Escher_ClearSet( divert_sheets ); ',1,'  ',24381784 );
INSERT INTO TE_BLK VALUES ( 915,0,'','',1,'  ',0 );
INSERT INTO TE_BLK VALUES ( 911,0,'','',1,'  ',0 );
INSERT INTO TE_BLK VALUES ( 907,0,'','',1,'  ',24382108 );
INSERT INTO TE_BLK VALUES ( 903,0,'','',1,'  ',24382000 );
INSERT INTO TE_BLK VALUES ( 833,834,'Diverter_DVRTBAY * diverter_bay;Diverter_MANSEQ * manual;Diverter_XTFRCNVR * xtfr_conv;Diverter_FNGRS * fingers;Diverter_DVTPAN * diverter_pan;Diverter_ARBLST * air_blast;Diverter_ACTR * actuator;','',1,'  ',24246332 );
INSERT INTO TE_BLK VALUES ( 783,0,'','',1,'  ',0 );
INSERT INTO TE_BLK VALUES ( 779,0,'','',1,'  ',0 );
INSERT INTO TE_BLK VALUES ( 775,0,'','',1,'  ',0 );
INSERT INTO TE_BLK VALUES ( 771,0,'','',1,'  ',0 );
INSERT INTO TE_BLK VALUES ( 767,0,'','',1,'  ',0 );
INSERT INTO TE_BLK VALUES ( 763,0,'','',1,'  ',0 );
INSERT INTO TE_BLK VALUES ( 758,759,'','',1,'  ',24382540 );
INSERT INTO TE_BLK VALUES ( 730,754,'','',2,'    ',0 );
INSERT INTO TE_BLK VALUES ( 725,726,'Diverter_Jog_Switch_Position_t position;','',1,'  ',24382432 );
INSERT INTO TE_BLK VALUES ( 704,705,'Diverter_XTFRCNVR * conveyor=0;','',1,'  ',24382324 );
INSERT INTO TE_BLK VALUES ( 689,699,'','',2,'    ',0 );
INSERT INTO TE_BLK VALUES ( 686,697,'','',2,'    ',0 );
INSERT INTO TE_BLK VALUES ( 681,682,'Diverter_Jog_Switch_Position_t position;','',1,'  ',24382216 );
INSERT INTO TE_BLK VALUES ( 669,0,'','',1,'  ',0 );
INSERT INTO TE_BLK VALUES ( 665,0,'','',1,'  ',0 );
INSERT INTO TE_BLK VALUES ( 661,0,'','',1,'  ',0 );
INSERT INTO TE_BLK VALUES ( 657,0,'','',1,'  ',0 );
INSERT INTO TE_BLK VALUES ( 640,641,'Diverter_XTFRCNVR * xtfr_conveyor=0;Diverter_AUTOSEQ * auto_seq=0;','',1,'  ',24400376 );
INSERT INTO TE_BLK VALUES ( 622,623,'Diverter_AUTOSEQ * auto_seq=0;','',1,'  ',24400268 );
INSERT INTO TE_BLK VALUES ( 602,616,'','',2,'    ',0 );
INSERT INTO TE_BLK VALUES ( 592,593,'Diverter_Motor_Direction_t motor_dir;Diverter_AUTOSEQ * auto_seq=0;','',1,'  ',24400160 );
INSERT INTO TE_BLK VALUES ( 574,575,'Diverter_AUTOSEQ * auto_seq=0;','',1,'  ',24382756 );
INSERT INTO TE_BLK VALUES ( 570,0,'','',1,'  ',24382648 );
INSERT INTO TE_BLK VALUES ( 552,553,'Diverter_MOTINH * motion_inh=0;','',1,'  ',24401132 );
INSERT INTO TE_BLK VALUES ( 541,542,'Diverter_AUTOSEQ * auto_seq=0;','',1,'  ',24401024 );
INSERT INTO TE_BLK VALUES ( 530,531,'Diverter_MOTINH * motion_inh=0;','',1,'  ',24400916 );
INSERT INTO TE_BLK VALUES ( 519,520,'Diverter_MANSEQ * manual_seq=0;','',1,'  ',24400808 );
INSERT INTO TE_BLK VALUES ( 492,509,'Diverter_CLX2HRDCGSEQ * hesitate_rollout;','',2,'    ',0 );
INSERT INTO TE_BLK VALUES ( 489,502,'Diverter_CLX1DCGSEQ * conv_len_rollout;','',2,'    ',0 );
INSERT INTO TE_BLK VALUES ( 475,476,'Diverter_AUTOSEQ * auto_seq;Diverter_XTFRCNVR * xtfr_cnvr=0;','',1,'  ',24400700 );
INSERT INTO TE_BLK VALUES ( 466,467,'Diverter_MOTINH * motion_inh;','',1,'  ',24400592 );
INSERT INTO TE_BLK VALUES ( 457,458,'Diverter_MANSEQ * man_seq;','',1,'  ',24400484 );
INSERT INTO TE_BLK VALUES ( 440,446,'','',3,'      ',0 );
INSERT INTO TE_BLK VALUES ( 428,436,'','',2,'    ',0 );
INSERT INTO TE_BLK VALUES ( 422,423,'Diverter_Motor_Direction_t motor_dir;','',1,'  ',24414616 );
INSERT INTO TE_BLK VALUES ( 420,0,'','',1,'  ',0 );
INSERT INTO TE_BLK VALUES ( 416,0,'','',1,'  ',0 );
INSERT INTO TE_BLK VALUES ( 399,400,'Diverter_XTFRCNVR * xtfr_conveyor=0;Diverter_AUTOSEQ * auto_seq=0;','',1,'  ',24414940 );
INSERT INTO TE_BLK VALUES ( 381,382,'Diverter_AUTOSEQ * auto_seq=0;','',1,'  ',24414832 );
INSERT INTO TE_BLK VALUES ( 377,0,'','',1,'  ',24414724 );
INSERT INTO TE_BLK VALUES ( 342,0,'','',1,'  ',24208052 );
INSERT INTO TE_BLK VALUES ( 339,0,'','',1,'  ',24208160 );
INSERT INTO TE_BLK VALUES ( 336,0,'','',1,'  ',24208268 );
INSERT INTO TE_BLK VALUES ( 333,0,'','',1,'  ',24208376 );
INSERT INTO TE_BLK VALUES ( 326,0,'','',1,'  ',24208484 );
INSERT INTO TE_BLK VALUES ( 313,314,'Diverter_XTFRCNVR * xtfr_conveyor=0;','',1,'  ',24208592 );
INSERT INTO TE_BLK VALUES ( 307,308,'Diverter_XTFRCNVR * xtfr_conveyor=0;','',1,'  ',24208700 );
INSERT INTO TE_BLK VALUES ( 304,0,'','',1,'  ',24225568 );
INSERT INTO TE_BLK VALUES ( 301,0,'','',1,'  ',24225676 );
INSERT INTO TE_BLK VALUES ( 270,0,'','',2,'    ',0 );
INSERT INTO TE_BLK VALUES ( 267,290,'','',2,'    ',0 );
INSERT INTO TE_BLK VALUES ( 264,286,'','',2,'    ',0 );
INSERT INTO TE_BLK VALUES ( 261,285,'','',2,'    ',0 );
INSERT INTO TE_BLK VALUES ( 257,258,'Diverter_XTFRCNVR * xtfr_conveyor=0;','',1,'  ',24246008 );
INSERT INTO TE_BLK VALUES ( 254,0,'','',1,'  ',24225784 );
INSERT INTO TE_BLK VALUES ( 250,0,'','',1,'  ',24246116 );
INSERT INTO TE_BLK VALUES ( 244,245,'','',1,'  ',24225892 );
INSERT INTO TE_BLK VALUES ( 235,238,'','',3,'      ',0 );
INSERT INTO TE_BLK VALUES ( 209,232,'','',2,'    ',0 );
INSERT INTO TE_BLK VALUES ( 185,186,'Diverter_DVRTPKT * divert_package;Diverter_DVRTBAY * diverter_bay=0;Diverter_DVRTPKT * dvrt_package=0;','',1,'  ',24246224 );
INSERT INTO TE_LNK VALUES ( 5163936,0,'',7,'->XTFRCNVR[R7]','',0,1262,'XTFRCNVR_R7','iXTFRCNVR_R7','self','Diverter_XTFRCNVR',1,1,'form' );
INSERT INTO TE_LNK VALUES ( 5164012,0,'',6,'->DVRTSTK[R6]','',0,1249,'DVRTSTK_R6_creates','iDVRTSTK_R6_creates','self','Diverter_DVRTSTK',1,1,'form' );
INSERT INTO TE_LNK VALUES ( 5164088,0,'',4,'->DVRTPKT[R4]','',0,1214,'DVRTPKT_R4_receives_next','iDVRTPKT_R4_receives_next','self','Diverter_DVRTPKT',1,1,'form' );
INSERT INTO TE_LNK VALUES ( 5164164,0,'',6,'->DVRTSTK[R6]','',0,1201,'DVRTSTK_R6_creates','iDVRTSTK_R6_creates','self','Diverter_DVRTSTK',1,1,'form' );
INSERT INTO TE_LNK VALUES ( 5164240,0,'',6,'->DVRTSTK[R6]','',0,1167,'DVRTSTK_R6_creates','iDVRTSTK_R6_creates','self','Diverter_DVRTSTK',1,1,'form' );
INSERT INTO TE_LNK VALUES ( 5164316,0,'',2,'->DVRTPKT[R2]','',0,1149,'DVRTPKT_R2','iDVRTPKT_R2','self','Diverter_DVRTPKT',1,1,'part' );
INSERT INTO TE_LNK VALUES ( 5164392,1,'',3,'->TRKPT[R3]','',0,1141,'TRKPT_R3','iTRKPT_R3','self','Diverter_TRKPT',1,1,'assr' );
INSERT INTO TE_LNK VALUES ( 5164468,0,'',3,'->ACTR[R3]','',0,1125,'ACTR_R3_initiates_motion_on','iACTR_R3_initiates_motion_on','tracking_point','Diverter_ACTR',1,1,'aoth' );
INSERT INTO TE_LNK VALUES ( 5164544,1,'',3,'->TRKPT[R3]','',0,1061,'TRKPT_R3','iTRKPT_R3','self','Diverter_TRKPT',1,1,'assr' );
INSERT INTO TE_LNK VALUES ( 5164620,1,'',2,'->DVRTSHT[R2]','',0,963,'DVRTSHT_R2_consists_of','iDVRTSHT_R2_consists_of','self','Diverter_DVRTSHT',1,1,'form' );
INSERT INTO TE_LNK VALUES ( 24336872,0,'next',1,'->DVRTPKT[R1.next]','',0,942,'DVRTPKT_R1_next','iDVRTPKT_R1_next','self','Diverter_DVRTPKT',1,1,'part' );
INSERT INTO TE_LNK VALUES ( 24336948,1,'',2,'->DVRTSHT[R2]','',0,930,'DVRTSHT_R2_consists_of','iDVRTSHT_R2_consists_of','self','Diverter_DVRTSHT',1,1,'form' );
INSERT INTO TE_LNK VALUES ( 24337024,0,'',4,'->DVRTBAY[R4]','',0,923,'DVRTBAY_R4','iDVRTBAY_R4','self','Diverter_DVRTBAY',1,1,'part' );
INSERT INTO TE_LNK VALUES ( 24337100,0,'',8,'->XTFRCNVR[R8]','',0,712,'XTFRCNVR_R8','iXTFRCNVR_R8','self','Diverter_XTFRCNVR',1,1,'subsuper' );
INSERT INTO TE_LNK VALUES ( 24337176,0,'',8,'->XTFRCNVR[R8]','',0,649,'XTFRCNVR_R8','iXTFRCNVR_R8','auto_seq','Diverter_XTFRCNVR',1,1,'subsuper' );
INSERT INTO TE_LNK VALUES ( 24337252,0,'',9,'->AUTOSEQ[R9]','',0,645,'AUTOSEQ_R9','iAUTOSEQ_R9','self','Diverter_AUTOSEQ',1,1,'subsuper' );
INSERT INTO TE_LNK VALUES ( 24337328,0,'',9,'->AUTOSEQ[R9]','',0,627,'AUTOSEQ_R9','iAUTOSEQ_R9','self','Diverter_AUTOSEQ',1,1,'subsuper' );
INSERT INTO TE_LNK VALUES ( 24337404,0,'',9,'->AUTOSEQ[R9]','',0,597,'AUTOSEQ_R9','iAUTOSEQ_R9','self','Diverter_AUTOSEQ',1,1,'subsuper' );
INSERT INTO TE_LNK VALUES ( 24337480,0,'',9,'->AUTOSEQ[R9]','',0,579,'AUTOSEQ_R9','iAUTOSEQ_R9','self','Diverter_AUTOSEQ',1,1,'subsuper' );
INSERT INTO TE_LNK VALUES ( 24337556,0,'',8,'->MOTINH[R8]','',0,557,'R8_subtype','iR8_subtype','self','Diverter_MOTINH',1,1,'subsuper' );
INSERT INTO TE_LNK VALUES ( 24339696,0,'',8,'->AUTOSEQ[R8]','',0,546,'R8_subtype','iR8_subtype','self','Diverter_AUTOSEQ',1,1,'subsuper' );
INSERT INTO TE_LNK VALUES ( 24339772,0,'',8,'->MOTINH[R8]','',0,535,'R8_subtype','iR8_subtype','self','Diverter_MOTINH',1,1,'subsuper' );
INSERT INTO TE_LNK VALUES ( 24339848,0,'',8,'->MANSEQ[R8]','',0,524,'R8_subtype','iR8_subtype','self','Diverter_MANSEQ',1,1,'subsuper' );
INSERT INTO TE_LNK VALUES ( 24339924,0,'',8,'->XTFRCNVR[R8]','',0,484,'XTFRCNVR_R8','iXTFRCNVR_R8','auto_seq','Diverter_XTFRCNVR',1,1,'subsuper' );
INSERT INTO TE_LNK VALUES ( 24340000,0,'',8,'->XTFRCNVR[R8]','',0,408,'XTFRCNVR_R8','iXTFRCNVR_R8','auto_seq','Diverter_XTFRCNVR',1,1,'subsuper' );
INSERT INTO TE_LNK VALUES ( 24340076,0,'',9,'->AUTOSEQ[R9]','',0,404,'AUTOSEQ_R9','iAUTOSEQ_R9','self','Diverter_AUTOSEQ',1,1,'subsuper' );
INSERT INTO TE_LNK VALUES ( 24340152,0,'',9,'->AUTOSEQ[R9]','',0,386,'AUTOSEQ_R9','iAUTOSEQ_R9','self','Diverter_AUTOSEQ',1,1,'subsuper' );
INSERT INTO TE_LNK VALUES ( 24340228,0,'next',1,'->DVRTPKT[R1.next]','',0,240,'DVRTPKT_R1_next','iDVRTPKT_R1_next','dvrt_package','Diverter_DVRTPKT',1,1,'part' );
INSERT INTO TE_LNK VALUES ( 24340304,0,'',4,'->DVRTPKT[R4]','',0,207,'DVRTPKT_R4_receives_next','iDVRTPKT_R4_receives_next','diverter_bay','Diverter_DVRTPKT',1,1,'form' );
INSERT INTO TE_ASSIGN VALUES ( 0,0,'','',2,'divert_package->type','p_divert_type',5139424,0 );
INSERT INTO TE_BRIDGE VALUES ( '','',5142240 );
INSERT INTO TE_CREATE_EVENT VALUES ( 0,0,'','','','','','',5148736 );
INSERT INTO TE_CREATE_INSTANCE VALUES ( 0,0,'','',5149248 );
INSERT INTO R_AOTH VALUES ( 109,809,813,1,1,'initiates motion on' );
INSERT INTO TE_DELETE_INSTANCE VALUES ( 0,'',0,5150496 );
INSERT INTO TE_ELIF VALUES ( '',5154080 );
INSERT INTO TE_EVENT_PARAMETERS VALUES ( '','','','',5155744 );
INSERT INTO TE_FOR VALUES ( 1,'Diverter_DVRTSHT','divert_sheet','divert_sheets',5159200 );
INSERT INTO TE_FUNCTION VALUES ( '','',5159552 );
INSERT INTO TE_GENERATE VALUES ( 0,0,'','','','',5159808 );
INSERT INTO TE_GENERATE_CREATOR_EVENT VALUES ( 0,0,'','','','',5160224 );
INSERT INTO TE_GENERATE_PRECREATED_EVENT VALUES ( 0,'',5160640 );
INSERT INTO TE_GENERATE_TO_CLASS VALUES ( 0,0,'','','','',5160896 );
INSERT INTO R_ASSR VALUES ( 814,809,815,0 );
INSERT INTO TE_IF VALUES ( '',5161312 );
INSERT INTO TE_IOP VALUES ( '','',5163680 );
INSERT INTO TE_OPERATION VALUES ( 0,'','','',5167456 );
INSERT INTO TE_RELATE VALUES ( 0,0,0,0,0,'','','',5172768 );
INSERT INTO TE_RELATE_USING VALUES ( 0,0,0,0,0,0,'','','','','','',5173280 );
INSERT INTO TE_RETURN VALUES ( '','','',5175168 );
INSERT INTO TE_SELECT VALUES ( 0,1,'Diverter_DVRTBAY','Diverter Bay','','any','diverter_bay',5175488 );
INSERT INTO TE_SELECT_RELATED VALUES ( 1256,5163936,1261,0,1265,0,0,'','','one',1,'cross_transfer_conveyor','cross_transfer_conveyor',0,'self','self','Diverter_DVRTBAY' );
INSERT INTO TE_SELECT_RELATED VALUES ( 1245,5164012,1248,0,1265,0,0,'','','one',1,'divert_stack','divert_stack',0,'self','self','Diverter_DVRTBAY' );
INSERT INTO TE_SELECT_RELATED VALUES ( 1210,5164088,1213,0,1206,0,0,'','','one',1,'divert_packet','divert_packet',0,'self','self','Diverter_DVRTBAY' );
INSERT INTO TE_SELECT_RELATED VALUES ( 1197,5164164,1200,0,1206,0,0,'','','one',1,'divert_stack','divert_stack',0,'self','self','Diverter_DVRTBAY' );
INSERT INTO TE_SELECT_RELATED VALUES ( 1163,5164240,1166,0,1170,0,0,'','','one',1,'divert_stack','divert_stack',0,'self','self','Diverter_DVRTBAY' );
INSERT INTO TE_SELECT_RELATED VALUES ( 1145,5164316,1148,0,1068,0,0,'','','one',1,'divert_packet','divert_packet',0,'self','self','Diverter_DVRTSHT' );
INSERT INTO TE_SELECT_RELATED VALUES ( 1138,5164392,1140,0,1068,0,0,'','','any',0,'tracking_point','tracking_point',0,'self','self','Diverter_DVRTSHT' );
INSERT INTO TE_SELECT_RELATED VALUES ( 1121,5164468,1124,0,1064,0,0,'','','one',1,'actuator','actuator',0,'tracking_point','tracking_point','Diverter_TRKPT' );
INSERT INTO TE_SELECT_RELATED VALUES ( 957,5164620,962,0,967,0,0,'','','many',1,'divert_sheets','divert_sheets',0,'self','self','Diverter_DVRTPKT' );
INSERT INTO TE_SELECT_RELATED VALUES ( 938,24336872,941,0,933,0,0,'','','one',1,'divert_sheet','divert_sheet',0,'self','self','Diverter_DVRTPKT' );
INSERT INTO TE_SELECT_RELATED VALUES ( 924,24336948,929,0,933,0,0,'','','many',1,'divert_sheets','divert_sheets',0,'self','self','Diverter_DVRTPKT' );
INSERT INTO TE_SELECT_RELATED VALUES ( 919,24337024,922,0,933,0,0,'','','one',1,'diverter_bay','diverter_bay',0,'self','self','Diverter_DVRTPKT' );
INSERT INTO TE_SELECT_RELATED VALUES ( 706,24337100,711,0,714,0,0,'','','one',1,'conveyor','conveyor',0,'self','self','Diverter_MANSEQ' );
INSERT INTO TE_SELECT_RELATED VALUES ( 642,24337176,648,0,643,0,0,'','','one',1,'xtfr_conveyor','xtfr_conveyor',0,'auto_seq','auto_seq','Diverter_AUTOSEQ' );
INSERT INTO TE_SELECT_RELATED VALUES ( 641,24337252,644,0,652,0,0,'','','one',1,'auto_seq','auto_seq',0,'self','self','Diverter_CLX2HRDCGSEQ' );
INSERT INTO TE_SELECT_RELATED VALUES ( 623,24337328,626,0,628,0,0,'','','one',1,'auto_seq','auto_seq',0,'self','self','Diverter_CLX2HRDCGSEQ' );
INSERT INTO TE_SELECT_RELATED VALUES ( 593,24337404,596,0,604,0,0,'','','one',1,'auto_seq','auto_seq',0,'self','self','Diverter_CLX2HRDCGSEQ' );
INSERT INTO TE_SELECT_RELATED VALUES ( 575,24337480,578,0,580,0,0,'','','one',1,'auto_seq','auto_seq',0,'self','self','Diverter_CLX2HRDCGSEQ' );
INSERT INTO TE_SELECT_RELATED VALUES ( 553,24337556,556,0,559,0,0,'','','one',1,'motion_inh','motion_inh',0,'self','self','Diverter_XTFRCNVR' );
INSERT INTO TE_SELECT_RELATED VALUES ( 542,24339696,545,0,548,0,0,'','','one',1,'auto_seq','auto_seq',0,'self','self','Diverter_XTFRCNVR' );
INSERT INTO TE_SELECT_RELATED VALUES ( 531,24339772,534,0,537,0,0,'','','one',1,'motion_inh','motion_inh',0,'self','self','Diverter_XTFRCNVR' );
INSERT INTO TE_SELECT_RELATED VALUES ( 520,24339848,523,0,526,0,0,'','','one',1,'manual_seq','manual_seq',0,'self','self','Diverter_XTFRCNVR' );
INSERT INTO TE_SELECT_RELATED VALUES ( 479,24339924,483,0,478,0,0,'','','one',1,'xtfr_cnvr','xtfr_cnvr',0,'auto_seq','auto_seq','Diverter_AUTOSEQ' );
INSERT INTO TE_SELECT_RELATED VALUES ( 401,24340000,407,0,402,0,0,'','','one',1,'xtfr_conveyor','xtfr_conveyor',0,'auto_seq','auto_seq','Diverter_AUTOSEQ' );
INSERT INTO TE_SELECT_RELATED VALUES ( 400,24340076,403,0,411,0,0,'','','one',1,'auto_seq','auto_seq',0,'self','self','Diverter_CLX1DCGSEQ' );
INSERT INTO TE_SELECT_RELATED VALUES ( 382,24340152,385,0,387,0,0,'','','one',1,'auto_seq','auto_seq',0,'self','self','Diverter_CLX1DCGSEQ' );
INSERT INTO TE_SELECT_RELATED VALUES ( 238,24340228,239,0,205,0,0,'','','one',0,'dvrt_package','dvrt_package',0,'dvrt_package','dvrt_package','Diverter_DVRTPKT' );
INSERT INTO TE_SELECT_RELATED VALUES ( 202,24340304,206,0,203,0,0,'','','one',1,'dvrt_package','dvrt_package',0,'diverter_bay','diverter_bay','Diverter_DVRTBAY' );
INSERT INTO TE_SELECT_RELATED VALUES ( 1052,5164544,1059,1060,1068,0,1,'( ( ( selected->edge_to_track == Diverter_Sheet_End_Leading_e ) && ( self->position >= selected->effective_position ) ) || ( ( selected->edge_to_track == Diverter_Sheet_End_Trailing_e ) && ( ( self->position - self->length ) >= selected->effective_position ) ) )','( ( ( SELECTED.edge_to_track == Leading ) and ( self.position >= SELECTED.effective_position ) ) or ( ( SELECTED.edge_to_track == Trailing ) and ( ( self.position - self.length ) >= SELECTED.effective_position ) ) )','many',1,'tracking_points','tracking_points',0,'self','self','Diverter_DVRTSHT' );
INSERT INTO TE_SELECT_WHERE VALUES ( 0,0,'','','','','','','',0,0,5177024 );
INSERT INTO TE_SGN VALUES ( 0,0,'','','','',5178720 );
INSERT INTO R_SUBSUP VALUES ( 344 );
INSERT INTO R_SUBSUP VALUES ( 351 );
INSERT INTO R_SUBSUP VALUES ( 799 );
INSERT INTO TE_UNRELATE VALUES ( 0,0,0,0,0,'','','',5187616 );
INSERT INTO R_SUPER VALUES ( 17,344,345 );
INSERT INTO R_SUPER VALUES ( 347,351,352 );
INSERT INTO R_SUPER VALUES ( 109,799,800 );
INSERT INTO TE_UNRELATE_USING VALUES ( 0,0,0,0,0,0,'','','','','','',5188128 );
INSERT INTO R_SUB VALUES ( 27,344,346 );
INSERT INTO R_SUB VALUES ( 347,344,348 );
INSERT INTO R_SUB VALUES ( 349,344,350 );
INSERT INTO R_SUB VALUES ( 354,351,355 );
INSERT INTO R_SUB VALUES ( 121,351,356 );
INSERT INTO R_SUB VALUES ( 801,799,802 );
INSERT INTO R_SUB VALUES ( 803,799,804 );
INSERT INTO R_SUB VALUES ( 805,799,806 );
INSERT INTO R_SUB VALUES ( 17,799,807 );
INSERT INTO TE_WHILE VALUES ( '',5190144 );
INSERT INTO S_EE VALUES ( 1689,'Architecture','','ARCH',0,'','Architecture',1 );
INSERT INTO S_EE VALUES ( 1694,'Logging','','LOG',0,'','Logging',1 );
INSERT INTO S_EE VALUES ( 1686,'Time','The Time external entity provides date, timestamp, and timer related operations.','TIM',0,'','Time',1 );
INSERT INTO C_C VALUES ( 8,0,0,'Diverter','Where does this show up?',0,0,0,'' );
INSERT INTO C_C VALUES ( 1447,0,0,'Bar Conveyor','',0,0,0,'' );
INSERT INTO C_C VALUES ( 1450,0,0,'CTM Sensor','',0,0,0,'' );
INSERT INTO C_C VALUES ( 1460,0,0,'Diverter','',0,0,0,'' );
INSERT INTO C_C VALUES ( 1483,0,0,'High Speed Nip','',0,0,0,'' );
INSERT INTO C_C VALUES ( 1488,0,0,'Knife Cylinder','',0,0,0,'' );
INSERT INTO C_C VALUES ( 1389,0,0,'Motor_Drive','',0,0,1,'' );
INSERT INTO C_C VALUES ( 1489,0,0,'Motor_Drive_Brake','',0,0,0,'' );
INSERT INTO C_C VALUES ( 1396,0,0,'Motor_Drive_FB','',0,0,0,'' );
INSERT INTO C_C VALUES ( 1425,0,0,'Motor_Drive_Reg','',0,0,0,'' );
INSERT INTO C_C VALUES ( 1500,0,0,'Pull Roll','',0,0,0,'' );
INSERT INTO C_C VALUES ( 1502,0,0,'Shingling Section','',0,0,0,'' );
INSERT INTO C_C VALUES ( 1527,0,0,'Backstop','',0,0,0,'' );
INSERT INTO C_C VALUES ( 1590,0,0,'Flat Belts','',0,0,0,'' );
INSERT INTO C_C VALUES ( 1592,0,0,'Lift Bay','',0,0,0,'' );
INSERT INTO C_C VALUES ( 1611,0,0,'Lift Conveyor','',0,0,0,'' );
INSERT INTO C_C VALUES ( 1627,0,0,'Safety System','',0,0,0,'' );
INSERT INTO C_C VALUES ( 70,0,0,'prv_JogMotor_ExpResp','',0,0,0,'' );
INSERT INTO C_C VALUES ( 1810,0,0,'rqd_JogMotor_IntfTest','',0,0,0,'' );
INSERT INTO C_C VALUES ( 1885,0,0,'prv_ExpectedResponse','',0,0,0,'' );
INSERT INTO C_I VALUES ( 1498,0,'Brake','' );
INSERT INTO C_I VALUES ( 1455,0,'CTM Sensor Digital IO','' );
INSERT INTO C_I VALUES ( 1466,0,'Diverter Digital IO','' );
INSERT INTO C_I VALUES ( 1487,0,'E_to_P','' );
INSERT INTO C_I VALUES ( 1492,0,'Motor Drive Brake','' );
INSERT INTO C_I VALUES ( 1452,0,'Motor Drive Feedback','' );
INSERT INTO C_I VALUES ( 1449,0,'Motor Drive Registration','' );
INSERT INTO C_I VALUES ( 1463,0,'Motor Drive','' );
INSERT INTO C_I VALUES ( 1495,0,'Position Feedback','' );
INSERT INTO C_I VALUES ( 1499,0,'Registration','' );
INSERT INTO C_I VALUES ( 1507,0,'Shingling Section Digital IO','' );
INSERT INTO C_I VALUES ( 1534,0,'Backstop Digital IO','' );
INSERT INTO C_I VALUES ( 1615,0,'Downstream Conveyor','' );
INSERT INTO C_I VALUES ( 1596,0,'Lift Bay Digital IO','' );
INSERT INTO C_I VALUES ( 1618,0,'Lift Conveyor Digital IO','' );
INSERT INTO C_I VALUES ( 1630,0,'Safety System Client','' );
INSERT INTO C_I VALUES ( 1633,0,'Safety System Monitor','' );
INSERT INTO C_I VALUES ( 298,0,'JogMotor','' );
INSERT INTO C_I VALUES ( 1888,0,'VelocityControlDrive','' );
INSERT INTO C_I VALUES ( 319,0,'DivertMotor','' );
INSERT INTO C_I VALUES ( 181,0,'DiverterClient','' );
INSERT INTO C_I VALUES ( 1928,0,'E_to_P','' );
INSERT INTO C_I VALUES ( 295,0,'PneumaticControlValve','' );
INSERT INTO C_I VALUES ( 322,0,'SpeedSignal','' );
INSERT INTO C_P VALUES ( 180,'DiverterClient','Unnamed Interface','','Diverter::Client::DiverterClient' );
INSERT INTO C_P VALUES ( 1393,'Motor Drive','Unnamed Interface','','Motor_Drive::Port1::Motor Drive' );
INSERT INTO C_P VALUES ( 1491,'Motor Drive Brake','Unnamed Interface','','Motor_Drive_Brake::Port1::Motor Drive Brake' );
INSERT INTO C_P VALUES ( 1400,'Motor Drive Feedback','Unnamed Interface','','Motor_Drive_FB::Port1::Motor Drive Feedback' );
INSERT INTO C_P VALUES ( 1429,'Motor Drive Registration','Unnamed Interface','','Motor_Drive_Reg::Port1::Motor Drive Registration' );
INSERT INTO C_P VALUES ( 1629,'Safety System Client','Unnamed Interface','','Safety System::Port1::Safety System Client' );
INSERT INTO C_P VALUES ( 1797,'JogMotor','Unnamed Interface','','prv_JogMotor_ExpResp::Port1::JogMotor' );
INSERT INTO C_P VALUES ( 1887,'VelocityControlDrive','Unnamed Interface','','prv_ExpectedResponse::Port1::VelocityControlDrive' );
INSERT INTO C_R VALUES ( 294,'PneumaticControlValve','','Unnamed Interface','Diverter::fngrs::PneumaticControlValve' );
INSERT INTO C_R VALUES ( 297,'JogMotor','','Unnamed Interface','Diverter::xtfrcnvr::JogMotor' );
INSERT INTO C_R VALUES ( 318,'DivertMotor','','Unnamed Interface','Diverter::dvtpan::DivertMotor' );
INSERT INTO C_R VALUES ( 321,'SpeedSignal','','Unnamed Interface','Diverter::speed_ref::SpeedSignal' );
INSERT INTO C_R VALUES ( 328,'PneumaticControlValve','','Unnamed Interface','Diverter::arblst::PneumaticControlValve' );
INSERT INTO C_R VALUES ( 330,'JogMotor','','Unnamed Interface','Diverter::Port1::JogMotor' );
INSERT INTO C_R VALUES ( 1445,'Motor Drive Registration','','Unnamed Interface','Bar Conveyor::Port1::Motor Drive Registration' );
INSERT INTO C_R VALUES ( 1440,'Motor Drive Feedback','','Unnamed Interface','CTM Sensor::Motor_Drive::Motor Drive Feedback' );
INSERT INTO C_R VALUES ( 1454,'CTM Sensor Digital IO','','Unnamed Interface','CTM Sensor::Port1::CTM Sensor Digital IO' );
INSERT INTO C_R VALUES ( 1441,'Motor Drive Feedback','','Unnamed Interface','Diverter::Port1::Motor Drive Feedback' );
INSERT INTO C_R VALUES ( 1442,'Motor Drive','','Unnamed Interface','Diverter::Port2::Motor Drive' );
INSERT INTO C_R VALUES ( 1465,'Diverter Digital IO','','Unnamed Interface','Diverter::Port3::Diverter Digital IO' );
INSERT INTO C_R VALUES ( 1446,'Motor Drive','','Unnamed Interface','High Speed Nip::Port1::Motor Drive' );
INSERT INTO C_R VALUES ( 1486,'E_to_P','','Unnamed Interface','High Speed Nip::Port2::E_to_P' );
INSERT INTO C_R VALUES ( 1494,'Position Feedback','','Unnamed Interface','Motor_Drive_Brake::Port2::Position Feedback' );
INSERT INTO C_R VALUES ( 1497,'Brake','','Unnamed Interface','Motor_Drive_Brake::Port3::Brake' );
INSERT INTO C_R VALUES ( 1405,'Position Feedback','','Unnamed Interface','Motor_Drive_FB::Port2::Position Feedback' );
INSERT INTO C_R VALUES ( 1434,'Registration','','Unnamed Interface','Motor_Drive_Reg::Port2::Registration' );
INSERT INTO C_R VALUES ( 1439,'Motor Drive','','Unnamed Interface','Pull Roll::Port1::Motor Drive' );
INSERT INTO C_R VALUES ( 1443,'Motor Drive','','Unnamed Interface','Shingling Section::Port1::Motor Drive' );
INSERT INTO C_R VALUES ( 1444,'Motor Drive','','Unnamed Interface','Shingling Section::Port2::Motor Drive' );
INSERT INTO C_R VALUES ( 1506,'Shingling Section Digital IO','','Unnamed Interface','Shingling Section::Port3::Shingling Section Digital IO' );
INSERT INTO C_R VALUES ( 1525,'E_to_P','','Unnamed Interface','Shingling Section::Port4::E_to_P' );
INSERT INTO C_R VALUES ( 1529,'Motor Drive Brake','','Unnamed Interface','Backstop::Port1::Motor Drive Brake' );
INSERT INTO C_R VALUES ( 1531,'Motor Drive','','Unnamed Interface','Backstop::Port2::Motor Drive' );
INSERT INTO C_R VALUES ( 1533,'Backstop Digital IO','','Unnamed Interface','Backstop::Port3::Backstop Digital IO' );
INSERT INTO C_R VALUES ( 1587,'Motor Drive','','Unnamed Interface','Flat Belts::Port1::Motor Drive' );
INSERT INTO C_R VALUES ( 1588,'Motor Drive Brake','','Unnamed Interface','Lift Bay::Port1::Motor Drive Brake' );
INSERT INTO C_R VALUES ( 1595,'Lift Bay Digital IO','','Unnamed Interface','Lift Bay::Port2::Lift Bay Digital IO' );
INSERT INTO C_R VALUES ( 1610,'Position Feedback','','Unnamed Interface','Lift Bay::Shingle Thickness::Position Feedback' );
INSERT INTO C_R VALUES ( 1589,'Motor Drive Feedback','','Unnamed Interface','Lift Conveyor::Port1::Motor Drive Feedback' );
INSERT INTO C_R VALUES ( 1614,'Downstream Conveyor','','Unnamed Interface','Lift Conveyor::Port2::Downstream Conveyor' );
INSERT INTO C_R VALUES ( 1617,'Lift Conveyor Digital IO','','Unnamed Interface','Lift Conveyor::Port3::Lift Conveyor Digital IO' );
INSERT INTO C_R VALUES ( 1632,'Safety System Monitor','','Unnamed Interface','Safety System::Port2::Safety System Monitor' );
INSERT INTO C_R VALUES ( 1812,'JogMotor','','Unnamed Interface','rqd_JogMotor_IntfTest::Port1::JogMotor' );
INSERT INTO C_EP VALUES ( 1457,1455,-1,'HomeReferenceOverTravelProx','' );
INSERT INTO C_EP VALUES ( 1468,1466,-1,'UserInputs_Jog_InspectionSheet_FoilSense','' );
INSERT INTO C_EP VALUES ( 1472,1466,-1,'LockedInRunPosition','' );
INSERT INTO C_EP VALUES ( 1476,1466,-1,'Fingers','' );
INSERT INTO C_EP VALUES ( 1480,1466,-1,'AirBlast','' );
INSERT INTO C_EP VALUES ( 1509,1507,-1,'MainDampers','' );
INSERT INTO C_EP VALUES ( 1513,1507,-1,'ChamberDampers','' );
INSERT INTO C_EP VALUES ( 1517,1507,-1,'SyncVacCylinders','' );
INSERT INTO C_EP VALUES ( 1521,1507,-1,'Multi_Flute','' );
INSERT INTO C_EP VALUES ( 1536,1534,-1,'BackstopJammed','' );
INSERT INTO C_EP VALUES ( 1540,1534,-1,'StackHeightSensors','' );
INSERT INTO C_EP VALUES ( 1544,1534,-1,'UpDownCylinder','' );
INSERT INTO C_EP VALUES ( 1548,1534,-1,'BundleOffsetUpDownCylinder','' );
INSERT INTO C_EP VALUES ( 1598,1596,-1,'CounterWeightMaxUpSensor','' );
INSERT INTO C_EP VALUES ( 1602,1596,-1,'BundleOffsetExtendCylinder','' );
INSERT INTO C_EP VALUES ( 1606,1596,-1,'BundleOffsetTopSheetHoldCylinder','' );
INSERT INTO C_EP VALUES ( 1620,1618,-1,'StackSensePE','' );
INSERT INTO C_EP VALUES ( 1624,1618,-1,'EarlyStackRollout','' );
INSERT INTO C_EP VALUES ( 1635,1633,-1,'UpperLevelInfeedConveyorAccess','' );
INSERT INTO C_EP VALUES ( 1639,1633,-1,'SafetyTripCable','' );
INSERT INTO C_EP VALUES ( 1643,1633,-1,'LiftRaiseObstructionPE','' );
INSERT INTO C_EP VALUES ( 1647,1633,-1,'SheetHandlingSlidingDoorSw','' );
INSERT INTO C_EP VALUES ( 1651,1633,-1,'LiftBayScan','' );
INSERT INTO C_EP VALUES ( 1655,1633,-1,'LiftDownObstructionPE','' );
INSERT INTO C_EP VALUES ( 1659,1633,-1,'LiftMidPointObstructionPE','' );
INSERT INTO C_EP VALUES ( 1663,1633,-1,'LiftDownLimitSw','' );
INSERT INTO C_EP VALUES ( 1667,1633,-1,'PalletInfeedObstructionPE','' );
INSERT INTO C_EP VALUES ( 1671,1633,-1,'LiftTableLiftLocksEngagedProx','' );
INSERT INTO C_EP VALUES ( 1675,1633,-1,'LiftChainFailureProx','' );
INSERT INTO C_EP VALUES ( 73,298,-1,'jog','' );
INSERT INTO C_EP VALUES ( 88,298,-1,'stop','' );
INSERT INTO C_EP VALUES ( 101,298,-1,'motion_initiated','This signal is an indicator to the client of the interface that the last motion
instruction has been executed.  A new motion instruction can now be send from 
the client.' );
INSERT INTO C_EP VALUES ( 103,298,-1,'motion_complete','This signal informs the client that the motor is no longer rotating and the 
drive is about to be disabled.  This signal will only occur after a stop has
been issued by the client of the interface or after a timed velocity move is
finished.' );
INSERT INTO C_EP VALUES ( 1890,1888,-1,'enable_drive','' );
INSERT INTO C_EP VALUES ( 1896,1888,-1,'jog_motor','' );
INSERT INTO C_EP VALUES ( 1902,1888,-1,'stop_motor','' );
INSERT INTO C_EP VALUES ( 1906,1888,-1,'in_progress','' );
INSERT INTO C_EP VALUES ( 1909,1888,-1,'done','' );
INSERT INTO C_EP VALUES ( 1913,1888,-1,'error','' );
INSERT INTO C_EP VALUES ( 183,181,-1,'divert_pending','' );
INSERT INTO C_EP VALUES ( 248,181,-1,'diverter_ready','' );
INSERT INTO C_EP VALUES ( 242,181,-1,'request_status','True - Diverter Ready, False - Diverter Not Ready
Operation returns the current state of the diverter system.  
' );
INSERT INTO C_EP VALUES ( 252,181,-1,'get_xtfr_jog_switch_position','' );
INSERT INTO C_EP VALUES ( 97,181,-1,'xtfr_jog_switch_position_changed','' );
INSERT INTO C_EP VALUES ( 1929,1928,-1,'set_pressure','' );
INSERT INTO C_EP VALUES ( 324,322,-1,'CutPulse','' );
INSERT INTO C_AS VALUES ( 1457,'HomeReferenceOverTravelProx','',1,0 );
INSERT INTO C_AS VALUES ( 1468,'UserInputs_Jog_InspectionSheet_FoilSense','',1,0 );
INSERT INTO C_AS VALUES ( 1472,'LockedInRunPosition','',1,1468 );
INSERT INTO C_AS VALUES ( 1536,'BackstopJammed','',1,0 );
INSERT INTO C_AS VALUES ( 1540,'StackHeightSensors','',1,1536 );
INSERT INTO C_AS VALUES ( 1598,'CounterWeightMaxUpSensor','',1,0 );
INSERT INTO C_AS VALUES ( 1620,'StackSensePE','',1,0 );
INSERT INTO C_AS VALUES ( 1624,'EarlyStackRollout','',1,1620 );
INSERT INTO C_AS VALUES ( 1635,'UpperLevelInfeedConveyorAccess','',1,0 );
INSERT INTO C_AS VALUES ( 1639,'SafetyTripCable','',1,1635 );
INSERT INTO C_AS VALUES ( 1643,'LiftRaiseObstructionPE','',1,1639 );
INSERT INTO C_AS VALUES ( 1647,'SheetHandlingSlidingDoorSw','',1,1643 );
INSERT INTO C_AS VALUES ( 1651,'LiftBayScan','',1,1647 );
INSERT INTO C_AS VALUES ( 1655,'LiftDownObstructionPE','',1,1651 );
INSERT INTO C_AS VALUES ( 1659,'LiftMidPointObstructionPE','',1,1655 );
INSERT INTO C_AS VALUES ( 1663,'LiftDownLimitSw','',1,1659 );
INSERT INTO C_AS VALUES ( 1667,'PalletInfeedObstructionPE','',1,1663 );
INSERT INTO C_AS VALUES ( 1671,'LiftTableLiftLocksEngagedProx','',1,1667 );
INSERT INTO C_AS VALUES ( 1675,'LiftChainFailureProx','',1,1671 );
INSERT INTO C_AS VALUES ( 73,'jog','',0,0 );
INSERT INTO C_AS VALUES ( 88,'stop','',0,73 );
INSERT INTO C_AS VALUES ( 101,'motion_initiated','This signal is an indicator to the client of the interface that the last motion
instruction has been executed.  A new motion instruction can now be send from 
the client.',1,88 );
INSERT INTO C_AS VALUES ( 103,'motion_complete','This signal informs the client that the motor is no longer rotating and the 
drive is about to be disabled.  This signal will only occur after a stop has
been issued by the client of the interface or after a timed velocity move is
finished.',1,101 );
INSERT INTO C_AS VALUES ( 1890,'enable_drive','',0,0 );
INSERT INTO C_AS VALUES ( 1896,'jog_motor','',0,1890 );
INSERT INTO C_AS VALUES ( 1902,'stop_motor','',0,1896 );
INSERT INTO C_AS VALUES ( 1906,'in_progress','',1,1902 );
INSERT INTO C_AS VALUES ( 1909,'done','',1,1906 );
INSERT INTO C_AS VALUES ( 1913,'error','',1,1909 );
INSERT INTO C_AS VALUES ( 183,'divert_pending','',0,0 );
INSERT INTO C_AS VALUES ( 248,'diverter_ready','',1,183 );
INSERT INTO C_AS VALUES ( 97,'xtfr_jog_switch_position_changed','',0,248 );
INSERT INTO C_AS VALUES ( 324,'CutPulse','',1,0 );
INSERT INTO C_IO VALUES ( 1476,831,'Fingers','',0,'',0 );
INSERT INTO C_IO VALUES ( 1480,831,'AirBlast','',0,'',1476 );
INSERT INTO C_IO VALUES ( 1509,831,'MainDampers','',0,'',0 );
INSERT INTO C_IO VALUES ( 1513,831,'ChamberDampers','',0,'',1509 );
INSERT INTO C_IO VALUES ( 1517,831,'SyncVacCylinders','',0,'',1513 );
INSERT INTO C_IO VALUES ( 1521,831,'Multi_Flute','',0,'',1517 );
INSERT INTO C_IO VALUES ( 1544,831,'UpDownCylinder','',0,'',0 );
INSERT INTO C_IO VALUES ( 1548,831,'BundleOffsetUpDownCylinder','',0,'',1544 );
INSERT INTO C_IO VALUES ( 1602,831,'BundleOffsetExtendCylinder','',0,'',0 );
INSERT INTO C_IO VALUES ( 1606,831,'BundleOffsetTopSheetHoldCylinder','',0,'',1602 );
INSERT INTO C_IO VALUES ( 242,231,'request_status','True - Diverter Ready, False - Diverter Not Ready
Operation returns the current state of the diverter system.  
',0,'',0 );
INSERT INTO C_IO VALUES ( 252,273,'get_xtfr_jog_switch_position','',1,'',242 );
INSERT INTO C_IO VALUES ( 1929,831,'set_pressure','',0,'',0 );
INSERT INTO C_SF VALUES ( 1394,1439,1393,'','Motor_Drive::Port1::Motor Drive -o)- Pull Roll::Port1::Motor Drive' );
INSERT INTO C_SF VALUES ( 1401,1440,1400,'','Motor_Drive_FB::Port1::Motor Drive Feedback -o)- CTM Sensor::Motor_Drive::Motor Drive Feedback' );
INSERT INTO C_SF VALUES ( 1409,1441,1400,'','Motor_Drive_FB::Port1::Motor Drive Feedback -o)- Diverter::Port1::Motor Drive Feedback' );
INSERT INTO C_SF VALUES ( 1415,1442,1393,'','Motor_Drive::Port1::Motor Drive -o)- Diverter::Port2::Motor Drive' );
INSERT INTO C_SF VALUES ( 1419,1443,1393,'','Motor_Drive::Port1::Motor Drive -o)- Shingling Section::Port1::Motor Drive' );
INSERT INTO C_SF VALUES ( 1423,1444,1393,'','Motor_Drive::Port1::Motor Drive -o)- Shingling Section::Port2::Motor Drive' );
INSERT INTO C_SF VALUES ( 1430,1445,1429,'','Motor_Drive_Reg::Port1::Motor Drive Registration -o)- Bar Conveyor::Port1::Motor Drive Registration' );
INSERT INTO C_SF VALUES ( 1438,1446,1393,'','Motor_Drive::Port1::Motor Drive -o)- High Speed Nip::Port1::Motor Drive' );
INSERT INTO C_SF VALUES ( 1555,1587,1393,'','Motor_Drive::Port1::Motor Drive -o)- Flat Belts::Port1::Motor Drive' );
INSERT INTO C_SF VALUES ( 1560,1588,1491,'','Motor_Drive_Brake::Port1::Motor Drive Brake -o)- Lift Bay::Port1::Motor Drive Brake' );
INSERT INTO C_SF VALUES ( 1571,1589,1400,'','Motor_Drive_FB::Port1::Motor Drive Feedback -o)- Lift Conveyor::Port1::Motor Drive Feedback' );
INSERT INTO C_SF VALUES ( 1578,1529,1491,'','Motor_Drive_Brake::Port1::Motor Drive Brake -o)- Backstop::Port1::Motor Drive Brake' );
INSERT INTO C_SF VALUES ( 1586,1531,1393,'','Motor_Drive::Port1::Motor Drive -o)- Backstop::Port2::Motor Drive' );
INSERT INTO C_PP VALUES ( 75,73,363,'direction','',0,'',79 );
INSERT INTO C_PP VALUES ( 77,73,217,'velocity','',0,'',81 );
INSERT INTO C_PP VALUES ( 79,73,217,'acceleration','',0,'',0 );
INSERT INTO C_PP VALUES ( 81,73,217,'duration','',0,'',75 );
INSERT INTO C_PP VALUES ( 1916,1890,231,'enable','',0,'',0 );
INSERT INTO C_PP VALUES ( 1917,1896,363,'motor_direction','',0,'',1919 );
INSERT INTO C_PP VALUES ( 1918,1896,217,'velocity','',0,'',1917 );
INSERT INTO C_PP VALUES ( 1919,1896,217,'acceleration','',0,'',0 );
INSERT INTO C_PP VALUES ( 215,183,213,'divert_type','',0,'',0 );
INSERT INTO C_PP VALUES ( 219,183,217,'packet_start_position','',0,'',227 );
INSERT INTO C_PP VALUES ( 225,183,217,'sheet_length','',0,'',219 );
INSERT INTO C_PP VALUES ( 227,183,217,'number_of_sheets','',0,'',215 );
INSERT INTO C_PP VALUES ( 1927,248,231,'ready','',0,'',0 );
INSERT INTO C_PP VALUES ( 99,97,273,'new_position','',0,'',0 );
INSERT INTO C_PP VALUES ( 1930,1929,217,'pressure','',0,'',0 );
INSERT INTO C_IR VALUES ( 180,181,0,179 );
INSERT INTO C_IR VALUES ( 294,295,0,293 );
INSERT INTO C_IR VALUES ( 297,298,0,296 );
INSERT INTO C_IR VALUES ( 318,319,0,317 );
INSERT INTO C_IR VALUES ( 321,322,0,320 );
INSERT INTO C_IR VALUES ( 328,295,0,327 );
INSERT INTO C_IR VALUES ( 330,298,0,329 );
INSERT INTO C_IR VALUES ( 1445,1449,0,1448 );
INSERT INTO C_IR VALUES ( 1440,1452,0,1451 );
INSERT INTO C_IR VALUES ( 1454,1455,0,1453 );
INSERT INTO C_IR VALUES ( 1441,1452,0,1461 );
INSERT INTO C_IR VALUES ( 1442,1463,0,1462 );
INSERT INTO C_IR VALUES ( 1465,1466,0,1464 );
INSERT INTO C_IR VALUES ( 1446,1463,0,1484 );
INSERT INTO C_IR VALUES ( 1486,1487,0,1485 );
INSERT INTO C_IR VALUES ( 1393,1463,0,1390 );
INSERT INTO C_IR VALUES ( 1491,1492,0,1490 );
INSERT INTO C_IR VALUES ( 1494,1495,0,1493 );
INSERT INTO C_IR VALUES ( 1497,1498,0,1496 );
INSERT INTO C_IR VALUES ( 1400,1452,0,1397 );
INSERT INTO C_IR VALUES ( 1405,1495,0,1402 );
INSERT INTO C_IR VALUES ( 1429,1449,0,1426 );
INSERT INTO C_IR VALUES ( 1434,1499,0,1431 );
INSERT INTO C_IR VALUES ( 1439,1463,0,1501 );
INSERT INTO C_IR VALUES ( 1443,1463,0,1503 );
INSERT INTO C_IR VALUES ( 1444,1463,0,1504 );
INSERT INTO C_IR VALUES ( 1506,1507,0,1505 );
INSERT INTO C_IR VALUES ( 1525,1487,0,1524 );
INSERT INTO C_IR VALUES ( 1529,1492,0,1528 );
INSERT INTO C_IR VALUES ( 1531,1463,0,1530 );
INSERT INTO C_IR VALUES ( 1533,1534,0,1532 );
INSERT INTO C_IR VALUES ( 1587,1463,0,1591 );
INSERT INTO C_IR VALUES ( 1588,1492,0,1593 );
INSERT INTO C_IR VALUES ( 1595,1596,0,1594 );
INSERT INTO C_IR VALUES ( 1610,1495,0,1609 );
INSERT INTO C_IR VALUES ( 1589,1452,0,1612 );
INSERT INTO C_IR VALUES ( 1614,1615,0,1613 );
INSERT INTO C_IR VALUES ( 1617,1618,0,1616 );
INSERT INTO C_IR VALUES ( 1629,1630,0,1628 );
INSERT INTO C_IR VALUES ( 1632,1633,0,1631 );
INSERT INTO C_IR VALUES ( 1797,298,0,1796 );
INSERT INTO C_IR VALUES ( 1812,298,0,1811 );
INSERT INTO C_IR VALUES ( 1887,1888,0,1886 );
INSERT INTO C_PO VALUES ( 179,8,'Client',0,0 );
INSERT INTO C_PO VALUES ( 293,8,'fngrs',0,0 );
INSERT INTO C_PO VALUES ( 296,8,'xtfrcnvr',0,0 );
INSERT INTO C_PO VALUES ( 317,8,'dvtpan',0,0 );
INSERT INTO C_PO VALUES ( 320,8,'speed_ref',0,0 );
INSERT INTO C_PO VALUES ( 327,8,'arblst',0,0 );
INSERT INTO C_PO VALUES ( 329,8,'Port1',0,0 );
INSERT INTO C_PO VALUES ( 1448,1447,'Port1',0,0 );
INSERT INTO C_PO VALUES ( 1451,1450,'Motor_Drive',0,0 );
INSERT INTO C_PO VALUES ( 1453,1450,'Port1',0,0 );
INSERT INTO C_PO VALUES ( 1461,1460,'Port1',0,0 );
INSERT INTO C_PO VALUES ( 1462,1460,'Port2',0,0 );
INSERT INTO C_PO VALUES ( 1464,1460,'Port3',0,0 );
INSERT INTO C_PO VALUES ( 1484,1483,'Port1',0,0 );
INSERT INTO C_PO VALUES ( 1485,1483,'Port2',0,0 );
INSERT INTO C_PO VALUES ( 1390,1389,'Port1',0,0 );
INSERT INTO C_PO VALUES ( 1490,1489,'Port1',0,0 );
INSERT INTO C_PO VALUES ( 1493,1489,'Port2',0,0 );
INSERT INTO C_PO VALUES ( 1496,1489,'Port3',0,0 );
INSERT INTO C_PO VALUES ( 1397,1396,'Port1',0,0 );
INSERT INTO C_PO VALUES ( 1402,1396,'Port2',0,0 );
INSERT INTO C_PO VALUES ( 1426,1425,'Port1',0,0 );
INSERT INTO C_PO VALUES ( 1431,1425,'Port2',0,0 );
INSERT INTO C_PO VALUES ( 1501,1500,'Port1',0,0 );
INSERT INTO C_PO VALUES ( 1503,1502,'Port1',0,0 );
INSERT INTO C_PO VALUES ( 1504,1502,'Port2',0,0 );
INSERT INTO C_PO VALUES ( 1505,1502,'Port3',0,0 );
INSERT INTO C_PO VALUES ( 1524,1502,'Port4',0,0 );
INSERT INTO C_PO VALUES ( 1528,1527,'Port1',0,0 );
INSERT INTO C_PO VALUES ( 1530,1527,'Port2',0,0 );
INSERT INTO C_PO VALUES ( 1532,1527,'Port3',0,0 );
INSERT INTO C_PO VALUES ( 1591,1590,'Port1',0,0 );
INSERT INTO C_PO VALUES ( 1593,1592,'Port1',0,0 );
INSERT INTO C_PO VALUES ( 1594,1592,'Port2',0,0 );
INSERT INTO C_PO VALUES ( 1609,1592,'Shingle Thickness',0,0 );
INSERT INTO C_PO VALUES ( 1612,1611,'Port1',0,0 );
INSERT INTO C_PO VALUES ( 1613,1611,'Port2',0,0 );
INSERT INTO C_PO VALUES ( 1616,1611,'Port3',0,0 );
INSERT INTO C_PO VALUES ( 1628,1627,'Port1',0,0 );
INSERT INTO C_PO VALUES ( 1631,1627,'Port2',0,0 );
INSERT INTO C_PO VALUES ( 1796,70,'Port1',0,0 );
INSERT INTO C_PO VALUES ( 1811,1810,'Port1',0,0 );
INSERT INTO C_PO VALUES ( 1886,1885,'Port1',0,0 );
INSERT INTO SPR_REP VALUES ( 299,73,297 );
INSERT INTO SPR_REP VALUES ( 302,88,297 );
INSERT INTO SPR_REP VALUES ( 305,101,297 );
INSERT INTO SPR_REP VALUES ( 311,103,297 );
INSERT INTO SPR_REP VALUES ( 323,324,321 );
INSERT INTO SPR_REP VALUES ( 331,73,330 );
INSERT INTO SPR_REP VALUES ( 334,88,330 );
INSERT INTO SPR_REP VALUES ( 337,101,330 );
INSERT INTO SPR_REP VALUES ( 340,103,330 );
INSERT INTO SPR_REP VALUES ( 1456,1457,1454 );
INSERT INTO SPR_REP VALUES ( 1467,1468,1465 );
INSERT INTO SPR_REP VALUES ( 1471,1472,1465 );
INSERT INTO SPR_REP VALUES ( 1475,1476,1465 );
INSERT INTO SPR_REP VALUES ( 1479,1480,1465 );
INSERT INTO SPR_REP VALUES ( 1508,1509,1506 );
INSERT INTO SPR_REP VALUES ( 1512,1513,1506 );
INSERT INTO SPR_REP VALUES ( 1516,1517,1506 );
INSERT INTO SPR_REP VALUES ( 1520,1521,1506 );
INSERT INTO SPR_REP VALUES ( 1535,1536,1533 );
INSERT INTO SPR_REP VALUES ( 1539,1540,1533 );
INSERT INTO SPR_REP VALUES ( 1543,1544,1533 );
INSERT INTO SPR_REP VALUES ( 1547,1548,1533 );
INSERT INTO SPR_REP VALUES ( 1597,1598,1595 );
INSERT INTO SPR_REP VALUES ( 1601,1602,1595 );
INSERT INTO SPR_REP VALUES ( 1605,1606,1595 );
INSERT INTO SPR_REP VALUES ( 1619,1620,1617 );
INSERT INTO SPR_REP VALUES ( 1623,1624,1617 );
INSERT INTO SPR_REP VALUES ( 1634,1635,1632 );
INSERT INTO SPR_REP VALUES ( 1638,1639,1632 );
INSERT INTO SPR_REP VALUES ( 1642,1643,1632 );
INSERT INTO SPR_REP VALUES ( 1646,1647,1632 );
INSERT INTO SPR_REP VALUES ( 1650,1651,1632 );
INSERT INTO SPR_REP VALUES ( 1654,1655,1632 );
INSERT INTO SPR_REP VALUES ( 1658,1659,1632 );
INSERT INTO SPR_REP VALUES ( 1662,1663,1632 );
INSERT INTO SPR_REP VALUES ( 1666,1667,1632 );
INSERT INTO SPR_REP VALUES ( 1670,1671,1632 );
INSERT INTO SPR_REP VALUES ( 1674,1675,1632 );
INSERT INTO SPR_REP VALUES ( 1813,73,1812 );
INSERT INTO SPR_REP VALUES ( 1816,88,1812 );
INSERT INTO SPR_REP VALUES ( 1819,101,1812 );
INSERT INTO SPR_REP VALUES ( 1822,103,1812 );
INSERT INTO SPR_PEP VALUES ( 182,183,180 );
INSERT INTO SPR_PEP VALUES ( 241,242,180 );
INSERT INTO SPR_PEP VALUES ( 247,248,180 );
INSERT INTO SPR_PEP VALUES ( 251,252,180 );
INSERT INTO SPR_PEP VALUES ( 255,97,180 );
INSERT INTO SPR_PEP VALUES ( 1798,73,1797 );
INSERT INTO SPR_PEP VALUES ( 1801,88,1797 );
INSERT INTO SPR_PEP VALUES ( 1804,101,1797 );
INSERT INTO SPR_PEP VALUES ( 1807,103,1797 );
INSERT INTO SPR_PEP VALUES ( 1889,1890,1887 );
INSERT INTO SPR_PEP VALUES ( 1895,1896,1887 );
INSERT INTO SPR_PEP VALUES ( 1901,1902,1887 );
INSERT INTO SPR_PEP VALUES ( 1900,1906,1887 );
INSERT INTO SPR_PEP VALUES ( 1894,1909,1887 );
INSERT INTO SPR_PEP VALUES ( 1912,1913,1887 );
INSERT INTO SPR_RO VALUES ( 1475,'Fingers','','',1 );
INSERT INTO SPR_RO VALUES ( 1479,'AirBlast','','',1 );
INSERT INTO SPR_RO VALUES ( 1508,'MainDampers','','',1 );
INSERT INTO SPR_RO VALUES ( 1512,'ChamberDampers','','',1 );
INSERT INTO SPR_RO VALUES ( 1516,'SyncVacCylinders','','',1 );
INSERT INTO SPR_RO VALUES ( 1520,'Multi_Flute','','',1 );
INSERT INTO SPR_RO VALUES ( 1543,'UpDownCylinder','','',1 );
INSERT INTO SPR_RO VALUES ( 1547,'BundleOffsetUpDownCylinder','','',1 );
INSERT INTO SPR_RO VALUES ( 1601,'BundleOffsetExtendCylinder','','',1 );
INSERT INTO SPR_RO VALUES ( 1605,'BundleOffsetTopSheetHoldCylinder','','',1 );
INSERT INTO SPR_RS VALUES ( 299,'jog','','',1 );
INSERT INTO SPR_RS VALUES ( 302,'stop','','',1 );
INSERT INTO SPR_RS VALUES ( 305,'motion_initiated','This signal is an indicator to the client of the interface that the last motion
instruction has been executed.  A new motion instruction can now be send from 
the client.','// The drive has indicated that it is ready to receive another instruction.
// 


select any xtfr_conveyor from instances of XTFRCNVR;
generate XTFRCNVR5:drive_rdy_for_inst() to xtfr_conveyor;
',1 );
INSERT INTO SPR_RS VALUES ( 311,'motion_complete','This signal informs the client that the motor is no longer rotating and the 
drive is about to be disabled.  This signal will only occur after a stop has
been issued by the client of the interface or after a timed velocity move is
finished.','// The drive is signaling the motor has been brought to a complete stop.
// 


select any xtfr_conveyor from instances of XTFRCNVR;
generate XTFRCNVR9:motor_stopped() to xtfr_conveyor;
',1 );
INSERT INTO SPR_RS VALUES ( 323,'CutPulse','','',1 );
INSERT INTO SPR_RS VALUES ( 331,'jog','','',1 );
INSERT INTO SPR_RS VALUES ( 334,'stop','','',1 );
INSERT INTO SPR_RS VALUES ( 337,'motion_initiated','This signal is an indicator to the client of the interface that the last motion
instruction has been executed.  A new motion instruction can now be send from 
the client.','',1 );
INSERT INTO SPR_RS VALUES ( 340,'motion_complete','This signal informs the client that the motor is no longer rotating and the 
drive is about to be disabled.  This signal will only occur after a stop has
been issued by the client of the interface or after a timed velocity move is
finished.','',1 );
INSERT INTO SPR_RS VALUES ( 1456,'HomeReferenceOverTravelProx','','',1 );
INSERT INTO SPR_RS VALUES ( 1467,'UserInputs_Jog_InspectionSheet_FoilSense','','',1 );
INSERT INTO SPR_RS VALUES ( 1471,'LockedInRunPosition','','',1 );
INSERT INTO SPR_RS VALUES ( 1535,'BackstopJammed','','',1 );
INSERT INTO SPR_RS VALUES ( 1539,'StackHeightSensors','','',1 );
INSERT INTO SPR_RS VALUES ( 1597,'CounterWeightMaxUpSensor','','',1 );
INSERT INTO SPR_RS VALUES ( 1619,'StackSensePE','','',1 );
INSERT INTO SPR_RS VALUES ( 1623,'EarlyStackRollout','','',1 );
INSERT INTO SPR_RS VALUES ( 1634,'UpperLevelInfeedConveyorAccess','','',1 );
INSERT INTO SPR_RS VALUES ( 1638,'SafetyTripCable','','',1 );
INSERT INTO SPR_RS VALUES ( 1642,'LiftRaiseObstructionPE','','',1 );
INSERT INTO SPR_RS VALUES ( 1646,'SheetHandlingSlidingDoorSw','','',1 );
INSERT INTO SPR_RS VALUES ( 1650,'LiftBayScan','','',1 );
INSERT INTO SPR_RS VALUES ( 1654,'LiftDownObstructionPE','','',1 );
INSERT INTO SPR_RS VALUES ( 1658,'LiftMidPointObstructionPE','','',1 );
INSERT INTO SPR_RS VALUES ( 1662,'LiftDownLimitSw','','',1 );
INSERT INTO SPR_RS VALUES ( 1666,'PalletInfeedObstructionPE','','',1 );
INSERT INTO SPR_RS VALUES ( 1670,'LiftTableLiftLocksEngagedProx','','',1 );
INSERT INTO SPR_RS VALUES ( 1674,'LiftChainFailureProx','','',1 );
INSERT INTO SPR_RS VALUES ( 1813,'jog','','',1 );
INSERT INTO SPR_RS VALUES ( 1816,'stop','','',1 );
INSERT INTO SPR_RS VALUES ( 1819,'motion_initiated','This signal is an indicator to the client of the interface that the last motion
instruction has been executed.  A new motion instruction can now be send from 
the client.','',1 );
INSERT INTO SPR_RS VALUES ( 1822,'motion_complete','This signal informs the client that the motor is no longer rotating and the 
drive is about to be disabled.  This signal will only occur after a stop has
been issued by the client of the interface or after a timed velocity move is
finished.','',1 );
INSERT INTO SPR_PO VALUES ( 241,'request_status','True - Diverter Ready, False - Diverter Not Ready
Operation returns the current state of the diverter system.  
','return False;
',1 );
INSERT INTO SPR_PO VALUES ( 251,'get_xtfr_jog_switch_position','','',1 );
INSERT INTO SPR_PS VALUES ( 182,'divert_pending','','// A divert is approaching.  Get setup to handle it or inform the client if a 
//    divert is not possible right now. 
// 


// Check to make sure the diverter can handle this packet


// Diverter can handle the packet, create the packet and sheet classes
create object instance divert_package of DVRTPKT;
divert_package.type = param.divert_type;
divert_package.leading_edge_position = param.packet_start_position;
divert_package.trailing_edge_position = param.packet_start_position - 
      (param.sheet_length * param.number_of_sheets);
divert_package.web_caliper = 0;  // TODO: Where does this come from?

// Create the sheets

// TODO: This is not going to work, relationship may not exist yet.
select any diverter_bay from instances of DVRTBAY;
select one dvrt_package related by diverter_bay->DVRTPKT[R4];
if not_empty dvrt_package;
   // A divert package(s) already exists, find the one farthest upstream
   while not_empty dvrt_package;
      select one dvrt_package related by dvrt_package->DVRTPKT[R1.''next''];
   end while;
   
   relate divert_package to dvrt_package across R1.''next'';
end if;',1 );
INSERT INTO SPR_PS VALUES ( 247,'diverter_ready','','',1 );
INSERT INTO SPR_PS VALUES ( 255,'xtfr_jog_switch_position_changed','','// The machine operator has changed the position of the cross transfer conveyor
//    manual jog switch.  Create the appropriate event to send to the model.
// 


select any xtfr_conveyor from instances of XTFRCNVR;
if param.new_position == Jog_Switch_Position::Stop;
   generate XTFRCNVR4:jog_complete() to xtfr_conveyor;
elif param.new_position == Jog_Switch_Position::Operator;
   generate XTFRCNVR3:jog(direction: Machine_Side::Operator) to xtfr_conveyor;
elif param.new_position == Jog_Switch_Position::Drive;
   generate XTFRCNVR3:jog(direction: Machine_Side::Drive) to xtfr_conveyor;
elif param.new_position == Jog_Switch_Position::Impossible;
   // Log a diagnostic that the switch cannot be in two positions at once.
end if;

',1 );
INSERT INTO SPR_PS VALUES ( 1798,'jog','','',1 );
INSERT INTO SPR_PS VALUES ( 1801,'stop','','',1 );
INSERT INTO SPR_PS VALUES ( 1804,'motion_initiated','This signal is an indicator to the client of the interface that the last motion
instruction has been executed.  A new motion instruction can now be send from 
the client.','',1 );
INSERT INTO SPR_PS VALUES ( 1807,'motion_complete','This signal informs the client that the motor is no longer rotating and the 
drive is about to be disabled.  This signal will only occur after a stop has
been issued by the client of the interface or after a timed velocity move is
finished.','',1 );
INSERT INTO SPR_PS VALUES ( 1889,'enable_drive','','Port1::done();
',1 );
INSERT INTO SPR_PS VALUES ( 1895,'jog_motor','','Port1::in_progress();
',1 );
INSERT INTO SPR_PS VALUES ( 1901,'stop_motor','','Port1::done();
',1 );
INSERT INTO SPR_PS VALUES ( 1900,'in_progress','','',1 );
INSERT INTO SPR_PS VALUES ( 1894,'done','','',1 );
INSERT INTO SPR_PS VALUES ( 1912,'error','','',1 );
INSERT INTO CL_IPINS VALUES ( 1394,1392 );
INSERT INTO CL_IPINS VALUES ( 1401,1399 );
INSERT INTO CL_IPINS VALUES ( 1409,1408 );
INSERT INTO CL_IPINS VALUES ( 1415,1414 );
INSERT INTO CL_IPINS VALUES ( 1419,1418 );
INSERT INTO CL_IPINS VALUES ( 1423,1422 );
INSERT INTO CL_IPINS VALUES ( 1430,1428 );
INSERT INTO CL_IPINS VALUES ( 1438,1437 );
INSERT INTO CL_IPINS VALUES ( 1555,1554 );
INSERT INTO CL_IPINS VALUES ( 1560,1559 );
INSERT INTO CL_IPINS VALUES ( 1571,1570 );
INSERT INTO CL_IPINS VALUES ( 1578,1577 );
INSERT INTO CL_IPINS VALUES ( 1586,1585 );
INSERT INTO CL_IP VALUES ( 1392,'Motor Drive','' );
INSERT INTO CL_IP VALUES ( 1399,'Motor Drive Feedback','' );
INSERT INTO CL_IP VALUES ( 1408,'Motor Drive Feedback','' );
INSERT INTO CL_IP VALUES ( 1414,'Motor Drive','' );
INSERT INTO CL_IP VALUES ( 1418,'Motor Drive','' );
INSERT INTO CL_IP VALUES ( 1422,'Motor Drive','' );
INSERT INTO CL_IP VALUES ( 1428,'Motor Drive Registration','' );
INSERT INTO CL_IP VALUES ( 1437,'Motor Drive','' );
INSERT INTO CL_IP VALUES ( 1554,'Motor Drive','' );
INSERT INTO CL_IP VALUES ( 1559,'Motor Drive Brake','' );
INSERT INTO CL_IP VALUES ( 1570,'Motor Drive Feedback','' );
INSERT INTO CL_IP VALUES ( 1577,'Motor Drive Brake','' );
INSERT INTO CL_IP VALUES ( 1585,'Motor Drive','' );
INSERT INTO CL_IR VALUES ( 1404,0,'Position Feedback','' );
INSERT INTO CL_IR VALUES ( 1411,0,'Position Feedback','' );
INSERT INTO CL_IR VALUES ( 1433,0,'Registration','' );
INSERT INTO CL_IR VALUES ( 1563,0,'Position Feedback','' );
INSERT INTO CL_IR VALUES ( 1566,0,'Brake','' );
INSERT INTO CL_IR VALUES ( 1574,0,'Position Feedback','' );
INSERT INTO CL_IR VALUES ( 1580,0,'Position Feedback','' );
INSERT INTO CL_IR VALUES ( 1582,0,'Brake','' );
INSERT INTO CL_IIR VALUES ( 1392,1393,1391,0,'Motor Drive','' );
INSERT INTO CL_IIR VALUES ( 1399,1400,1398,0,'Motor Drive Feedback','' );
INSERT INTO CL_IIR VALUES ( 1404,1405,1403,0,'Position Feedback','' );
INSERT INTO CL_IIR VALUES ( 1408,1400,1407,0,'Motor Drive Feedback','' );
INSERT INTO CL_IIR VALUES ( 1411,1405,1410,0,'Position Feedback','' );
INSERT INTO CL_IIR VALUES ( 1414,1393,1413,0,'Motor Drive','' );
INSERT INTO CL_IIR VALUES ( 1418,1393,1417,0,'Motor Drive','' );
INSERT INTO CL_IIR VALUES ( 1422,1393,1421,0,'Motor Drive','' );
INSERT INTO CL_IIR VALUES ( 1428,1429,1427,0,'Motor Drive Registration','' );
INSERT INTO CL_IIR VALUES ( 1433,1434,1432,0,'Registration','' );
INSERT INTO CL_IIR VALUES ( 1437,1393,1436,0,'Motor Drive','' );
INSERT INTO CL_IIR VALUES ( 1554,1393,1553,0,'Motor Drive','' );
INSERT INTO CL_IIR VALUES ( 1559,1491,1558,0,'Motor Drive Brake','' );
INSERT INTO CL_IIR VALUES ( 1563,1494,1562,0,'Position Feedback','' );
INSERT INTO CL_IIR VALUES ( 1566,1497,1565,0,'Brake','' );
INSERT INTO CL_IIR VALUES ( 1570,1400,1569,0,'Motor Drive Feedback','' );
INSERT INTO CL_IIR VALUES ( 1574,1405,1573,0,'Position Feedback','' );
INSERT INTO CL_IIR VALUES ( 1577,1491,1576,0,'Motor Drive Brake','' );
INSERT INTO CL_IIR VALUES ( 1580,1494,1579,0,'Position Feedback','' );
INSERT INTO CL_IIR VALUES ( 1582,1497,1581,0,'Brake','' );
INSERT INTO CL_IIR VALUES ( 1585,1393,1584,0,'Motor Drive','' );
INSERT INTO CL_IC VALUES ( 1388,1389,0,0,0,'','Diverter::PhysicalCompModel_pg1::Motor_Drive','' );
INSERT INTO CL_IC VALUES ( 1395,1396,0,0,0,'','Diverter::PhysicalCompModel_pg1::Motor_Drive_FB','' );
INSERT INTO CL_IC VALUES ( 1406,1396,0,0,0,'Divert Pan','Diverter::PhysicalCompModel_pg1::Motor_Drive_FB:Divert Pan','' );
INSERT INTO CL_IC VALUES ( 1412,1389,0,0,0,'Cross Transfer Conveyor','Diverter::PhysicalCompModel_pg1::Motor_Drive:Cross Transfer Conveyor','' );
INSERT INTO CL_IC VALUES ( 1416,1389,0,0,0,'Vacuum Blower','Diverter::PhysicalCompModel_pg1::Motor_Drive:Vacuum Blower','' );
INSERT INTO CL_IC VALUES ( 1420,1389,0,0,0,'Vacuum Conveyor','Diverter::PhysicalCompModel_pg1::Motor_Drive:Vacuum Conveyor','' );
INSERT INTO CL_IC VALUES ( 1424,1425,0,0,0,'Shingle Separator','Diverter::PhysicalCompModel_pg1::Motor_Drive_Reg:Shingle Separator','' );
INSERT INTO CL_IC VALUES ( 1435,1389,0,0,0,'','Diverter::PhysicalCompModel_pg1::Motor_Drive','' );
INSERT INTO CL_IC VALUES ( 1551,1389,0,0,0,'Flat Belts 1 to 5','Diverter::PhysicalCompModel_pg1::Motor_Drive:Flat Belts 1 to 5','' );
INSERT INTO CL_IC VALUES ( 1556,1489,0,0,0,'','Diverter::PhysicalCompModel_pg1::Motor_Drive_Brake','' );
INSERT INTO CL_IC VALUES ( 1567,1396,0,0,0,'','Diverter::PhysicalCompModel_pg1::Motor_Drive_FB','' );
INSERT INTO CL_IC VALUES ( 1575,1489,0,0,0,'Positioning','Diverter::PhysicalCompModel_pg1::Motor_Drive_Brake:Positioning','' );
INSERT INTO CL_IC VALUES ( 1583,1389,0,0,0,'Oscillator','Diverter::PhysicalCompModel_pg1::Motor_Drive:Oscillator','' );
INSERT INTO CL_POR VALUES ( 1388,1390,'Port1',1391 );
INSERT INTO CL_POR VALUES ( 1395,1397,'Port1',1398 );
INSERT INTO CL_POR VALUES ( 1395,1402,'Port2',1403 );
INSERT INTO CL_POR VALUES ( 1406,1397,'Port1',1407 );
INSERT INTO CL_POR VALUES ( 1406,1402,'Port2',1410 );
INSERT INTO CL_POR VALUES ( 1412,1390,'Port1',1413 );
INSERT INTO CL_POR VALUES ( 1416,1390,'Port1',1417 );
INSERT INTO CL_POR VALUES ( 1420,1390,'Port1',1421 );
INSERT INTO CL_POR VALUES ( 1424,1426,'Port1',1427 );
INSERT INTO CL_POR VALUES ( 1424,1431,'Port2',1432 );
INSERT INTO CL_POR VALUES ( 1435,1390,'Port1',1436 );
INSERT INTO CL_POR VALUES ( 1551,1552,'Port1',1553 );
INSERT INTO CL_POR VALUES ( 1556,1557,'Port1',1558 );
INSERT INTO CL_POR VALUES ( 1556,1561,'Port2',1562 );
INSERT INTO CL_POR VALUES ( 1556,1564,'Port3',1565 );
INSERT INTO CL_POR VALUES ( 1567,1568,'Port1',1569 );
INSERT INTO CL_POR VALUES ( 1567,1572,'Port2',1573 );
INSERT INTO CL_POR VALUES ( 1575,1557,'Port1',1576 );
INSERT INTO CL_POR VALUES ( 1575,1561,'Port2',1579 );
INSERT INTO CL_POR VALUES ( 1575,1564,'Port3',1581 );
INSERT INTO CL_POR VALUES ( 1583,1552,'Port1',1584 );
INSERT INTO SM_SM VALUES ( 364,'',0 );
INSERT INTO SM_SM VALUES ( 369,'',0 );
INSERT INTO SM_SM VALUES ( 48,'',0 );
INSERT INTO SM_SM VALUES ( 562,'',0 );
INSERT INTO SM_SM VALUES ( 672,'',0 );
INSERT INTO SM_SM VALUES ( 787,'',0 );
INSERT INTO SM_SM VALUES ( 452,'',0 );
INSERT INTO SM_SM VALUES ( 897,'',0 );
INSERT INTO SM_SM VALUES ( 1009,'',0 );
INSERT INTO SM_SM VALUES ( 1155,'',0 );
INSERT INTO SM_SM VALUES ( 1303,'',0 );
INSERT INTO SM_SM VALUES ( 1332,'',0 );
INSERT INTO SM_SM VALUES ( 1357,'',0 );
INSERT INTO SM_STATE VALUES ( 374,369,0,'Waiting',1,0 );
INSERT INTO SM_STATE VALUES ( 378,369,0,'InitiatingConveyorJog',2,0 );
INSERT INTO SM_STATE VALUES ( 396,369,0,'MotorStopConfirmed',3,0 );
INSERT INTO SM_STATE VALUES ( 454,48,0,'ManualControl',1,0 );
INSERT INTO SM_STATE VALUES ( 463,48,0,'MotionInhibited',2,0 );
INSERT INTO SM_STATE VALUES ( 472,48,0,'AutomaticControl',3,0 );
INSERT INTO SM_STATE VALUES ( 567,562,0,'Waiting',1,0 );
INSERT INTO SM_STATE VALUES ( 571,562,0,'FirstMove',2,1 );
INSERT INTO SM_STATE VALUES ( 589,562,0,'BackupMove',3,0 );
INSERT INTO SM_STATE VALUES ( 619,562,0,'FullLengthMove',4,0 );
INSERT INTO SM_STATE VALUES ( 637,562,0,'ConveyorEmpty',5,0 );
INSERT INTO SM_STATE VALUES ( 678,672,0,'Stopped',1,0 );
INSERT INTO SM_STATE VALUES ( 701,672,0,'InitiateJog',2,0 );
INSERT INTO SM_STATE VALUES ( 722,672,0,'ConfirmedMoving',3,0 );
INSERT INTO SM_STATE VALUES ( 755,672,0,'InitiateStop',4,0 );
INSERT INTO SM_STATE VALUES ( 900,897,0,'Off',1,0 );
INSERT INTO SM_STATE VALUES ( 904,897,0,'On',2,0 );
INSERT INTO SM_STATE VALUES ( 1011,1009,0,'Tracking',1,0 );
INSERT INTO SM_STATE VALUES ( 1159,1155,0,'Empty',1,0 );
INSERT INTO SM_STATE VALUES ( 1174,1155,0,'WaitForDischargeWindow',3,0 );
INSERT INTO SM_STATE VALUES ( 1193,1155,0,'ReceivingSheets',2,0 );
INSERT INTO SM_STATE VALUES ( 1241,1155,0,'Discharging',4,0 );
INSERT INTO SM_STATE VALUES ( 1307,1303,0,'PanDown',3,0 );
INSERT INTO SM_STATE VALUES ( 1311,1303,0,'PanUp',2,0 );
INSERT INTO SM_STATE VALUES ( 1315,1303,0,'Initial',1,0 );
INSERT INTO SM_STATE VALUES ( 1335,1332,0,'Raised',1,0 );
INSERT INTO SM_STATE VALUES ( 1339,1332,0,'Lowered',2,0 );
INSERT INTO SM_STATE VALUES ( 1359,1357,0,'CorrectForVelocity',1,0 );
INSERT INTO SM_EVT VALUES ( 365,364,0,10,'auto_seq_cmplt',0,'','AUTOSEQ10','' );
INSERT INTO SM_EVT VALUES ( 127,364,0,11,'initiate_auto_seq',0,'','AUTOSEQ11','' );
INSERT INTO SM_EVT VALUES ( 370,369,0,3,'jog_time_expired',0,'','CLX1DCGSEQ3','' );
INSERT INTO SM_EVT VALUES ( 371,369,0,11,'initiate_auto_seq',0,'','AUTOSEQ11*','' );
INSERT INTO SM_EVT VALUES ( 372,369,0,4,'jog_complete',0,'','XTFRCNVR4*','' );
INSERT INTO SM_EVT VALUES ( 373,369,0,9,'motor_stopped',0,'','XTFRCNVR9*','' );
INSERT INTO SM_EVT VALUES ( 58,48,0,3,'jog',0,'','XTFRCNVR3','' );
INSERT INTO SM_EVT VALUES ( 150,48,0,4,'jog_complete',0,'','XTFRCNVR4','' );
INSERT INTO SM_EVT VALUES ( 54,48,0,7,'automatic_sequence_cmplt',0,'','XTFRCNVR7','' );
INSERT INTO SM_EVT VALUES ( 46,48,0,6,'discharge',0,'','XTFRCNVR6','' );
INSERT INTO SM_EVT VALUES ( 451,48,0,1,'activate',0,'','ACTR1*','' );
INSERT INTO SM_EVT VALUES ( 62,48,0,5,'drive_rdy_for_inst',0,'','XTFRCNVR5','' );
INSERT INTO SM_EVT VALUES ( 453,48,0,8,'sequence_aborted',0,'','XTFRCNVR8','' );
INSERT INTO SM_EVT VALUES ( 152,48,0,9,'motor_stopped',0,'','XTFRCNVR9','' );
INSERT INTO SM_EVT VALUES ( 64,48,0,10,'enable_control',0,'','XTFRCNVR10','' );
INSERT INTO SM_EVT VALUES ( 563,562,0,2,'jog_time_expired',0,'','CLX2HRDCGSEQ2','' );
INSERT INTO SM_EVT VALUES ( 564,562,0,11,'initiate_auto_seq',0,'','AUTOSEQ11*','' );
INSERT INTO SM_EVT VALUES ( 565,562,0,4,'jog_complete',0,'','XTFRCNVR4*','' );
INSERT INTO SM_EVT VALUES ( 566,562,0,9,'motor_stopped',0,'','XTFRCNVR9*','' );
INSERT INTO SM_EVT VALUES ( 673,672,0,3,'jog',0,'','XTFRCNVR3*','' );
INSERT INTO SM_EVT VALUES ( 674,672,0,4,'jog_complete',0,'','XTFRCNVR4*','' );
INSERT INTO SM_EVT VALUES ( 675,672,0,10,'drive_rdy_for_inst',0,'','XTFRCNVR5*','' );
INSERT INTO SM_EVT VALUES ( 676,672,0,9,'motor_stopped',0,'','XTFRCNVR9*','' );
INSERT INTO SM_EVT VALUES ( 677,672,0,10,'enable_control',0,'','XTFRCNVR10*','' );
INSERT INTO SM_EVT VALUES ( 41,452,0,1,'activate',0,'','ACTR1','' );
INSERT INTO SM_EVT VALUES ( 895,452,0,2,'de_activate',0,'','ACTR2','' );
INSERT INTO SM_EVT VALUES ( 898,897,0,1,'activate',0,'','ACTR1*','' );
INSERT INTO SM_EVT VALUES ( 899,897,0,2,'de_activate',0,'','ACTR2*','' );
INSERT INTO SM_EVT VALUES ( 1010,1009,0,1,'calc_new_position',0,'','DVRTPKT_A1','' );
INSERT INTO SM_EVT VALUES ( 947,1155,0,2,'divert_packet_received',0,'','DVRTBAY2','' );
INSERT INTO SM_EVT VALUES ( 926,1155,0,1,'receive_sheet',0,'','DVRTBAY1','' );
INSERT INTO SM_EVT VALUES ( 1157,1155,0,3,'start_discharge',0,'','DVRTBAY3','' );
INSERT INTO SM_EVT VALUES ( 1158,1155,0,4,'discharge_complete',0,'','DVRTBAY4','' );
INSERT INTO SM_EVT VALUES ( 1304,1303,0,2,'de_activate',0,'','ACTR2*','' );
INSERT INTO SM_EVT VALUES ( 1305,1303,0,1,'activate',0,'','ACTR1*','' );
INSERT INTO SM_EVT VALUES ( 1306,1303,0,3,'LowerPan',0,'','DVTPAN3','' );
INSERT INTO SM_EVT VALUES ( 1333,1332,0,2,'de_activate',0,'','ACTR2*','' );
INSERT INTO SM_EVT VALUES ( 1334,1332,0,1,'activate',0,'','ACTR1*','' );
INSERT INTO SM_EVT VALUES ( 1358,1357,0,1,'correct_position',0,'','TRKPT_A1','' );
INSERT INTO SM_SEME VALUES ( 374,370,369,0 );
INSERT INTO SM_SEME VALUES ( 374,371,369,0 );
INSERT INTO SM_SEME VALUES ( 374,372,369,0 );
INSERT INTO SM_SEME VALUES ( 374,373,369,0 );
INSERT INTO SM_SEME VALUES ( 378,370,369,0 );
INSERT INTO SM_SEME VALUES ( 378,371,369,0 );
INSERT INTO SM_SEME VALUES ( 378,372,369,0 );
INSERT INTO SM_SEME VALUES ( 378,373,369,0 );
INSERT INTO SM_SEME VALUES ( 396,370,369,0 );
INSERT INTO SM_SEME VALUES ( 396,371,369,0 );
INSERT INTO SM_SEME VALUES ( 396,372,369,0 );
INSERT INTO SM_SEME VALUES ( 396,373,369,0 );
INSERT INTO SM_SEME VALUES ( 454,54,48,0 );
INSERT INTO SM_SEME VALUES ( 454,451,48,0 );
INSERT INTO SM_SEME VALUES ( 454,46,48,0 );
INSERT INTO SM_SEME VALUES ( 454,453,48,0 );
INSERT INTO SM_SEME VALUES ( 463,54,48,0 );
INSERT INTO SM_SEME VALUES ( 463,451,48,0 );
INSERT INTO SM_SEME VALUES ( 463,46,48,0 );
INSERT INTO SM_SEME VALUES ( 463,453,48,0 );
INSERT INTO SM_SEME VALUES ( 472,54,48,0 );
INSERT INTO SM_SEME VALUES ( 472,46,48,0 );
INSERT INTO SM_SEME VALUES ( 472,451,48,0 );
INSERT INTO SM_SEME VALUES ( 472,453,48,0 );
INSERT INTO SM_SEME VALUES ( 567,563,562,0 );
INSERT INTO SM_SEME VALUES ( 567,564,562,0 );
INSERT INTO SM_SEME VALUES ( 567,565,562,0 );
INSERT INTO SM_SEME VALUES ( 567,566,562,0 );
INSERT INTO SM_SEME VALUES ( 571,563,562,0 );
INSERT INTO SM_SEME VALUES ( 571,564,562,0 );
INSERT INTO SM_SEME VALUES ( 571,565,562,0 );
INSERT INTO SM_SEME VALUES ( 571,566,562,0 );
INSERT INTO SM_SEME VALUES ( 589,563,562,0 );
INSERT INTO SM_SEME VALUES ( 589,564,562,0 );
INSERT INTO SM_SEME VALUES ( 589,565,562,0 );
INSERT INTO SM_SEME VALUES ( 589,566,562,0 );
INSERT INTO SM_SEME VALUES ( 619,563,562,0 );
INSERT INTO SM_SEME VALUES ( 619,564,562,0 );
INSERT INTO SM_SEME VALUES ( 619,565,562,0 );
INSERT INTO SM_SEME VALUES ( 619,566,562,0 );
INSERT INTO SM_SEME VALUES ( 637,563,562,0 );
INSERT INTO SM_SEME VALUES ( 637,564,562,0 );
INSERT INTO SM_SEME VALUES ( 637,565,562,0 );
INSERT INTO SM_SEME VALUES ( 637,566,562,0 );
INSERT INTO SM_SEME VALUES ( 678,673,672,0 );
INSERT INTO SM_SEME VALUES ( 678,674,672,0 );
INSERT INTO SM_SEME VALUES ( 678,675,672,0 );
INSERT INTO SM_SEME VALUES ( 678,676,672,0 );
INSERT INTO SM_SEME VALUES ( 678,677,672,0 );
INSERT INTO SM_SEME VALUES ( 701,673,672,0 );
INSERT INTO SM_SEME VALUES ( 701,674,672,0 );
INSERT INTO SM_SEME VALUES ( 701,675,672,0 );
INSERT INTO SM_SEME VALUES ( 701,676,672,0 );
INSERT INTO SM_SEME VALUES ( 701,677,672,0 );
INSERT INTO SM_SEME VALUES ( 722,673,672,0 );
INSERT INTO SM_SEME VALUES ( 722,674,672,0 );
INSERT INTO SM_SEME VALUES ( 722,675,672,0 );
INSERT INTO SM_SEME VALUES ( 722,676,672,0 );
INSERT INTO SM_SEME VALUES ( 722,677,672,0 );
INSERT INTO SM_SEME VALUES ( 755,673,672,0 );
INSERT INTO SM_SEME VALUES ( 755,674,672,0 );
INSERT INTO SM_SEME VALUES ( 755,675,672,0 );
INSERT INTO SM_SEME VALUES ( 755,676,672,0 );
INSERT INTO SM_SEME VALUES ( 755,677,672,0 );
INSERT INTO SM_SEME VALUES ( 900,898,897,0 );
INSERT INTO SM_SEME VALUES ( 900,899,897,0 );
INSERT INTO SM_SEME VALUES ( 904,898,897,0 );
INSERT INTO SM_SEME VALUES ( 904,899,897,0 );
INSERT INTO SM_SEME VALUES ( 1011,1010,1009,0 );
INSERT INTO SM_SEME VALUES ( 1159,947,1155,0 );
INSERT INTO SM_SEME VALUES ( 1159,926,1155,0 );
INSERT INTO SM_SEME VALUES ( 1159,1157,1155,0 );
INSERT INTO SM_SEME VALUES ( 1159,1158,1155,0 );
INSERT INTO SM_SEME VALUES ( 1174,947,1155,0 );
INSERT INTO SM_SEME VALUES ( 1174,926,1155,0 );
INSERT INTO SM_SEME VALUES ( 1174,1157,1155,0 );
INSERT INTO SM_SEME VALUES ( 1174,1158,1155,0 );
INSERT INTO SM_SEME VALUES ( 1193,947,1155,0 );
INSERT INTO SM_SEME VALUES ( 1193,926,1155,0 );
INSERT INTO SM_SEME VALUES ( 1193,1157,1155,0 );
INSERT INTO SM_SEME VALUES ( 1193,1158,1155,0 );
INSERT INTO SM_SEME VALUES ( 1241,947,1155,0 );
INSERT INTO SM_SEME VALUES ( 1241,926,1155,0 );
INSERT INTO SM_SEME VALUES ( 1241,1157,1155,0 );
INSERT INTO SM_SEME VALUES ( 1241,1158,1155,0 );
INSERT INTO SM_SEME VALUES ( 1307,1304,1303,0 );
INSERT INTO SM_SEME VALUES ( 1307,1305,1303,0 );
INSERT INTO SM_SEME VALUES ( 1307,1306,1303,0 );
INSERT INTO SM_SEME VALUES ( 1311,1304,1303,0 );
INSERT INTO SM_SEME VALUES ( 1311,1305,1303,0 );
INSERT INTO SM_SEME VALUES ( 1311,1306,1303,0 );
INSERT INTO SM_SEME VALUES ( 1315,1304,1303,0 );
INSERT INTO SM_SEME VALUES ( 1315,1305,1303,0 );
INSERT INTO SM_SEME VALUES ( 1315,1306,1303,0 );
INSERT INTO SM_SEME VALUES ( 1335,1333,1332,0 );
INSERT INTO SM_SEME VALUES ( 1335,1334,1332,0 );
INSERT INTO SM_SEME VALUES ( 1339,1333,1332,0 );
INSERT INTO SM_SEME VALUES ( 1339,1334,1332,0 );
INSERT INTO SM_SEME VALUES ( 1359,1358,1357,0 );
INSERT INTO SM_NSTXN VALUES ( 413,369,374,371,0 );
INSERT INTO SM_NSTXN VALUES ( 417,369,378,373,0 );
INSERT INTO SM_NSTXN VALUES ( 516,48,454,451,0 );
INSERT INTO SM_NSTXN VALUES ( 527,48,463,453,0 );
INSERT INTO SM_NSTXN VALUES ( 538,48,472,54,0 );
INSERT INTO SM_NSTXN VALUES ( 549,48,463,46,0 );
INSERT INTO SM_NSTXN VALUES ( 654,562,567,564,0 );
INSERT INTO SM_NSTXN VALUES ( 658,562,571,565,0 );
INSERT INTO SM_NSTXN VALUES ( 662,562,589,565,0 );
INSERT INTO SM_NSTXN VALUES ( 666,562,619,566,0 );
INSERT INTO SM_NSTXN VALUES ( 760,672,678,673,0 );
INSERT INTO SM_NSTXN VALUES ( 764,672,701,675,0 );
INSERT INTO SM_NSTXN VALUES ( 768,672,755,676,0 );
INSERT INTO SM_NSTXN VALUES ( 772,672,722,674,0 );
INSERT INTO SM_NSTXN VALUES ( 776,672,722,673,0 );
INSERT INTO SM_NSTXN VALUES ( 780,672,678,677,0 );
INSERT INTO SM_NSTXN VALUES ( 908,897,900,898,0 );
INSERT INTO SM_NSTXN VALUES ( 912,897,904,899,0 );
INSERT INTO SM_NSTXN VALUES ( 1043,1009,1011,1010,0 );
INSERT INTO SM_NSTXN VALUES ( 1278,1155,1193,947,0 );
INSERT INTO SM_NSTXN VALUES ( 1282,1155,1193,926,0 );
INSERT INTO SM_NSTXN VALUES ( 1286,1155,1159,926,0 );
INSERT INTO SM_NSTXN VALUES ( 1290,1155,1174,926,0 );
INSERT INTO SM_NSTXN VALUES ( 1294,1155,1174,1157,0 );
INSERT INTO SM_NSTXN VALUES ( 1298,1155,1241,1158,0 );
INSERT INTO SM_NSTXN VALUES ( 1319,1303,1307,1305,0 );
INSERT INTO SM_NSTXN VALUES ( 1323,1303,1311,1304,0 );
INSERT INTO SM_NSTXN VALUES ( 1327,1303,1315,1306,0 );
INSERT INTO SM_NSTXN VALUES ( 1343,1332,1335,1334,0 );
INSERT INTO SM_NSTXN VALUES ( 1347,1332,1339,1333,0 );
INSERT INTO SM_NSTXN VALUES ( 1382,1357,1359,1358,0 );
INSERT INTO SM_EIGN VALUES ( 637,563,562,0,'' );
INSERT INTO SM_EIGN VALUES ( 678,676,672,0,'' );
INSERT INTO SM_CH VALUES ( 374,370,369,0,'' );
INSERT INTO SM_CH VALUES ( 374,372,369,0,'' );
INSERT INTO SM_CH VALUES ( 374,373,369,0,'' );
INSERT INTO SM_CH VALUES ( 378,370,369,0,'' );
INSERT INTO SM_CH VALUES ( 378,371,369,0,'' );
INSERT INTO SM_CH VALUES ( 378,372,369,0,'' );
INSERT INTO SM_CH VALUES ( 396,370,369,0,'' );
INSERT INTO SM_CH VALUES ( 396,371,369,0,'' );
INSERT INTO SM_CH VALUES ( 396,372,369,0,'' );
INSERT INTO SM_CH VALUES ( 396,373,369,0,'' );
INSERT INTO SM_CH VALUES ( 454,54,48,0,'' );
INSERT INTO SM_CH VALUES ( 454,46,48,0,'' );
INSERT INTO SM_CH VALUES ( 454,453,48,0,'' );
INSERT INTO SM_CH VALUES ( 463,54,48,0,'' );
INSERT INTO SM_CH VALUES ( 463,451,48,0,'' );
INSERT INTO SM_CH VALUES ( 472,46,48,0,'' );
INSERT INTO SM_CH VALUES ( 472,451,48,0,'' );
INSERT INTO SM_CH VALUES ( 472,453,48,0,'' );
INSERT INTO SM_CH VALUES ( 567,563,562,0,'' );
INSERT INTO SM_CH VALUES ( 567,565,562,0,'' );
INSERT INTO SM_CH VALUES ( 567,566,562,0,'' );
INSERT INTO SM_CH VALUES ( 571,563,562,0,'' );
INSERT INTO SM_CH VALUES ( 571,564,562,0,'' );
INSERT INTO SM_CH VALUES ( 571,566,562,0,'' );
INSERT INTO SM_CH VALUES ( 589,563,562,0,'' );
INSERT INTO SM_CH VALUES ( 589,564,562,0,'' );
INSERT INTO SM_CH VALUES ( 589,566,562,0,'' );
INSERT INTO SM_CH VALUES ( 619,563,562,0,'' );
INSERT INTO SM_CH VALUES ( 619,564,562,0,'' );
INSERT INTO SM_CH VALUES ( 619,565,562,0,'' );
INSERT INTO SM_CH VALUES ( 637,564,562,0,'' );
INSERT INTO SM_CH VALUES ( 637,565,562,0,'' );
INSERT INTO SM_CH VALUES ( 637,566,562,0,'' );
INSERT INTO SM_CH VALUES ( 678,674,672,0,'' );
INSERT INTO SM_CH VALUES ( 678,675,672,0,'' );
INSERT INTO SM_CH VALUES ( 701,673,672,0,'' );
INSERT INTO SM_CH VALUES ( 701,674,672,0,'' );
INSERT INTO SM_CH VALUES ( 701,676,672,0,'' );
INSERT INTO SM_CH VALUES ( 701,677,672,0,'' );
INSERT INTO SM_CH VALUES ( 722,675,672,0,'' );
INSERT INTO SM_CH VALUES ( 722,676,672,0,'' );
INSERT INTO SM_CH VALUES ( 722,677,672,0,'' );
INSERT INTO SM_CH VALUES ( 755,673,672,0,'' );
INSERT INTO SM_CH VALUES ( 755,674,672,0,'' );
INSERT INTO SM_CH VALUES ( 755,675,672,0,'' );
INSERT INTO SM_CH VALUES ( 755,677,672,0,'' );
INSERT INTO SM_CH VALUES ( 900,899,897,0,'' );
INSERT INTO SM_CH VALUES ( 904,898,897,0,'' );
INSERT INTO SM_CH VALUES ( 1159,947,1155,0,'' );
INSERT INTO SM_CH VALUES ( 1159,1157,1155,0,'' );
INSERT INTO SM_CH VALUES ( 1159,1158,1155,0,'' );
INSERT INTO SM_CH VALUES ( 1174,947,1155,0,'' );
INSERT INTO SM_CH VALUES ( 1174,1158,1155,0,'' );
INSERT INTO SM_CH VALUES ( 1193,1157,1155,0,'' );
INSERT INTO SM_CH VALUES ( 1193,1158,1155,0,'' );
INSERT INTO SM_CH VALUES ( 1241,947,1155,0,'' );
INSERT INTO SM_CH VALUES ( 1241,926,1155,0,'' );
INSERT INTO SM_CH VALUES ( 1241,1157,1155,0,'' );
INSERT INTO SM_CH VALUES ( 1307,1304,1303,0,'' );
INSERT INTO SM_CH VALUES ( 1307,1306,1303,0,'' );
INSERT INTO SM_CH VALUES ( 1311,1305,1303,0,'' );
INSERT INTO SM_CH VALUES ( 1311,1306,1303,0,'' );
INSERT INTO SM_CH VALUES ( 1315,1304,1303,0,'' );
INSERT INTO SM_CH VALUES ( 1315,1305,1303,0,'' );
INSERT INTO SM_CH VALUES ( 1335,1333,1332,0,'' );
INSERT INTO SM_CH VALUES ( 1339,1334,1332,0,'' );
INSERT INTO SM_TXN VALUES ( 413,369,378,0 );
INSERT INTO SM_TXN VALUES ( 417,369,396,0 );
INSERT INTO SM_TXN VALUES ( 516,48,463,0 );
INSERT INTO SM_TXN VALUES ( 527,48,454,0 );
INSERT INTO SM_TXN VALUES ( 538,48,454,0 );
INSERT INTO SM_TXN VALUES ( 549,48,472,0 );
INSERT INTO SM_TXN VALUES ( 654,562,571,0 );
INSERT INTO SM_TXN VALUES ( 658,562,589,0 );
INSERT INTO SM_TXN VALUES ( 662,562,619,0 );
INSERT INTO SM_TXN VALUES ( 666,562,637,0 );
INSERT INTO SM_TXN VALUES ( 760,672,701,0 );
INSERT INTO SM_TXN VALUES ( 764,672,722,0 );
INSERT INTO SM_TXN VALUES ( 768,672,678,0 );
INSERT INTO SM_TXN VALUES ( 772,672,755,0 );
INSERT INTO SM_TXN VALUES ( 776,672,755,0 );
INSERT INTO SM_TXN VALUES ( 780,672,678,0 );
INSERT INTO SM_TXN VALUES ( 908,897,904,0 );
INSERT INTO SM_TXN VALUES ( 912,897,900,0 );
INSERT INTO SM_TXN VALUES ( 1043,1009,1011,0 );
INSERT INTO SM_TXN VALUES ( 1278,1155,1174,0 );
INSERT INTO SM_TXN VALUES ( 1282,1155,1193,0 );
INSERT INTO SM_TXN VALUES ( 1286,1155,1193,0 );
INSERT INTO SM_TXN VALUES ( 1290,1155,1193,0 );
INSERT INTO SM_TXN VALUES ( 1294,1155,1241,0 );
INSERT INTO SM_TXN VALUES ( 1298,1155,1159,0 );
INSERT INTO SM_TXN VALUES ( 1319,1303,1311,0 );
INSERT INTO SM_TXN VALUES ( 1323,1303,1307,0 );
INSERT INTO SM_TXN VALUES ( 1327,1303,1307,0 );
INSERT INTO SM_TXN VALUES ( 1343,1332,1339,0 );
INSERT INTO SM_TXN VALUES ( 1347,1332,1335,0 );
INSERT INTO SM_TXN VALUES ( 1382,1357,1359,0 );
INSERT INTO SM_MOORE VALUES ( 364 );
INSERT INTO SM_MOORE VALUES ( 369 );
INSERT INTO SM_MOORE VALUES ( 48 );
INSERT INTO SM_MOORE VALUES ( 562 );
INSERT INTO SM_MOORE VALUES ( 672 );
INSERT INTO SM_MOORE VALUES ( 787 );
INSERT INTO SM_MOORE VALUES ( 452 );
INSERT INTO SM_MOORE VALUES ( 897 );
INSERT INTO SM_MOORE VALUES ( 1009 );
INSERT INTO SM_MOORE VALUES ( 1155 );
INSERT INTO SM_MOORE VALUES ( 1303 );
INSERT INTO SM_MOORE VALUES ( 1332 );
INSERT INTO SM_MOORE VALUES ( 1357 );
INSERT INTO SM_MOAH VALUES ( 375,369,374 );
INSERT INTO SM_MOAH VALUES ( 379,369,378 );
INSERT INTO SM_MOAH VALUES ( 397,369,396 );
INSERT INTO SM_MOAH VALUES ( 455,48,454 );
INSERT INTO SM_MOAH VALUES ( 464,48,463 );
INSERT INTO SM_MOAH VALUES ( 473,48,472 );
INSERT INTO SM_MOAH VALUES ( 568,562,567 );
INSERT INTO SM_MOAH VALUES ( 572,562,571 );
INSERT INTO SM_MOAH VALUES ( 590,562,589 );
INSERT INTO SM_MOAH VALUES ( 620,562,619 );
INSERT INTO SM_MOAH VALUES ( 638,562,637 );
INSERT INTO SM_MOAH VALUES ( 679,672,678 );
INSERT INTO SM_MOAH VALUES ( 702,672,701 );
INSERT INTO SM_MOAH VALUES ( 723,672,722 );
INSERT INTO SM_MOAH VALUES ( 756,672,755 );
INSERT INTO SM_MOAH VALUES ( 901,897,900 );
INSERT INTO SM_MOAH VALUES ( 905,897,904 );
INSERT INTO SM_MOAH VALUES ( 1012,1009,1011 );
INSERT INTO SM_MOAH VALUES ( 1160,1155,1159 );
INSERT INTO SM_MOAH VALUES ( 1175,1155,1174 );
INSERT INTO SM_MOAH VALUES ( 1194,1155,1193 );
INSERT INTO SM_MOAH VALUES ( 1242,1155,1241 );
INSERT INTO SM_MOAH VALUES ( 1308,1303,1307 );
INSERT INTO SM_MOAH VALUES ( 1312,1303,1311 );
INSERT INTO SM_MOAH VALUES ( 1316,1303,1315 );
INSERT INTO SM_MOAH VALUES ( 1336,1332,1335 );
INSERT INTO SM_MOAH VALUES ( 1340,1332,1339 );
INSERT INTO SM_MOAH VALUES ( 1360,1357,1359 );
INSERT INTO SM_AH VALUES ( 375,369 );
INSERT INTO SM_AH VALUES ( 379,369 );
INSERT INTO SM_AH VALUES ( 397,369 );
INSERT INTO SM_AH VALUES ( 414,369 );
INSERT INTO SM_AH VALUES ( 418,369 );
INSERT INTO SM_AH VALUES ( 455,48 );
INSERT INTO SM_AH VALUES ( 464,48 );
INSERT INTO SM_AH VALUES ( 473,48 );
INSERT INTO SM_AH VALUES ( 517,48 );
INSERT INTO SM_AH VALUES ( 528,48 );
INSERT INTO SM_AH VALUES ( 539,48 );
INSERT INTO SM_AH VALUES ( 550,48 );
INSERT INTO SM_AH VALUES ( 568,562 );
INSERT INTO SM_AH VALUES ( 572,562 );
INSERT INTO SM_AH VALUES ( 590,562 );
INSERT INTO SM_AH VALUES ( 620,562 );
INSERT INTO SM_AH VALUES ( 638,562 );
INSERT INTO SM_AH VALUES ( 655,562 );
INSERT INTO SM_AH VALUES ( 659,562 );
INSERT INTO SM_AH VALUES ( 663,562 );
INSERT INTO SM_AH VALUES ( 667,562 );
INSERT INTO SM_AH VALUES ( 679,672 );
INSERT INTO SM_AH VALUES ( 702,672 );
INSERT INTO SM_AH VALUES ( 723,672 );
INSERT INTO SM_AH VALUES ( 756,672 );
INSERT INTO SM_AH VALUES ( 761,672 );
INSERT INTO SM_AH VALUES ( 765,672 );
INSERT INTO SM_AH VALUES ( 769,672 );
INSERT INTO SM_AH VALUES ( 773,672 );
INSERT INTO SM_AH VALUES ( 777,672 );
INSERT INTO SM_AH VALUES ( 781,672 );
INSERT INTO SM_AH VALUES ( 901,897 );
INSERT INTO SM_AH VALUES ( 905,897 );
INSERT INTO SM_AH VALUES ( 909,897 );
INSERT INTO SM_AH VALUES ( 913,897 );
INSERT INTO SM_AH VALUES ( 1012,1009 );
INSERT INTO SM_AH VALUES ( 1044,1009 );
INSERT INTO SM_AH VALUES ( 1160,1155 );
INSERT INTO SM_AH VALUES ( 1175,1155 );
INSERT INTO SM_AH VALUES ( 1194,1155 );
INSERT INTO SM_AH VALUES ( 1242,1155 );
INSERT INTO SM_AH VALUES ( 1279,1155 );
INSERT INTO SM_AH VALUES ( 1283,1155 );
INSERT INTO SM_AH VALUES ( 1287,1155 );
INSERT INTO SM_AH VALUES ( 1291,1155 );
INSERT INTO SM_AH VALUES ( 1295,1155 );
INSERT INTO SM_AH VALUES ( 1299,1155 );
INSERT INTO SM_AH VALUES ( 1308,1303 );
INSERT INTO SM_AH VALUES ( 1312,1303 );
INSERT INTO SM_AH VALUES ( 1316,1303 );
INSERT INTO SM_AH VALUES ( 1320,1303 );
INSERT INTO SM_AH VALUES ( 1324,1303 );
INSERT INTO SM_AH VALUES ( 1328,1303 );
INSERT INTO SM_AH VALUES ( 1336,1332 );
INSERT INTO SM_AH VALUES ( 1340,1332 );
INSERT INTO SM_AH VALUES ( 1344,1332 );
INSERT INTO SM_AH VALUES ( 1348,1332 );
INSERT INTO SM_AH VALUES ( 1360,1357 );
INSERT INTO SM_AH VALUES ( 1383,1357 );
INSERT INTO SM_ACT VALUES ( 375,369,1,'','' );
INSERT INTO SM_ACT VALUES ( 379,369,1,'// Run the conveyor long enough for it to clear it''s length

select one auto_seq related by self->AUTOSEQ[R9];
xtfrcnvr::jog(direction: auto_seq.motor_direction, 
               velocity: -1, 
           acceleration: -1, 
               duration: auto_seq.time_to_run);

','' );
INSERT INTO SM_ACT VALUES ( 397,369,1,'// The move is complete, clean up and notify Cross Transfer Conveyor
select one auto_seq related by self->AUTOSEQ[R9];
select one xtfr_conveyor related by auto_seq->XTFRCNVR[R8];

unrelate auto_seq from xtfr_conveyor across R8;
unrelate self from auto_seq across R9;

generate XTFRCNVR7:automatic_sequence_cmplt() to xtfr_conveyor;

delete object instance self;
','' );
INSERT INTO SM_ACT VALUES ( 414,369,1,'','' );
INSERT INTO SM_ACT VALUES ( 418,369,1,'','' );
INSERT INTO SM_ACT VALUES ( 455,48,1,'// Create the manual sequence
create object instance man_seq of MANSEQ;
relate man_seq to self across R8;

generate XTFRCNVR10:enable_control() to man_seq;

','' );
INSERT INTO SM_ACT VALUES ( 464,48,1,'// Stop the conveyor while sheets are being diverted into the bay.
// 


// Create the motion inhibited sub-type class
create object instance motion_inh of MOTINH;
relate motion_inh to self across R8;

xtfrcnvr::stop();
','' );
INSERT INTO SM_ACT VALUES ( 473,48,1,'// A scrap or inspection divert is starting.  
// 



// Switch to the AutomaticSequence sub-type

// Create the automatic sequence
create object instance auto_seq of AUTOSEQ;
relate auto_seq to self across R8;

// Create the automatic sequence initial sub-type
select one xtfr_cnvr related by auto_seq->XTFRCNVR[R8];
auto_seq.motor_direction = xtfr_cnvr.GetMotorDirection(machine_side: rcvd_evt.direction);

if rcvd_evt.control_alg == Divert_Conv_Discharge_Alg::Dist_x1_Rollout;
   // Create the single length rollout jog
   create object instance conv_len_rollout of CLX1DCGSEQ;
   relate conv_len_rollout to auto_seq across R9;
   auto_seq.time_to_run = 90;   
   
elif rcvd_evt.control_alg == Divert_Conv_Discharge_Alg::Dist_x2_Hesitating_Rollout;
   // Create the hesitating rollout jog
   create object instance hesitate_rollout of CLX2HRDCGSEQ;
   relate hesitate_rollout to auto_seq across R9;
   auto_seq.time_to_run = 180;

end if;

generate AUTOSEQ11:initiate_auto_seq() to auto_seq;
','' );
INSERT INTO SM_ACT VALUES ( 517,48,1,'// Delete the manual sequence
select one manual_seq related by self->MANSEQ[R8];
unrelate manual_seq from self across R8;
delete object instance manual_seq;

','' );
INSERT INTO SM_ACT VALUES ( 528,48,1,'// Delete the motion inhibited class
select one motion_inh related by self->MOTINH[R8];
unrelate motion_inh from self across R8;
delete object instance motion_inh;

','' );
INSERT INTO SM_ACT VALUES ( 539,48,1,'// Delete the auto sequence class
select one auto_seq related by self->AUTOSEQ[R8];
unrelate auto_seq from self across R8;
delete object instance auto_seq;

','' );
INSERT INTO SM_ACT VALUES ( 550,48,1,'// Delete the motion inhibited class
select one motion_inh related by self->MOTINH[R8];
unrelate motion_inh from self across R8;
delete object instance motion_inh;

','' );
INSERT INTO SM_ACT VALUES ( 568,562,1,'','' );
INSERT INTO SM_ACT VALUES ( 572,562,1,'// Run the conveyor for a short time in the desired direction. 
// 


select one auto_seq related by self->AUTOSEQ[R9];

// Jog the conveyor for a short time
xtfrcnvr::jog(direction: auto_seq.motor_direction, velocity: -1, acceleration: -1, duration: self.preliminary_move_time);

','' );
INSERT INTO SM_ACT VALUES ( 590,562,1,'// Run the conveyor in the opposite direction for the same time as done in the 
//    previous move to free any scrap sheets that are lodged.
// 


select one auto_seq related by self->AUTOSEQ[R9];

motor_dir = Motor_Direction::Forward;
if auto_seq.motor_direction == Motor_Direction::Forward;
   motor_dir = Motor_Direction::Reverse;
end if;

// Jog the conveyor for a short time in the opposite direction
xtfrcnvr::jog(direction: motor_dir, velocity: -1, acceleration: -1, duration: self.preliminary_move_time);

','' );
INSERT INTO SM_ACT VALUES ( 620,562,1,'// Run the conveyor to discharge the scrap
// 


select one auto_seq related by self->AUTOSEQ[R9];

xtfrcnvr::jog(direction: auto_seq.motor_direction, velocity: -1, acceleration: -1, duration: auto_seq.time_to_run);

','' );
INSERT INTO SM_ACT VALUES ( 638,562,1,'// The move is complete, clean up and notify Cross Transfer Conveyor
select one auto_seq related by self->AUTOSEQ[R9];
select one xtfr_conveyor related by auto_seq->XTFRCNVR[R8];

unrelate auto_seq from xtfr_conveyor across R8;
unrelate self from auto_seq across R9;

generate XTFRCNVR7:automatic_sequence_cmplt() to xtfr_conveyor;

delete object instance self;

','' );
INSERT INTO SM_ACT VALUES ( 655,562,1,'','' );
INSERT INTO SM_ACT VALUES ( 659,562,1,'','' );
INSERT INTO SM_ACT VALUES ( 663,562,1,'','' );
INSERT INTO SM_ACT VALUES ( 667,562,1,'','' );
INSERT INTO SM_ACT VALUES ( 679,672,1,'// Check to see if the switch position has changed and if so initiate a jog.
// 


position = Client::get_xtfr_jog_switch_position();

if position == Jog_Switch_Position::Operator;
   generate XTFRCNVR3:jog(direction: Machine_Side::Operator) to self;
elif position == Jog_Switch_Position::Drive;
   generate XTFRCNVR3:jog(direction: Machine_Side::Drive) to self;
end if;

','' );
INSERT INTO SM_ACT VALUES ( 702,672,1,'// Jog the conveyor to the requested side
// 


// Save the requested direction
self.jog_direction = rcvd_evt.direction;

// Translate the machine side into a motor direction then jog conveyor.
select one conveyor related by self->XTFRCNVR[R8];
xtfrcnvr::jog(direction: conveyor.GetMotorDirection(machine_side: rcvd_evt.direction),
               velocity: -1, 
           acceleration: -1, 
               duration: 0000);  // 30 seconds max jog duration, 0 for testing 
','' );
INSERT INTO SM_ACT VALUES ( 723,672,1,'// Check to see if the switch position has changed and if so initiate a stop.
// 


position = Client::get_xtfr_jog_switch_position();

if ((position == Jog_Switch_Position::Stop) or
    (position == Jog_Switch_Position::Operator and self.jog_direction == Machine_Side::Drive) or
    (position == Jog_Switch_Position::Drive and self.jog_direction == Machine_Side::Operator)
   );
   // The switch position doesn''t agree with what the conveyor is doing, stop it.
   generate XTFRCNVR4:jog_complete() to self;
end if;
','' );
INSERT INTO SM_ACT VALUES ( 756,672,1,'// The user has finished moving the cross transfer conveyor
xtfrcnvr::stop();


','' );
INSERT INTO SM_ACT VALUES ( 761,672,1,'','' );
INSERT INTO SM_ACT VALUES ( 765,672,1,'','' );
INSERT INTO SM_ACT VALUES ( 769,672,1,'','' );
INSERT INTO SM_ACT VALUES ( 773,672,1,'','' );
INSERT INTO SM_ACT VALUES ( 777,672,1,'','' );
INSERT INTO SM_ACT VALUES ( 781,672,1,'','' );
INSERT INTO SM_ACT VALUES ( 901,897,1,'','' );
INSERT INTO SM_ACT VALUES ( 905,897,1,'','' );
INSERT INTO SM_ACT VALUES ( 909,897,1,'','' );
INSERT INTO SM_ACT VALUES ( 913,897,1,'','' );
INSERT INTO SM_ACT VALUES ( 1012,1009,1,'// Calculate how far the web has moved and how far the sheets in the sheet
//    handling system have moved.
// 


// Obtain the speeds from required interface
web_speed = 100;           // Units = Meter / Minute
sheet_handler_speed = 105; // Units = Meter / Minute

// Determine how far the web has moved relative to the last calculation.

// x1 = x0 + (v0 * t) + (0.5 * a * t^2);  x0 = 0, a = 0, t = 1 mSec
web_dist = web_speed / 60;              // Units = mm / mSec
sheet_dist = sheet_handler_speed / 60;  // Units = mm / mSec

// Update the position of the divert packets
select many divert_packets from DVRTPKT;
for each divert_packet in divert_packets;
   divert_packet.UpdatePosition(web_travel_dist: web_dist, sheet_travel_dist: sheet_dist);
end for;

','' );
INSERT INTO SM_ACT VALUES ( 1044,1009,1,'','' );
INSERT INTO SM_ACT VALUES ( 1160,1155,1,'// The stack has been diverted, remove it!
select one divert_stack related by self->DVRTSTK[R6];
if not_empty divert_stack;
   unrelate self from divert_stack across R6;
   delete object instance divert_stack;
end if;
','' );
INSERT INTO SM_ACT VALUES ( 1175,1155,1,'// If there is another divert packet, determine if there is enough time to 
//    discharge this stack before the next sheets arrive.
// 



// Assuming enough time for now.  Initiate the discharge in 2 seconds to allow
//    the sheets time to settle.
// 

create event instance timer_expired of DVRTBAY3:start_discharge() to self;
self.sheet_settling_timer = 
            TIM::timer_start(microseconds: 2 * 1000 * 1000, 
                               event_inst: timer_expired);
','' );
INSERT INTO SM_ACT VALUES ( 1194,1155,1,'// Receive sheets from the divert packet.
// 


select one divert_stack related by self->DVRTSTK[R6];
if empty divert_stack;
   // divert stack doesn''t exist, create it
   create object instance divert_stack of DVRTSTK;
   relate divert_stack to self across R6;
         
   // Initialize the stacks attributes
   select one divert_packet related by self->DVRTPKT[R4];
   divert_stack.stack_type = divert_packet.type;
   divert_stack.number_of_sheets = 1;
   divert_stack.stack_thickness = rcvd_evt.sheet_caliper;
else;
   // divert stack exists, update attributes
   divert_stack.number_of_sheets = divert_stack.number_of_sheets + 1;
   divert_stack.stack_thickness = divert_stack.stack_thickness + rcvd_evt.sheet_caliper;
end if;
','' );
INSERT INTO SM_ACT VALUES ( 1242,1155,1,'// Instruct the Cross Transfer Conveyor to run this stack out
select one divert_stack related by self->DVRTSTK[R6];

discharge_dir = Machine_Side::Operator;
discharge_alg = Divert_Conv_Discharge_Alg::Dist_x1_Rollout;
if divert_stack.stack_type == Divert_Packet::Scrap;
   discharge_dir = Machine_Side::Drive;
   discharge_alg = Divert_Conv_Discharge_Alg::Dist_x2_Hesitating_Rollout;
end if;

select one cross_transfer_conveyor related by self->XTFRCNVR[R7];
generate XTFRCNVR6:discharge(direction: discharge_dir, control_alg: discharge_alg) to cross_transfer_conveyor;
','' );
INSERT INTO SM_ACT VALUES ( 1279,1155,1,'','' );
INSERT INTO SM_ACT VALUES ( 1283,1155,1,'','' );
INSERT INTO SM_ACT VALUES ( 1287,1155,1,'','' );
INSERT INTO SM_ACT VALUES ( 1291,1155,1,'','' );
INSERT INTO SM_ACT VALUES ( 1295,1155,1,'','' );
INSERT INTO SM_ACT VALUES ( 1299,1155,1,'','' );
INSERT INTO SM_ACT VALUES ( 1308,1303,1,'','' );
INSERT INTO SM_ACT VALUES ( 1312,1303,1,'','' );
INSERT INTO SM_ACT VALUES ( 1316,1303,1,'','' );
INSERT INTO SM_ACT VALUES ( 1320,1303,1,'','' );
INSERT INTO SM_ACT VALUES ( 1324,1303,1,'','' );
INSERT INTO SM_ACT VALUES ( 1328,1303,1,'','' );
INSERT INTO SM_ACT VALUES ( 1336,1332,1,'','' );
INSERT INTO SM_ACT VALUES ( 1340,1332,1,'','' );
INSERT INTO SM_ACT VALUES ( 1344,1332,1,'','' );
INSERT INTO SM_ACT VALUES ( 1348,1332,1,'','' );
INSERT INTO SM_ACT VALUES ( 1360,1357,1,'// Update the position of all tracking points

// Obtain the current velocity of the sheet handling system
sheet_handler_velocity = 0; // velocity from required interface
   
select many tracking_points from TRKPT;
for each tracking_point in tracking_points;
   // x0 = x1 - (v0 * t) : Not accounting for acceleration changes
   tracking_point.effective_position = tracking_point.actual_position - (sheet_handler_velocity * tracking_point.offset_time); // * scaling for proper units; 
   
end for;
','' );
INSERT INTO SM_ACT VALUES ( 1383,1357,1,'','' );
INSERT INTO SM_EVTDI VALUES ( 60,48,'direction','',288,'',58,0 );
INSERT INTO SM_EVTDI VALUES ( 49,48,'direction','',288,'',46,51 );
INSERT INTO SM_EVTDI VALUES ( 51,48,'control_alg','',450,'',46,0 );
INSERT INTO SM_EVTDI VALUES ( 1156,1155,'sheet_caliper','',217,'',926,0 );
INSERT INTO SM_ISM VALUES ( 364,347 );
INSERT INTO SM_ISM VALUES ( 369,354 );
INSERT INTO SM_ISM VALUES ( 48,17 );
INSERT INTO SM_ISM VALUES ( 562,121 );
INSERT INTO SM_ISM VALUES ( 672,27 );
INSERT INTO SM_ISM VALUES ( 787,349 );
INSERT INTO SM_ISM VALUES ( 452,109 );
INSERT INTO SM_ISM VALUES ( 897,805 );
INSERT INTO SM_ISM VALUES ( 1155,115 );
INSERT INTO SM_ISM VALUES ( 1303,803 );
INSERT INTO SM_ISM VALUES ( 1332,801 );
INSERT INTO SM_ASM VALUES ( 1009,189 );
INSERT INTO SM_ASM VALUES ( 1357,814 );
INSERT INTO SM_PEVT VALUES ( 127,364,0,'Automatic Sequence','AUTOSEQ','initiate_auto_seq' );
INSERT INTO SM_PEVT VALUES ( 58,48,0,'Cross Transfer Conveyor','XTFRCNVR','jog' );
INSERT INTO SM_PEVT VALUES ( 150,48,0,'Cross Transfer Conveyor','XTFRCNVR','jog_complete' );
INSERT INTO SM_PEVT VALUES ( 62,48,0,'Cross Transfer Conveyor','XTFRCNVR','drive_rdy_for_inst' );
INSERT INTO SM_PEVT VALUES ( 152,48,0,'Cross Transfer Conveyor','XTFRCNVR','motor_stopped' );
INSERT INTO SM_PEVT VALUES ( 64,48,0,'Cross Transfer Conveyor','XTFRCNVR','enable_control' );
INSERT INTO SM_PEVT VALUES ( 41,452,0,'Actuator','ACTR','activate' );
INSERT INTO SM_PEVT VALUES ( 895,452,0,'Actuator','ACTR','de_activate' );
INSERT INTO SM_SEVT VALUES ( 365,364,0 );
INSERT INTO SM_SEVT VALUES ( 370,369,0 );
INSERT INTO SM_SEVT VALUES ( 371,369,0 );
INSERT INTO SM_SEVT VALUES ( 372,369,0 );
INSERT INTO SM_SEVT VALUES ( 373,369,0 );
INSERT INTO SM_SEVT VALUES ( 54,48,0 );
INSERT INTO SM_SEVT VALUES ( 46,48,0 );
INSERT INTO SM_SEVT VALUES ( 451,48,0 );
INSERT INTO SM_SEVT VALUES ( 453,48,0 );
INSERT INTO SM_SEVT VALUES ( 563,562,0 );
INSERT INTO SM_SEVT VALUES ( 564,562,0 );
INSERT INTO SM_SEVT VALUES ( 565,562,0 );
INSERT INTO SM_SEVT VALUES ( 566,562,0 );
INSERT INTO SM_SEVT VALUES ( 673,672,0 );
INSERT INTO SM_SEVT VALUES ( 674,672,0 );
INSERT INTO SM_SEVT VALUES ( 675,672,0 );
INSERT INTO SM_SEVT VALUES ( 676,672,0 );
INSERT INTO SM_SEVT VALUES ( 677,672,0 );
INSERT INTO SM_SEVT VALUES ( 898,897,0 );
INSERT INTO SM_SEVT VALUES ( 899,897,0 );
INSERT INTO SM_SEVT VALUES ( 1010,1009,0 );
INSERT INTO SM_SEVT VALUES ( 947,1155,0 );
INSERT INTO SM_SEVT VALUES ( 926,1155,0 );
INSERT INTO SM_SEVT VALUES ( 1157,1155,0 );
INSERT INTO SM_SEVT VALUES ( 1158,1155,0 );
INSERT INTO SM_SEVT VALUES ( 1304,1303,0 );
INSERT INTO SM_SEVT VALUES ( 1305,1303,0 );
INSERT INTO SM_SEVT VALUES ( 1306,1303,0 );
INSERT INTO SM_SEVT VALUES ( 1333,1332,0 );
INSERT INTO SM_SEVT VALUES ( 1334,1332,0 );
INSERT INTO SM_SEVT VALUES ( 1358,1357,0 );
INSERT INTO SM_NLEVT VALUES ( 371,369,0,127,364,0,'' );
INSERT INTO SM_NLEVT VALUES ( 372,369,0,150,48,0,'' );
INSERT INTO SM_NLEVT VALUES ( 373,369,0,152,48,0,'' );
INSERT INTO SM_NLEVT VALUES ( 451,48,0,41,452,0,'' );
INSERT INTO SM_NLEVT VALUES ( 564,562,0,127,364,0,'' );
INSERT INTO SM_NLEVT VALUES ( 565,562,0,150,48,0,'' );
INSERT INTO SM_NLEVT VALUES ( 566,562,0,152,48,0,'' );
INSERT INTO SM_NLEVT VALUES ( 673,672,0,58,48,0,'' );
INSERT INTO SM_NLEVT VALUES ( 674,672,0,150,48,0,'' );
INSERT INTO SM_NLEVT VALUES ( 675,672,0,62,48,0,'' );
INSERT INTO SM_NLEVT VALUES ( 676,672,0,152,48,0,'' );
INSERT INTO SM_NLEVT VALUES ( 677,672,0,64,48,0,'' );
INSERT INTO SM_NLEVT VALUES ( 898,897,0,41,452,0,'' );
INSERT INTO SM_NLEVT VALUES ( 899,897,0,895,452,0,'' );
INSERT INTO SM_NLEVT VALUES ( 1304,1303,0,895,452,0,'' );
INSERT INTO SM_NLEVT VALUES ( 1305,1303,0,41,452,0,'' );
INSERT INTO SM_NLEVT VALUES ( 1333,1332,0,895,452,0,'' );
INSERT INTO SM_NLEVT VALUES ( 1334,1332,0,41,452,0,'' );
INSERT INTO SM_LEVT VALUES ( 365,364,0 );
INSERT INTO SM_LEVT VALUES ( 370,369,0 );
INSERT INTO SM_LEVT VALUES ( 54,48,0 );
INSERT INTO SM_LEVT VALUES ( 46,48,0 );
INSERT INTO SM_LEVT VALUES ( 453,48,0 );
INSERT INTO SM_LEVT VALUES ( 563,562,0 );
INSERT INTO SM_LEVT VALUES ( 1010,1009,0 );
INSERT INTO SM_LEVT VALUES ( 947,1155,0 );
INSERT INTO SM_LEVT VALUES ( 926,1155,0 );
INSERT INTO SM_LEVT VALUES ( 1157,1155,0 );
INSERT INTO SM_LEVT VALUES ( 1158,1155,0 );
INSERT INTO SM_LEVT VALUES ( 1306,1303,0 );
INSERT INTO SM_LEVT VALUES ( 1358,1357,0 );
INSERT INTO SM_TAH VALUES ( 414,369,413 );
INSERT INTO SM_TAH VALUES ( 418,369,417 );
INSERT INTO SM_TAH VALUES ( 517,48,516 );
INSERT INTO SM_TAH VALUES ( 528,48,527 );
INSERT INTO SM_TAH VALUES ( 539,48,538 );
INSERT INTO SM_TAH VALUES ( 550,48,549 );
INSERT INTO SM_TAH VALUES ( 655,562,654 );
INSERT INTO SM_TAH VALUES ( 659,562,658 );
INSERT INTO SM_TAH VALUES ( 663,562,662 );
INSERT INTO SM_TAH VALUES ( 667,562,666 );
INSERT INTO SM_TAH VALUES ( 761,672,760 );
INSERT INTO SM_TAH VALUES ( 765,672,764 );
INSERT INTO SM_TAH VALUES ( 769,672,768 );
INSERT INTO SM_TAH VALUES ( 773,672,772 );
INSERT INTO SM_TAH VALUES ( 777,672,776 );
INSERT INTO SM_TAH VALUES ( 781,672,780 );
INSERT INTO SM_TAH VALUES ( 909,897,908 );
INSERT INTO SM_TAH VALUES ( 913,897,912 );
INSERT INTO SM_TAH VALUES ( 1044,1009,1043 );
INSERT INTO SM_TAH VALUES ( 1279,1155,1278 );
INSERT INTO SM_TAH VALUES ( 1283,1155,1282 );
INSERT INTO SM_TAH VALUES ( 1287,1155,1286 );
INSERT INTO SM_TAH VALUES ( 1291,1155,1290 );
INSERT INTO SM_TAH VALUES ( 1295,1155,1294 );
INSERT INTO SM_TAH VALUES ( 1299,1155,1298 );
INSERT INTO SM_TAH VALUES ( 1320,1303,1319 );
INSERT INTO SM_TAH VALUES ( 1324,1303,1323 );
INSERT INTO SM_TAH VALUES ( 1328,1303,1327 );
INSERT INTO SM_TAH VALUES ( 1344,1332,1343 );
INSERT INTO SM_TAH VALUES ( 1348,1332,1347 );
INSERT INTO SM_TAH VALUES ( 1383,1357,1382 );
INSERT INTO ACT_BLK VALUES ( 185,1,0,0,'','','',21,1,20,50,0,0,20,58,0,0,0,0,0,184,0 );
INSERT INTO ACT_BLK VALUES ( 209,0,0,0,'next','','',27,4,0,0,0,0,27,49,27,52,0,0,0,184,0 );
INSERT INTO ACT_BLK VALUES ( 235,1,0,0,'','','',24,7,24,56,0,0,24,64,24,67,0,0,0,184,0 );
INSERT INTO ACT_BLK VALUES ( 244,0,0,0,'','','',1,1,0,0,0,0,0,0,0,0,0,0,0,243,0 );
INSERT INTO ACT_BLK VALUES ( 250,0,0,0,'','','',0,0,0,0,0,0,0,0,0,0,0,0,0,249,0 );
INSERT INTO ACT_BLK VALUES ( 254,0,0,0,'','','',0,0,0,0,0,0,0,0,0,0,0,0,0,253,0 );
INSERT INTO ACT_BLK VALUES ( 257,1,0,0,'','','',12,1,5,44,0,0,0,0,0,0,12,28,0,256,0 );
INSERT INTO ACT_BLK VALUES ( 261,0,0,0,'V_VAR.Var_ID','','',7,4,0,0,0,0,0,0,0,0,0,0,0,256,0 );
INSERT INTO ACT_BLK VALUES ( 264,0,0,0,'V_VAR.Var_ID','direction','direction',9,4,0,0,0,0,0,0,0,0,9,38,0,256,0 );
INSERT INTO ACT_BLK VALUES ( 267,0,0,0,'V_VAR.Var_ID','direction','direction',11,4,0,0,0,0,0,0,0,0,11,38,0,256,0 );
INSERT INTO ACT_BLK VALUES ( 270,0,0,0,'','','',12,59,0,0,0,0,0,0,0,0,0,0,0,256,0 );
INSERT INTO ACT_BLK VALUES ( 301,0,0,0,'','','',0,0,0,0,0,0,0,0,0,0,0,0,0,300,0 );
INSERT INTO ACT_BLK VALUES ( 304,0,0,0,'','','',0,0,0,0,0,0,0,0,0,0,0,0,0,303,0 );
INSERT INTO ACT_BLK VALUES ( 307,1,0,0,'V_VAR.Var_ID','','',5,1,4,44,0,0,0,0,0,0,0,0,0,306,0 );
INSERT INTO ACT_BLK VALUES ( 313,1,0,0,'V_VAR.Var_ID','','',5,1,4,44,0,0,0,0,0,0,0,0,0,312,0 );
INSERT INTO ACT_BLK VALUES ( 326,0,0,0,'','','',0,0,0,0,0,0,0,0,0,0,0,0,0,325,0 );
INSERT INTO ACT_BLK VALUES ( 333,0,0,0,'','','',0,0,0,0,0,0,0,0,0,0,0,0,0,332,0 );
INSERT INTO ACT_BLK VALUES ( 336,0,0,0,'','','',0,0,0,0,0,0,0,0,0,0,0,0,0,335,0 );
INSERT INTO ACT_BLK VALUES ( 339,0,0,0,'','','',0,0,0,0,0,0,0,0,0,0,0,0,0,338,0 );
INSERT INTO ACT_BLK VALUES ( 342,0,0,0,'','','',0,0,0,0,0,0,0,0,0,0,0,0,0,341,0 );
INSERT INTO ACT_BLK VALUES ( 377,0,0,0,'','','',0,0,0,0,0,0,0,0,0,0,0,0,0,376,0 );
INSERT INTO ACT_BLK VALUES ( 381,1,0,0,'xtfrcnvr','','',4,1,4,1,0,0,3,46,0,0,0,0,0,380,0 );
INSERT INTO ACT_BLK VALUES ( 399,1,0,0,'V_VAR.Var_ID','','',10,1,3,47,0,0,6,36,0,0,0,0,0,398,0 );
INSERT INTO ACT_BLK VALUES ( 416,0,0,0,'','','',0,0,0,0,0,0,0,0,0,0,0,0,0,415,0 );
INSERT INTO ACT_BLK VALUES ( 420,0,0,0,'','','',0,0,0,0,0,0,0,0,0,0,0,0,0,419,0 );
INSERT INTO ACT_BLK VALUES ( 422,0,0,0,'','','',9,1,0,0,0,0,0,0,0,0,2,26,0,421,0 );
INSERT INTO ACT_BLK VALUES ( 428,0,0,0,'','','',4,4,0,0,0,0,0,0,0,0,4,26,0,421,0 );
INSERT INTO ACT_BLK VALUES ( 440,0,0,0,'','','',5,7,0,0,0,0,0,0,0,0,5,19,0,421,0 );
INSERT INTO ACT_BLK VALUES ( 457,0,0,0,'V_VAR.Var_ID','','',5,1,2,35,0,0,3,31,0,0,0,0,0,456,0 );
INSERT INTO ACT_BLK VALUES ( 466,0,0,0,'xtfrcnvr','','',8,1,8,1,0,0,6,34,0,0,0,0,0,465,0 );
INSERT INTO ACT_BLK VALUES ( 475,1,0,0,'V_VAR.Var_ID','','',29,1,12,43,0,0,12,52,0,0,21,30,0,474,0 );
INSERT INTO ACT_BLK VALUES ( 489,0,0,0,'','','',19,4,17,47,0,0,18,47,0,0,0,0,0,474,0 );
INSERT INTO ACT_BLK VALUES ( 492,0,0,0,'','','',25,4,23,47,0,0,24,47,0,0,0,0,0,474,0 );
INSERT INTO ACT_BLK VALUES ( 519,1,0,0,'','','',4,1,2,40,0,0,3,38,0,0,0,0,0,518,0 );
INSERT INTO ACT_BLK VALUES ( 530,1,0,0,'','','',4,1,2,40,0,0,3,38,0,0,0,0,0,529,0 );
INSERT INTO ACT_BLK VALUES ( 541,1,0,0,'','','',4,1,2,38,0,0,3,36,0,0,0,0,0,540,0 );
INSERT INTO ACT_BLK VALUES ( 552,1,0,0,'','','',4,1,2,40,0,0,3,38,0,0,0,0,0,551,0 );
INSERT INTO ACT_BLK VALUES ( 570,0,0,0,'','','',0,0,0,0,0,0,0,0,0,0,0,0,0,569,0 );
INSERT INTO ACT_BLK VALUES ( 574,1,0,0,'xtfrcnvr','','',7,1,7,1,0,0,4,46,0,0,0,0,0,573,0 );
INSERT INTO ACT_BLK VALUES ( 592,1,0,0,'xtfrcnvr','','',13,1,13,1,0,0,5,46,0,0,8,32,0,591,0 );
INSERT INTO ACT_BLK VALUES ( 602,0,0,0,'','','',9,4,0,0,0,0,0,0,0,0,9,16,0,591,0 );
INSERT INTO ACT_BLK VALUES ( 622,1,0,0,'xtfrcnvr','','',6,1,6,1,0,0,4,46,0,0,0,0,0,621,0 );
INSERT INTO ACT_BLK VALUES ( 640,1,0,0,'V_VAR.Var_ID','','',10,1,3,47,0,0,6,36,0,0,0,0,0,639,0 );
INSERT INTO ACT_BLK VALUES ( 657,0,0,0,'','','',0,0,0,0,0,0,0,0,0,0,0,0,0,656,0 );
INSERT INTO ACT_BLK VALUES ( 661,0,0,0,'','','',0,0,0,0,0,0,0,0,0,0,0,0,0,660,0 );
INSERT INTO ACT_BLK VALUES ( 665,0,0,0,'','','',0,0,0,0,0,0,0,0,0,0,0,0,0,664,0 );
INSERT INTO ACT_BLK VALUES ( 669,0,0,0,'','','',0,0,0,0,0,0,0,0,0,0,0,0,0,668,0 );
INSERT INTO ACT_BLK VALUES ( 681,0,0,0,'Client','','',8,1,4,12,0,0,0,0,0,0,8,18,0,680,0 );
INSERT INTO ACT_BLK VALUES ( 686,0,0,0,'V_VAR.Var_ID','direction','direction',7,4,0,0,0,0,0,0,0,0,7,38,0,680,0 );
INSERT INTO ACT_BLK VALUES ( 689,0,0,0,'V_VAR.Var_ID','direction','direction',9,4,0,0,0,0,0,0,0,0,9,38,0,680,0 );
INSERT INTO ACT_BLK VALUES ( 704,1,0,0,'xtfrcnvr','','',9,1,9,1,0,0,8,47,0,0,0,0,0,703,0 );
INSERT INTO ACT_BLK VALUES ( 725,0,0,0,'Client','','',6,1,4,12,0,0,0,0,0,0,8,71,0,724,0 );
INSERT INTO ACT_BLK VALUES ( 730,0,0,0,'V_VAR.Var_ID','','',11,4,0,0,0,0,0,0,0,0,0,0,0,724,0 );
INSERT INTO ACT_BLK VALUES ( 758,0,0,0,'xtfrcnvr','','',2,1,2,1,0,0,0,0,0,0,0,0,0,757,0 );
INSERT INTO ACT_BLK VALUES ( 763,0,0,0,'','','',0,0,0,0,0,0,0,0,0,0,0,0,0,762,0 );
INSERT INTO ACT_BLK VALUES ( 767,0,0,0,'','','',0,0,0,0,0,0,0,0,0,0,0,0,0,766,0 );
INSERT INTO ACT_BLK VALUES ( 771,0,0,0,'','','',0,0,0,0,0,0,0,0,0,0,0,0,0,770,0 );
INSERT INTO ACT_BLK VALUES ( 775,0,0,0,'','','',0,0,0,0,0,0,0,0,0,0,0,0,0,774,0 );
INSERT INTO ACT_BLK VALUES ( 779,0,0,0,'','','',0,0,0,0,0,0,0,0,0,0,0,0,0,778,0 );
INSERT INTO ACT_BLK VALUES ( 783,0,0,0,'','','',0,0,0,0,0,0,0,0,0,0,0,0,0,782,0 );
INSERT INTO ACT_BLK VALUES ( 833,0,0,0,'','','',46,1,45,40,0,0,46,41,0,0,38,24,0,832,0 );
INSERT INTO ACT_BLK VALUES ( 903,0,0,0,'','','',0,0,0,0,0,0,0,0,0,0,0,0,0,902,0 );
INSERT INTO ACT_BLK VALUES ( 907,0,0,0,'','','',0,0,0,0,0,0,0,0,0,0,0,0,0,906,0 );
INSERT INTO ACT_BLK VALUES ( 911,0,0,0,'','','',0,0,0,0,0,0,0,0,0,0,0,0,0,910,0 );
INSERT INTO ACT_BLK VALUES ( 915,0,0,0,'','','',0,0,0,0,0,0,0,0,0,0,0,0,0,914,0 );
INSERT INTO ACT_BLK VALUES ( 918,1,0,0,'V_VAR.Var_ID','sheet_caliper','sheet_caliper',7,1,6,44,0,0,6,52,0,0,0,0,0,917,0 );
INSERT INTO ACT_BLK VALUES ( 931,1,0,0,'V_VAR.Var_ID','','',24,4,11,45,0,0,11,53,11,56,0,0,0,917,0 );
INSERT INTO ACT_BLK VALUES ( 944,0,0,0,'next','','',17,7,0,0,0,0,17,50,14,49,0,0,0,917,0 );
INSERT INTO ACT_BLK VALUES ( 955,1,0,0,'','','',16,1,15,44,0,0,15,52,0,0,0,0,0,954,0 );
INSERT INTO ACT_BLK VALUES ( 958,0,0,0,'','','',9,4,0,0,0,0,0,0,0,0,0,0,0,954,0 );
INSERT INTO ACT_BLK VALUES ( 975,0,0,0,'','','',5,7,0,0,0,0,0,0,0,0,0,0,0,954,0 );
INSERT INTO ACT_BLK VALUES ( 980,0,0,0,'','','',10,7,0,0,0,0,0,0,0,0,0,0,0,954,0 );
INSERT INTO ACT_BLK VALUES ( 964,0,0,0,'','','',17,4,0,0,0,0,0,0,0,0,0,0,0,954,0 );
INSERT INTO ACT_BLK VALUES ( 1014,1,0,0,'','','',17,1,16,33,0,0,0,0,0,0,0,0,0,1013,0 );
INSERT INTO ACT_BLK VALUES ( 1030,0,0,0,'','','',18,4,0,0,0,0,0,0,0,0,0,0,0,1013,0 );
INSERT INTO ACT_BLK VALUES ( 1046,0,0,0,'','','',0,0,0,0,0,0,0,0,0,0,0,0,0,1045,0 );
INSERT INTO ACT_BLK VALUES ( 1050,1,0,1,'','','',39,1,16,46,0,0,16,52,0,0,19,31,0,1049,0 );
INSERT INTO ACT_BLK VALUES ( 1053,0,0,0,'','','',9,4,0,0,0,0,0,0,0,0,0,0,0,1049,0 );
INSERT INTO ACT_BLK VALUES ( 1056,0,0,0,'','','',12,4,0,0,0,0,0,0,0,0,0,0,0,1049,0 );
INSERT INTO ACT_BLK VALUES ( 1063,1,0,0,'','','',33,4,24,51,0,0,32,39,0,0,25,30,0,1049,0 );
INSERT INTO ACT_BLK VALUES ( 1127,0,0,0,'V_VAR.Var_ID','','',26,7,0,0,0,0,0,0,0,0,0,0,0,1049,0 );
INSERT INTO ACT_BLK VALUES ( 1130,0,0,0,'V_VAR.Var_ID','','',28,7,0,0,0,0,0,0,0,0,0,0,0,1049,0 );
INSERT INTO ACT_BLK VALUES ( 1065,1,0,0,'','','',41,4,40,47,0,0,40,53,0,0,0,0,0,1049,0 );
INSERT INTO ACT_BLK VALUES ( 1142,1,0,0,'','','',46,7,43,49,0,0,43,57,0,0,0,0,0,1049,0 );
INSERT INTO ACT_BLK VALUES ( 1162,1,0,0,'','','',3,1,2,42,0,0,2,50,0,0,0,0,0,1161,0 );
INSERT INTO ACT_BLK VALUES ( 1168,0,0,0,'','','',5,4,0,0,0,0,4,43,0,0,0,0,0,1161,0 );
INSERT INTO ACT_BLK VALUES ( 1177,0,0,0,'TIM','','',10,1,11,13,0,0,0,0,0,0,0,0,0,1176,0 );
INSERT INTO ACT_BLK VALUES ( 1196,1,0,0,'','','',15,1,4,42,0,0,4,50,0,0,0,0,0,1195,0 );
INSERT INTO ACT_BLK VALUES ( 1202,1,0,0,'','','',14,4,11,46,0,0,11,54,0,0,0,0,0,1195,0 );
INSERT INTO ACT_BLK VALUES ( 1205,0,0,0,'','','',18,4,0,0,0,0,0,0,0,0,0,0,0,1195,0 );
INSERT INTO ACT_BLK VALUES ( 1244,1,0,0,'V_VAR.Var_ID','direction','control_alg',12,1,11,53,0,0,11,62,0,0,6,31,0,1243,0 );
INSERT INTO ACT_BLK VALUES ( 1257,0,0,0,'','','',8,4,0,0,0,0,0,0,0,0,8,20,0,1243,0 );
INSERT INTO ACT_BLK VALUES ( 1281,0,0,0,'','','',0,0,0,0,0,0,0,0,0,0,0,0,0,1280,0 );
INSERT INTO ACT_BLK VALUES ( 1285,0,0,0,'','','',0,0,0,0,0,0,0,0,0,0,0,0,0,1284,0 );
INSERT INTO ACT_BLK VALUES ( 1289,0,0,0,'','','',0,0,0,0,0,0,0,0,0,0,0,0,0,1288,0 );
INSERT INTO ACT_BLK VALUES ( 1293,0,0,0,'','','',0,0,0,0,0,0,0,0,0,0,0,0,0,1292,0 );
INSERT INTO ACT_BLK VALUES ( 1297,0,0,0,'','','',0,0,0,0,0,0,0,0,0,0,0,0,0,1296,0 );
INSERT INTO ACT_BLK VALUES ( 1301,0,0,0,'','','',0,0,0,0,0,0,0,0,0,0,0,0,0,1300,0 );
INSERT INTO ACT_BLK VALUES ( 1310,0,0,0,'','','',0,0,0,0,0,0,0,0,0,0,0,0,0,1309,0 );
INSERT INTO ACT_BLK VALUES ( 1314,0,0,0,'','','',0,0,0,0,0,0,0,0,0,0,0,0,0,1313,0 );
INSERT INTO ACT_BLK VALUES ( 1318,0,0,0,'','','',0,0,0,0,0,0,0,0,0,0,0,0,0,1317,0 );
INSERT INTO ACT_BLK VALUES ( 1322,0,0,0,'','','',0,0,0,0,0,0,0,0,0,0,0,0,0,1321,0 );
INSERT INTO ACT_BLK VALUES ( 1326,0,0,0,'','','',0,0,0,0,0,0,0,0,0,0,0,0,0,1325,0 );
INSERT INTO ACT_BLK VALUES ( 1330,0,0,0,'','','',0,0,0,0,0,0,0,0,0,0,0,0,0,1329,0 );
INSERT INTO ACT_BLK VALUES ( 1338,0,0,0,'','','',0,0,0,0,0,0,0,0,0,0,0,0,0,1337,0 );
INSERT INTO ACT_BLK VALUES ( 1342,0,0,0,'','','',0,0,0,0,0,0,0,0,0,0,0,0,0,1341,0 );
INSERT INTO ACT_BLK VALUES ( 1346,0,0,0,'','','',0,0,0,0,0,0,0,0,0,0,0,0,0,1345,0 );
INSERT INTO ACT_BLK VALUES ( 1350,0,0,0,'','','',0,0,0,0,0,0,0,0,0,0,0,0,0,1349,0 );
INSERT INTO ACT_BLK VALUES ( 1362,1,0,0,'','','',7,1,6,34,0,0,0,0,0,0,0,0,0,1361,0 );
INSERT INTO ACT_BLK VALUES ( 1369,0,0,0,'','','',9,4,0,0,0,0,0,0,0,0,0,0,0,1361,0 );
INSERT INTO ACT_BLK VALUES ( 1385,0,0,0,'','','',0,0,0,0,0,0,0,0,0,0,0,0,0,1384,0 );
INSERT INTO ACT_BLK VALUES ( 1459,0,0,0,'','','',0,0,0,0,0,0,0,0,0,0,0,0,0,1458,0 );
INSERT INTO ACT_BLK VALUES ( 1470,0,0,0,'','','',0,0,0,0,0,0,0,0,0,0,0,0,0,1469,0 );
INSERT INTO ACT_BLK VALUES ( 1474,0,0,0,'','','',0,0,0,0,0,0,0,0,0,0,0,0,0,1473,0 );
INSERT INTO ACT_BLK VALUES ( 1478,0,0,0,'','','',0,0,0,0,0,0,0,0,0,0,0,0,0,1477,0 );
INSERT INTO ACT_BLK VALUES ( 1482,0,0,0,'','','',0,0,0,0,0,0,0,0,0,0,0,0,0,1481,0 );
INSERT INTO ACT_BLK VALUES ( 1511,0,0,0,'','','',0,0,0,0,0,0,0,0,0,0,0,0,0,1510,0 );
INSERT INTO ACT_BLK VALUES ( 1515,0,0,0,'','','',0,0,0,0,0,0,0,0,0,0,0,0,0,1514,0 );
INSERT INTO ACT_BLK VALUES ( 1519,0,0,0,'','','',0,0,0,0,0,0,0,0,0,0,0,0,0,1518,0 );
INSERT INTO ACT_BLK VALUES ( 1523,0,0,0,'','','',0,0,0,0,0,0,0,0,0,0,0,0,0,1522,0 );
INSERT INTO ACT_BLK VALUES ( 1538,0,0,0,'','','',0,0,0,0,0,0,0,0,0,0,0,0,0,1537,0 );
INSERT INTO ACT_BLK VALUES ( 1542,0,0,0,'','','',0,0,0,0,0,0,0,0,0,0,0,0,0,1541,0 );
INSERT INTO ACT_BLK VALUES ( 1546,0,0,0,'','','',0,0,0,0,0,0,0,0,0,0,0,0,0,1545,0 );
INSERT INTO ACT_BLK VALUES ( 1550,0,0,0,'','','',0,0,0,0,0,0,0,0,0,0,0,0,0,1549,0 );
INSERT INTO ACT_BLK VALUES ( 1600,0,0,0,'','','',0,0,0,0,0,0,0,0,0,0,0,0,0,1599,0 );
INSERT INTO ACT_BLK VALUES ( 1604,0,0,0,'','','',0,0,0,0,0,0,0,0,0,0,0,0,0,1603,0 );
INSERT INTO ACT_BLK VALUES ( 1608,0,0,0,'','','',0,0,0,0,0,0,0,0,0,0,0,0,0,1607,0 );
INSERT INTO ACT_BLK VALUES ( 1622,0,0,0,'','','',0,0,0,0,0,0,0,0,0,0,0,0,0,1621,0 );
INSERT INTO ACT_BLK VALUES ( 1626,0,0,0,'','','',0,0,0,0,0,0,0,0,0,0,0,0,0,1625,0 );
INSERT INTO ACT_BLK VALUES ( 1637,0,0,0,'','','',0,0,0,0,0,0,0,0,0,0,0,0,0,1636,0 );
INSERT INTO ACT_BLK VALUES ( 1641,0,0,0,'','','',0,0,0,0,0,0,0,0,0,0,0,0,0,1640,0 );
INSERT INTO ACT_BLK VALUES ( 1645,0,0,0,'','','',0,0,0,0,0,0,0,0,0,0,0,0,0,1644,0 );
INSERT INTO ACT_BLK VALUES ( 1649,0,0,0,'','','',0,0,0,0,0,0,0,0,0,0,0,0,0,1648,0 );
INSERT INTO ACT_BLK VALUES ( 1653,0,0,0,'','','',0,0,0,0,0,0,0,0,0,0,0,0,0,1652,0 );
INSERT INTO ACT_BLK VALUES ( 1657,0,0,0,'','','',0,0,0,0,0,0,0,0,0,0,0,0,0,1656,0 );
INSERT INTO ACT_BLK VALUES ( 1661,0,0,0,'','','',0,0,0,0,0,0,0,0,0,0,0,0,0,1660,0 );
INSERT INTO ACT_BLK VALUES ( 1665,0,0,0,'','','',0,0,0,0,0,0,0,0,0,0,0,0,0,1664,0 );
INSERT INTO ACT_BLK VALUES ( 1669,0,0,0,'','','',0,0,0,0,0,0,0,0,0,0,0,0,0,1668,0 );
INSERT INTO ACT_BLK VALUES ( 1673,0,0,0,'','','',0,0,0,0,0,0,0,0,0,0,0,0,0,1672,0 );
INSERT INTO ACT_BLK VALUES ( 1677,0,0,0,'','','',0,0,0,0,0,0,0,0,0,0,0,0,0,1676,0 );
INSERT INTO ACT_BLK VALUES ( 1692,0,0,0,'','','',1,1,0,0,0,0,0,0,0,0,0,0,0,1691,0 );
INSERT INTO ACT_BLK VALUES ( 1698,0,0,0,'','','',0,0,0,0,0,0,0,0,0,0,0,0,0,1697,0 );
INSERT INTO ACT_BLK VALUES ( 1702,0,0,0,'','','',0,0,0,0,0,0,0,0,0,0,0,0,0,1701,0 );
INSERT INTO ACT_BLK VALUES ( 1706,0,0,0,'','','',0,0,0,0,0,0,0,0,0,0,0,0,0,1705,0 );
INSERT INTO ACT_BLK VALUES ( 1711,0,0,0,'','','',0,0,0,0,0,0,0,0,0,0,0,0,0,1710,0 );
INSERT INTO ACT_BLK VALUES ( 1716,0,0,0,'','','',0,0,0,0,0,0,0,0,0,0,0,0,0,1715,0 );
INSERT INTO ACT_BLK VALUES ( 1721,0,0,0,'','','',0,0,0,0,0,0,0,0,0,0,0,0,0,1720,0 );
INSERT INTO ACT_BLK VALUES ( 1725,0,0,0,'','','',0,0,0,0,0,0,0,0,0,0,0,0,0,1724,0 );
INSERT INTO ACT_BLK VALUES ( 1728,0,0,0,'','','',0,0,0,0,0,0,0,0,0,0,0,0,0,1727,0 );
INSERT INTO ACT_BLK VALUES ( 1737,0,0,0,'','','',0,0,0,0,0,0,0,0,0,0,0,0,0,1736,0 );
INSERT INTO ACT_BLK VALUES ( 1741,0,0,0,'','','',0,0,0,0,0,0,0,0,0,0,0,0,0,1740,0 );
INSERT INTO ACT_BLK VALUES ( 1745,0,0,0,'','','',0,0,0,0,0,0,0,0,0,0,0,0,0,1744,0 );
INSERT INTO ACT_BLK VALUES ( 1749,0,0,0,'','','',0,0,0,0,0,0,0,0,0,0,0,0,0,1748,0 );
INSERT INTO ACT_BLK VALUES ( 1753,0,0,0,'','','',0,0,0,0,0,0,0,0,0,0,0,0,0,1752,0 );
INSERT INTO ACT_BLK VALUES ( 1757,0,0,0,'','','',0,0,0,0,0,0,0,0,0,0,0,0,0,1756,0 );
INSERT INTO ACT_BLK VALUES ( 1761,0,0,0,'','','',0,0,0,0,0,0,0,0,0,0,0,0,0,1760,0 );
INSERT INTO ACT_BLK VALUES ( 1764,0,0,0,'','','',0,0,0,0,0,0,0,0,0,0,0,0,0,1763,0 );
INSERT INTO ACT_BLK VALUES ( 1768,0,0,0,'','','',0,0,0,0,0,0,0,0,0,0,0,0,0,1767,0 );
INSERT INTO ACT_BLK VALUES ( 1773,0,0,0,'','','',0,0,0,0,0,0,0,0,0,0,0,0,0,1772,0 );
INSERT INTO ACT_BLK VALUES ( 1777,0,0,0,'','','',0,0,0,0,0,0,0,0,0,0,0,0,0,1776,0 );
INSERT INTO ACT_BLK VALUES ( 1782,0,0,0,'','','',0,0,0,0,0,0,0,0,0,0,0,0,0,1781,0 );
INSERT INTO ACT_BLK VALUES ( 1787,0,0,0,'','','',0,0,0,0,0,0,0,0,0,0,0,0,0,1786,0 );
INSERT INTO ACT_BLK VALUES ( 1791,0,0,0,'','','',0,0,0,0,0,0,0,0,0,0,0,0,0,1790,0 );
INSERT INTO ACT_BLK VALUES ( 1800,0,0,0,'','','',0,0,0,0,0,0,0,0,0,0,0,0,0,1799,0 );
INSERT INTO ACT_BLK VALUES ( 1803,0,0,0,'','','',0,0,0,0,0,0,0,0,0,0,0,0,0,1802,0 );
INSERT INTO ACT_BLK VALUES ( 1806,0,0,0,'','','',0,0,0,0,0,0,0,0,0,0,0,0,0,1805,0 );
INSERT INTO ACT_BLK VALUES ( 1809,0,0,0,'','','',0,0,0,0,0,0,0,0,0,0,0,0,0,1808,0 );
INSERT INTO ACT_BLK VALUES ( 1815,0,0,0,'','','',0,0,0,0,0,0,0,0,0,0,0,0,0,1814,0 );
INSERT INTO ACT_BLK VALUES ( 1818,0,0,0,'','','',0,0,0,0,0,0,0,0,0,0,0,0,0,1817,0 );
INSERT INTO ACT_BLK VALUES ( 1821,0,0,0,'','','',0,0,0,0,0,0,0,0,0,0,0,0,0,1820,0 );
INSERT INTO ACT_BLK VALUES ( 1824,0,0,0,'','','',0,0,0,0,0,0,0,0,0,0,0,0,0,1823,0 );
INSERT INTO ACT_BLK VALUES ( 1892,0,0,0,'Port1','','',1,1,1,1,0,0,0,0,0,0,0,0,0,1891,0 );
INSERT INTO ACT_BLK VALUES ( 1898,0,0,0,'Port1','','',1,1,1,1,0,0,0,0,0,0,0,0,0,1897,0 );
INSERT INTO ACT_BLK VALUES ( 1904,0,0,0,'Port1','','',1,1,1,1,0,0,0,0,0,0,0,0,0,1903,0 );
INSERT INTO ACT_BLK VALUES ( 1908,0,0,0,'','','',0,0,0,0,0,0,0,0,0,0,0,0,0,1907,0 );
INSERT INTO ACT_BLK VALUES ( 1911,0,0,0,'','','',0,0,0,0,0,0,0,0,0,0,0,0,0,1910,0 );
INSERT INTO ACT_BLK VALUES ( 1915,0,0,0,'','','',0,0,0,0,0,0,0,0,0,0,0,0,0,1914,0 );
INSERT INTO ACT_ACT VALUES ( 184,'signal',0,185,0,0,'Client::DiverterClient::divert_pending',0 );
INSERT INTO ACT_ACT VALUES ( 243,'interface operation',0,244,0,0,'Client::DiverterClient::request_status',0 );
INSERT INTO ACT_ACT VALUES ( 249,'signal',0,250,0,0,'Client::DiverterClient::diverter_ready',0 );
INSERT INTO ACT_ACT VALUES ( 253,'interface operation',0,254,0,0,'Client::DiverterClient::get_xtfr_jog_switch_position',0 );
INSERT INTO ACT_ACT VALUES ( 256,'signal',0,257,0,0,'Client::DiverterClient::xtfr_jog_switch_position_changed',0 );
INSERT INTO ACT_ACT VALUES ( 300,'signal',0,301,0,0,'xtfrcnvr::JogMotor::jog',0 );
INSERT INTO ACT_ACT VALUES ( 303,'signal',0,304,0,0,'xtfrcnvr::JogMotor::stop',0 );
INSERT INTO ACT_ACT VALUES ( 306,'signal',0,307,0,0,'xtfrcnvr::JogMotor::motion_initiated',0 );
INSERT INTO ACT_ACT VALUES ( 312,'signal',0,313,0,0,'xtfrcnvr::JogMotor::motion_complete',0 );
INSERT INTO ACT_ACT VALUES ( 325,'signal',0,326,0,0,'speed_ref::SpeedSignal::CutPulse',0 );
INSERT INTO ACT_ACT VALUES ( 332,'signal',0,333,0,0,'Port1::JogMotor::jog',0 );
INSERT INTO ACT_ACT VALUES ( 335,'signal',0,336,0,0,'Port1::JogMotor::stop',0 );
INSERT INTO ACT_ACT VALUES ( 338,'signal',0,339,0,0,'Port1::JogMotor::motion_initiated',0 );
INSERT INTO ACT_ACT VALUES ( 341,'signal',0,342,0,0,'Port1::JogMotor::motion_complete',0 );
INSERT INTO ACT_ACT VALUES ( 376,'state',0,377,0,0,'Conveyor Length Rollout::Waiting',0 );
INSERT INTO ACT_ACT VALUES ( 380,'state',0,381,0,0,'Conveyor Length Rollout::InitiatingConveyorJog',0 );
INSERT INTO ACT_ACT VALUES ( 398,'state',0,399,0,0,'Conveyor Length Rollout::MotorStopConfirmed',0 );
INSERT INTO ACT_ACT VALUES ( 415,'transition',0,416,0,0,'initiate_auto_seq::Automatic Sequence',0 );
INSERT INTO ACT_ACT VALUES ( 419,'transition',0,420,0,0,'motor_stopped::Cross Transfer Conveyor',0 );
INSERT INTO ACT_ACT VALUES ( 421,'operation',0,422,0,0,'Cross Transfer Conveyor::GetMotorDirection',0 );
INSERT INTO ACT_ACT VALUES ( 456,'state',0,457,0,0,'Cross Transfer Conveyor::ManualControl',0 );
INSERT INTO ACT_ACT VALUES ( 465,'state',0,466,0,0,'Cross Transfer Conveyor::MotionInhibited',0 );
INSERT INTO ACT_ACT VALUES ( 474,'state',0,475,0,0,'Cross Transfer Conveyor::AutomaticControl',0 );
INSERT INTO ACT_ACT VALUES ( 518,'transition',0,519,0,0,'activate::Actuator',0 );
INSERT INTO ACT_ACT VALUES ( 529,'transition',0,530,0,0,'XTFRCNVR8: sequence_aborted',0 );
INSERT INTO ACT_ACT VALUES ( 540,'transition',0,541,0,0,'XTFRCNVR7: automatic_sequence_cmplt',0 );
INSERT INTO ACT_ACT VALUES ( 551,'transition',0,552,0,0,'XTFRCNVR6: discharge',0 );
INSERT INTO ACT_ACT VALUES ( 569,'state',0,570,0,0,'Hesitating Rollout::Waiting',0 );
INSERT INTO ACT_ACT VALUES ( 573,'state',0,574,0,0,'Hesitating Rollout::FirstMove',0 );
INSERT INTO ACT_ACT VALUES ( 591,'state',0,592,0,0,'Hesitating Rollout::BackupMove',0 );
INSERT INTO ACT_ACT VALUES ( 621,'state',0,622,0,0,'Hesitating Rollout::FullLengthMove',0 );
INSERT INTO ACT_ACT VALUES ( 639,'state',0,640,0,0,'Hesitating Rollout::ConveyorEmpty',0 );
INSERT INTO ACT_ACT VALUES ( 656,'transition',0,657,0,0,'initiate_auto_seq::Automatic Sequence',0 );
INSERT INTO ACT_ACT VALUES ( 660,'transition',0,661,0,0,'jog_complete::Cross Transfer Conveyor',0 );
INSERT INTO ACT_ACT VALUES ( 664,'transition',0,665,0,0,'jog_complete::Cross Transfer Conveyor',0 );
INSERT INTO ACT_ACT VALUES ( 668,'transition',0,669,0,0,'motor_stopped::Cross Transfer Conveyor',0 );
INSERT INTO ACT_ACT VALUES ( 680,'state',0,681,0,0,'Manual Sequence::Stopped',0 );
INSERT INTO ACT_ACT VALUES ( 703,'state',0,704,0,0,'Manual Sequence::InitiateJog',0 );
INSERT INTO ACT_ACT VALUES ( 724,'state',0,725,0,0,'Manual Sequence::ConfirmedMoving',0 );
INSERT INTO ACT_ACT VALUES ( 757,'state',0,758,0,0,'Manual Sequence::InitiateStop',0 );
INSERT INTO ACT_ACT VALUES ( 762,'transition',0,763,0,0,'jog::Cross Transfer Conveyor',0 );
INSERT INTO ACT_ACT VALUES ( 766,'transition',0,767,0,0,'drive_rdy_for_inst::Cross Transfer Conveyor',0 );
INSERT INTO ACT_ACT VALUES ( 770,'transition',0,771,0,0,'motor_stopped::Cross Transfer Conveyor',0 );
INSERT INTO ACT_ACT VALUES ( 774,'transition',0,775,0,0,'jog_complete::Cross Transfer Conveyor',0 );
INSERT INTO ACT_ACT VALUES ( 778,'transition',0,779,0,0,'jog::Cross Transfer Conveyor',0 );
INSERT INTO ACT_ACT VALUES ( 782,'transition',0,783,0,0,'enable_control::Cross Transfer Conveyor',0 );
INSERT INTO ACT_ACT VALUES ( 832,'function',0,833,0,0,'Init',0 );
INSERT INTO ACT_ACT VALUES ( 902,'state',0,903,0,0,'Air Blast::Off',0 );
INSERT INTO ACT_ACT VALUES ( 906,'state',0,907,0,0,'Air Blast::On',0 );
INSERT INTO ACT_ACT VALUES ( 910,'transition',0,911,0,0,'activate::Actuator',0 );
INSERT INTO ACT_ACT VALUES ( 914,'transition',0,915,0,0,'de_activate::Actuator',0 );
INSERT INTO ACT_ACT VALUES ( 917,'operation',0,918,0,0,'Divert Packet::SheetDiverted',0 );
INSERT INTO ACT_ACT VALUES ( 954,'operation',0,955,0,0,'Divert Packet::UpdatePosition',0 );
INSERT INTO ACT_ACT VALUES ( 1013,'class state',0,1014,0,0,'Divert Packet::Tracking',0 );
INSERT INTO ACT_ACT VALUES ( 1045,'class transition',0,1046,0,0,'DVRTPKT_A1: calc_new_position',0 );
INSERT INTO ACT_ACT VALUES ( 1049,'operation',0,1050,0,0,'Divert Sheet::UpdatePosition',0 );
INSERT INTO ACT_ACT VALUES ( 1161,'state',0,1162,0,0,'Diverter Bay::Empty',0 );
INSERT INTO ACT_ACT VALUES ( 1176,'state',0,1177,0,0,'Diverter Bay::WaitForDischargeWindow',0 );
INSERT INTO ACT_ACT VALUES ( 1195,'state',0,1196,0,0,'Diverter Bay::ReceivingSheets',0 );
INSERT INTO ACT_ACT VALUES ( 1243,'state',0,1244,0,0,'Diverter Bay::Discharging',0 );
INSERT INTO ACT_ACT VALUES ( 1280,'transition',0,1281,0,0,'DVRTBAY2: divert_packet_received',0 );
INSERT INTO ACT_ACT VALUES ( 1284,'transition',0,1285,0,0,'DVRTBAY1: receive_sheet',0 );
INSERT INTO ACT_ACT VALUES ( 1288,'transition',0,1289,0,0,'DVRTBAY1: receive_sheet',0 );
INSERT INTO ACT_ACT VALUES ( 1292,'transition',0,1293,0,0,'DVRTBAY1: receive_sheet',0 );
INSERT INTO ACT_ACT VALUES ( 1296,'transition',0,1297,0,0,'DVRTBAY3: start_discharge',0 );
INSERT INTO ACT_ACT VALUES ( 1300,'transition',0,1301,0,0,'DVRTBAY4: discharge_complete',0 );
INSERT INTO ACT_ACT VALUES ( 1309,'state',0,1310,0,0,'Diverter Pan::PanDown',0 );
INSERT INTO ACT_ACT VALUES ( 1313,'state',0,1314,0,0,'Diverter Pan::PanUp',0 );
INSERT INTO ACT_ACT VALUES ( 1317,'state',0,1318,0,0,'Diverter Pan::Initial',0 );
INSERT INTO ACT_ACT VALUES ( 1321,'transition',0,1322,0,0,'activate::Actuator',0 );
INSERT INTO ACT_ACT VALUES ( 1325,'transition',0,1326,0,0,'de_activate::Actuator',0 );
INSERT INTO ACT_ACT VALUES ( 1329,'transition',0,1330,0,0,'DVTPAN3: LowerPan',0 );
INSERT INTO ACT_ACT VALUES ( 1337,'state',0,1338,0,0,'Fingers::Raised',0 );
INSERT INTO ACT_ACT VALUES ( 1341,'state',0,1342,0,0,'Fingers::Lowered',0 );
INSERT INTO ACT_ACT VALUES ( 1345,'transition',0,1346,0,0,'activate::Actuator',0 );
INSERT INTO ACT_ACT VALUES ( 1349,'transition',0,1350,0,0,'de_activate::Actuator',0 );
INSERT INTO ACT_ACT VALUES ( 1361,'class state',0,1362,0,0,'Tracking Point::CorrectForVelocity',0 );
INSERT INTO ACT_ACT VALUES ( 1384,'class transition',0,1385,0,0,'TRKPT_A1: correct_position',0 );
INSERT INTO ACT_ACT VALUES ( 1458,'signal',0,1459,0,0,'Port1::CTM Sensor Digital IO::HomeReferenceOverTravelProx',0 );
INSERT INTO ACT_ACT VALUES ( 1469,'signal',0,1470,0,0,'Port3::Diverter Digital IO::UserInputs_Jog_InspectionSheet_FoilSense',0 );
INSERT INTO ACT_ACT VALUES ( 1473,'signal',0,1474,0,0,'Port3::Diverter Digital IO::LockedInRunPosition',0 );
INSERT INTO ACT_ACT VALUES ( 1477,'interface operation',0,1478,0,0,'Port3::Diverter Digital IO::Fingers',0 );
INSERT INTO ACT_ACT VALUES ( 1481,'interface operation',0,1482,0,0,'Port3::Diverter Digital IO::AirBlast',0 );
INSERT INTO ACT_ACT VALUES ( 1510,'interface operation',0,1511,0,0,'Port3::Shingling Section Digital IO::MainDampers',0 );
INSERT INTO ACT_ACT VALUES ( 1514,'interface operation',0,1515,0,0,'Port3::Shingling Section Digital IO::ChamberDampers',0 );
INSERT INTO ACT_ACT VALUES ( 1518,'interface operation',0,1519,0,0,'Port3::Shingling Section Digital IO::SyncVacCylinders',0 );
INSERT INTO ACT_ACT VALUES ( 1522,'interface operation',0,1523,0,0,'Port3::Shingling Section Digital IO::Multi_Flute',0 );
INSERT INTO ACT_ACT VALUES ( 1537,'signal',0,1538,0,0,'Port3::Backstop Digital IO::BackstopJammed',0 );
INSERT INTO ACT_ACT VALUES ( 1541,'signal',0,1542,0,0,'Port3::Backstop Digital IO::StackHeightSensors',0 );
INSERT INTO ACT_ACT VALUES ( 1545,'interface operation',0,1546,0,0,'Port3::Backstop Digital IO::UpDownCylinder',0 );
INSERT INTO ACT_ACT VALUES ( 1549,'interface operation',0,1550,0,0,'Port3::Backstop Digital IO::BundleOffsetUpDownCylinder',0 );
INSERT INTO ACT_ACT VALUES ( 1599,'signal',0,1600,0,0,'Port2::Lift Bay Digital IO::CounterWeightMaxUpSensor',0 );
INSERT INTO ACT_ACT VALUES ( 1603,'interface operation',0,1604,0,0,'Port2::Lift Bay Digital IO::BundleOffsetExtendCylinder',0 );
INSERT INTO ACT_ACT VALUES ( 1607,'interface operation',0,1608,0,0,'Port2::Lift Bay Digital IO::BundleOffsetTopSheetHoldCylinder',0 );
INSERT INTO ACT_ACT VALUES ( 1621,'signal',0,1622,0,0,'Port3::Lift Conveyor Digital IO::StackSensePE',0 );
INSERT INTO ACT_ACT VALUES ( 1625,'signal',0,1626,0,0,'Port3::Lift Conveyor Digital IO::EarlyStackRollout',0 );
INSERT INTO ACT_ACT VALUES ( 1636,'signal',0,1637,0,0,'Port2::Safety System Monitor::UpperLevelInfeedConveyorAccess',0 );
INSERT INTO ACT_ACT VALUES ( 1640,'signal',0,1641,0,0,'Port2::Safety System Monitor::SafetyTripCable',0 );
INSERT INTO ACT_ACT VALUES ( 1644,'signal',0,1645,0,0,'Port2::Safety System Monitor::LiftRaiseObstructionPE',0 );
INSERT INTO ACT_ACT VALUES ( 1648,'signal',0,1649,0,0,'Port2::Safety System Monitor::SheetHandlingSlidingDoorSw',0 );
INSERT INTO ACT_ACT VALUES ( 1652,'signal',0,1653,0,0,'Port2::Safety System Monitor::LiftBayScan',0 );
INSERT INTO ACT_ACT VALUES ( 1656,'signal',0,1657,0,0,'Port2::Safety System Monitor::LiftDownObstructionPE',0 );
INSERT INTO ACT_ACT VALUES ( 1660,'signal',0,1661,0,0,'Port2::Safety System Monitor::LiftMidPointObstructionPE',0 );
INSERT INTO ACT_ACT VALUES ( 1664,'signal',0,1665,0,0,'Port2::Safety System Monitor::LiftDownLimitSw',0 );
INSERT INTO ACT_ACT VALUES ( 1668,'signal',0,1669,0,0,'Port2::Safety System Monitor::PalletInfeedObstructionPE',0 );
INSERT INTO ACT_ACT VALUES ( 1672,'signal',0,1673,0,0,'Port2::Safety System Monitor::LiftTableLiftLocksEngagedProx',0 );
INSERT INTO ACT_ACT VALUES ( 1676,'signal',0,1677,0,0,'Port2::Safety System Monitor::LiftChainFailureProx',0 );
INSERT INTO ACT_ACT VALUES ( 1691,'bridge',0,1692,0,0,'Architecture::shutdown',0 );
INSERT INTO ACT_ACT VALUES ( 1697,'bridge',0,1698,0,0,'Logging::LogSuccess',0 );
INSERT INTO ACT_ACT VALUES ( 1701,'bridge',0,1702,0,0,'Logging::LogFailure',0 );
INSERT INTO ACT_ACT VALUES ( 1705,'bridge',0,1706,0,0,'Logging::LogInfo',0 );
INSERT INTO ACT_ACT VALUES ( 1710,'bridge',0,1711,0,0,'Logging::LogDate',0 );
INSERT INTO ACT_ACT VALUES ( 1715,'bridge',0,1716,0,0,'Logging::LogTime',0 );
INSERT INTO ACT_ACT VALUES ( 1720,'bridge',0,1721,0,0,'Logging::LogReal',0 );
INSERT INTO ACT_ACT VALUES ( 1724,'bridge',0,1725,0,0,'Logging::LogInteger',0 );
INSERT INTO ACT_ACT VALUES ( 1727,'bridge',0,1728,0,0,'Time::current_date',0 );
INSERT INTO ACT_ACT VALUES ( 1736,'bridge',0,1737,0,0,'Time::create_date',0 );
INSERT INTO ACT_ACT VALUES ( 1740,'bridge',0,1741,0,0,'Time::get_second',0 );
INSERT INTO ACT_ACT VALUES ( 1744,'bridge',0,1745,0,0,'Time::get_minute',0 );
INSERT INTO ACT_ACT VALUES ( 1748,'bridge',0,1749,0,0,'Time::get_hour',0 );
INSERT INTO ACT_ACT VALUES ( 1752,'bridge',0,1753,0,0,'Time::get_day',0 );
INSERT INTO ACT_ACT VALUES ( 1756,'bridge',0,1757,0,0,'Time::get_month',0 );
INSERT INTO ACT_ACT VALUES ( 1760,'bridge',0,1761,0,0,'Time::get_year',0 );
INSERT INTO ACT_ACT VALUES ( 1763,'bridge',0,1764,0,0,'Time::current_clock',0 );
INSERT INTO ACT_ACT VALUES ( 1767,'bridge',0,1768,0,0,'Time::timer_start',0 );
INSERT INTO ACT_ACT VALUES ( 1772,'bridge',0,1773,0,0,'Time::timer_start_recurring',0 );
INSERT INTO ACT_ACT VALUES ( 1776,'bridge',0,1777,0,0,'Time::timer_remaining_time',0 );
INSERT INTO ACT_ACT VALUES ( 1781,'bridge',0,1782,0,0,'Time::timer_reset_time',0 );
INSERT INTO ACT_ACT VALUES ( 1786,'bridge',0,1787,0,0,'Time::timer_add_time',0 );
INSERT INTO ACT_ACT VALUES ( 1790,'bridge',0,1791,0,0,'Time::timer_cancel',0 );
INSERT INTO ACT_ACT VALUES ( 1799,'signal',0,1800,0,0,'Port1::JogMotor::jog',0 );
INSERT INTO ACT_ACT VALUES ( 1802,'signal',0,1803,0,0,'Port1::JogMotor::stop',0 );
INSERT INTO ACT_ACT VALUES ( 1805,'signal',0,1806,0,0,'Port1::JogMotor::motion_initiated',0 );
INSERT INTO ACT_ACT VALUES ( 1808,'signal',0,1809,0,0,'Port1::JogMotor::motion_complete',0 );
INSERT INTO ACT_ACT VALUES ( 1814,'signal',0,1815,0,0,'Port1::JogMotor::jog',0 );
INSERT INTO ACT_ACT VALUES ( 1817,'signal',0,1818,0,0,'Port1::JogMotor::stop',0 );
INSERT INTO ACT_ACT VALUES ( 1820,'signal',0,1821,0,0,'Port1::JogMotor::motion_initiated',0 );
INSERT INTO ACT_ACT VALUES ( 1823,'signal',0,1824,0,0,'Port1::JogMotor::motion_complete',0 );
INSERT INTO ACT_ACT VALUES ( 1891,'signal',0,1892,0,0,'Port1::VelocityControlDrive::enable_drive',0 );
INSERT INTO ACT_ACT VALUES ( 1897,'signal',0,1898,0,0,'Port1::VelocityControlDrive::jog_motor',0 );
INSERT INTO ACT_ACT VALUES ( 1903,'signal',0,1904,0,0,'Port1::VelocityControlDrive::stop_motor',0 );
INSERT INTO ACT_ACT VALUES ( 1907,'signal',0,1908,0,0,'Port1::VelocityControlDrive::in_progress',0 );
INSERT INTO ACT_ACT VALUES ( 1910,'signal',0,1911,0,0,'Port1::VelocityControlDrive::done',0 );
INSERT INTO ACT_ACT VALUES ( 1914,'signal',0,1915,0,0,'Port1::VelocityControlDrive::error',0 );
INSERT INTO ACT_AI VALUES ( 187,191,192,0,0 );
INSERT INTO ACT_AI VALUES ( 190,194,195,0,0 );
INSERT INTO ACT_AI VALUES ( 193,197,198,0,0 );
INSERT INTO ACT_AI VALUES ( 196,200,201,0,0 );
INSERT INTO ACT_AI VALUES ( 423,425,426,0,0 );
INSERT INTO ACT_AI VALUES ( 436,438,439,0,0 );
INSERT INTO ACT_AI VALUES ( 446,447,448,0,0 );
INSERT INTO ACT_AI VALUES ( 481,486,487,0,0 );
INSERT INTO ACT_AI VALUES ( 505,506,507,0,0 );
INSERT INTO ACT_AI VALUES ( 512,513,514,0,0 );
INSERT INTO ACT_AI VALUES ( 594,599,600,0,0 );
INSERT INTO ACT_AI VALUES ( 616,617,618,0,0 );
INSERT INTO ACT_AI VALUES ( 682,684,685,0,0 );
INSERT INTO ACT_AI VALUES ( 705,707,708,0,0 );
INSERT INTO ACT_AI VALUES ( 726,728,729,0,0 );
INSERT INTO ACT_AI VALUES ( 837,840,841,0,0 );
INSERT INTO ACT_AI VALUES ( 839,843,844,0,0 );
INSERT INTO ACT_AI VALUES ( 847,850,851,0,0 );
INSERT INTO ACT_AI VALUES ( 854,857,858,0,0 );
INSERT INTO ACT_AI VALUES ( 856,860,861,0,0 );
INSERT INTO ACT_AI VALUES ( 859,863,864,0,0 );
INSERT INTO ACT_AI VALUES ( 867,870,871,0,0 );
INSERT INTO ACT_AI VALUES ( 869,873,874,0,0 );
INSERT INTO ACT_AI VALUES ( 970,972,973,0,0 );
INSERT INTO ACT_AI VALUES ( 974,978,979,0,0 );
INSERT INTO ACT_AI VALUES ( 996,997,998,0,0 );
INSERT INTO ACT_AI VALUES ( 1000,1001,1002,0,0 );
INSERT INTO ACT_AI VALUES ( 1015,1017,1018,0,0 );
INSERT INTO ACT_AI VALUES ( 1016,1020,1021,0,0 );
INSERT INTO ACT_AI VALUES ( 1019,1023,1024,0,0 );
INSERT INTO ACT_AI VALUES ( 1022,1026,1027,0,0 );
INSERT INTO ACT_AI VALUES ( 1107,1108,1109,0,0 );
INSERT INTO ACT_AI VALUES ( 1114,1115,1116,0,0 );
INSERT INTO ACT_AI VALUES ( 1179,1182,1183,0,0 );
INSERT INTO ACT_AI VALUES ( 1211,1216,1217,0,0 );
INSERT INTO ACT_AI VALUES ( 1215,1219,1220,0,0 );
INSERT INTO ACT_AI VALUES ( 1218,1221,1222,0,0 );
INSERT INTO ACT_AI VALUES ( 1227,1229,1230,0,0 );
INSERT INTO ACT_AI VALUES ( 1228,1231,1232,0,0 );
INSERT INTO ACT_AI VALUES ( 1246,1251,1252,0,0 );
INSERT INTO ACT_AI VALUES ( 1250,1254,1255,0,0 );
INSERT INTO ACT_AI VALUES ( 1272,1274,1275,0,0 );
INSERT INTO ACT_AI VALUES ( 1273,1276,1277,0,0 );
INSERT INTO ACT_AI VALUES ( 1363,1365,1366,0,0 );
INSERT INTO ACT_AI VALUES ( 1372,1373,1374,0,0 );
INSERT INTO ACT_SRW VALUES ( 1052,1060 );
INSERT INTO ACT_SEL VALUES ( 202,205,1,'one',206 );
INSERT INTO ACT_SEL VALUES ( 238,205,0,'one',239 );
INSERT INTO ACT_SEL VALUES ( 382,384,1,'one',385 );
INSERT INTO ACT_SEL VALUES ( 400,402,1,'one',403 );
INSERT INTO ACT_SEL VALUES ( 401,406,1,'one',407 );
INSERT INTO ACT_SEL VALUES ( 479,482,1,'one',483 );
INSERT INTO ACT_SEL VALUES ( 520,522,1,'one',523 );
INSERT INTO ACT_SEL VALUES ( 531,533,1,'one',534 );
INSERT INTO ACT_SEL VALUES ( 542,544,1,'one',545 );
INSERT INTO ACT_SEL VALUES ( 553,555,1,'one',556 );
INSERT INTO ACT_SEL VALUES ( 575,577,1,'one',578 );
INSERT INTO ACT_SEL VALUES ( 593,595,1,'one',596 );
INSERT INTO ACT_SEL VALUES ( 623,625,1,'one',626 );
INSERT INTO ACT_SEL VALUES ( 641,643,1,'one',644 );
INSERT INTO ACT_SEL VALUES ( 642,647,1,'one',648 );
INSERT INTO ACT_SEL VALUES ( 706,710,1,'one',711 );
INSERT INTO ACT_SEL VALUES ( 919,921,1,'one',922 );
INSERT INTO ACT_SEL VALUES ( 924,928,1,'many',929 );
INSERT INTO ACT_SEL VALUES ( 938,940,1,'one',941 );
INSERT INTO ACT_SEL VALUES ( 957,961,1,'many',962 );
INSERT INTO ACT_SEL VALUES ( 1052,1058,1,'many',1059 );
INSERT INTO ACT_SEL VALUES ( 1121,1123,1,'one',1124 );
INSERT INTO ACT_SEL VALUES ( 1138,1064,0,'any',1140 );
INSERT INTO ACT_SEL VALUES ( 1145,1147,1,'one',1148 );
INSERT INTO ACT_SEL VALUES ( 1163,1165,1,'one',1166 );
INSERT INTO ACT_SEL VALUES ( 1197,1199,1,'one',1200 );
INSERT INTO ACT_SEL VALUES ( 1210,1212,1,'one',1213 );
INSERT INTO ACT_SEL VALUES ( 1245,1247,1,'one',1248 );
INSERT INTO ACT_SEL VALUES ( 1256,1260,1,'one',1261 );
INSERT INTO ACT_FOR VALUES ( 960,964,1,965,961,810 );
INSERT INTO ACT_FOR VALUES ( 1028,1030,1,1031,1029,189 );
INSERT INTO ACT_FOR VALUES ( 1057,1063,1,1064,1058,814 );
INSERT INTO ACT_FOR VALUES ( 1367,1369,1,1370,1368,814 );
INSERT INTO ACT_REL VALUES ( 233,188,205,'next',236,27,49,27,52 );
INSERT INTO ACT_REL VALUES ( 459,460,462,'',344,3,31,0,0 );
INSERT INTO ACT_REL VALUES ( 468,469,471,'',344,6,34,0,0 );
INSERT INTO ACT_REL VALUES ( 477,478,480,'',344,9,32,0,0 );
INSERT INTO ACT_REL VALUES ( 503,504,478,'',351,18,47,0,0 );
INSERT INTO ACT_REL VALUES ( 510,511,478,'',351,24,47,0,0 );
INSERT INTO ACT_REL VALUES ( 842,838,836,'',799,13,37,0,0 );
INSERT INTO ACT_REL VALUES ( 849,848,836,'',799,21,40,0,0 );
INSERT INTO ACT_REL VALUES ( 862,855,836,'',799,31,35,0,0 );
INSERT INTO ACT_REL VALUES ( 872,868,836,'',799,40,37,0,0 );
INSERT INTO ACT_REL VALUES ( 876,877,868,'',344,43,35,0,0 );
INSERT INTO ACT_REL VALUES ( 879,880,868,'',827,46,41,0,0 );
INSERT INTO ACT_REL VALUES ( 950,940,921,'',208,17,50,0,0 );
INSERT INTO ACT_REL VALUES ( 1209,1199,1206,'',816,8,39,0,0 );
INSERT INTO ACT_UNR VALUES ( 405,402,406,'',344,5,45,0,0 );
INSERT INTO ACT_UNR VALUES ( 409,411,402,'',351,6,36,0,0 );
INSERT INTO ACT_UNR VALUES ( 521,522,526,'',344,3,38,0,0 );
INSERT INTO ACT_UNR VALUES ( 532,533,537,'',344,3,38,0,0 );
INSERT INTO ACT_UNR VALUES ( 543,544,548,'',344,3,36,0,0 );
INSERT INTO ACT_UNR VALUES ( 554,555,559,'',344,3,38,0,0 );
INSERT INTO ACT_UNR VALUES ( 646,643,647,'',344,5,45,0,0 );
INSERT INTO ACT_UNR VALUES ( 650,652,643,'',351,6,36,0,0 );
INSERT INTO ACT_UNR VALUES ( 937,933,921,'',208,9,43,0,0 );
INSERT INTO ACT_UNR VALUES ( 949,933,940,'next',236,14,46,14,49 );
INSERT INTO ACT_UNR VALUES ( 1172,1170,1165,'',816,4,43,0,0 );
INSERT INTO ACT_E VALUES ( 1055,1056,1051 );
INSERT INTO ACT_E VALUES ( 1129,1130,1122 );
INSERT INTO ACT_E VALUES ( 1204,1205,1198 );
INSERT INTO ACT_FIO VALUES ( 199,203,1,'any',115,19,43 );
INSERT INTO ACT_FIO VALUES ( 258,260,1,'any',17,5,44 );
INSERT INTO ACT_FIO VALUES ( 308,310,1,'any',17,4,44 );
INSERT INTO ACT_FIO VALUES ( 314,316,1,'any',17,4,44 );
INSERT INTO ACT_FIO VALUES ( 1025,1029,1,'many',189,16,33 );
INSERT INTO ACT_FIO VALUES ( 1364,1368,1,'many',814,6,34 );
INSERT INTO ACT_CR VALUES ( 186,188,1,189,9,42 );
INSERT INTO ACT_CR VALUES ( 458,460,1,27,2,35 );
INSERT INTO ACT_CR VALUES ( 467,469,1,349,5,38 );
INSERT INTO ACT_CR VALUES ( 476,478,1,347,8,36 );
INSERT INTO ACT_CR VALUES ( 502,504,1,354,17,47 );
INSERT INTO ACT_CR VALUES ( 509,511,1,121,23,47 );
INSERT INTO ACT_CR VALUES ( 834,836,1,109,7,36 );
INSERT INTO ACT_CR VALUES ( 835,838,1,805,9,37 );
INSERT INTO ACT_CR VALUES ( 845,836,0,109,16,36 );
INSERT INTO ACT_CR VALUES ( 846,848,1,803,18,40 );
INSERT INTO ACT_CR VALUES ( 852,836,0,109,24,36 );
INSERT INTO ACT_CR VALUES ( 853,855,1,801,26,35 );
INSERT INTO ACT_CR VALUES ( 865,836,0,109,34,36 );
INSERT INTO ACT_CR VALUES ( 866,868,1,17,36,37 );
INSERT INTO ACT_CR VALUES ( 875,877,1,27,42,34 );
INSERT INTO ACT_CR VALUES ( 878,880,1,115,45,40 );
INSERT INTO ACT_CR VALUES ( 1208,1199,0,818,7,43 );
INSERT INTO ACT_DEL VALUES ( 412,411 );
INSERT INTO ACT_DEL VALUES ( 525,522 );
INSERT INTO ACT_DEL VALUES ( 536,533 );
INSERT INTO ACT_DEL VALUES ( 547,544 );
INSERT INTO ACT_DEL VALUES ( 558,555 );
INSERT INTO ACT_DEL VALUES ( 653,652 );
INSERT INTO ACT_DEL VALUES ( 946,933 );
INSERT INTO ACT_DEL VALUES ( 1131,1064 );
INSERT INTO ACT_DEL VALUES ( 1150,1068 );
INSERT INTO ACT_DEL VALUES ( 1173,1165 );
INSERT INTO ACT_URU VALUES ( 1126,1123,1068,1064,'',809,32,39,0,0 );
INSERT INTO ACT_IF VALUES ( 204,209,210,0,0 );
INSERT INTO ACT_IF VALUES ( 259,261,262,0,0 );
INSERT INTO ACT_IF VALUES ( 424,428,429,0,0 );
INSERT INTO ACT_IF VALUES ( 437,440,441,0,0 );
INSERT INTO ACT_IF VALUES ( 485,489,490,0,0 );
INSERT INTO ACT_IF VALUES ( 598,602,603,0,0 );
INSERT INTO ACT_IF VALUES ( 683,686,687,0,0 );
INSERT INTO ACT_IF VALUES ( 727,730,731,0,0 );
INSERT INTO ACT_IF VALUES ( 927,931,932,0,0 );
INSERT INTO ACT_IF VALUES ( 939,944,945,0,0 );
INSERT INTO ACT_IF VALUES ( 956,958,959,0,0 );
INSERT INTO ACT_IF VALUES ( 971,975,976,0,0 );
INSERT INTO ACT_IF VALUES ( 977,980,981,0,0 );
INSERT INTO ACT_IF VALUES ( 1051,1053,1054,0,0 );
INSERT INTO ACT_IF VALUES ( 1062,1065,1066,0,0 );
INSERT INTO ACT_IF VALUES ( 1122,1127,1128,0,0 );
INSERT INTO ACT_IF VALUES ( 1139,1142,1143,0,0 );
INSERT INTO ACT_IF VALUES ( 1164,1168,1169,0,0 );
INSERT INTO ACT_IF VALUES ( 1198,1202,1203,0,0 );
INSERT INTO ACT_IF VALUES ( 1253,1257,1258,0,0 );
INSERT INTO ACT_TFM VALUES ( 1004,1005,965,17,17,0,0 );
INSERT INTO ACT_TFM VALUES ( 1040,951,1031,18,18,0,0 );
INSERT INTO ACT_TFM VALUES ( 1146,916,1147,44,21,0,0 );
INSERT INTO ACT_WHL VALUES ( 232,234,235 );
INSERT INTO ACT_EL VALUES ( 263,264,265,259 );
INSERT INTO ACT_EL VALUES ( 266,267,268,259 );
INSERT INTO ACT_EL VALUES ( 269,270,271,259 );
INSERT INTO ACT_EL VALUES ( 491,492,493,485 );
INSERT INTO ACT_EL VALUES ( 688,689,690,683 );
INSERT INTO ACT_SR VALUES ( 202 );
INSERT INTO ACT_SR VALUES ( 238 );
INSERT INTO ACT_SR VALUES ( 382 );
INSERT INTO ACT_SR VALUES ( 400 );
INSERT INTO ACT_SR VALUES ( 401 );
INSERT INTO ACT_SR VALUES ( 479 );
INSERT INTO ACT_SR VALUES ( 520 );
INSERT INTO ACT_SR VALUES ( 531 );
INSERT INTO ACT_SR VALUES ( 542 );
INSERT INTO ACT_SR VALUES ( 553 );
INSERT INTO ACT_SR VALUES ( 575 );
INSERT INTO ACT_SR VALUES ( 593 );
INSERT INTO ACT_SR VALUES ( 623 );
INSERT INTO ACT_SR VALUES ( 641 );
INSERT INTO ACT_SR VALUES ( 642 );
INSERT INTO ACT_SR VALUES ( 706 );
INSERT INTO ACT_SR VALUES ( 919 );
INSERT INTO ACT_SR VALUES ( 924 );
INSERT INTO ACT_SR VALUES ( 938 );
INSERT INTO ACT_SR VALUES ( 957 );
INSERT INTO ACT_SR VALUES ( 1121 );
INSERT INTO ACT_SR VALUES ( 1138 );
INSERT INTO ACT_SR VALUES ( 1145 );
INSERT INTO ACT_SR VALUES ( 1163 );
INSERT INTO ACT_SR VALUES ( 1197 );
INSERT INTO ACT_SR VALUES ( 1210 );
INSERT INTO ACT_SR VALUES ( 1245 );
INSERT INTO ACT_SR VALUES ( 1256 );
INSERT INTO ACT_RET VALUES ( 245,246 );
INSERT INTO ACT_RET VALUES ( 427,430 );
INSERT INTO ACT_LNK VALUES ( 207,'',202,208,0,2,189,20,50,20,58,0,0 );
INSERT INTO ACT_LNK VALUES ( 240,'next',238,236,0,2,189,24,56,24,64,24,67 );
INSERT INTO ACT_LNK VALUES ( 386,'',382,351,0,2,347,3,38,3,46,0,0 );
INSERT INTO ACT_LNK VALUES ( 404,'',400,351,0,2,347,2,38,2,46,0,0 );
INSERT INTO ACT_LNK VALUES ( 408,'',401,344,0,2,17,3,47,3,56,0,0 );
INSERT INTO ACT_LNK VALUES ( 484,'',479,344,0,2,17,12,43,12,52,0,0 );
INSERT INTO ACT_LNK VALUES ( 524,'',520,344,0,2,27,2,40,2,47,0,0 );
INSERT INTO ACT_LNK VALUES ( 535,'',531,344,0,2,349,2,40,2,47,0,0 );
INSERT INTO ACT_LNK VALUES ( 546,'',542,344,0,2,347,2,38,2,46,0,0 );
INSERT INTO ACT_LNK VALUES ( 557,'',553,344,0,2,349,2,40,2,47,0,0 );
INSERT INTO ACT_LNK VALUES ( 579,'',575,351,0,2,347,4,38,4,46,0,0 );
INSERT INTO ACT_LNK VALUES ( 597,'',593,351,0,2,347,5,38,5,46,0,0 );
INSERT INTO ACT_LNK VALUES ( 627,'',623,351,0,2,347,4,38,4,46,0,0 );
INSERT INTO ACT_LNK VALUES ( 645,'',641,351,0,2,347,2,38,2,46,0,0 );
INSERT INTO ACT_LNK VALUES ( 649,'',642,344,0,2,17,3,47,3,56,0,0 );
INSERT INTO ACT_LNK VALUES ( 712,'',706,344,0,2,17,8,38,8,47,0,0 );
INSERT INTO ACT_LNK VALUES ( 923,'',919,208,0,2,115,2,42,2,50,0,0 );
INSERT INTO ACT_LNK VALUES ( 930,'',924,824,0,3,810,6,44,6,52,0,0 );
INSERT INTO ACT_LNK VALUES ( 942,'next',938,236,0,2,189,11,45,11,53,11,56 );
INSERT INTO ACT_LNK VALUES ( 963,'',957,824,0,3,810,15,44,15,52,0,0 );
INSERT INTO ACT_LNK VALUES ( 1061,'',1052,809,0,3,814,16,46,16,52,0,0 );
INSERT INTO ACT_LNK VALUES ( 1125,'',1121,809,0,2,109,24,51,24,56,0,0 );
INSERT INTO ACT_LNK VALUES ( 1141,'',1138,809,0,3,814,40,47,40,53,0,0 );
INSERT INTO ACT_LNK VALUES ( 1149,'',1145,824,0,2,189,43,49,43,57,0,0 );
INSERT INTO ACT_LNK VALUES ( 1167,'',1163,816,0,2,818,2,42,2,50,0,0 );
INSERT INTO ACT_LNK VALUES ( 1201,'',1197,816,0,2,818,4,42,4,50,0,0 );
INSERT INTO ACT_LNK VALUES ( 1214,'',1210,208,0,2,189,11,46,11,54,0,0 );
INSERT INTO ACT_LNK VALUES ( 1249,'',1245,816,0,2,818,2,42,2,50,0,0 );
INSERT INTO ACT_LNK VALUES ( 1262,'',1256,827,0,2,17,11,53,11,62,0,0 );
INSERT INTO ACT_SGN VALUES ( 383,4,11,4,1,0,299,0 );
INSERT INTO ACT_SGN VALUES ( 470,8,11,8,1,0,302,0 );
INSERT INTO ACT_SGN VALUES ( 576,7,11,7,1,0,299,0 );
INSERT INTO ACT_SGN VALUES ( 601,13,11,13,1,0,299,0 );
INSERT INTO ACT_SGN VALUES ( 624,6,11,6,1,0,299,0 );
INSERT INTO ACT_SGN VALUES ( 709,9,11,9,1,0,299,0 );
INSERT INTO ACT_SGN VALUES ( 759,2,11,2,1,0,302,0 );
INSERT INTO ACT_SGN VALUES ( 1893,1,8,1,1,1894,0,0 );
INSERT INTO ACT_SGN VALUES ( 1899,1,8,1,1,1900,0,0 );
INSERT INTO ACT_SGN VALUES ( 1905,1,8,1,1,1894,0,0 );
INSERT INTO ACT_CTL VALUES ( 1693 );
INSERT INTO ACT_SAB VALUES ( 376,369,375 );
INSERT INTO ACT_SAB VALUES ( 380,369,379 );
INSERT INTO ACT_SAB VALUES ( 398,369,397 );
INSERT INTO ACT_SAB VALUES ( 456,48,455 );
INSERT INTO ACT_SAB VALUES ( 465,48,464 );
INSERT INTO ACT_SAB VALUES ( 474,48,473 );
INSERT INTO ACT_SAB VALUES ( 569,562,568 );
INSERT INTO ACT_SAB VALUES ( 573,562,572 );
INSERT INTO ACT_SAB VALUES ( 591,562,590 );
INSERT INTO ACT_SAB VALUES ( 621,562,620 );
INSERT INTO ACT_SAB VALUES ( 639,562,638 );
INSERT INTO ACT_SAB VALUES ( 680,672,679 );
INSERT INTO ACT_SAB VALUES ( 703,672,702 );
INSERT INTO ACT_SAB VALUES ( 724,672,723 );
INSERT INTO ACT_SAB VALUES ( 757,672,756 );
INSERT INTO ACT_SAB VALUES ( 902,897,901 );
INSERT INTO ACT_SAB VALUES ( 906,897,905 );
INSERT INTO ACT_SAB VALUES ( 1013,1009,1012 );
INSERT INTO ACT_SAB VALUES ( 1161,1155,1160 );
INSERT INTO ACT_SAB VALUES ( 1176,1155,1175 );
INSERT INTO ACT_SAB VALUES ( 1195,1155,1194 );
INSERT INTO ACT_SAB VALUES ( 1243,1155,1242 );
INSERT INTO ACT_SAB VALUES ( 1309,1303,1308 );
INSERT INTO ACT_SAB VALUES ( 1313,1303,1312 );
INSERT INTO ACT_SAB VALUES ( 1317,1303,1316 );
INSERT INTO ACT_SAB VALUES ( 1337,1332,1336 );
INSERT INTO ACT_SAB VALUES ( 1341,1332,1340 );
INSERT INTO ACT_SAB VALUES ( 1361,1357,1360 );
INSERT INTO ACT_FNB VALUES ( 832,830 );
INSERT INTO ACT_OPB VALUES ( 421,36 );
INSERT INTO ACT_OPB VALUES ( 917,916 );
INSERT INTO ACT_OPB VALUES ( 954,951 );
INSERT INTO ACT_OPB VALUES ( 1049,1005 );
INSERT INTO ACT_BRB VALUES ( 1691,1690 );
INSERT INTO ACT_BRB VALUES ( 1697,1695 );
INSERT INTO ACT_BRB VALUES ( 1701,1699 );
INSERT INTO ACT_BRB VALUES ( 1705,1703 );
INSERT INTO ACT_BRB VALUES ( 1710,1707 );
INSERT INTO ACT_BRB VALUES ( 1715,1712 );
INSERT INTO ACT_BRB VALUES ( 1720,1717 );
INSERT INTO ACT_BRB VALUES ( 1724,1722 );
INSERT INTO ACT_BRB VALUES ( 1727,1726 );
INSERT INTO ACT_BRB VALUES ( 1736,1729 );
INSERT INTO ACT_BRB VALUES ( 1740,1738 );
INSERT INTO ACT_BRB VALUES ( 1744,1742 );
INSERT INTO ACT_BRB VALUES ( 1748,1746 );
INSERT INTO ACT_BRB VALUES ( 1752,1750 );
INSERT INTO ACT_BRB VALUES ( 1756,1754 );
INSERT INTO ACT_BRB VALUES ( 1760,1758 );
INSERT INTO ACT_BRB VALUES ( 1763,1762 );
INSERT INTO ACT_BRB VALUES ( 1767,1185 );
INSERT INTO ACT_BRB VALUES ( 1772,1769 );
INSERT INTO ACT_BRB VALUES ( 1776,1774 );
INSERT INTO ACT_BRB VALUES ( 1781,1778 );
INSERT INTO ACT_BRB VALUES ( 1786,1783 );
INSERT INTO ACT_BRB VALUES ( 1790,1788 );
INSERT INTO ACT_POB VALUES ( 243,241 );
INSERT INTO ACT_POB VALUES ( 253,251 );
INSERT INTO ACT_PSB VALUES ( 184,182 );
INSERT INTO ACT_PSB VALUES ( 249,247 );
INSERT INTO ACT_PSB VALUES ( 256,255 );
INSERT INTO ACT_PSB VALUES ( 1799,1798 );
INSERT INTO ACT_PSB VALUES ( 1802,1801 );
INSERT INTO ACT_PSB VALUES ( 1805,1804 );
INSERT INTO ACT_PSB VALUES ( 1808,1807 );
INSERT INTO ACT_PSB VALUES ( 1891,1889 );
INSERT INTO ACT_PSB VALUES ( 1897,1895 );
INSERT INTO ACT_PSB VALUES ( 1903,1901 );
INSERT INTO ACT_PSB VALUES ( 1907,1900 );
INSERT INTO ACT_PSB VALUES ( 1910,1894 );
INSERT INTO ACT_PSB VALUES ( 1914,1912 );
INSERT INTO ACT_ROB VALUES ( 1477,1475 );
INSERT INTO ACT_ROB VALUES ( 1481,1479 );
INSERT INTO ACT_ROB VALUES ( 1510,1508 );
INSERT INTO ACT_ROB VALUES ( 1514,1512 );
INSERT INTO ACT_ROB VALUES ( 1518,1516 );
INSERT INTO ACT_ROB VALUES ( 1522,1520 );
INSERT INTO ACT_ROB VALUES ( 1545,1543 );
INSERT INTO ACT_ROB VALUES ( 1549,1547 );
INSERT INTO ACT_ROB VALUES ( 1603,1601 );
INSERT INTO ACT_ROB VALUES ( 1607,1605 );
INSERT INTO ACT_RSB VALUES ( 300,299 );
INSERT INTO ACT_RSB VALUES ( 303,302 );
INSERT INTO ACT_RSB VALUES ( 306,305 );
INSERT INTO ACT_RSB VALUES ( 312,311 );
INSERT INTO ACT_RSB VALUES ( 325,323 );
INSERT INTO ACT_RSB VALUES ( 332,331 );
INSERT INTO ACT_RSB VALUES ( 335,334 );
INSERT INTO ACT_RSB VALUES ( 338,337 );
INSERT INTO ACT_RSB VALUES ( 341,340 );
INSERT INTO ACT_RSB VALUES ( 1458,1456 );
INSERT INTO ACT_RSB VALUES ( 1469,1467 );
INSERT INTO ACT_RSB VALUES ( 1473,1471 );
INSERT INTO ACT_RSB VALUES ( 1537,1535 );
INSERT INTO ACT_RSB VALUES ( 1541,1539 );
INSERT INTO ACT_RSB VALUES ( 1599,1597 );
INSERT INTO ACT_RSB VALUES ( 1621,1619 );
INSERT INTO ACT_RSB VALUES ( 1625,1623 );
INSERT INTO ACT_RSB VALUES ( 1636,1634 );
INSERT INTO ACT_RSB VALUES ( 1640,1638 );
INSERT INTO ACT_RSB VALUES ( 1644,1642 );
INSERT INTO ACT_RSB VALUES ( 1648,1646 );
INSERT INTO ACT_RSB VALUES ( 1652,1650 );
INSERT INTO ACT_RSB VALUES ( 1656,1654 );
INSERT INTO ACT_RSB VALUES ( 1660,1658 );
INSERT INTO ACT_RSB VALUES ( 1664,1662 );
INSERT INTO ACT_RSB VALUES ( 1668,1666 );
INSERT INTO ACT_RSB VALUES ( 1672,1670 );
INSERT INTO ACT_RSB VALUES ( 1676,1674 );
INSERT INTO ACT_RSB VALUES ( 1814,1813 );
INSERT INTO ACT_RSB VALUES ( 1817,1816 );
INSERT INTO ACT_RSB VALUES ( 1820,1819 );
INSERT INTO ACT_RSB VALUES ( 1823,1822 );
INSERT INTO ACT_TAB VALUES ( 415,369,414 );
INSERT INTO ACT_TAB VALUES ( 419,369,418 );
INSERT INTO ACT_TAB VALUES ( 518,48,517 );
INSERT INTO ACT_TAB VALUES ( 529,48,528 );
INSERT INTO ACT_TAB VALUES ( 540,48,539 );
INSERT INTO ACT_TAB VALUES ( 551,48,550 );
INSERT INTO ACT_TAB VALUES ( 656,562,655 );
INSERT INTO ACT_TAB VALUES ( 660,562,659 );
INSERT INTO ACT_TAB VALUES ( 664,562,663 );
INSERT INTO ACT_TAB VALUES ( 668,562,667 );
INSERT INTO ACT_TAB VALUES ( 762,672,761 );
INSERT INTO ACT_TAB VALUES ( 766,672,765 );
INSERT INTO ACT_TAB VALUES ( 770,672,769 );
INSERT INTO ACT_TAB VALUES ( 774,672,773 );
INSERT INTO ACT_TAB VALUES ( 778,672,777 );
INSERT INTO ACT_TAB VALUES ( 782,672,781 );
INSERT INTO ACT_TAB VALUES ( 910,897,909 );
INSERT INTO ACT_TAB VALUES ( 914,897,913 );
INSERT INTO ACT_TAB VALUES ( 1045,1009,1044 );
INSERT INTO ACT_TAB VALUES ( 1280,1155,1279 );
INSERT INTO ACT_TAB VALUES ( 1284,1155,1283 );
INSERT INTO ACT_TAB VALUES ( 1288,1155,1287 );
INSERT INTO ACT_TAB VALUES ( 1292,1155,1291 );
INSERT INTO ACT_TAB VALUES ( 1296,1155,1295 );
INSERT INTO ACT_TAB VALUES ( 1300,1155,1299 );
INSERT INTO ACT_TAB VALUES ( 1321,1303,1320 );
INSERT INTO ACT_TAB VALUES ( 1325,1303,1324 );
INSERT INTO ACT_TAB VALUES ( 1329,1303,1328 );
INSERT INTO ACT_TAB VALUES ( 1345,1332,1344 );
INSERT INTO ACT_TAB VALUES ( 1349,1332,1348 );
INSERT INTO ACT_TAB VALUES ( 1384,1357,1383 );
INSERT INTO E_CEI VALUES ( 1178,1181 );
INSERT INTO E_GEN VALUES ( 285,260 );
INSERT INTO E_GEN VALUES ( 286,260 );
INSERT INTO E_GEN VALUES ( 290,260 );
INSERT INTO E_GEN VALUES ( 309,310 );
INSERT INTO E_GEN VALUES ( 315,316 );
INSERT INTO E_GEN VALUES ( 410,406 );
INSERT INTO E_GEN VALUES ( 461,460 );
INSERT INTO E_GEN VALUES ( 488,478 );
INSERT INTO E_GEN VALUES ( 651,647 );
INSERT INTO E_GEN VALUES ( 697,696 );
INSERT INTO E_GEN VALUES ( 699,696 );
INSERT INTO E_GEN VALUES ( 754,740 );
INSERT INTO E_GEN VALUES ( 920,921 );
INSERT INTO E_GEN VALUES ( 943,921 );
INSERT INTO E_GEN VALUES ( 1136,1123 );
INSERT INTO E_GEN VALUES ( 1137,1123 );
INSERT INTO E_GEN VALUES ( 1259,1260 );
INSERT INTO E_ESS VALUES ( 285,1,0,7,13,7,23,0,0,0,0,0,0 );
INSERT INTO E_ESS VALUES ( 286,1,0,9,13,9,23,0,0,9,27,0,0 );
INSERT INTO E_ESS VALUES ( 290,1,0,11,13,11,23,0,0,11,27,0,0 );
INSERT INTO E_ESS VALUES ( 309,1,0,5,10,5,20,4,44,0,0,0,0 );
INSERT INTO E_ESS VALUES ( 315,1,0,5,10,5,20,4,44,0,0,0,0 );
INSERT INTO E_ESS VALUES ( 410,1,0,8,10,8,20,3,47,0,0,0,0 );
INSERT INTO E_ESS VALUES ( 461,1,0,5,10,5,21,2,35,0,0,0,0 );
INSERT INTO E_ESS VALUES ( 488,1,0,29,10,29,20,12,43,0,0,0,0 );
INSERT INTO E_ESS VALUES ( 651,1,0,8,10,8,20,3,47,0,0,0,0 );
INSERT INTO E_ESS VALUES ( 697,1,0,7,13,7,23,0,0,7,27,0,0 );
INSERT INTO E_ESS VALUES ( 699,1,0,9,13,9,23,0,0,9,27,0,0 );
INSERT INTO E_ESS VALUES ( 754,1,0,11,13,11,23,0,0,0,0,0,0 );
INSERT INTO E_ESS VALUES ( 920,1,0,3,10,3,19,2,42,3,33,0,0 );
INSERT INTO E_ESS VALUES ( 943,1,0,21,13,21,22,11,45,0,0,0,0 );
INSERT INTO E_ESS VALUES ( 1136,1,0,26,16,26,22,0,0,0,0,0,0 );
INSERT INTO E_ESS VALUES ( 1137,1,0,28,16,28,22,0,0,0,0,0,0 );
INSERT INTO E_ESS VALUES ( 1178,1,0,9,40,9,49,0,0,0,0,0,0 );
INSERT INTO E_ESS VALUES ( 1259,1,0,12,10,12,20,11,53,12,30,12,56 );
INSERT INTO E_CES VALUES ( 1178,1,1180 );
INSERT INTO E_GES VALUES ( 285 );
INSERT INTO E_GES VALUES ( 286 );
INSERT INTO E_GES VALUES ( 290 );
INSERT INTO E_GES VALUES ( 309 );
INSERT INTO E_GES VALUES ( 315 );
INSERT INTO E_GES VALUES ( 410 );
INSERT INTO E_GES VALUES ( 461 );
INSERT INTO E_GES VALUES ( 488 );
INSERT INTO E_GES VALUES ( 651 );
INSERT INTO E_GES VALUES ( 697 );
INSERT INTO E_GES VALUES ( 699 );
INSERT INTO E_GES VALUES ( 754 );
INSERT INTO E_GES VALUES ( 920 );
INSERT INTO E_GES VALUES ( 943 );
INSERT INTO E_GES VALUES ( 1136 );
INSERT INTO E_GES VALUES ( 1137 );
INSERT INTO E_GES VALUES ( 1259 );
INSERT INTO E_CSME VALUES ( 1178,1157 );
INSERT INTO E_GSME VALUES ( 285,150 );
INSERT INTO E_GSME VALUES ( 286,58 );
INSERT INTO E_GSME VALUES ( 290,58 );
INSERT INTO E_GSME VALUES ( 309,62 );
INSERT INTO E_GSME VALUES ( 315,152 );
INSERT INTO E_GSME VALUES ( 410,54 );
INSERT INTO E_GSME VALUES ( 461,64 );
INSERT INTO E_GSME VALUES ( 488,127 );
INSERT INTO E_GSME VALUES ( 651,54 );
INSERT INTO E_GSME VALUES ( 697,58 );
INSERT INTO E_GSME VALUES ( 699,58 );
INSERT INTO E_GSME VALUES ( 754,150 );
INSERT INTO E_GSME VALUES ( 920,926 );
INSERT INTO E_GSME VALUES ( 943,947 );
INSERT INTO E_GSME VALUES ( 1136,41 );
INSERT INTO E_GSME VALUES ( 1137,895 );
INSERT INTO E_GSME VALUES ( 1259,46 );
INSERT INTO PE_PE VALUES ( 3,1,2,0,7 );
INSERT INTO PE_PE VALUES ( 4,1,3,0,7 );
INSERT INTO PE_PE VALUES ( 5,1,4,0,14 );
INSERT INTO PE_PE VALUES ( 6,1,4,0,14 );
INSERT INTO PE_PE VALUES ( 7,1,4,0,14 );
INSERT INTO PE_PE VALUES ( 9,1,4,0,14 );
INSERT INTO PE_PE VALUES ( 10,1,4,0,14 );
INSERT INTO PE_PE VALUES ( 11,1,4,0,14 );
INSERT INTO PE_PE VALUES ( 12,1,4,0,14 );
INSERT INTO PE_PE VALUES ( 13,1,4,0,14 );
INSERT INTO PE_PE VALUES ( 14,1,3,0,7 );
INSERT INTO PE_PE VALUES ( 15,1,14,0,14 );
INSERT INTO PE_PE VALUES ( 16,1,14,0,14 );
INSERT INTO PE_PE VALUES ( 26,1,14,0,14 );
INSERT INTO PE_PE VALUES ( 32,1,14,0,14 );
INSERT INTO PE_PE VALUES ( 33,1,14,0,14 );
INSERT INTO PE_PE VALUES ( 35,1,14,0,14 );
INSERT INTO PE_PE VALUES ( 69,1,14,0,14 );
INSERT INTO PE_PE VALUES ( 71,1,14,0,14 );
INSERT INTO PE_PE VALUES ( 95,1,14,0,14 );
INSERT INTO PE_PE VALUES ( 43,1,14,0,14 );
INSERT INTO PE_PE VALUES ( 108,1,14,0,14 );
INSERT INTO PE_PE VALUES ( 40,1,14,0,14 );
INSERT INTO PE_PE VALUES ( 114,1,14,0,14 );
INSERT INTO PE_PE VALUES ( 45,1,14,0,14 );
INSERT INTO PE_PE VALUES ( 120,1,14,0,14 );
INSERT INTO PE_PE VALUES ( 53,1,14,0,14 );
INSERT INTO PE_PE VALUES ( 57,1,14,0,17 );
INSERT INTO PE_PE VALUES ( 96,1,14,0,17 );
INSERT INTO PE_PE VALUES ( 34,1,14,0,17 );
INSERT INTO PE_PE VALUES ( 72,1,14,0,17 );
INSERT INTO PE_PE VALUES ( 82,1,14,0,17 );
INSERT INTO PE_PE VALUES ( 100,1,14,0,17 );
INSERT INTO PE_PE VALUES ( 61,1,14,0,17 );
INSERT INTO PE_PE VALUES ( 102,1,14,0,17 );
INSERT INTO PE_PE VALUES ( 39,1,14,0,17 );
INSERT INTO PE_PE VALUES ( 87,1,14,0,17 );
INSERT INTO PE_PE VALUES ( 42,1,14,0,17 );
INSERT INTO PE_PE VALUES ( 44,1,14,0,17 );
INSERT INTO PE_PE VALUES ( 126,1,14,0,17 );
INSERT INTO PE_PE VALUES ( 52,1,14,0,17 );
INSERT INTO PE_PE VALUES ( 63,1,14,0,17 );
INSERT INTO PE_PE VALUES ( 65,1,14,0,17 );
INSERT INTO PE_PE VALUES ( 55,1,14,0,17 );
INSERT INTO PE_PE VALUES ( 104,1,14,0,17 );
INSERT INTO PE_PE VALUES ( 131,1,3,0,7 );
INSERT INTO PE_PE VALUES ( 132,1,131,0,14 );
INSERT INTO PE_PE VALUES ( 133,1,131,0,14 );
INSERT INTO PE_PE VALUES ( 138,1,131,0,14 );
INSERT INTO PE_PE VALUES ( 141,1,131,0,14 );
INSERT INTO PE_PE VALUES ( 142,1,131,0,14 );
INSERT INTO PE_PE VALUES ( 144,1,131,0,14 );
INSERT INTO PE_PE VALUES ( 156,1,131,0,14 );
INSERT INTO PE_PE VALUES ( 157,1,131,0,14 );
INSERT INTO PE_PE VALUES ( 167,1,131,0,14 );
INSERT INTO PE_PE VALUES ( 147,1,131,0,14 );
INSERT INTO PE_PE VALUES ( 146,1,131,0,17 );
INSERT INTO PE_PE VALUES ( 149,1,131,0,17 );
INSERT INTO PE_PE VALUES ( 151,1,131,0,17 );
INSERT INTO PE_PE VALUES ( 168,1,131,0,17 );
INSERT INTO PE_PE VALUES ( 143,1,131,0,17 );
INSERT INTO PE_PE VALUES ( 158,1,131,0,17 );
INSERT INTO PE_PE VALUES ( 163,1,131,0,17 );
INSERT INTO PE_PE VALUES ( 170,1,131,0,17 );
INSERT INTO PE_PE VALUES ( 153,1,131,0,17 );
INSERT INTO PE_PE VALUES ( 171,1,131,0,17 );
INSERT INTO PE_PE VALUES ( 172,1,131,0,17 );
INSERT INTO PE_PE VALUES ( 178,1,177,0,7 );
INSERT INTO PE_PE VALUES ( 8,1,178,0,2 );
INSERT INTO PE_PE VALUES ( 343,1,0,8,7 );
INSERT INTO PE_PE VALUES ( 344,1,343,0,9 );
INSERT INTO PE_PE VALUES ( 351,1,343,0,9 );
INSERT INTO PE_PE VALUES ( 347,1,343,0,4 );
INSERT INTO PE_PE VALUES ( 354,1,343,0,4 );
INSERT INTO PE_PE VALUES ( 17,1,343,0,4 );
INSERT INTO PE_PE VALUES ( 121,1,343,0,4 );
INSERT INTO PE_PE VALUES ( 27,1,343,0,4 );
INSERT INTO PE_PE VALUES ( 349,1,343,0,4 );
INSERT INTO PE_PE VALUES ( 788,1,0,8,7 );
INSERT INTO PE_PE VALUES ( 789,1,788,0,3 );
INSERT INTO PE_PE VALUES ( 792,1,788,0,3 );
INSERT INTO PE_PE VALUES ( 450,1,788,0,3 );
INSERT INTO PE_PE VALUES ( 795,1,788,0,10 );
INSERT INTO PE_PE VALUES ( 798,1,0,8,7 );
INSERT INTO PE_PE VALUES ( 799,1,798,0,9 );
INSERT INTO PE_PE VALUES ( 809,1,798,0,9 );
INSERT INTO PE_PE VALUES ( 816,1,798,0,9 );
INSERT INTO PE_PE VALUES ( 236,1,798,0,9 );
INSERT INTO PE_PE VALUES ( 208,1,798,0,9 );
INSERT INTO PE_PE VALUES ( 824,1,798,0,9 );
INSERT INTO PE_PE VALUES ( 827,1,798,0,9 );
INSERT INTO PE_PE VALUES ( 808,1,798,0,19 );
INSERT INTO PE_PE VALUES ( 830,1,798,0,1 );
INSERT INTO PE_PE VALUES ( 109,1,798,0,4 );
INSERT INTO PE_PE VALUES ( 805,1,798,0,4 );
INSERT INTO PE_PE VALUES ( 189,1,798,0,4 );
INSERT INTO PE_PE VALUES ( 810,1,798,0,4 );
INSERT INTO PE_PE VALUES ( 818,1,798,0,4 );
INSERT INTO PE_PE VALUES ( 115,1,798,0,4 );
INSERT INTO PE_PE VALUES ( 803,1,798,0,4 );
INSERT INTO PE_PE VALUES ( 801,1,798,0,4 );
INSERT INTO PE_PE VALUES ( 814,1,798,0,4 );
INSERT INTO PE_PE VALUES ( 1386,1,177,0,7 );
INSERT INTO PE_PE VALUES ( 1388,1,1387,0,21 );
INSERT INTO PE_PE VALUES ( 1395,1,1387,0,21 );
INSERT INTO PE_PE VALUES ( 1406,1,1387,0,21 );
INSERT INTO PE_PE VALUES ( 1412,1,1387,0,21 );
INSERT INTO PE_PE VALUES ( 1416,1,1387,0,21 );
INSERT INTO PE_PE VALUES ( 1420,1,1387,0,21 );
INSERT INTO PE_PE VALUES ( 1424,1,1387,0,21 );
INSERT INTO PE_PE VALUES ( 1435,1,1387,0,21 );
INSERT INTO PE_PE VALUES ( 1394,1,1387,0,22 );
INSERT INTO PE_PE VALUES ( 1401,1,1387,0,22 );
INSERT INTO PE_PE VALUES ( 1409,1,1387,0,22 );
INSERT INTO PE_PE VALUES ( 1415,1,1387,0,22 );
INSERT INTO PE_PE VALUES ( 1419,1,1387,0,22 );
INSERT INTO PE_PE VALUES ( 1423,1,1387,0,22 );
INSERT INTO PE_PE VALUES ( 1430,1,1387,0,22 );
INSERT INTO PE_PE VALUES ( 1438,1,1387,0,22 );
INSERT INTO PE_PE VALUES ( 1447,1,1387,0,2 );
INSERT INTO PE_PE VALUES ( 1450,1,1387,0,2 );
INSERT INTO PE_PE VALUES ( 1460,1,1387,0,2 );
INSERT INTO PE_PE VALUES ( 1483,1,1387,0,2 );
INSERT INTO PE_PE VALUES ( 1488,1,1387,0,2 );
INSERT INTO PE_PE VALUES ( 1389,1,1387,0,2 );
INSERT INTO PE_PE VALUES ( 1489,1,1387,0,2 );
INSERT INTO PE_PE VALUES ( 1396,1,1387,0,2 );
INSERT INTO PE_PE VALUES ( 1425,1,1387,0,2 );
INSERT INTO PE_PE VALUES ( 1500,1,1387,0,2 );
INSERT INTO PE_PE VALUES ( 1502,1,1387,0,2 );
INSERT INTO PE_PE VALUES ( 1498,1,1387,0,6 );
INSERT INTO PE_PE VALUES ( 1455,1,1387,0,6 );
INSERT INTO PE_PE VALUES ( 1466,1,1387,0,6 );
INSERT INTO PE_PE VALUES ( 1487,1,1387,0,6 );
INSERT INTO PE_PE VALUES ( 1492,1,1387,0,6 );
INSERT INTO PE_PE VALUES ( 1452,1,1387,0,6 );
INSERT INTO PE_PE VALUES ( 1449,1,1387,0,6 );
INSERT INTO PE_PE VALUES ( 1463,1,1387,0,6 );
INSERT INTO PE_PE VALUES ( 1495,1,1387,0,6 );
INSERT INTO PE_PE VALUES ( 1499,1,1387,0,6 );
INSERT INTO PE_PE VALUES ( 1507,1,1387,0,6 );
INSERT INTO PE_PE VALUES ( 1527,1,1526,0,2 );
INSERT INTO PE_PE VALUES ( 1551,1,1526,0,21 );
INSERT INTO PE_PE VALUES ( 1556,1,1526,0,21 );
INSERT INTO PE_PE VALUES ( 1567,1,1526,0,21 );
INSERT INTO PE_PE VALUES ( 1575,1,1526,0,21 );
INSERT INTO PE_PE VALUES ( 1583,1,1526,0,21 );
INSERT INTO PE_PE VALUES ( 1555,1,1526,0,22 );
INSERT INTO PE_PE VALUES ( 1560,1,1526,0,22 );
INSERT INTO PE_PE VALUES ( 1571,1,1526,0,22 );
INSERT INTO PE_PE VALUES ( 1578,1,1526,0,22 );
INSERT INTO PE_PE VALUES ( 1586,1,1526,0,22 );
INSERT INTO PE_PE VALUES ( 1590,1,1526,0,2 );
INSERT INTO PE_PE VALUES ( 1592,1,1526,0,2 );
INSERT INTO PE_PE VALUES ( 1611,1,1526,0,2 );
INSERT INTO PE_PE VALUES ( 1627,1,1526,0,2 );
INSERT INTO PE_PE VALUES ( 1534,1,1526,0,6 );
INSERT INTO PE_PE VALUES ( 1615,1,1526,0,6 );
INSERT INTO PE_PE VALUES ( 1596,1,1526,0,6 );
INSERT INTO PE_PE VALUES ( 1618,1,1526,0,6 );
INSERT INTO PE_PE VALUES ( 1630,1,1526,0,6 );
INSERT INTO PE_PE VALUES ( 1633,1,1526,0,6 );
INSERT INTO PE_PE VALUES ( 831,1,0,0,3 );
INSERT INTO PE_PE VALUES ( 231,1,0,0,3 );
INSERT INTO PE_PE VALUES ( 217,1,0,0,3 );
INSERT INTO PE_PE VALUES ( 1678,1,0,0,3 );
INSERT INTO PE_PE VALUES ( 1679,1,0,0,3 );
INSERT INTO PE_PE VALUES ( 1680,1,0,0,3 );
INSERT INTO PE_PE VALUES ( 361,1,0,0,3 );
INSERT INTO PE_PE VALUES ( 358,1,0,0,3 );
INSERT INTO PE_PE VALUES ( 212,1,0,0,3 );
INSERT INTO PE_PE VALUES ( 936,1,0,0,3 );
INSERT INTO PE_PE VALUES ( 1192,1,0,0,3 );
INSERT INTO PE_PE VALUES ( 1681,1,0,0,3 );
INSERT INTO PE_PE VALUES ( 1682,1,0,0,3 );
INSERT INTO PE_PE VALUES ( 1683,1,0,0,3 );
INSERT INTO PE_PE VALUES ( 1684,1,0,0,3 );
INSERT INTO PE_PE VALUES ( 1154,1,0,0,3 );
INSERT INTO PE_PE VALUES ( 1685,1,0,0,3 );
INSERT INTO PE_PE VALUES ( 1689,1,1688,0,5 );
INSERT INTO PE_PE VALUES ( 1694,1,1688,0,5 );
INSERT INTO PE_PE VALUES ( 1686,1,1688,0,5 );
INSERT INTO PE_PE VALUES ( 1794,1,1793,0,7 );
INSERT INTO PE_PE VALUES ( 1795,1,1794,0,7 );
INSERT INTO PE_PE VALUES ( 70,1,1795,0,2 );
INSERT INTO PE_PE VALUES ( 1810,1,1795,0,2 );
INSERT INTO PE_PE VALUES ( 298,1,1794,0,6 );
INSERT INTO PE_PE VALUES ( 1825,1,1793,0,7 );
INSERT INTO PE_PE VALUES ( 1826,1,1825,0,7 );
INSERT INTO PE_PE VALUES ( 1827,1,1826,0,14 );
INSERT INTO PE_PE VALUES ( 1828,1,1826,0,14 );
INSERT INTO PE_PE VALUES ( 1829,1,1826,0,14 );
INSERT INTO PE_PE VALUES ( 1831,1,1826,0,14 );
INSERT INTO PE_PE VALUES ( 1836,1,1826,0,17 );
INSERT INTO PE_PE VALUES ( 1830,1,1826,0,17 );
INSERT INTO PE_PE VALUES ( 1841,1,1826,0,17 );
INSERT INTO PE_PE VALUES ( 1832,1,1826,0,17 );
INSERT INTO PE_PE VALUES ( 1842,1,1825,0,7 );
INSERT INTO PE_PE VALUES ( 1843,1,1842,0,14 );
INSERT INTO PE_PE VALUES ( 1844,1,1842,0,14 );
INSERT INTO PE_PE VALUES ( 1845,1,1842,0,14 );
INSERT INTO PE_PE VALUES ( 1847,1,1842,0,14 );
INSERT INTO PE_PE VALUES ( 1854,1,1842,0,17 );
INSERT INTO PE_PE VALUES ( 1846,1,1842,0,17 );
INSERT INTO PE_PE VALUES ( 1848,1,1842,0,17 );
INSERT INTO PE_PE VALUES ( 1859,1,1842,0,17 );
INSERT INTO PE_PE VALUES ( 1864,1,1825,0,7 );
INSERT INTO PE_PE VALUES ( 1865,1,1864,0,14 );
INSERT INTO PE_PE VALUES ( 1866,1,1864,0,14 );
INSERT INTO PE_PE VALUES ( 1867,1,1864,0,14 );
INSERT INTO PE_PE VALUES ( 1869,1,1864,0,14 );
INSERT INTO PE_PE VALUES ( 1873,1,1864,0,17 );
INSERT INTO PE_PE VALUES ( 1868,1,1864,0,17 );
INSERT INTO PE_PE VALUES ( 1870,1,1864,0,17 );
INSERT INTO PE_PE VALUES ( 1883,1,1882,0,7 );
INSERT INTO PE_PE VALUES ( 1884,1,1883,0,7 );
INSERT INTO PE_PE VALUES ( 1885,1,1884,0,2 );
INSERT INTO PE_PE VALUES ( 1888,1,1883,0,6 );
INSERT INTO PE_PE VALUES ( 363,1,1920,0,3 );
INSERT INTO PE_PE VALUES ( 288,1,1922,0,3 );
INSERT INTO PE_PE VALUES ( 213,1,1924,0,3 );
INSERT INTO PE_PE VALUES ( 273,1,1924,0,3 );
INSERT INTO PE_PE VALUES ( 319,1,1926,0,6 );
INSERT INTO PE_PE VALUES ( 181,1,1926,0,6 );
INSERT INTO PE_PE VALUES ( 1928,1,1926,0,6 );
INSERT INTO PE_PE VALUES ( 295,1,1926,0,6 );
INSERT INTO PE_PE VALUES ( 322,1,1926,0,6 );
INSERT INTO SQ_LS VALUES ( 6,5,'',0 );
INSERT INTO SQ_LS VALUES ( 9,7,'',0 );
INSERT INTO SQ_LS VALUES ( 12,10,'',0 );
INSERT INTO SQ_LS VALUES ( 13,11,'',0 );
INSERT INTO SQ_LS VALUES ( 32,15,'',0 );
INSERT INTO SQ_LS VALUES ( 33,16,'',0 );
INSERT INTO SQ_LS VALUES ( 35,26,'',0 );
INSERT INTO SQ_LS VALUES ( 71,69,'',0 );
INSERT INTO SQ_LS VALUES ( 43,95,'',0 );
INSERT INTO SQ_LS VALUES ( 40,108,'',0 );
INSERT INTO SQ_LS VALUES ( 45,114,'',0 );
INSERT INTO SQ_LS VALUES ( 53,120,'',0 );
INSERT INTO SQ_LS VALUES ( 141,132,'',0 );
INSERT INTO SQ_LS VALUES ( 142,133,'',0 );
INSERT INTO SQ_LS VALUES ( 144,138,'',0 );
INSERT INTO SQ_LS VALUES ( 157,156,'',0 );
INSERT INTO SQ_LS VALUES ( 147,167,'',0 );
INSERT INTO SQ_LS VALUES ( 1829,1827,'',0 );
INSERT INTO SQ_LS VALUES ( 1831,1828,'',0 );
INSERT INTO SQ_LS VALUES ( 1845,1843,'',0 );
INSERT INTO SQ_LS VALUES ( 1847,1844,'',0 );
INSERT INTO SQ_LS VALUES ( 1867,1865,'',0 );
INSERT INTO SQ_LS VALUES ( 1869,1866,'',0 );
INSERT INTO SQ_CIP VALUES ( 10,0,'Cross Transfer Conveyor','Informal Class','Cross Transfer Conveyor : Informal Class','',0 );
INSERT INTO SQ_CIP VALUES ( 11,0,'Manual Sequence','Informal Class','Manual Sequence : Informal Class','',0 );
INSERT INTO SQ_CIP VALUES ( 16,17,'CrossTransferConveyor','Informal Class','CrossTransferConveyor : Cross Transfer Conveyor','',1 );
INSERT INTO SQ_CIP VALUES ( 26,27,'CTC_Manual Sequencer','Informal Class','CTC_Manual Sequencer : Manual Sequence','',1 );
INSERT INTO SQ_CIP VALUES ( 108,109,'Actuator','Informal Class','Actuator : Actuator','',1 );
INSERT INTO SQ_CIP VALUES ( 114,115,'DiverterBay','Informal Class','DiverterBay : Diverter Bay','',1 );
INSERT INTO SQ_CIP VALUES ( 120,121,'HesitatingRollout','Informal Class','HesitatingRollout : Hesitating Rollout','',1 );
INSERT INTO SQ_CIP VALUES ( 133,17,'CrossTransferConveyor','Informal Class','CrossTransferConveyor : Cross Transfer Conveyor','',1 );
INSERT INTO SQ_CIP VALUES ( 138,27,'CTC_Manual Sequencer','Informal Class','CTC_Manual Sequencer : Manual Sequence','',1 );
INSERT INTO SQ_COP VALUES ( 7,8,'Diverter::Design::Model::Diverter','Informal Component','',1 );
INSERT INTO SQ_COP VALUES ( 69,70,'Intf_MotorDrive::ClientInterface::JogMotor::TestComponents::prv_JogMotor_ExpResp','Velocity Control Drive','',1 );
INSERT INTO SQ_COP VALUES ( 95,8,'Diverter::Design::Model::Diverter','Informal Component','',1 );
INSERT INTO SQ_COP VALUES ( 156,70,'Intf_MotorDrive::ClientInterface::JogMotor::TestComponents::prv_JogMotor_ExpResp','Velocity Control Drive','',1 );
INSERT INTO SQ_COP VALUES ( 167,8,'Diverter::Design::Model::Diverter','Informal Component','',1 );
INSERT INTO SQ_COP VALUES ( 1827,1810,'Intf_MotorDrive::ClientInterface::JogMotor::TestComponents::rqd_JogMotor_IntfTest','Client','',1 );
INSERT INTO SQ_COP VALUES ( 1828,70,'Intf_MotorDrive::ClientInterface::JogMotor::TestComponents::prv_JogMotor_ExpResp','Provider','',1 );
INSERT INTO SQ_COP VALUES ( 1843,1810,'Intf_MotorDrive::ClientInterface::JogMotor::TestComponents::rqd_JogMotor_IntfTest','Client','',1 );
INSERT INTO SQ_COP VALUES ( 1844,70,'Intf_MotorDrive::ClientInterface::JogMotor::TestComponents::prv_JogMotor_ExpResp','Provider','',1 );
INSERT INTO SQ_COP VALUES ( 1865,1810,'Intf_MotorDrive::ClientInterface::JogMotor::TestComponents::rqd_JogMotor_IntfTest','Client','',1 );
INSERT INTO SQ_COP VALUES ( 1866,70,'Intf_MotorDrive::ClientInterface::JogMotor::TestComponents::prv_JogMotor_ExpResp','Provider','',1 );
INSERT INTO SQ_TM VALUES ( 67,'',35,'' );
INSERT INTO SQ_TM VALUES ( 68,'',35,'' );
INSERT INTO SQ_TM VALUES ( 89,'',71,'' );
INSERT INTO SQ_TM VALUES ( 91,'',71,'' );
INSERT INTO SQ_TM VALUES ( 92,'',71,'' );
INSERT INTO SQ_TM VALUES ( 94,'',71,'' );
INSERT INTO SQ_TM VALUES ( 105,'',43,'' );
INSERT INTO SQ_TM VALUES ( 107,'',43,'' );
INSERT INTO SQ_TM VALUES ( 128,'',53,'' );
INSERT INTO SQ_TM VALUES ( 130,'',53,'' );
INSERT INTO SQ_TM VALUES ( 154,'',144,'' );
INSERT INTO SQ_TM VALUES ( 155,'',144,'' );
INSERT INTO SQ_TM VALUES ( 164,'',157,'' );
INSERT INTO SQ_TM VALUES ( 166,'',157,'' );
INSERT INTO SQ_TM VALUES ( 174,'',147,'' );
INSERT INTO SQ_TM VALUES ( 176,'',147,'' );
INSERT INTO SQ_TM VALUES ( 1833,'',1829,'' );
INSERT INTO SQ_TM VALUES ( 1835,'',1829,'' );
INSERT INTO SQ_TM VALUES ( 1849,'',1845,'' );
INSERT INTO SQ_TM VALUES ( 1850,'',1845,'' );
INSERT INTO SQ_TM VALUES ( 1851,'',1845,'' );
INSERT INTO SQ_TM VALUES ( 1853,'',1845,'' );
INSERT INTO SQ_TM VALUES ( 1860,'',1847,'' );
INSERT INTO SQ_TM VALUES ( 1863,'',1847,'' );
INSERT INTO SQ_TM VALUES ( 1862,'',1847,'' );
INSERT INTO SQ_TM VALUES ( 1871,'',1867,'' );
INSERT INTO SQ_TM VALUES ( 1872,'',1867,'' );
INSERT INTO SQ_TM VALUES ( 1878,'',1869,'' );
INSERT INTO SQ_TM VALUES ( 1881,'',1869,'' );
INSERT INTO SQ_TM VALUES ( 1880,'',1869,'' );
INSERT INTO SQ_TS VALUES ( 90,91,89,'Motor Jogging Forward','' );
INSERT INTO SQ_TS VALUES ( 93,94,92,'Motor Jogging Forward','' );
INSERT INTO SQ_TS VALUES ( 106,107,105,'User continually holding switch in jog operator position.','' );
INSERT INTO SQ_TS VALUES ( 129,130,128,'Conveyor movement controlled by automatic sequence in this timeframe.','' );
INSERT INTO SQ_TS VALUES ( 165,166,164,'Motor Jogging','' );
INSERT INTO SQ_TS VALUES ( 175,176,174,'As long as the user holds the switch.','' );
INSERT INTO SQ_TS VALUES ( 1834,1835,1833,'client controls jog duration','' );
INSERT INTO SQ_TS VALUES ( 1852,1853,1851,'actual jog duration','' );
INSERT INTO SQ_TS VALUES ( 1861,1862,1860,'original jog duration','' );
INSERT INTO SQ_TS VALUES ( 1879,1880,1878,'provider controls jog duration','' );
INSERT INTO SQ_P VALUES ( 5,0 );
INSERT INTO SQ_P VALUES ( 6,0 );
INSERT INTO SQ_P VALUES ( 7,0 );
INSERT INTO SQ_P VALUES ( 9,0 );
INSERT INTO SQ_P VALUES ( 10,0 );
INSERT INTO SQ_P VALUES ( 11,0 );
INSERT INTO SQ_P VALUES ( 12,0 );
INSERT INTO SQ_P VALUES ( 13,0 );
INSERT INTO SQ_P VALUES ( 15,0 );
INSERT INTO SQ_P VALUES ( 16,0 );
INSERT INTO SQ_P VALUES ( 26,0 );
INSERT INTO SQ_P VALUES ( 32,0 );
INSERT INTO SQ_P VALUES ( 33,0 );
INSERT INTO SQ_P VALUES ( 35,0 );
INSERT INTO SQ_P VALUES ( 69,0 );
INSERT INTO SQ_P VALUES ( 71,0 );
INSERT INTO SQ_P VALUES ( 95,0 );
INSERT INTO SQ_P VALUES ( 43,0 );
INSERT INTO SQ_P VALUES ( 108,0 );
INSERT INTO SQ_P VALUES ( 40,0 );
INSERT INTO SQ_P VALUES ( 114,0 );
INSERT INTO SQ_P VALUES ( 45,0 );
INSERT INTO SQ_P VALUES ( 120,0 );
INSERT INTO SQ_P VALUES ( 53,0 );
INSERT INTO SQ_P VALUES ( 132,0 );
INSERT INTO SQ_P VALUES ( 133,0 );
INSERT INTO SQ_P VALUES ( 138,0 );
INSERT INTO SQ_P VALUES ( 141,0 );
INSERT INTO SQ_P VALUES ( 142,0 );
INSERT INTO SQ_P VALUES ( 144,0 );
INSERT INTO SQ_P VALUES ( 156,0 );
INSERT INTO SQ_P VALUES ( 157,0 );
INSERT INTO SQ_P VALUES ( 167,0 );
INSERT INTO SQ_P VALUES ( 147,0 );
INSERT INTO SQ_P VALUES ( 1827,0 );
INSERT INTO SQ_P VALUES ( 1828,0 );
INSERT INTO SQ_P VALUES ( 1829,0 );
INSERT INTO SQ_P VALUES ( 1831,0 );
INSERT INTO SQ_P VALUES ( 1843,0 );
INSERT INTO SQ_P VALUES ( 1844,0 );
INSERT INTO SQ_P VALUES ( 1845,0 );
INSERT INTO SQ_P VALUES ( 1847,0 );
INSERT INTO SQ_P VALUES ( 1865,0 );
INSERT INTO SQ_P VALUES ( 1866,0 );
INSERT INTO SQ_P VALUES ( 1867,0 );
INSERT INTO SQ_P VALUES ( 1869,0 );
INSERT INTO SQ_AV VALUES ( 18,17,19,'current_state','','',0,16,'',1 );
INSERT INTO SQ_AV VALUES ( 20,17,21,'stopping_time','','',0,16,'',1 );
INSERT INTO SQ_AV VALUES ( 22,17,23,'Id','','',0,16,'',1 );
INSERT INTO SQ_AV VALUES ( 24,17,25,'drive_side','','',0,16,'',1 );
INSERT INTO SQ_AV VALUES ( 28,27,29,'current_state','','',0,26,'',1 );
INSERT INTO SQ_AV VALUES ( 30,27,31,'jog_direction','','',0,26,'',1 );
INSERT INTO SQ_AV VALUES ( 110,109,111,'current_state','','',0,108,'',1 );
INSERT INTO SQ_AV VALUES ( 112,109,113,'Id','','',0,108,'',1 );
INSERT INTO SQ_AV VALUES ( 116,115,117,'current_state','','',0,114,'',1 );
INSERT INTO SQ_AV VALUES ( 118,115,119,'sheet_settling_timer','','',0,114,'',1 );
INSERT INTO SQ_AV VALUES ( 122,121,123,'current_state','','',0,120,'',1 );
INSERT INTO SQ_AV VALUES ( 124,121,125,'preliminary_move_time','','',0,120,'',1 );
INSERT INTO SQ_AV VALUES ( 134,17,19,'current_state','','',0,133,'',1 );
INSERT INTO SQ_AV VALUES ( 135,17,21,'stopping_time','','',0,133,'',1 );
INSERT INTO SQ_AV VALUES ( 136,17,23,'Id','','',0,133,'',1 );
INSERT INTO SQ_AV VALUES ( 137,17,25,'drive_side','','',0,133,'',1 );
INSERT INTO SQ_AV VALUES ( 139,27,29,'current_state','','',0,138,'',1 );
INSERT INTO SQ_AV VALUES ( 140,27,31,'jog_direction','','',0,138,'',1 );
INSERT INTO SQ_AP VALUES ( 5,'Corrugator Operator','',0 );
INSERT INTO SQ_AP VALUES ( 15,'Corrugator Operator','',0 );
INSERT INTO SQ_AP VALUES ( 132,'Corrugator Operator','',0 );
INSERT INTO SQ_FAV VALUES ( 18 );
INSERT INTO SQ_FAV VALUES ( 20 );
INSERT INTO SQ_FAV VALUES ( 22 );
INSERT INTO SQ_FAV VALUES ( 24 );
INSERT INTO SQ_FAV VALUES ( 28 );
INSERT INTO SQ_FAV VALUES ( 30 );
INSERT INTO SQ_FAV VALUES ( 110 );
INSERT INTO SQ_FAV VALUES ( 112 );
INSERT INTO SQ_FAV VALUES ( 116 );
INSERT INTO SQ_FAV VALUES ( 118 );
INSERT INTO SQ_FAV VALUES ( 122 );
INSERT INTO SQ_FAV VALUES ( 124 );
INSERT INTO SQ_FAV VALUES ( 134 );
INSERT INTO SQ_FAV VALUES ( 135 );
INSERT INTO SQ_FAV VALUES ( 136 );
INSERT INTO SQ_FAV VALUES ( 137 );
INSERT INTO SQ_FAV VALUES ( 139 );
INSERT INTO SQ_FAV VALUES ( 140 );
INSERT INTO S_DT VALUES ( 789,0,'Sheet_End','','' );
INSERT INTO S_DT VALUES ( 792,0,'Actuator_Event_Type','','' );
INSERT INTO S_DT VALUES ( 450,0,'Divert_Conv_Discharge_Alg','','' );
INSERT INTO S_DT VALUES ( 831,0,'void','','' );
INSERT INTO S_DT VALUES ( 231,0,'boolean','','' );
INSERT INTO S_DT VALUES ( 217,0,'integer','','' );
INSERT INTO S_DT VALUES ( 1678,0,'real','','' );
INSERT INTO S_DT VALUES ( 1679,0,'string','','' );
INSERT INTO S_DT VALUES ( 1680,0,'unique_id','','' );
INSERT INTO S_DT VALUES ( 361,0,'state<State_Model>','','' );
INSERT INTO S_DT VALUES ( 358,0,'same_as<Base_Attribute>','','' );
INSERT INTO S_DT VALUES ( 212,0,'inst_ref<Object>','','' );
INSERT INTO S_DT VALUES ( 936,0,'inst_ref_set<Object>','','' );
INSERT INTO S_DT VALUES ( 1192,0,'inst<Event>','','' );
INSERT INTO S_DT VALUES ( 1681,0,'inst<Mapping>','','' );
INSERT INTO S_DT VALUES ( 1682,0,'inst_ref<Mapping>','','' );
INSERT INTO S_DT VALUES ( 1683,0,'component_ref','','' );
INSERT INTO S_DT VALUES ( 1684,0,'date','','' );
INSERT INTO S_DT VALUES ( 1154,0,'inst_ref<Timer>','','' );
INSERT INTO S_DT VALUES ( 1685,0,'timestamp','','' );
INSERT INTO S_DT VALUES ( 363,0,'Motor_Direction','','' );
INSERT INTO S_DT VALUES ( 288,0,'Machine_Side','','' );
INSERT INTO S_DT VALUES ( 213,0,'Divert_Packet','','' );
INSERT INTO S_DT VALUES ( 273,0,'Jog_Switch_Position','','' );
