-- root-types-contained: SystemModel_c,PackageableElement_c,DataType_c,CoreDataType_c,UserDataType_c
-- BP 7.1 content: StreamData syschar: 3 persistence-version: 7.1.6

INSERT INTO S_SYS
	VALUES ("4024ccdc-bf32-4565-a289-284f1403b484",
	'DiverterSystemTest',
	1);
INSERT INTO EP_PKG
	VALUES ("67e7af0c-c81d-4f22-aa45-c1e9db4b3e5d",
	"4024ccdc-bf32-4565-a289-284f1403b484",
	"4024ccdc-bf32-4565-a289-284f1403b484",
	'Sequence',
	'',
	0);
INSERT INTO EP_PKG
	VALUES ("167f51c6-7655-4677-8bf1-e8bc4117e64e",
	"4024ccdc-bf32-4565-a289-284f1403b484",
	"4024ccdc-bf32-4565-a289-284f1403b484",
	'System',
	'',
	0);
INSERT INTO PE_PE
	VALUES ("8aebd6fa-0c3b-41d8-b86c-f7f0262ded47",
	1,
	"167f51c6-7655-4677-8bf1-e8bc4117e64e",
	"00000000-0000-0000-0000-000000000000",
	2);
INSERT INTO C_C
	VALUES ("8aebd6fa-0c3b-41d8-b86c-f7f0262ded47",
	"00000000-0000-0000-0000-000000000000",
	"00000000-0000-0000-0000-000000000000",
	'Client',
	'',
	0,
	"00000000-0000-0000-0000-000000000000",
	0,
	'');
INSERT INTO C_PO
	VALUES ("4d9e0ad1-8225-4292-83b3-90f316770878",
	"8aebd6fa-0c3b-41d8-b86c-f7f0262ded47",
	'Port1',
	0,
	0);
INSERT INTO C_IR
	VALUES ("9b61ea41-1246-449e-bdc1-33450c4b9ab1",
	"1c4072df-4470-4866-9416-5fa08e4b28be",
	"00000000-0000-0000-0000-000000000000",
	"4d9e0ad1-8225-4292-83b3-90f316770878");
INSERT INTO C_R
	VALUES ("9b61ea41-1246-449e-bdc1-33450c4b9ab1",
	'DiverterClient',
	'',
	'Unnamed Interface',
	'Client::Port1::DiverterClient');
INSERT INTO SPR_REP
	VALUES ("ba5c8870-db31-45a6-a0b5-99b0ee1bd6e1",
	"f057388f-df84-4155-94c4-b3fb64b631d2",
	"9b61ea41-1246-449e-bdc1-33450c4b9ab1");
INSERT INTO SPR_RS
	VALUES ("ba5c8870-db31-45a6-a0b5-99b0ee1bd6e1",
	'divert_pending',
	'',
	'',
	1);
INSERT INTO ACT_RSB
	VALUES ("a94ca9ba-98f8-40d1-b015-67cc84b0c381",
	"ba5c8870-db31-45a6-a0b5-99b0ee1bd6e1");
INSERT INTO ACT_ACT
	VALUES ("a94ca9ba-98f8-40d1-b015-67cc84b0c381",
	'signal',
	0,
	"ea432fde-ee2d-477b-9c0b-209a09c34d8a",
	"00000000-0000-0000-0000-000000000000",
	0,
	'Port1::DiverterClient::divert_pending',
	"00000000-0000-0000-0000-000000000000");
INSERT INTO ACT_BLK
	VALUES ("ea432fde-ee2d-477b-9c0b-209a09c34d8a",
	0,
	0,
	0,
	'',
	'',
	'',
	0,
	0,
	0,
	0,
	0,
	0,
	0,
	0,
	0,
	0,
	0,
	0,
	0,
	"a94ca9ba-98f8-40d1-b015-67cc84b0c381",
	"00000000-0000-0000-0000-000000000000");
INSERT INTO SPR_REP
	VALUES ("50db6316-5f44-4dfe-b326-40670865cf8c",
	"75c6ef98-13ed-4d3f-af8e-966a6574358b",
	"9b61ea41-1246-449e-bdc1-33450c4b9ab1");
INSERT INTO SPR_RS
	VALUES ("50db6316-5f44-4dfe-b326-40670865cf8c",
	'diverter_ready',
	'',
	'',
	1);
INSERT INTO ACT_RSB
	VALUES ("34edb39e-bc05-4d62-a026-ac2c4dcf0e22",
	"50db6316-5f44-4dfe-b326-40670865cf8c");
INSERT INTO ACT_ACT
	VALUES ("34edb39e-bc05-4d62-a026-ac2c4dcf0e22",
	'signal',
	0,
	"b37d8b50-d8a6-43f1-a2be-93defd1dd765",
	"00000000-0000-0000-0000-000000000000",
	0,
	'Port1::DiverterClient::diverter_ready',
	"00000000-0000-0000-0000-000000000000");
INSERT INTO ACT_BLK
	VALUES ("b37d8b50-d8a6-43f1-a2be-93defd1dd765",
	0,
	0,
	0,
	'',
	'',
	'',
	0,
	0,
	0,
	0,
	0,
	0,
	0,
	0,
	0,
	0,
	0,
	0,
	0,
	"34edb39e-bc05-4d62-a026-ac2c4dcf0e22",
	"00000000-0000-0000-0000-000000000000");
INSERT INTO SPR_REP
	VALUES ("81984dc6-c05d-46b4-ab23-b6145c18564a",
	"ad786695-010d-4e54-86a6-57e572786231",
	"9b61ea41-1246-449e-bdc1-33450c4b9ab1");
INSERT INTO SPR_RS
	VALUES ("81984dc6-c05d-46b4-ab23-b6145c18564a",
	'xtfr_jog_switch_position_changed',
	'',
	'',
	1);
INSERT INTO ACT_RSB
	VALUES ("ba06fcf0-d04c-4724-ac4a-e8d131cca83e",
	"81984dc6-c05d-46b4-ab23-b6145c18564a");
INSERT INTO ACT_ACT
	VALUES ("ba06fcf0-d04c-4724-ac4a-e8d131cca83e",
	'signal',
	0,
	"91f250f3-7088-4480-9057-84c0fdac63c7",
	"00000000-0000-0000-0000-000000000000",
	0,
	'Port1::DiverterClient::xtfr_jog_switch_position_changed',
	"00000000-0000-0000-0000-000000000000");
INSERT INTO ACT_BLK
	VALUES ("91f250f3-7088-4480-9057-84c0fdac63c7",
	0,
	0,
	0,
	'',
	'',
	'',
	0,
	0,
	0,
	0,
	0,
	0,
	0,
	0,
	0,
	0,
	0,
	0,
	0,
	"ba06fcf0-d04c-4724-ac4a-e8d131cca83e",
	"00000000-0000-0000-0000-000000000000");
INSERT INTO SPR_REP
	VALUES ("731f1ae1-54ee-4538-b87a-9c16ad4eb3c3",
	"617e5f69-340e-4966-9b58-2ed30ec3c58d",
	"9b61ea41-1246-449e-bdc1-33450c4b9ab1");
INSERT INTO SPR_RO
	VALUES ("731f1ae1-54ee-4538-b87a-9c16ad4eb3c3",
	'request_status',
	'True - Diverter Ready, False - Diverter Not Ready
Operation returns the current state of the diverter system.  
',
	'',
	1);
INSERT INTO ACT_ROB
	VALUES ("f2f3c42e-cbd9-4966-923b-30cc14c0e277",
	"731f1ae1-54ee-4538-b87a-9c16ad4eb3c3");
INSERT INTO ACT_ACT
	VALUES ("f2f3c42e-cbd9-4966-923b-30cc14c0e277",
	'interface operation',
	0,
	"64b68d79-eaa3-4de8-8ea5-47731c40acd5",
	"00000000-0000-0000-0000-000000000000",
	0,
	'Port1::DiverterClient::request_status',
	"00000000-0000-0000-0000-000000000000");
INSERT INTO ACT_BLK
	VALUES ("64b68d79-eaa3-4de8-8ea5-47731c40acd5",
	0,
	0,
	0,
	'',
	'',
	'',
	0,
	0,
	0,
	0,
	0,
	0,
	0,
	0,
	0,
	0,
	0,
	0,
	0,
	"f2f3c42e-cbd9-4966-923b-30cc14c0e277",
	"00000000-0000-0000-0000-000000000000");
INSERT INTO SPR_REP
	VALUES ("d5498c0e-4c9f-4351-824f-497ae43cad03",
	"c9114946-3cdf-4418-98be-3c89197a5f21",
	"9b61ea41-1246-449e-bdc1-33450c4b9ab1");
INSERT INTO SPR_RO
	VALUES ("d5498c0e-4c9f-4351-824f-497ae43cad03",
	'get_xtfr_jog_switch_position',
	'',
	'select any jog_switch from instances of JS;
return jog_switch.position;

//return JogSwitchPosition::Stop;
',
	1);
INSERT INTO ACT_ROB
	VALUES ("ef20dff6-fffd-4489-a0d3-155392d040fd",
	"d5498c0e-4c9f-4351-824f-497ae43cad03");
INSERT INTO ACT_ACT
	VALUES ("ef20dff6-fffd-4489-a0d3-155392d040fd",
	'interface operation',
	0,
	"558470b1-d189-4e05-8940-48f6df834d13",
	"00000000-0000-0000-0000-000000000000",
	0,
	'Port1::DiverterClient::get_xtfr_jog_switch_position',
	"00000000-0000-0000-0000-000000000000");
INSERT INTO ACT_BLK
	VALUES ("558470b1-d189-4e05-8940-48f6df834d13",
	1,
	0,
	0,
	'',
	'',
	'',
	2,
	1,
	1,
	41,
	0,
	0,
	0,
	0,
	0,
	0,
	0,
	0,
	0,
	"ef20dff6-fffd-4489-a0d3-155392d040fd",
	"00000000-0000-0000-0000-000000000000");
INSERT INTO ACT_SMT
	VALUES ("1e8a9311-5081-411b-a5c0-fe46a5efdadb",
	"558470b1-d189-4e05-8940-48f6df834d13",
	"94b8a672-730c-4c19-87f3-8969bb0271f7",
	1,
	1,
	'Port1::DiverterClient::get_xtfr_jog_switch_position line: 1');
INSERT INTO ACT_FIO
	VALUES ("1e8a9311-5081-411b-a5c0-fe46a5efdadb",
	"673e5c36-d90c-4aed-b326-49c2d3b3a5d2",
	1,
	'any',
	"f3d6d58c-a021-4932-bfb0-5a136cccaed6",
	1,
	41);
INSERT INTO ACT_SMT
	VALUES ("94b8a672-730c-4c19-87f3-8969bb0271f7",
	"558470b1-d189-4e05-8940-48f6df834d13",
	"00000000-0000-0000-0000-000000000000",
	2,
	1,
	'Port1::DiverterClient::get_xtfr_jog_switch_position line: 2');
INSERT INTO ACT_RET
	VALUES ("94b8a672-730c-4c19-87f3-8969bb0271f7",
	"1b474268-1810-4bab-9d86-b1f4d58d6315");
INSERT INTO V_VAL
	VALUES ("b93eedad-c624-4629-a61d-cebf9784e849",
	0,
	0,
	2,
	8,
	17,
	0,
	0,
	0,
	0,
	"ba5eda7a-def5-0000-0000-000000000008",
	"558470b1-d189-4e05-8940-48f6df834d13");
INSERT INTO V_IRF
	VALUES ("b93eedad-c624-4629-a61d-cebf9784e849",
	"673e5c36-d90c-4aed-b326-49c2d3b3a5d2");
INSERT INTO V_VAL
	VALUES ("1b474268-1810-4bab-9d86-b1f4d58d6315",
	0,
	0,
	2,
	19,
	26,
	0,
	0,
	0,
	0,
	"f69263cd-bbf1-4447-ab8c-6ca928791356",
	"558470b1-d189-4e05-8940-48f6df834d13");
INSERT INTO V_AVL
	VALUES ("1b474268-1810-4bab-9d86-b1f4d58d6315",
	"b93eedad-c624-4629-a61d-cebf9784e849",
	"f3d6d58c-a021-4932-bfb0-5a136cccaed6",
	"44ba4f69-7a31-4cdf-b1e6-a2aa33884130");
INSERT INTO V_VAR
	VALUES ("673e5c36-d90c-4aed-b326-49c2d3b3a5d2",
	"558470b1-d189-4e05-8940-48f6df834d13",
	'jog_switch',
	1,
	"ba5eda7a-def5-0000-0000-000000000008");
INSERT INTO V_INT
	VALUES ("673e5c36-d90c-4aed-b326-49c2d3b3a5d2",
	0,
	"f3d6d58c-a021-4932-bfb0-5a136cccaed6");
INSERT INTO PE_PE
	VALUES ("40c3d968-f16e-40ec-bb04-e4b18d930be1",
	1,
	"00000000-0000-0000-0000-000000000000",
	"8aebd6fa-0c3b-41d8-b86c-f7f0262ded47",
	7);
INSERT INTO EP_PKG
	VALUES ("40c3d968-f16e-40ec-bb04-e4b18d930be1",
	"00000000-0000-0000-0000-000000000000",
	"4024ccdc-bf32-4565-a289-284f1403b484",
	'Test',
	'',
	0);
INSERT INTO PE_PE
	VALUES ("31e407ad-cfc8-45bb-ba3a-25b50f0a0c9d",
	1,
	"40c3d968-f16e-40ec-bb04-e4b18d930be1",
	"00000000-0000-0000-0000-000000000000",
	1);
INSERT INTO S_SYNC
	VALUES ("31e407ad-cfc8-45bb-ba3a-25b50f0a0c9d",
	"00000000-0000-0000-0000-000000000000",
	'JogDriveSide',
	'',
	'select any jog_switch from instances of JS;
jog_switch.position = Jog_Switch_Position::Drive;

Port1::xtfr_jog_switch_position_changed(new_position: jog_switch.position);
',
	"ba5eda7a-def5-0000-0000-000000000000",
	1,
	'');
INSERT INTO ACT_FNB
	VALUES ("646fd2c7-deea-4902-bb89-042937014439",
	"31e407ad-cfc8-45bb-ba3a-25b50f0a0c9d");
INSERT INTO ACT_ACT
	VALUES ("646fd2c7-deea-4902-bb89-042937014439",
	'function',
	0,
	"353f06b5-0f71-4c01-acab-6408e2ac4658",
	"00000000-0000-0000-0000-000000000000",
	0,
	'JogDriveSide',
	"00000000-0000-0000-0000-000000000000");
INSERT INTO ACT_BLK
	VALUES ("353f06b5-0f71-4c01-acab-6408e2ac4658",
	1,
	0,
	0,
	'Port1',
	'',
	'',
	4,
	1,
	4,
	1,
	0,
	0,
	0,
	0,
	0,
	0,
	2,
	23,
	0,
	"646fd2c7-deea-4902-bb89-042937014439",
	"00000000-0000-0000-0000-000000000000");
INSERT INTO ACT_SMT
	VALUES ("8194fcf7-53cd-4088-944a-4b749b43ae97",
	"353f06b5-0f71-4c01-acab-6408e2ac4658",
	"2c9c2590-6b4e-41ea-8721-90dbc72406e2",
	1,
	1,
	'JogDriveSide line: 1');
INSERT INTO ACT_FIO
	VALUES ("8194fcf7-53cd-4088-944a-4b749b43ae97",
	"6a3b5144-4837-4129-b3c3-918636350515",
	1,
	'any',
	"f3d6d58c-a021-4932-bfb0-5a136cccaed6",
	1,
	41);
INSERT INTO ACT_SMT
	VALUES ("2c9c2590-6b4e-41ea-8721-90dbc72406e2",
	"353f06b5-0f71-4c01-acab-6408e2ac4658",
	"669f8f58-55af-4989-996d-31e4de07a679",
	2,
	1,
	'JogDriveSide line: 2');
INSERT INTO ACT_AI
	VALUES ("2c9c2590-6b4e-41ea-8721-90dbc72406e2",
	"5397a771-0478-4981-9ee2-f56402f56fbd",
	"7751fc27-fd8c-4cd9-9937-ead031424ff4",
	0,
	0);
INSERT INTO ACT_SMT
	VALUES ("669f8f58-55af-4989-996d-31e4de07a679",
	"353f06b5-0f71-4c01-acab-6408e2ac4658",
	"00000000-0000-0000-0000-000000000000",
	4,
	1,
	'JogDriveSide line: 4');
INSERT INTO ACT_SGN
	VALUES ("669f8f58-55af-4989-996d-31e4de07a679",
	4,
	8,
	4,
	1,
	"00000000-0000-0000-0000-000000000000",
	"81984dc6-c05d-46b4-ab23-b6145c18564a",
	"00000000-0000-0000-0000-000000000000");
INSERT INTO V_VAL
	VALUES ("9d06fcef-2b40-499f-b626-528e66a8a13a",
	1,
	0,
	2,
	1,
	10,
	0,
	0,
	0,
	0,
	"ba5eda7a-def5-0000-0000-000000000008",
	"353f06b5-0f71-4c01-acab-6408e2ac4658");
INSERT INTO V_IRF
	VALUES ("9d06fcef-2b40-499f-b626-528e66a8a13a",
	"6a3b5144-4837-4129-b3c3-918636350515");
INSERT INTO V_VAL
	VALUES ("7751fc27-fd8c-4cd9-9937-ead031424ff4",
	1,
	0,
	2,
	12,
	19,
	0,
	0,
	0,
	0,
	"f69263cd-bbf1-4447-ab8c-6ca928791356",
	"353f06b5-0f71-4c01-acab-6408e2ac4658");
INSERT INTO V_AVL
	VALUES ("7751fc27-fd8c-4cd9-9937-ead031424ff4",
	"9d06fcef-2b40-499f-b626-528e66a8a13a",
	"f3d6d58c-a021-4932-bfb0-5a136cccaed6",
	"44ba4f69-7a31-4cdf-b1e6-a2aa33884130");
INSERT INTO V_VAL
	VALUES ("5397a771-0478-4981-9ee2-f56402f56fbd",
	0,
	0,
	2,
	44,
	48,
	0,
	0,
	0,
	0,
	"f69263cd-bbf1-4447-ab8c-6ca928791356",
	"353f06b5-0f71-4c01-acab-6408e2ac4658");
INSERT INTO V_LEN
	VALUES ("5397a771-0478-4981-9ee2-f56402f56fbd",
	"7dc639d1-4772-4dea-abb8-715959ea3b70",
	2,
	23);
INSERT INTO V_VAL
	VALUES ("76eb74a4-c969-4193-a874-44db3cdb34d8",
	0,
	0,
	4,
	55,
	64,
	0,
	0,
	0,
	0,
	"ba5eda7a-def5-0000-0000-000000000008",
	"353f06b5-0f71-4c01-acab-6408e2ac4658");
INSERT INTO V_IRF
	VALUES ("76eb74a4-c969-4193-a874-44db3cdb34d8",
	"6a3b5144-4837-4129-b3c3-918636350515");
INSERT INTO V_VAL
	VALUES ("d0df7c00-4dc8-4c15-8a67-74dc36ca1cfe",
	0,
	0,
	4,
	66,
	73,
	0,
	0,
	0,
	0,
	"f69263cd-bbf1-4447-ab8c-6ca928791356",
	"353f06b5-0f71-4c01-acab-6408e2ac4658");
INSERT INTO V_AVL
	VALUES ("d0df7c00-4dc8-4c15-8a67-74dc36ca1cfe",
	"76eb74a4-c969-4193-a874-44db3cdb34d8",
	"f3d6d58c-a021-4932-bfb0-5a136cccaed6",
	"44ba4f69-7a31-4cdf-b1e6-a2aa33884130");
INSERT INTO V_PAR
	VALUES ("d0df7c00-4dc8-4c15-8a67-74dc36ca1cfe",
	"669f8f58-55af-4989-996d-31e4de07a679",
	"00000000-0000-0000-0000-000000000000",
	'new_position',
	"00000000-0000-0000-0000-000000000000",
	4,
	41);
INSERT INTO V_VAR
	VALUES ("6a3b5144-4837-4129-b3c3-918636350515",
	"353f06b5-0f71-4c01-acab-6408e2ac4658",
	'jog_switch',
	1,
	"ba5eda7a-def5-0000-0000-000000000008");
INSERT INTO V_INT
	VALUES ("6a3b5144-4837-4129-b3c3-918636350515",
	0,
	"f3d6d58c-a021-4932-bfb0-5a136cccaed6");
INSERT INTO PE_PE
	VALUES ("2eb77dc8-6847-4f30-840b-15998465a990",
	1,
	"40c3d968-f16e-40ec-bb04-e4b18d930be1",
	"00000000-0000-0000-0000-000000000000",
	1);
INSERT INTO S_SYNC
	VALUES ("2eb77dc8-6847-4f30-840b-15998465a990",
	"00000000-0000-0000-0000-000000000000",
	'JogOperatorSide',
	'',
	'select any jog_switch from instances of JS;
jog_switch.position = Jog_Switch_Position::Operator;

Port1::xtfr_jog_switch_position_changed(new_position: jog_switch.position);
',
	"ba5eda7a-def5-0000-0000-000000000000",
	1,
	'');
INSERT INTO ACT_FNB
	VALUES ("26935c06-a076-469c-8559-e18a131c4f89",
	"2eb77dc8-6847-4f30-840b-15998465a990");
INSERT INTO ACT_ACT
	VALUES ("26935c06-a076-469c-8559-e18a131c4f89",
	'function',
	0,
	"fe698494-b77e-42b8-ace6-2cf65630b98f",
	"00000000-0000-0000-0000-000000000000",
	0,
	'JogOperatorSide',
	"00000000-0000-0000-0000-000000000000");
INSERT INTO ACT_BLK
	VALUES ("fe698494-b77e-42b8-ace6-2cf65630b98f",
	1,
	0,
	0,
	'Port1',
	'',
	'',
	4,
	1,
	4,
	1,
	0,
	0,
	0,
	0,
	0,
	0,
	2,
	23,
	0,
	"26935c06-a076-469c-8559-e18a131c4f89",
	"00000000-0000-0000-0000-000000000000");
INSERT INTO ACT_SMT
	VALUES ("04b57b4c-0de2-4caa-a854-7dd46bd83c2b",
	"fe698494-b77e-42b8-ace6-2cf65630b98f",
	"f6e47bb9-9d36-4134-90e3-9d41977ec4da",
	1,
	1,
	'JogOperatorSide line: 1');
INSERT INTO ACT_FIO
	VALUES ("04b57b4c-0de2-4caa-a854-7dd46bd83c2b",
	"cd0e4446-b3c7-4d01-be0a-24f4fd29a8e0",
	1,
	'any',
	"f3d6d58c-a021-4932-bfb0-5a136cccaed6",
	1,
	41);
INSERT INTO ACT_SMT
	VALUES ("f6e47bb9-9d36-4134-90e3-9d41977ec4da",
	"fe698494-b77e-42b8-ace6-2cf65630b98f",
	"c694f563-bc0d-4e83-9cbc-36b25e8d39a8",
	2,
	1,
	'JogOperatorSide line: 2');
INSERT INTO ACT_AI
	VALUES ("f6e47bb9-9d36-4134-90e3-9d41977ec4da",
	"ad148fb9-976c-4290-9e0b-4ffc823e86ab",
	"3ad81fd8-8136-4601-8d9e-5ef4493225de",
	0,
	0);
INSERT INTO ACT_SMT
	VALUES ("c694f563-bc0d-4e83-9cbc-36b25e8d39a8",
	"fe698494-b77e-42b8-ace6-2cf65630b98f",
	"00000000-0000-0000-0000-000000000000",
	4,
	1,
	'JogOperatorSide line: 4');
INSERT INTO ACT_SGN
	VALUES ("c694f563-bc0d-4e83-9cbc-36b25e8d39a8",
	4,
	8,
	4,
	1,
	"00000000-0000-0000-0000-000000000000",
	"81984dc6-c05d-46b4-ab23-b6145c18564a",
	"00000000-0000-0000-0000-000000000000");
INSERT INTO V_VAL
	VALUES ("c8cb3e28-daea-4809-b780-a728e6e84455",
	1,
	0,
	2,
	1,
	10,
	0,
	0,
	0,
	0,
	"ba5eda7a-def5-0000-0000-000000000008",
	"fe698494-b77e-42b8-ace6-2cf65630b98f");
INSERT INTO V_IRF
	VALUES ("c8cb3e28-daea-4809-b780-a728e6e84455",
	"cd0e4446-b3c7-4d01-be0a-24f4fd29a8e0");
INSERT INTO V_VAL
	VALUES ("3ad81fd8-8136-4601-8d9e-5ef4493225de",
	1,
	0,
	2,
	12,
	19,
	0,
	0,
	0,
	0,
	"f69263cd-bbf1-4447-ab8c-6ca928791356",
	"fe698494-b77e-42b8-ace6-2cf65630b98f");
INSERT INTO V_AVL
	VALUES ("3ad81fd8-8136-4601-8d9e-5ef4493225de",
	"c8cb3e28-daea-4809-b780-a728e6e84455",
	"f3d6d58c-a021-4932-bfb0-5a136cccaed6",
	"44ba4f69-7a31-4cdf-b1e6-a2aa33884130");
INSERT INTO V_VAL
	VALUES ("ad148fb9-976c-4290-9e0b-4ffc823e86ab",
	0,
	0,
	2,
	44,
	51,
	0,
	0,
	0,
	0,
	"f69263cd-bbf1-4447-ab8c-6ca928791356",
	"fe698494-b77e-42b8-ace6-2cf65630b98f");
INSERT INTO V_LEN
	VALUES ("ad148fb9-976c-4290-9e0b-4ffc823e86ab",
	"a25ea528-6e48-4c6d-8159-95c1136a228f",
	2,
	23);
INSERT INTO V_VAL
	VALUES ("d9a8cdfa-4f75-48d4-a02a-3063a2b31ec2",
	0,
	0,
	4,
	55,
	64,
	0,
	0,
	0,
	0,
	"ba5eda7a-def5-0000-0000-000000000008",
	"fe698494-b77e-42b8-ace6-2cf65630b98f");
INSERT INTO V_IRF
	VALUES ("d9a8cdfa-4f75-48d4-a02a-3063a2b31ec2",
	"cd0e4446-b3c7-4d01-be0a-24f4fd29a8e0");
INSERT INTO V_VAL
	VALUES ("0f62afe9-41a2-4062-9023-36d60adbfe29",
	0,
	0,
	4,
	66,
	73,
	0,
	0,
	0,
	0,
	"f69263cd-bbf1-4447-ab8c-6ca928791356",
	"fe698494-b77e-42b8-ace6-2cf65630b98f");
INSERT INTO V_AVL
	VALUES ("0f62afe9-41a2-4062-9023-36d60adbfe29",
	"d9a8cdfa-4f75-48d4-a02a-3063a2b31ec2",
	"f3d6d58c-a021-4932-bfb0-5a136cccaed6",
	"44ba4f69-7a31-4cdf-b1e6-a2aa33884130");
INSERT INTO V_PAR
	VALUES ("0f62afe9-41a2-4062-9023-36d60adbfe29",
	"c694f563-bc0d-4e83-9cbc-36b25e8d39a8",
	"00000000-0000-0000-0000-000000000000",
	'new_position',
	"00000000-0000-0000-0000-000000000000",
	4,
	41);
INSERT INTO V_VAR
	VALUES ("cd0e4446-b3c7-4d01-be0a-24f4fd29a8e0",
	"fe698494-b77e-42b8-ace6-2cf65630b98f",
	'jog_switch',
	1,
	"ba5eda7a-def5-0000-0000-000000000008");
INSERT INTO V_INT
	VALUES ("cd0e4446-b3c7-4d01-be0a-24f4fd29a8e0",
	0,
	"f3d6d58c-a021-4932-bfb0-5a136cccaed6");
INSERT INTO PE_PE
	VALUES ("94edeaf7-ace3-4c76-a55f-aa82f499248b",
	1,
	"40c3d968-f16e-40ec-bb04-e4b18d930be1",
	"00000000-0000-0000-0000-000000000000",
	1);
INSERT INTO S_SYNC
	VALUES ("94edeaf7-ace3-4c76-a55f-aa82f499248b",
	"00000000-0000-0000-0000-000000000000",
	'StopJogging',
	'',
	'select any jog_switch from instances of JS;
jog_switch.position = Jog_Switch_Position::Stop;

Port1::xtfr_jog_switch_position_changed(new_position: jog_switch.position);
',
	"ba5eda7a-def5-0000-0000-000000000000",
	1,
	'');
INSERT INTO ACT_FNB
	VALUES ("e4a909e1-45fe-4204-a391-06be2215420d",
	"94edeaf7-ace3-4c76-a55f-aa82f499248b");
INSERT INTO ACT_ACT
	VALUES ("e4a909e1-45fe-4204-a391-06be2215420d",
	'function',
	0,
	"f8177b9d-e125-49ed-9089-36bba545c223",
	"00000000-0000-0000-0000-000000000000",
	0,
	'StopJogging',
	"00000000-0000-0000-0000-000000000000");
INSERT INTO ACT_BLK
	VALUES ("f8177b9d-e125-49ed-9089-36bba545c223",
	1,
	0,
	0,
	'Port1',
	'',
	'',
	4,
	1,
	4,
	1,
	0,
	0,
	0,
	0,
	0,
	0,
	2,
	23,
	0,
	"e4a909e1-45fe-4204-a391-06be2215420d",
	"00000000-0000-0000-0000-000000000000");
INSERT INTO ACT_SMT
	VALUES ("f8ba7f02-55b8-46d5-b658-9669c1640cb1",
	"f8177b9d-e125-49ed-9089-36bba545c223",
	"7bd9b3bc-e72c-4962-a2f0-4c901549c438",
	1,
	1,
	'StopJogging line: 1');
INSERT INTO ACT_FIO
	VALUES ("f8ba7f02-55b8-46d5-b658-9669c1640cb1",
	"e5a5fb7f-1dd7-4fef-b344-bb4a5de829cc",
	1,
	'any',
	"f3d6d58c-a021-4932-bfb0-5a136cccaed6",
	1,
	41);
INSERT INTO ACT_SMT
	VALUES ("7bd9b3bc-e72c-4962-a2f0-4c901549c438",
	"f8177b9d-e125-49ed-9089-36bba545c223",
	"845ea308-f9b2-4737-9a77-d3ff087ff5cf",
	2,
	1,
	'StopJogging line: 2');
INSERT INTO ACT_AI
	VALUES ("7bd9b3bc-e72c-4962-a2f0-4c901549c438",
	"38af5b7f-8a63-498b-aebd-7a271e1ac2c9",
	"511d264d-b878-4511-92d2-252bcceaccde",
	0,
	0);
INSERT INTO ACT_SMT
	VALUES ("845ea308-f9b2-4737-9a77-d3ff087ff5cf",
	"f8177b9d-e125-49ed-9089-36bba545c223",
	"00000000-0000-0000-0000-000000000000",
	4,
	1,
	'StopJogging line: 4');
INSERT INTO ACT_SGN
	VALUES ("845ea308-f9b2-4737-9a77-d3ff087ff5cf",
	4,
	8,
	4,
	1,
	"00000000-0000-0000-0000-000000000000",
	"81984dc6-c05d-46b4-ab23-b6145c18564a",
	"00000000-0000-0000-0000-000000000000");
INSERT INTO V_VAL
	VALUES ("fbf3b660-4234-4fb7-b507-871b467061d8",
	1,
	0,
	2,
	1,
	10,
	0,
	0,
	0,
	0,
	"ba5eda7a-def5-0000-0000-000000000008",
	"f8177b9d-e125-49ed-9089-36bba545c223");
INSERT INTO V_IRF
	VALUES ("fbf3b660-4234-4fb7-b507-871b467061d8",
	"e5a5fb7f-1dd7-4fef-b344-bb4a5de829cc");
INSERT INTO V_VAL
	VALUES ("511d264d-b878-4511-92d2-252bcceaccde",
	1,
	0,
	2,
	12,
	19,
	0,
	0,
	0,
	0,
	"f69263cd-bbf1-4447-ab8c-6ca928791356",
	"f8177b9d-e125-49ed-9089-36bba545c223");
INSERT INTO V_AVL
	VALUES ("511d264d-b878-4511-92d2-252bcceaccde",
	"fbf3b660-4234-4fb7-b507-871b467061d8",
	"f3d6d58c-a021-4932-bfb0-5a136cccaed6",
	"44ba4f69-7a31-4cdf-b1e6-a2aa33884130");
INSERT INTO V_VAL
	VALUES ("38af5b7f-8a63-498b-aebd-7a271e1ac2c9",
	0,
	0,
	2,
	44,
	47,
	0,
	0,
	0,
	0,
	"f69263cd-bbf1-4447-ab8c-6ca928791356",
	"f8177b9d-e125-49ed-9089-36bba545c223");
INSERT INTO V_LEN
	VALUES ("38af5b7f-8a63-498b-aebd-7a271e1ac2c9",
	"cc9f160f-a5c8-4fc3-aa88-61d05088ce18",
	2,
	23);
INSERT INTO V_VAL
	VALUES ("fb4e5703-b31c-4f78-b178-773c0d18226e",
	0,
	0,
	4,
	55,
	64,
	0,
	0,
	0,
	0,
	"ba5eda7a-def5-0000-0000-000000000008",
	"f8177b9d-e125-49ed-9089-36bba545c223");
INSERT INTO V_IRF
	VALUES ("fb4e5703-b31c-4f78-b178-773c0d18226e",
	"e5a5fb7f-1dd7-4fef-b344-bb4a5de829cc");
INSERT INTO V_VAL
	VALUES ("5165bdff-f022-4e6f-9b0b-99cc82076f05",
	0,
	0,
	4,
	66,
	73,
	0,
	0,
	0,
	0,
	"f69263cd-bbf1-4447-ab8c-6ca928791356",
	"f8177b9d-e125-49ed-9089-36bba545c223");
INSERT INTO V_AVL
	VALUES ("5165bdff-f022-4e6f-9b0b-99cc82076f05",
	"fb4e5703-b31c-4f78-b178-773c0d18226e",
	"f3d6d58c-a021-4932-bfb0-5a136cccaed6",
	"44ba4f69-7a31-4cdf-b1e6-a2aa33884130");
INSERT INTO V_PAR
	VALUES ("5165bdff-f022-4e6f-9b0b-99cc82076f05",
	"845ea308-f9b2-4737-9a77-d3ff087ff5cf",
	"00000000-0000-0000-0000-000000000000",
	'new_position',
	"00000000-0000-0000-0000-000000000000",
	4,
	41);
INSERT INTO V_VAR
	VALUES ("e5a5fb7f-1dd7-4fef-b344-bb4a5de829cc",
	"f8177b9d-e125-49ed-9089-36bba545c223",
	'jog_switch',
	1,
	"ba5eda7a-def5-0000-0000-000000000008");
INSERT INTO V_INT
	VALUES ("e5a5fb7f-1dd7-4fef-b344-bb4a5de829cc",
	0,
	"f3d6d58c-a021-4932-bfb0-5a136cccaed6");
INSERT INTO PE_PE
	VALUES ("a69e5630-8cc2-45c6-9104-1e810f699612",
	1,
	"40c3d968-f16e-40ec-bb04-e4b18d930be1",
	"00000000-0000-0000-0000-000000000000",
	1);
INSERT INTO S_SYNC
	VALUES ("a69e5630-8cc2-45c6-9104-1e810f699612",
	"00000000-0000-0000-0000-000000000000",
	'Init',
	'',
	'select any jog_switch from instances of JS;
if empty jog_switch;
   create object instance jog_switch of JS;
   jog_switch.position = Jog_Switch_Position::Stop;
end if;
',
	"ba5eda7a-def5-0000-0000-000000000000",
	1,
	'');
INSERT INTO ACT_FNB
	VALUES ("3a4a0cb6-594d-4e69-9dec-83fa14c6af36",
	"a69e5630-8cc2-45c6-9104-1e810f699612");
INSERT INTO ACT_ACT
	VALUES ("3a4a0cb6-594d-4e69-9dec-83fa14c6af36",
	'function',
	0,
	"2f6a294e-6356-4a41-a434-c6da5673f1a4",
	"00000000-0000-0000-0000-000000000000",
	0,
	'Init',
	"00000000-0000-0000-0000-000000000000");
INSERT INTO ACT_BLK
	VALUES ("2f6a294e-6356-4a41-a434-c6da5673f1a4",
	1,
	0,
	0,
	'',
	'',
	'',
	2,
	1,
	1,
	41,
	0,
	0,
	0,
	0,
	0,
	0,
	0,
	0,
	0,
	"3a4a0cb6-594d-4e69-9dec-83fa14c6af36",
	"00000000-0000-0000-0000-000000000000");
INSERT INTO ACT_SMT
	VALUES ("af027b4e-54c1-41c3-a9b7-c8d9bc974080",
	"2f6a294e-6356-4a41-a434-c6da5673f1a4",
	"464de60e-39cd-44f6-9998-54f5f5f07a8e",
	1,
	1,
	'Init line: 1');
INSERT INTO ACT_FIO
	VALUES ("af027b4e-54c1-41c3-a9b7-c8d9bc974080",
	"9bbb6073-9d3b-4468-8216-a4e94105b6d8",
	1,
	'any',
	"f3d6d58c-a021-4932-bfb0-5a136cccaed6",
	1,
	41);
INSERT INTO ACT_SMT
	VALUES ("464de60e-39cd-44f6-9998-54f5f5f07a8e",
	"2f6a294e-6356-4a41-a434-c6da5673f1a4",
	"00000000-0000-0000-0000-000000000000",
	2,
	1,
	'Init line: 2');
INSERT INTO ACT_IF
	VALUES ("464de60e-39cd-44f6-9998-54f5f5f07a8e",
	"53d5962c-e59a-4e30-947c-c90ecc58673c",
	"57b6f6ee-616c-4c57-b821-bc8f1c272dd6",
	"00000000-0000-0000-0000-000000000000",
	"00000000-0000-0000-0000-000000000000");
INSERT INTO V_VAL
	VALUES ("177bc497-a3a3-4c0d-a343-da19b37bc954",
	0,
	0,
	2,
	10,
	19,
	0,
	0,
	0,
	0,
	"ba5eda7a-def5-0000-0000-000000000008",
	"2f6a294e-6356-4a41-a434-c6da5673f1a4");
INSERT INTO V_IRF
	VALUES ("177bc497-a3a3-4c0d-a343-da19b37bc954",
	"9bbb6073-9d3b-4468-8216-a4e94105b6d8");
INSERT INTO V_VAL
	VALUES ("57b6f6ee-616c-4c57-b821-bc8f1c272dd6",
	0,
	0,
	-1,
	-1,
	-1,
	0,
	0,
	0,
	0,
	"ba5eda7a-def5-0000-0000-000000000001",
	"2f6a294e-6356-4a41-a434-c6da5673f1a4");
INSERT INTO V_UNY
	VALUES ("57b6f6ee-616c-4c57-b821-bc8f1c272dd6",
	"177bc497-a3a3-4c0d-a343-da19b37bc954",
	'empty');
INSERT INTO V_VAR
	VALUES ("9bbb6073-9d3b-4468-8216-a4e94105b6d8",
	"2f6a294e-6356-4a41-a434-c6da5673f1a4",
	'jog_switch',
	1,
	"ba5eda7a-def5-0000-0000-000000000008");
INSERT INTO V_INT
	VALUES ("9bbb6073-9d3b-4468-8216-a4e94105b6d8",
	0,
	"f3d6d58c-a021-4932-bfb0-5a136cccaed6");
INSERT INTO ACT_BLK
	VALUES ("53d5962c-e59a-4e30-947c-c90ecc58673c",
	0,
	0,
	0,
	'',
	'',
	'',
	4,
	4,
	3,
	41,
	0,
	0,
	0,
	0,
	0,
	0,
	4,
	26,
	0,
	"3a4a0cb6-594d-4e69-9dec-83fa14c6af36",
	"00000000-0000-0000-0000-000000000000");
INSERT INTO ACT_SMT
	VALUES ("c1b56f42-02f7-4347-86d7-589eccb813fd",
	"53d5962c-e59a-4e30-947c-c90ecc58673c",
	"526a31e5-f229-45d6-ac64-117563862b1b",
	3,
	4,
	'Init line: 3');
INSERT INTO ACT_CR
	VALUES ("c1b56f42-02f7-4347-86d7-589eccb813fd",
	"9bbb6073-9d3b-4468-8216-a4e94105b6d8",
	0,
	"f3d6d58c-a021-4932-bfb0-5a136cccaed6",
	3,
	41);
INSERT INTO ACT_SMT
	VALUES ("526a31e5-f229-45d6-ac64-117563862b1b",
	"53d5962c-e59a-4e30-947c-c90ecc58673c",
	"00000000-0000-0000-0000-000000000000",
	4,
	4,
	'Init line: 4');
INSERT INTO ACT_AI
	VALUES ("526a31e5-f229-45d6-ac64-117563862b1b",
	"14d537bc-7e1f-451c-b8ef-b5f1acb5901f",
	"834fccc8-e043-4b73-a38a-d51b6022e279",
	0,
	0);
INSERT INTO V_VAL
	VALUES ("01f9f0ca-1578-42db-882e-53eea7041f89",
	1,
	0,
	4,
	4,
	13,
	0,
	0,
	0,
	0,
	"ba5eda7a-def5-0000-0000-000000000008",
	"53d5962c-e59a-4e30-947c-c90ecc58673c");
INSERT INTO V_IRF
	VALUES ("01f9f0ca-1578-42db-882e-53eea7041f89",
	"9bbb6073-9d3b-4468-8216-a4e94105b6d8");
INSERT INTO V_VAL
	VALUES ("834fccc8-e043-4b73-a38a-d51b6022e279",
	1,
	0,
	4,
	15,
	22,
	0,
	0,
	0,
	0,
	"f69263cd-bbf1-4447-ab8c-6ca928791356",
	"53d5962c-e59a-4e30-947c-c90ecc58673c");
INSERT INTO V_AVL
	VALUES ("834fccc8-e043-4b73-a38a-d51b6022e279",
	"01f9f0ca-1578-42db-882e-53eea7041f89",
	"f3d6d58c-a021-4932-bfb0-5a136cccaed6",
	"44ba4f69-7a31-4cdf-b1e6-a2aa33884130");
INSERT INTO V_VAL
	VALUES ("14d537bc-7e1f-451c-b8ef-b5f1acb5901f",
	0,
	0,
	4,
	47,
	50,
	0,
	0,
	0,
	0,
	"f69263cd-bbf1-4447-ab8c-6ca928791356",
	"53d5962c-e59a-4e30-947c-c90ecc58673c");
INSERT INTO V_LEN
	VALUES ("14d537bc-7e1f-451c-b8ef-b5f1acb5901f",
	"cc9f160f-a5c8-4fc3-aa88-61d05088ce18",
	4,
	26);
INSERT INTO PE_PE
	VALUES ("f3d6d58c-a021-4932-bfb0-5a136cccaed6",
	1,
	"40c3d968-f16e-40ec-bb04-e4b18d930be1",
	"00000000-0000-0000-0000-000000000000",
	4);
INSERT INTO O_OBJ
	VALUES ("f3d6d58c-a021-4932-bfb0-5a136cccaed6",
	'xtfr_jog_switch',
	1,
	'JS',
	'',
	"00000000-0000-0000-0000-000000000000");
INSERT INTO O_NBATTR
	VALUES ("44ba4f69-7a31-4cdf-b1e6-a2aa33884130",
	"f3d6d58c-a021-4932-bfb0-5a136cccaed6");
INSERT INTO O_BATTR
	VALUES ("44ba4f69-7a31-4cdf-b1e6-a2aa33884130",
	"f3d6d58c-a021-4932-bfb0-5a136cccaed6");
INSERT INTO O_ATTR
	VALUES ("44ba4f69-7a31-4cdf-b1e6-a2aa33884130",
	"f3d6d58c-a021-4932-bfb0-5a136cccaed6",
	"00000000-0000-0000-0000-000000000000",
	'position',
	'',
	'',
	'position',
	0,
	"f69263cd-bbf1-4447-ab8c-6ca928791356",
	'',
	'');
INSERT INTO O_ID
	VALUES (0,
	"f3d6d58c-a021-4932-bfb0-5a136cccaed6");
INSERT INTO O_ID
	VALUES (1,
	"f3d6d58c-a021-4932-bfb0-5a136cccaed6");
INSERT INTO O_ID
	VALUES (2,
	"f3d6d58c-a021-4932-bfb0-5a136cccaed6");
INSERT INTO PE_PE
	VALUES ("5cc26952-a9a6-4f95-be6a-2218fb6e1211",
	1,
	"167f51c6-7655-4677-8bf1-e8bc4117e64e",
	"00000000-0000-0000-0000-000000000000",
	21);
INSERT INTO CL_IC
	VALUES ("5cc26952-a9a6-4f95-be6a-2218fb6e1211",
	"27fa8983-0f1d-4798-a8a5-618171014feb",
	"00000000-0000-0000-0000-000000000000",
	"00000000-0000-0000-0000-000000000000",
	0,
	'DiverterCompId',
	'Diverter::Design::Model::Diverter:DiverterCompId',
	'What do you think, does it work?');
INSERT INTO CL_POR
	VALUES ("5cc26952-a9a6-4f95-be6a-2218fb6e1211",
	"32d712d8-2a50-487d-b7cc-54323b5633b0",
	'Client',
	"2ac52990-954d-4a7f-a9b2-521c41227eb5");
INSERT INTO CL_IIR
	VALUES ("8a5ce071-82e4-44cb-8756-f1148f25920b",
	"f5f59341-fbe4-406e-8a2b-54fe45194f2b",
	"2ac52990-954d-4a7f-a9b2-521c41227eb5",
	"00000000-0000-0000-0000-000000000000",
	'DiverterClient',
	'');
INSERT INTO CL_IP
	VALUES ("8a5ce071-82e4-44cb-8756-f1148f25920b",
	'DiverterClient',
	'');
INSERT INTO CL_IPINS
	VALUES ("02352558-4b49-4a12-a12d-0048576e6dc8",
	"8a5ce071-82e4-44cb-8756-f1148f25920b");
INSERT INTO CL_POR
	VALUES ("5cc26952-a9a6-4f95-be6a-2218fb6e1211",
	"46a3be2b-a4a5-4485-a1a2-77c4b94f9c0b",
	'fngrs',
	"fa5ecec1-2417-4efe-a3e9-ff9245c9aaea");
INSERT INTO CL_IIR
	VALUES ("f299bf8e-b4e2-4a80-b269-1f2cb50958c3",
	"f4b6a083-3b5f-4d8e-aea2-4629e239a126",
	"fa5ecec1-2417-4efe-a3e9-ff9245c9aaea",
	"00000000-0000-0000-0000-000000000000",
	'PneumaticControlValve',
	'');
INSERT INTO CL_IR
	VALUES ("f299bf8e-b4e2-4a80-b269-1f2cb50958c3",
	"00000000-0000-0000-0000-000000000000",
	'PneumaticControlValve',
	'');
INSERT INTO CL_POR
	VALUES ("5cc26952-a9a6-4f95-be6a-2218fb6e1211",
	"8f5f28db-af33-4c1a-9686-95285f5623d2",
	'xtfrcnvr',
	"a0f3f822-1167-4618-9292-7d0992082a04");
INSERT INTO CL_IIR
	VALUES ("e702e329-7ca7-4b4c-89d1-66cdd7b00a7e",
	"e5862fe2-cd96-42d6-9142-c1253fc1dd17",
	"a0f3f822-1167-4618-9292-7d0992082a04",
	"00000000-0000-0000-0000-000000000000",
	'JogMotor',
	'');
INSERT INTO CL_IR
	VALUES ("e702e329-7ca7-4b4c-89d1-66cdd7b00a7e",
	"f6aeee28-8fae-4493-9a9d-d5888ad820c6",
	'JogMotor',
	'');
INSERT INTO CL_POR
	VALUES ("5cc26952-a9a6-4f95-be6a-2218fb6e1211",
	"6aa06c4e-c551-4a7b-b297-9d4a4d5bac68",
	'dvtpan',
	"f59f57f9-f765-4215-bce9-a469890711af");
INSERT INTO CL_IIR
	VALUES ("dbf8651e-aaf5-4628-8121-5780f9cad0f2",
	"0d774757-d178-4db2-98e4-c04594aaf25f",
	"f59f57f9-f765-4215-bce9-a469890711af",
	"00000000-0000-0000-0000-000000000000",
	'DivertMotor',
	'');
INSERT INTO CL_IR
	VALUES ("dbf8651e-aaf5-4628-8121-5780f9cad0f2",
	"00000000-0000-0000-0000-000000000000",
	'DivertMotor',
	'');
INSERT INTO CL_POR
	VALUES ("5cc26952-a9a6-4f95-be6a-2218fb6e1211",
	"77787fa9-43e5-4652-a4a9-e18886d5da32",
	'speed_ref',
	"10e39916-3082-4d90-8c5c-657f29031f51");
INSERT INTO CL_IIR
	VALUES ("b80f19f1-c296-47aa-bad7-ef4ce44534fd",
	"ce9a8dd4-c5ef-411d-89e4-9ac0dcfb69cc",
	"10e39916-3082-4d90-8c5c-657f29031f51",
	"00000000-0000-0000-0000-000000000000",
	'SpeedSignal',
	'');
INSERT INTO CL_IR
	VALUES ("b80f19f1-c296-47aa-bad7-ef4ce44534fd",
	"00000000-0000-0000-0000-000000000000",
	'SpeedSignal',
	'');
INSERT INTO CL_POR
	VALUES ("5cc26952-a9a6-4f95-be6a-2218fb6e1211",
	"114bcab6-412a-4f18-b97c-d4c5cc931ff2",
	'arblst',
	"35805f93-2f7b-4e16-998b-8eea14f7a50d");
INSERT INTO CL_IIR
	VALUES ("1e0697fc-2c8d-457f-bd32-ca067ebc5873",
	"e8885297-dc2e-4e43-b911-6b85ff1ffbdb",
	"35805f93-2f7b-4e16-998b-8eea14f7a50d",
	"00000000-0000-0000-0000-000000000000",
	'PneumaticControlValve',
	'');
INSERT INTO CL_IR
	VALUES ("1e0697fc-2c8d-457f-bd32-ca067ebc5873",
	"00000000-0000-0000-0000-000000000000",
	'PneumaticControlValve',
	'');
INSERT INTO CL_POR
	VALUES ("5cc26952-a9a6-4f95-be6a-2218fb6e1211",
	"00000000-0000-0000-0000-000000000000",
	'',
	"7ec8a827-50c1-4cc0-b090-04448908028c");
INSERT INTO CL_IIR
	VALUES ("8ef8b6c5-29b0-468a-80b5-100b424e663f",
	"ae911d3c-ae2d-4552-bbd5-01441980e9cf",
	"7ec8a827-50c1-4cc0-b090-04448908028c",
	"00000000-0000-0000-0000-000000000000",
	'JogMotor',
	'');
INSERT INTO CL_IR
	VALUES ("8ef8b6c5-29b0-468a-80b5-100b424e663f",
	"ce1051bb-8ae3-47be-a2f8-7c2ac0f26c39",
	'JogMotor',
	'');
INSERT INTO PE_PE
	VALUES ("1774d097-6cca-404f-ba23-5b483b3deeaa",
	1,
	"167f51c6-7655-4677-8bf1-e8bc4117e64e",
	"00000000-0000-0000-0000-000000000000",
	21);
INSERT INTO CL_IC
	VALUES ("1774d097-6cca-404f-ba23-5b483b3deeaa",
	"78e7b6c9-53f0-4ba2-834a-6feb1a5d3cf0",
	"00000000-0000-0000-0000-000000000000",
	"00000000-0000-0000-0000-000000000000",
	0,
	'VelocityControlDriveId',
	'VelocityControlDrive::Design::Velocity Control Drive:VelocityControlDriveId',
	'');
INSERT INTO CL_POR
	VALUES ("1774d097-6cca-404f-ba23-5b483b3deeaa",
	"c7a32a3f-a5ac-4494-9b05-cc7703aa5645",
	'drive',
	"b482ef60-a2ad-4859-85b5-599c6cb358e9");
INSERT INTO CL_IIR
	VALUES ("55a46e0e-ea5a-4910-801b-d1d6a7a3b51e",
	"a14814cf-e29b-4a8a-88ee-a6f09971cf9c",
	"b482ef60-a2ad-4859-85b5-599c6cb358e9",
	"00000000-0000-0000-0000-000000000000",
	'VelocityControlDrive',
	'');
INSERT INTO CL_IR
	VALUES ("55a46e0e-ea5a-4910-801b-d1d6a7a3b51e",
	"5bc7097b-848b-4a3f-8cbf-d1241f00dc26",
	'VelocityControlDrive',
	'');
INSERT INTO CL_POR
	VALUES ("1774d097-6cca-404f-ba23-5b483b3deeaa",
	"2153f249-391b-4f82-8270-b592364b0f74",
	'client',
	"9fbfdd5f-f2ef-432d-af07-4526c3aec0e1");
INSERT INTO CL_IIR
	VALUES ("a9dc4936-ae90-4ba3-b81c-f2c37642b22a",
	"6f4d8e20-beb8-48e3-8506-2a77c0ba69f2",
	"9fbfdd5f-f2ef-432d-af07-4526c3aec0e1",
	"00000000-0000-0000-0000-000000000000",
	'JogMotor',
	'');
INSERT INTO CL_IP
	VALUES ("a9dc4936-ae90-4ba3-b81c-f2c37642b22a",
	'JogMotor',
	'');
INSERT INTO CL_IPINS
	VALUES ("f6aeee28-8fae-4493-9a9d-d5888ad820c6",
	"a9dc4936-ae90-4ba3-b81c-f2c37642b22a");
INSERT INTO PE_PE
	VALUES ("d6610b34-161a-4a61-b39c-ab17cde8040c",
	1,
	"167f51c6-7655-4677-8bf1-e8bc4117e64e",
	"00000000-0000-0000-0000-000000000000",
	21);
INSERT INTO CL_IC
	VALUES ("d6610b34-161a-4a61-b39c-ab17cde8040c",
	"be6802c2-c878-446b-8d53-ec36e211385e",
	"00000000-0000-0000-0000-000000000000",
	"00000000-0000-0000-0000-000000000000",
	0,
	'',
	'Intf_MotorDrive::HardwareInterface::VelocityControlDrive::TestComponents::prv_ExpectedResponse',
	'');
INSERT INTO CL_POR
	VALUES ("d6610b34-161a-4a61-b39c-ab17cde8040c",
	"7fab3ceb-8fc2-4de1-9074-2d49fee69a57",
	'Port1',
	"ce0c55a5-122c-48ad-919a-03121e8787cd");
INSERT INTO CL_IIR
	VALUES ("8af15d80-c0f8-41ac-bf09-b190804cb2a6",
	"d8746dd3-25f5-4a0e-9cca-e197474e8239",
	"ce0c55a5-122c-48ad-919a-03121e8787cd",
	"00000000-0000-0000-0000-000000000000",
	'VelocityControlDrive',
	'');
INSERT INTO CL_IP
	VALUES ("8af15d80-c0f8-41ac-bf09-b190804cb2a6",
	'VelocityControlDrive',
	'');
INSERT INTO CL_IPINS
	VALUES ("5bc7097b-848b-4a3f-8cbf-d1241f00dc26",
	"8af15d80-c0f8-41ac-bf09-b190804cb2a6");
INSERT INTO PE_PE
	VALUES ("f2757114-e6e9-4abb-a35d-b0e57180b41e",
	1,
	"167f51c6-7655-4677-8bf1-e8bc4117e64e",
	"00000000-0000-0000-0000-000000000000",
	21);
INSERT INTO CL_IC
	VALUES ("f2757114-e6e9-4abb-a35d-b0e57180b41e",
	"78e7b6c9-53f0-4ba2-834a-6feb1a5d3cf0",
	"00000000-0000-0000-0000-000000000000",
	"00000000-0000-0000-0000-000000000000",
	0,
	'vcd2',
	'VelocityControlDrive::Design::Velocity Control Drive:vcd2',
	'');
INSERT INTO CL_POR
	VALUES ("f2757114-e6e9-4abb-a35d-b0e57180b41e",
	"c7a32a3f-a5ac-4494-9b05-cc7703aa5645",
	'drive',
	"d3d9e6fd-b8be-46ba-8de1-be0dec3b9cb7");
INSERT INTO CL_IIR
	VALUES ("eef07c79-7e40-4709-89d2-0e903872d355",
	"a14814cf-e29b-4a8a-88ee-a6f09971cf9c",
	"d3d9e6fd-b8be-46ba-8de1-be0dec3b9cb7",
	"00000000-0000-0000-0000-000000000000",
	'VelocityControlDrive',
	'');
INSERT INTO CL_IR
	VALUES ("eef07c79-7e40-4709-89d2-0e903872d355",
	"00000000-0000-0000-0000-000000000000",
	'VelocityControlDrive',
	'');
INSERT INTO CL_POR
	VALUES ("f2757114-e6e9-4abb-a35d-b0e57180b41e",
	"2153f249-391b-4f82-8270-b592364b0f74",
	'client',
	"e60cba16-ed71-49a1-8229-03cc7780622d");
INSERT INTO CL_IIR
	VALUES ("1c66ae5c-4db0-494b-9c27-e711122af26a",
	"6f4d8e20-beb8-48e3-8506-2a77c0ba69f2",
	"e60cba16-ed71-49a1-8229-03cc7780622d",
	"00000000-0000-0000-0000-000000000000",
	'JogMotor',
	'');
INSERT INTO CL_IP
	VALUES ("1c66ae5c-4db0-494b-9c27-e711122af26a",
	'JogMotor',
	'');
INSERT INTO CL_IPINS
	VALUES ("ce1051bb-8ae3-47be-a2f8-7c2ac0f26c39",
	"1c66ae5c-4db0-494b-9c27-e711122af26a");
INSERT INTO PE_PE
	VALUES ("2b16aa46-ce7e-4f05-956c-9fb6c7e79455",
	1,
	"167f51c6-7655-4677-8bf1-e8bc4117e64e",
	"00000000-0000-0000-0000-000000000000",
	5);
INSERT INTO S_EE
	VALUES ("2b16aa46-ce7e-4f05-956c-9fb6c7e79455",
	'Architecture',
	'',
	'ARCH',
	"00000000-0000-0000-0000-000000000000",
	'',
	'Architecture',
	1);
INSERT INTO S_BRG
	VALUES ("7bdabe11-3159-4cd0-88ee-015660f2826d",
	"2b16aa46-ce7e-4f05-956c-9fb6c7e79455",
	'shutdown',
	'',
	0,
	"ba5eda7a-def5-0000-0000-000000000000",
	'control stop;',
	1,
	'');
INSERT INTO ACT_BRB
	VALUES ("33966f4a-bb99-430a-af72-9b98ca15f823",
	"7bdabe11-3159-4cd0-88ee-015660f2826d");
INSERT INTO ACT_ACT
	VALUES ("33966f4a-bb99-430a-af72-9b98ca15f823",
	'bridge',
	0,
	"e439b46c-b8b2-4632-a722-828bf32310d6",
	"00000000-0000-0000-0000-000000000000",
	0,
	'Architecture::shutdown',
	"00000000-0000-0000-0000-000000000000");
INSERT INTO ACT_BLK
	VALUES ("e439b46c-b8b2-4632-a722-828bf32310d6",
	0,
	0,
	0,
	'',
	'',
	'',
	1,
	1,
	0,
	0,
	0,
	0,
	0,
	0,
	0,
	0,
	0,
	0,
	0,
	"33966f4a-bb99-430a-af72-9b98ca15f823",
	"00000000-0000-0000-0000-000000000000");
INSERT INTO ACT_SMT
	VALUES ("aca4b3c7-f77a-4afa-99b9-704f117a9926",
	"e439b46c-b8b2-4632-a722-828bf32310d6",
	"00000000-0000-0000-0000-000000000000",
	1,
	1,
	'Architecture::shutdown line: 1');
INSERT INTO ACT_CTL
	VALUES ("aca4b3c7-f77a-4afa-99b9-704f117a9926");
INSERT INTO PE_PE
	VALUES ("d8ad7849-9d7e-4989-ab69-f23e76cabf65",
	1,
	"167f51c6-7655-4677-8bf1-e8bc4117e64e",
	"00000000-0000-0000-0000-000000000000",
	5);
INSERT INTO S_EE
	VALUES ("d8ad7849-9d7e-4989-ab69-f23e76cabf65",
	'Logging',
	'',
	'LOG',
	"00000000-0000-0000-0000-000000000000",
	'',
	'Logging',
	1);
INSERT INTO S_BRG
	VALUES ("149a4810-5040-4154-8619-2ce87045a41a",
	"d8ad7849-9d7e-4989-ab69-f23e76cabf65",
	'LogSuccess',
	'',
	0,
	"ba5eda7a-def5-0000-0000-000000000000",
	'',
	1,
	'');
INSERT INTO S_BPARM
	VALUES ("1683f31a-5569-445c-8bb1-6c4483d5f1ba",
	"149a4810-5040-4154-8619-2ce87045a41a",
	'message',
	"ba5eda7a-def5-0000-0000-000000000004",
	0,
	'',
	"00000000-0000-0000-0000-000000000000",
	'');
INSERT INTO ACT_BRB
	VALUES ("79865cad-5ef6-4cad-b316-12435b8bd8e2",
	"149a4810-5040-4154-8619-2ce87045a41a");
INSERT INTO ACT_ACT
	VALUES ("79865cad-5ef6-4cad-b316-12435b8bd8e2",
	'bridge',
	0,
	"5b9f259a-5480-4a3c-a84e-bdf04b7853be",
	"00000000-0000-0000-0000-000000000000",
	0,
	'Logging::LogSuccess',
	"00000000-0000-0000-0000-000000000000");
INSERT INTO ACT_BLK
	VALUES ("5b9f259a-5480-4a3c-a84e-bdf04b7853be",
	0,
	0,
	0,
	'',
	'',
	'',
	0,
	0,
	0,
	0,
	0,
	0,
	0,
	0,
	0,
	0,
	0,
	0,
	0,
	"79865cad-5ef6-4cad-b316-12435b8bd8e2",
	"00000000-0000-0000-0000-000000000000");
INSERT INTO S_BRG
	VALUES ("dd78754a-0e7b-455d-8e60-50d000ec9c22",
	"d8ad7849-9d7e-4989-ab69-f23e76cabf65",
	'LogFailure',
	'',
	0,
	"ba5eda7a-def5-0000-0000-000000000000",
	'',
	1,
	'');
INSERT INTO S_BPARM
	VALUES ("b9d49490-989c-40ed-bcaa-573171f73d75",
	"dd78754a-0e7b-455d-8e60-50d000ec9c22",
	'message',
	"ba5eda7a-def5-0000-0000-000000000004",
	0,
	'',
	"00000000-0000-0000-0000-000000000000",
	'');
INSERT INTO ACT_BRB
	VALUES ("2372c86d-6ce9-40ae-a410-828d677a05f5",
	"dd78754a-0e7b-455d-8e60-50d000ec9c22");
INSERT INTO ACT_ACT
	VALUES ("2372c86d-6ce9-40ae-a410-828d677a05f5",
	'bridge',
	0,
	"5307e4c0-0864-47ac-a5c2-7c51ea6a1f8b",
	"00000000-0000-0000-0000-000000000000",
	0,
	'Logging::LogFailure',
	"00000000-0000-0000-0000-000000000000");
INSERT INTO ACT_BLK
	VALUES ("5307e4c0-0864-47ac-a5c2-7c51ea6a1f8b",
	0,
	0,
	0,
	'',
	'',
	'',
	0,
	0,
	0,
	0,
	0,
	0,
	0,
	0,
	0,
	0,
	0,
	0,
	0,
	"2372c86d-6ce9-40ae-a410-828d677a05f5",
	"00000000-0000-0000-0000-000000000000");
INSERT INTO S_BRG
	VALUES ("3a46346b-13cc-4b78-85e9-bd6ac2fc4ae7",
	"d8ad7849-9d7e-4989-ab69-f23e76cabf65",
	'LogInfo',
	'',
	0,
	"ba5eda7a-def5-0000-0000-000000000000",
	'',
	1,
	'');
INSERT INTO S_BPARM
	VALUES ("c5f0dc39-83db-4b38-8af6-b447e7624457",
	"3a46346b-13cc-4b78-85e9-bd6ac2fc4ae7",
	'message',
	"ba5eda7a-def5-0000-0000-000000000004",
	0,
	'',
	"00000000-0000-0000-0000-000000000000",
	'');
INSERT INTO ACT_BRB
	VALUES ("6609126e-f08e-4251-84fb-fb1259531c73",
	"3a46346b-13cc-4b78-85e9-bd6ac2fc4ae7");
INSERT INTO ACT_ACT
	VALUES ("6609126e-f08e-4251-84fb-fb1259531c73",
	'bridge',
	0,
	"8521fb3d-c03c-48e4-9eea-ba2091732355",
	"00000000-0000-0000-0000-000000000000",
	0,
	'Logging::LogInfo',
	"00000000-0000-0000-0000-000000000000");
INSERT INTO ACT_BLK
	VALUES ("8521fb3d-c03c-48e4-9eea-ba2091732355",
	0,
	0,
	0,
	'',
	'',
	'',
	0,
	0,
	0,
	0,
	0,
	0,
	0,
	0,
	0,
	0,
	0,
	0,
	0,
	"6609126e-f08e-4251-84fb-fb1259531c73",
	"00000000-0000-0000-0000-000000000000");
INSERT INTO S_BRG
	VALUES ("14567e6a-2c54-44d4-b02d-b7e1f397d3c1",
	"d8ad7849-9d7e-4989-ab69-f23e76cabf65",
	'LogDate',
	'',
	0,
	"ba5eda7a-def5-0000-0000-000000000000",
	'',
	1,
	'');
INSERT INTO S_BPARM
	VALUES ("875f16d2-22c6-4175-8236-096ebd67745d",
	"14567e6a-2c54-44d4-b02d-b7e1f397d3c1",
	'd',
	"ba5eda7a-def5-0000-0000-00000000000e",
	0,
	'',
	"00000000-0000-0000-0000-000000000000",
	'');
INSERT INTO S_BPARM
	VALUES ("e67d3a95-1428-4636-822b-ef5a4dfc6ef0",
	"14567e6a-2c54-44d4-b02d-b7e1f397d3c1",
	'message',
	"ba5eda7a-def5-0000-0000-000000000004",
	0,
	'',
	"875f16d2-22c6-4175-8236-096ebd67745d",
	'');
INSERT INTO ACT_BRB
	VALUES ("a35ca6d9-7e9b-45d1-9506-41ac8ab816f9",
	"14567e6a-2c54-44d4-b02d-b7e1f397d3c1");
INSERT INTO ACT_ACT
	VALUES ("a35ca6d9-7e9b-45d1-9506-41ac8ab816f9",
	'bridge',
	0,
	"4bc2a75f-49f8-4b45-ad81-92a955103bc6",
	"00000000-0000-0000-0000-000000000000",
	0,
	'Logging::LogDate',
	"00000000-0000-0000-0000-000000000000");
INSERT INTO ACT_BLK
	VALUES ("4bc2a75f-49f8-4b45-ad81-92a955103bc6",
	0,
	0,
	0,
	'',
	'',
	'',
	0,
	0,
	0,
	0,
	0,
	0,
	0,
	0,
	0,
	0,
	0,
	0,
	0,
	"a35ca6d9-7e9b-45d1-9506-41ac8ab816f9",
	"00000000-0000-0000-0000-000000000000");
INSERT INTO S_BRG
	VALUES ("a7d9b548-f87b-4938-89d6-c5b8ebb38d00",
	"d8ad7849-9d7e-4989-ab69-f23e76cabf65",
	'LogTime',
	'',
	0,
	"ba5eda7a-def5-0000-0000-000000000000",
	'',
	1,
	'');
INSERT INTO S_BPARM
	VALUES ("1dbe2ee9-eeb2-4b3f-bd3d-9168dfd950cb",
	"a7d9b548-f87b-4938-89d6-c5b8ebb38d00",
	't',
	"ba5eda7a-def5-0000-0000-000000000010",
	0,
	'',
	"f609ad3d-d4c2-41f6-bd20-5f231ad80607",
	'');
INSERT INTO S_BPARM
	VALUES ("f609ad3d-d4c2-41f6-bd20-5f231ad80607",
	"a7d9b548-f87b-4938-89d6-c5b8ebb38d00",
	'message',
	"ba5eda7a-def5-0000-0000-000000000004",
	0,
	'',
	"00000000-0000-0000-0000-000000000000",
	'');
INSERT INTO ACT_BRB
	VALUES ("54aebfa0-ee34-47a7-89a3-1647b35b9e17",
	"a7d9b548-f87b-4938-89d6-c5b8ebb38d00");
INSERT INTO ACT_ACT
	VALUES ("54aebfa0-ee34-47a7-89a3-1647b35b9e17",
	'bridge',
	0,
	"26afffd4-3f06-48e6-8ad5-5887a6822b64",
	"00000000-0000-0000-0000-000000000000",
	0,
	'Logging::LogTime',
	"00000000-0000-0000-0000-000000000000");
INSERT INTO ACT_BLK
	VALUES ("26afffd4-3f06-48e6-8ad5-5887a6822b64",
	0,
	0,
	0,
	'',
	'',
	'',
	0,
	0,
	0,
	0,
	0,
	0,
	0,
	0,
	0,
	0,
	0,
	0,
	0,
	"54aebfa0-ee34-47a7-89a3-1647b35b9e17",
	"00000000-0000-0000-0000-000000000000");
INSERT INTO S_BRG
	VALUES ("4467e68c-3754-4660-be62-343a0091e58d",
	"d8ad7849-9d7e-4989-ab69-f23e76cabf65",
	'LogReal',
	'',
	0,
	"ba5eda7a-def5-0000-0000-000000000000",
	'',
	1,
	'');
INSERT INTO S_BPARM
	VALUES ("945e1181-483d-4c83-bb4a-df34f95175ef",
	"4467e68c-3754-4660-be62-343a0091e58d",
	'r',
	"ba5eda7a-def5-0000-0000-000000000003",
	0,
	'',
	"68173e0a-498b-4a6c-bdb6-14b054347164",
	'');
INSERT INTO S_BPARM
	VALUES ("68173e0a-498b-4a6c-bdb6-14b054347164",
	"4467e68c-3754-4660-be62-343a0091e58d",
	'message',
	"ba5eda7a-def5-0000-0000-000000000004",
	0,
	'',
	"00000000-0000-0000-0000-000000000000",
	'');
INSERT INTO ACT_BRB
	VALUES ("fb24ec29-3756-434f-ab21-8d4902795a25",
	"4467e68c-3754-4660-be62-343a0091e58d");
INSERT INTO ACT_ACT
	VALUES ("fb24ec29-3756-434f-ab21-8d4902795a25",
	'bridge',
	0,
	"1fd9cf4a-8cd4-4dd6-84b4-08e259d403b2",
	"00000000-0000-0000-0000-000000000000",
	0,
	'Logging::LogReal',
	"00000000-0000-0000-0000-000000000000");
INSERT INTO ACT_BLK
	VALUES ("1fd9cf4a-8cd4-4dd6-84b4-08e259d403b2",
	0,
	0,
	0,
	'',
	'',
	'',
	0,
	0,
	0,
	0,
	0,
	0,
	0,
	0,
	0,
	0,
	0,
	0,
	0,
	"fb24ec29-3756-434f-ab21-8d4902795a25",
	"00000000-0000-0000-0000-000000000000");
INSERT INTO S_BRG
	VALUES ("350e58fb-03ce-4bba-9c51-501f0014982d",
	"d8ad7849-9d7e-4989-ab69-f23e76cabf65",
	'LogInteger',
	'',
	0,
	"ba5eda7a-def5-0000-0000-000000000000",
	'',
	1,
	'');
INSERT INTO S_BPARM
	VALUES ("b6d4260b-ae14-40c9-b0cd-61158d423c69",
	"350e58fb-03ce-4bba-9c51-501f0014982d",
	'message',
	"ba5eda7a-def5-0000-0000-000000000002",
	0,
	'',
	"00000000-0000-0000-0000-000000000000",
	'');
INSERT INTO ACT_BRB
	VALUES ("2134216c-e6c3-4656-8ad4-ceac2c216ac8",
	"350e58fb-03ce-4bba-9c51-501f0014982d");
INSERT INTO ACT_ACT
	VALUES ("2134216c-e6c3-4656-8ad4-ceac2c216ac8",
	'bridge',
	0,
	"6bafa76e-0012-436b-8946-06c6425d7ab8",
	"00000000-0000-0000-0000-000000000000",
	0,
	'Logging::LogInteger',
	"00000000-0000-0000-0000-000000000000");
INSERT INTO ACT_BLK
	VALUES ("6bafa76e-0012-436b-8946-06c6425d7ab8",
	0,
	0,
	0,
	'',
	'',
	'',
	0,
	0,
	0,
	0,
	0,
	0,
	0,
	0,
	0,
	0,
	0,
	0,
	0,
	"2134216c-e6c3-4656-8ad4-ceac2c216ac8",
	"00000000-0000-0000-0000-000000000000");
INSERT INTO PE_PE
	VALUES ("b5228db0-db9f-4134-974e-c04ce09d35e3",
	1,
	"167f51c6-7655-4677-8bf1-e8bc4117e64e",
	"00000000-0000-0000-0000-000000000000",
	5);
INSERT INTO S_EE
	VALUES ("b5228db0-db9f-4134-974e-c04ce09d35e3",
	'Time',
	'The Time external entity provides date, timestamp, and timer related operations.',
	'TIM',
	"00000000-0000-0000-0000-000000000000",
	'',
	'Time',
	1);
INSERT INTO S_BRG
	VALUES ("dd861b78-6505-4d4b-acb7-a529746607dc",
	"b5228db0-db9f-4134-974e-c04ce09d35e3",
	'current_date',
	'',
	1,
	"ba5eda7a-def5-0000-0000-00000000000e",
	'',
	1,
	'');
INSERT INTO ACT_BRB
	VALUES ("0cb4aadd-6ad0-435b-8581-5c1fc20dc1cf",
	"dd861b78-6505-4d4b-acb7-a529746607dc");
INSERT INTO ACT_ACT
	VALUES ("0cb4aadd-6ad0-435b-8581-5c1fc20dc1cf",
	'bridge',
	0,
	"a7891567-b9f1-4260-b9ff-ed0e3b6db8a6",
	"00000000-0000-0000-0000-000000000000",
	0,
	'Time::current_date',
	"00000000-0000-0000-0000-000000000000");
INSERT INTO ACT_BLK
	VALUES ("a7891567-b9f1-4260-b9ff-ed0e3b6db8a6",
	0,
	0,
	0,
	'',
	'',
	'',
	0,
	0,
	0,
	0,
	0,
	0,
	0,
	0,
	0,
	0,
	0,
	0,
	0,
	"0cb4aadd-6ad0-435b-8581-5c1fc20dc1cf",
	"00000000-0000-0000-0000-000000000000");
INSERT INTO S_BRG
	VALUES ("bd85bea8-214d-434b-84a2-173e2c56f3ce",
	"b5228db0-db9f-4134-974e-c04ce09d35e3",
	'create_date',
	'',
	1,
	"ba5eda7a-def5-0000-0000-00000000000e",
	'',
	1,
	'');
INSERT INTO S_BPARM
	VALUES ("995b40eb-0ac0-4dc0-8590-3b2d9925607b",
	"bd85bea8-214d-434b-84a2-173e2c56f3ce",
	'second',
	"ba5eda7a-def5-0000-0000-000000000002",
	0,
	'',
	"2dbd5407-dff0-4ea1-8d2f-a88a86350a98",
	'');
INSERT INTO S_BPARM
	VALUES ("179dd386-2cd7-4b82-b4fe-3f1f7a0b9582",
	"bd85bea8-214d-434b-84a2-173e2c56f3ce",
	'minute',
	"ba5eda7a-def5-0000-0000-000000000002",
	0,
	'',
	"50f24e65-b9c5-4470-a0df-c54b77332e9e",
	'');
INSERT INTO S_BPARM
	VALUES ("50f24e65-b9c5-4470-a0df-c54b77332e9e",
	"bd85bea8-214d-434b-84a2-173e2c56f3ce",
	'hour',
	"ba5eda7a-def5-0000-0000-000000000002",
	0,
	'',
	"3cfc11ab-b81a-485c-9f8c-dbc514886194",
	'');
INSERT INTO S_BPARM
	VALUES ("3cfc11ab-b81a-485c-9f8c-dbc514886194",
	"bd85bea8-214d-434b-84a2-173e2c56f3ce",
	'day',
	"ba5eda7a-def5-0000-0000-000000000002",
	0,
	'',
	"00000000-0000-0000-0000-000000000000",
	'');
INSERT INTO S_BPARM
	VALUES ("2dbd5407-dff0-4ea1-8d2f-a88a86350a98",
	"bd85bea8-214d-434b-84a2-173e2c56f3ce",
	'month',
	"ba5eda7a-def5-0000-0000-000000000002",
	0,
	'',
	"179dd386-2cd7-4b82-b4fe-3f1f7a0b9582",
	'');
INSERT INTO S_BPARM
	VALUES ("3c961db7-b377-4b4d-ad6d-b48326843601",
	"bd85bea8-214d-434b-84a2-173e2c56f3ce",
	'year',
	"ba5eda7a-def5-0000-0000-000000000002",
	0,
	'',
	"995b40eb-0ac0-4dc0-8590-3b2d9925607b",
	'');
INSERT INTO ACT_BRB
	VALUES ("874e42a8-74d6-4759-b63c-a9df5ea2910b",
	"bd85bea8-214d-434b-84a2-173e2c56f3ce");
INSERT INTO ACT_ACT
	VALUES ("874e42a8-74d6-4759-b63c-a9df5ea2910b",
	'bridge',
	0,
	"40db885a-8df4-4bd3-aa00-3f28ef6f82c7",
	"00000000-0000-0000-0000-000000000000",
	0,
	'Time::create_date',
	"00000000-0000-0000-0000-000000000000");
INSERT INTO ACT_BLK
	VALUES ("40db885a-8df4-4bd3-aa00-3f28ef6f82c7",
	0,
	0,
	0,
	'',
	'',
	'',
	0,
	0,
	0,
	0,
	0,
	0,
	0,
	0,
	0,
	0,
	0,
	0,
	0,
	"874e42a8-74d6-4759-b63c-a9df5ea2910b",
	"00000000-0000-0000-0000-000000000000");
INSERT INTO S_BRG
	VALUES ("ac359cee-154d-4b97-bf28-65473c7ed6d2",
	"b5228db0-db9f-4134-974e-c04ce09d35e3",
	'get_second',
	'',
	1,
	"ba5eda7a-def5-0000-0000-000000000002",
	'',
	1,
	'');
INSERT INTO S_BPARM
	VALUES ("7d798405-acbd-41d1-9c44-dded3bbdd5a0",
	"ac359cee-154d-4b97-bf28-65473c7ed6d2",
	'date',
	"ba5eda7a-def5-0000-0000-00000000000e",
	0,
	'',
	"00000000-0000-0000-0000-000000000000",
	'');
INSERT INTO ACT_BRB
	VALUES ("9b7ae200-8197-4b49-a172-a4a8a7c87298",
	"ac359cee-154d-4b97-bf28-65473c7ed6d2");
INSERT INTO ACT_ACT
	VALUES ("9b7ae200-8197-4b49-a172-a4a8a7c87298",
	'bridge',
	0,
	"78a1c94f-0667-456e-9279-712f6d383417",
	"00000000-0000-0000-0000-000000000000",
	0,
	'Time::get_second',
	"00000000-0000-0000-0000-000000000000");
INSERT INTO ACT_BLK
	VALUES ("78a1c94f-0667-456e-9279-712f6d383417",
	0,
	0,
	0,
	'',
	'',
	'',
	0,
	0,
	0,
	0,
	0,
	0,
	0,
	0,
	0,
	0,
	0,
	0,
	0,
	"9b7ae200-8197-4b49-a172-a4a8a7c87298",
	"00000000-0000-0000-0000-000000000000");
INSERT INTO S_BRG
	VALUES ("6b8dc9b3-2533-4964-8f86-cb79274a0762",
	"b5228db0-db9f-4134-974e-c04ce09d35e3",
	'get_minute',
	'',
	1,
	"ba5eda7a-def5-0000-0000-000000000002",
	'',
	1,
	'');
INSERT INTO S_BPARM
	VALUES ("2dba6dbe-058a-4b01-aa22-8cfdc3b63ab8",
	"6b8dc9b3-2533-4964-8f86-cb79274a0762",
	'date',
	"ba5eda7a-def5-0000-0000-00000000000e",
	0,
	'',
	"00000000-0000-0000-0000-000000000000",
	'');
INSERT INTO ACT_BRB
	VALUES ("ae09bf91-d156-46df-b4d9-2cb12dc89206",
	"6b8dc9b3-2533-4964-8f86-cb79274a0762");
INSERT INTO ACT_ACT
	VALUES ("ae09bf91-d156-46df-b4d9-2cb12dc89206",
	'bridge',
	0,
	"5859f891-f227-4cee-80ba-fe4326681825",
	"00000000-0000-0000-0000-000000000000",
	0,
	'Time::get_minute',
	"00000000-0000-0000-0000-000000000000");
INSERT INTO ACT_BLK
	VALUES ("5859f891-f227-4cee-80ba-fe4326681825",
	0,
	0,
	0,
	'',
	'',
	'',
	0,
	0,
	0,
	0,
	0,
	0,
	0,
	0,
	0,
	0,
	0,
	0,
	0,
	"ae09bf91-d156-46df-b4d9-2cb12dc89206",
	"00000000-0000-0000-0000-000000000000");
INSERT INTO S_BRG
	VALUES ("796f74e7-737b-4430-90ac-8b8301894cb0",
	"b5228db0-db9f-4134-974e-c04ce09d35e3",
	'get_hour',
	'',
	1,
	"ba5eda7a-def5-0000-0000-000000000002",
	'',
	1,
	'');
INSERT INTO S_BPARM
	VALUES ("e323cf1d-8e39-429e-87a8-42789f64f621",
	"796f74e7-737b-4430-90ac-8b8301894cb0",
	'date',
	"ba5eda7a-def5-0000-0000-00000000000e",
	0,
	'',
	"00000000-0000-0000-0000-000000000000",
	'');
INSERT INTO ACT_BRB
	VALUES ("3f6cb4ba-6033-447d-aca9-c6c32d2ab6f0",
	"796f74e7-737b-4430-90ac-8b8301894cb0");
INSERT INTO ACT_ACT
	VALUES ("3f6cb4ba-6033-447d-aca9-c6c32d2ab6f0",
	'bridge',
	0,
	"6d43f449-c4a3-4f56-8925-b864e171172f",
	"00000000-0000-0000-0000-000000000000",
	0,
	'Time::get_hour',
	"00000000-0000-0000-0000-000000000000");
INSERT INTO ACT_BLK
	VALUES ("6d43f449-c4a3-4f56-8925-b864e171172f",
	0,
	0,
	0,
	'',
	'',
	'',
	0,
	0,
	0,
	0,
	0,
	0,
	0,
	0,
	0,
	0,
	0,
	0,
	0,
	"3f6cb4ba-6033-447d-aca9-c6c32d2ab6f0",
	"00000000-0000-0000-0000-000000000000");
INSERT INTO S_BRG
	VALUES ("efd951cd-60ce-46cc-80f8-abf7d190e30a",
	"b5228db0-db9f-4134-974e-c04ce09d35e3",
	'get_day',
	'',
	1,
	"ba5eda7a-def5-0000-0000-000000000002",
	'',
	1,
	'');
INSERT INTO S_BPARM
	VALUES ("e1c9e803-7bd3-4120-8dd7-0f630c329788",
	"efd951cd-60ce-46cc-80f8-abf7d190e30a",
	'date',
	"ba5eda7a-def5-0000-0000-00000000000e",
	0,
	'',
	"00000000-0000-0000-0000-000000000000",
	'');
INSERT INTO ACT_BRB
	VALUES ("ef65cdcf-a5c3-4f5f-b6bd-5ed76fb91696",
	"efd951cd-60ce-46cc-80f8-abf7d190e30a");
INSERT INTO ACT_ACT
	VALUES ("ef65cdcf-a5c3-4f5f-b6bd-5ed76fb91696",
	'bridge',
	0,
	"8d2a44e9-bfad-4ef1-8655-b6174b5b1931",
	"00000000-0000-0000-0000-000000000000",
	0,
	'Time::get_day',
	"00000000-0000-0000-0000-000000000000");
INSERT INTO ACT_BLK
	VALUES ("8d2a44e9-bfad-4ef1-8655-b6174b5b1931",
	0,
	0,
	0,
	'',
	'',
	'',
	0,
	0,
	0,
	0,
	0,
	0,
	0,
	0,
	0,
	0,
	0,
	0,
	0,
	"ef65cdcf-a5c3-4f5f-b6bd-5ed76fb91696",
	"00000000-0000-0000-0000-000000000000");
INSERT INTO S_BRG
	VALUES ("8d574b81-42dc-4c08-9a74-82abb8403e48",
	"b5228db0-db9f-4134-974e-c04ce09d35e3",
	'get_month',
	'',
	1,
	"ba5eda7a-def5-0000-0000-000000000002",
	'',
	1,
	'');
INSERT INTO S_BPARM
	VALUES ("0c85b634-0da8-4edd-9def-6c01ff429802",
	"8d574b81-42dc-4c08-9a74-82abb8403e48",
	'date',
	"ba5eda7a-def5-0000-0000-00000000000e",
	0,
	'',
	"00000000-0000-0000-0000-000000000000",
	'');
INSERT INTO ACT_BRB
	VALUES ("3a65c62f-d8de-4eb3-9282-4ac85b058cd4",
	"8d574b81-42dc-4c08-9a74-82abb8403e48");
INSERT INTO ACT_ACT
	VALUES ("3a65c62f-d8de-4eb3-9282-4ac85b058cd4",
	'bridge',
	0,
	"aab2ea6f-d79a-414d-8a88-8e077030426d",
	"00000000-0000-0000-0000-000000000000",
	0,
	'Time::get_month',
	"00000000-0000-0000-0000-000000000000");
INSERT INTO ACT_BLK
	VALUES ("aab2ea6f-d79a-414d-8a88-8e077030426d",
	0,
	0,
	0,
	'',
	'',
	'',
	0,
	0,
	0,
	0,
	0,
	0,
	0,
	0,
	0,
	0,
	0,
	0,
	0,
	"3a65c62f-d8de-4eb3-9282-4ac85b058cd4",
	"00000000-0000-0000-0000-000000000000");
INSERT INTO S_BRG
	VALUES ("1620a432-efa6-4b0e-8b53-f6956806bcc6",
	"b5228db0-db9f-4134-974e-c04ce09d35e3",
	'get_year',
	'',
	1,
	"ba5eda7a-def5-0000-0000-000000000002",
	'',
	1,
	'');
INSERT INTO S_BPARM
	VALUES ("afc5be81-caed-470a-bd16-b0f109cd40bd",
	"1620a432-efa6-4b0e-8b53-f6956806bcc6",
	'date',
	"ba5eda7a-def5-0000-0000-00000000000e",
	0,
	'',
	"00000000-0000-0000-0000-000000000000",
	'');
INSERT INTO ACT_BRB
	VALUES ("e860b252-74b3-4663-8147-74a4c0eb3171",
	"1620a432-efa6-4b0e-8b53-f6956806bcc6");
INSERT INTO ACT_ACT
	VALUES ("e860b252-74b3-4663-8147-74a4c0eb3171",
	'bridge',
	0,
	"23814eab-cc99-4a04-8380-b0158d9532d6",
	"00000000-0000-0000-0000-000000000000",
	0,
	'Time::get_year',
	"00000000-0000-0000-0000-000000000000");
INSERT INTO ACT_BLK
	VALUES ("23814eab-cc99-4a04-8380-b0158d9532d6",
	0,
	0,
	0,
	'',
	'',
	'',
	0,
	0,
	0,
	0,
	0,
	0,
	0,
	0,
	0,
	0,
	0,
	0,
	0,
	"e860b252-74b3-4663-8147-74a4c0eb3171",
	"00000000-0000-0000-0000-000000000000");
INSERT INTO S_BRG
	VALUES ("8606b6b8-1735-4843-a4d2-8c8611ab0120",
	"b5228db0-db9f-4134-974e-c04ce09d35e3",
	'current_clock',
	'',
	1,
	"ba5eda7a-def5-0000-0000-000000000010",
	'',
	1,
	'');
INSERT INTO ACT_BRB
	VALUES ("ca6e9522-6d1b-4d18-8dc9-6075d1234e9d",
	"8606b6b8-1735-4843-a4d2-8c8611ab0120");
INSERT INTO ACT_ACT
	VALUES ("ca6e9522-6d1b-4d18-8dc9-6075d1234e9d",
	'bridge',
	0,
	"f764e124-0f92-4051-882a-7fea188bc5ad",
	"00000000-0000-0000-0000-000000000000",
	0,
	'Time::current_clock',
	"00000000-0000-0000-0000-000000000000");
INSERT INTO ACT_BLK
	VALUES ("f764e124-0f92-4051-882a-7fea188bc5ad",
	0,
	0,
	0,
	'',
	'',
	'',
	0,
	0,
	0,
	0,
	0,
	0,
	0,
	0,
	0,
	0,
	0,
	0,
	0,
	"ca6e9522-6d1b-4d18-8dc9-6075d1234e9d",
	"00000000-0000-0000-0000-000000000000");
INSERT INTO S_BRG
	VALUES ("e8b5b28e-bc92-4b67-96a1-0345ea346cd3",
	"b5228db0-db9f-4134-974e-c04ce09d35e3",
	'timer_start',
	'This bridge operation starts a timer set to expire in the specified number of
microseconds, generating the passed event upon expiration. Returns the instance
handle of the timer.',
	1,
	"ba5eda7a-def5-0000-0000-00000000000f",
	'',
	1,
	'');
INSERT INTO S_BPARM
	VALUES ("06402810-5ddc-45c4-badc-6377dfe0170b",
	"e8b5b28e-bc92-4b67-96a1-0345ea346cd3",
	'microseconds',
	"ba5eda7a-def5-0000-0000-000000000002",
	0,
	'',
	"6d8e391c-f681-41d4-9b4f-a4e1dcd87807",
	'');
INSERT INTO S_BPARM
	VALUES ("6d8e391c-f681-41d4-9b4f-a4e1dcd87807",
	"e8b5b28e-bc92-4b67-96a1-0345ea346cd3",
	'event_inst',
	"ba5eda7a-def5-0000-0000-00000000000a",
	0,
	'',
	"00000000-0000-0000-0000-000000000000",
	'');
INSERT INTO ACT_BRB
	VALUES ("392fbb1e-d3e8-4431-9390-fa886a7052d0",
	"e8b5b28e-bc92-4b67-96a1-0345ea346cd3");
INSERT INTO ACT_ACT
	VALUES ("392fbb1e-d3e8-4431-9390-fa886a7052d0",
	'bridge',
	0,
	"00691e20-f369-4067-8878-0a4887b1ff5c",
	"00000000-0000-0000-0000-000000000000",
	0,
	'Time::timer_start',
	"00000000-0000-0000-0000-000000000000");
INSERT INTO ACT_BLK
	VALUES ("00691e20-f369-4067-8878-0a4887b1ff5c",
	0,
	0,
	0,
	'',
	'',
	'',
	0,
	0,
	0,
	0,
	0,
	0,
	0,
	0,
	0,
	0,
	0,
	0,
	0,
	"392fbb1e-d3e8-4431-9390-fa886a7052d0",
	"00000000-0000-0000-0000-000000000000");
INSERT INTO S_BRG
	VALUES ("8b971859-f61d-41ac-aab3-4d4cb00878d7",
	"b5228db0-db9f-4134-974e-c04ce09d35e3",
	'timer_start_recurring',
	'This bridge operation starts a timer set to expire in the specified number of
microseconds, generating the passed event upon expiration. Upon expiration, the
timer will be restarted and fire again in the specified number of microseconds
generating the passed event. This bridge operation returns the instance handle
of the timer.',
	1,
	"ba5eda7a-def5-0000-0000-00000000000f",
	'',
	1,
	'');
INSERT INTO S_BPARM
	VALUES ("f1501db1-639f-4502-91d6-d5f52585785d",
	"8b971859-f61d-41ac-aab3-4d4cb00878d7",
	'microseconds',
	"ba5eda7a-def5-0000-0000-000000000002",
	0,
	'',
	"b1f2fb45-e98e-4a78-bdcf-93f27984e862",
	'');
INSERT INTO S_BPARM
	VALUES ("b1f2fb45-e98e-4a78-bdcf-93f27984e862",
	"8b971859-f61d-41ac-aab3-4d4cb00878d7",
	'event_inst',
	"ba5eda7a-def5-0000-0000-00000000000a",
	0,
	'',
	"00000000-0000-0000-0000-000000000000",
	'');
INSERT INTO ACT_BRB
	VALUES ("4702a58a-af41-4b9d-af3b-9ab1fe13c753",
	"8b971859-f61d-41ac-aab3-4d4cb00878d7");
INSERT INTO ACT_ACT
	VALUES ("4702a58a-af41-4b9d-af3b-9ab1fe13c753",
	'bridge',
	0,
	"7202132b-cd0c-4d33-96a4-6663094d480f",
	"00000000-0000-0000-0000-000000000000",
	0,
	'Time::timer_start_recurring',
	"00000000-0000-0000-0000-000000000000");
INSERT INTO ACT_BLK
	VALUES ("7202132b-cd0c-4d33-96a4-6663094d480f",
	0,
	0,
	0,
	'',
	'',
	'',
	0,
	0,
	0,
	0,
	0,
	0,
	0,
	0,
	0,
	0,
	0,
	0,
	0,
	"4702a58a-af41-4b9d-af3b-9ab1fe13c753",
	"00000000-0000-0000-0000-000000000000");
INSERT INTO S_BRG
	VALUES ("6f8b4b36-852a-4b21-8a2f-865b9305fb28",
	"b5228db0-db9f-4134-974e-c04ce09d35e3",
	'timer_remaining_time',
	'Returns the time remaining (in microseconds) for the passed timer instance. If
the timer has expired, a zero value is returned.',
	1,
	"ba5eda7a-def5-0000-0000-000000000002",
	'',
	1,
	'');
INSERT INTO S_BPARM
	VALUES ("e038c4ec-3dbe-4a44-95f5-1627a697052c",
	"6f8b4b36-852a-4b21-8a2f-865b9305fb28",
	'timer_inst_ref',
	"ba5eda7a-def5-0000-0000-00000000000f",
	0,
	'',
	"00000000-0000-0000-0000-000000000000",
	'');
INSERT INTO ACT_BRB
	VALUES ("c2d0f698-8c27-453b-ac92-4cb9a6999b7b",
	"6f8b4b36-852a-4b21-8a2f-865b9305fb28");
INSERT INTO ACT_ACT
	VALUES ("c2d0f698-8c27-453b-ac92-4cb9a6999b7b",
	'bridge',
	0,
	"85670203-e9b1-4061-8582-621c11694219",
	"00000000-0000-0000-0000-000000000000",
	0,
	'Time::timer_remaining_time',
	"00000000-0000-0000-0000-000000000000");
INSERT INTO ACT_BLK
	VALUES ("85670203-e9b1-4061-8582-621c11694219",
	0,
	0,
	0,
	'',
	'',
	'',
	0,
	0,
	0,
	0,
	0,
	0,
	0,
	0,
	0,
	0,
	0,
	0,
	0,
	"c2d0f698-8c27-453b-ac92-4cb9a6999b7b",
	"00000000-0000-0000-0000-000000000000");
INSERT INTO S_BRG
	VALUES ("80b44a7d-0015-402c-9b3a-888994149dee",
	"b5228db0-db9f-4134-974e-c04ce09d35e3",
	'timer_reset_time',
	'This bridge operation attempts to set the passed existing timer to expire in
the specified number of microseconds. If the timer exists (that is, it has not
expired), a TRUE value is returned. If the timer no longer exists, a FALSE value
is returned.',
	1,
	"ba5eda7a-def5-0000-0000-000000000001",
	'',
	1,
	'');
INSERT INTO S_BPARM
	VALUES ("39844ba8-882d-4725-af5e-78d582637d7d",
	"80b44a7d-0015-402c-9b3a-888994149dee",
	'timer_inst_ref',
	"ba5eda7a-def5-0000-0000-00000000000f",
	0,
	'',
	"5e9b2a86-4313-45f1-8798-1c584ef17d08",
	'');
INSERT INTO S_BPARM
	VALUES ("5e9b2a86-4313-45f1-8798-1c584ef17d08",
	"80b44a7d-0015-402c-9b3a-888994149dee",
	'microseconds',
	"ba5eda7a-def5-0000-0000-000000000002",
	0,
	'',
	"00000000-0000-0000-0000-000000000000",
	'');
INSERT INTO ACT_BRB
	VALUES ("c519452e-4c0d-406e-ada2-c83ebf5b6db8",
	"80b44a7d-0015-402c-9b3a-888994149dee");
INSERT INTO ACT_ACT
	VALUES ("c519452e-4c0d-406e-ada2-c83ebf5b6db8",
	'bridge',
	0,
	"eb59b04b-91ef-496f-8eb9-4b999b882b93",
	"00000000-0000-0000-0000-000000000000",
	0,
	'Time::timer_reset_time',
	"00000000-0000-0000-0000-000000000000");
INSERT INTO ACT_BLK
	VALUES ("eb59b04b-91ef-496f-8eb9-4b999b882b93",
	0,
	0,
	0,
	'',
	'',
	'',
	0,
	0,
	0,
	0,
	0,
	0,
	0,
	0,
	0,
	0,
	0,
	0,
	0,
	"c519452e-4c0d-406e-ada2-c83ebf5b6db8",
	"00000000-0000-0000-0000-000000000000");
INSERT INTO S_BRG
	VALUES ("db88e9dd-d372-465f-af18-338c7d29382b",
	"b5228db0-db9f-4134-974e-c04ce09d35e3",
	'timer_add_time',
	'This bridge operation attempts to add the specified number of microseconds to a
passed existing timer. If the timer exists (that is, it has not expired), a TRUE
value is returned. If the timer no longer exists, a FALSE value is returned.',
	1,
	"ba5eda7a-def5-0000-0000-000000000001",
	'',
	1,
	'');
INSERT INTO S_BPARM
	VALUES ("d6cb9717-61ad-4fd0-a5f6-1a2869b6eb3f",
	"db88e9dd-d372-465f-af18-338c7d29382b",
	'timer_inst_ref',
	"ba5eda7a-def5-0000-0000-00000000000f",
	0,
	'',
	"82a94960-5211-4467-8d73-f14c429bf9df",
	'');
INSERT INTO S_BPARM
	VALUES ("82a94960-5211-4467-8d73-f14c429bf9df",
	"db88e9dd-d372-465f-af18-338c7d29382b",
	'microseconds',
	"ba5eda7a-def5-0000-0000-000000000002",
	0,
	'',
	"00000000-0000-0000-0000-000000000000",
	'');
INSERT INTO ACT_BRB
	VALUES ("b4cfe60a-f358-4dee-8750-e290cee6c5db",
	"db88e9dd-d372-465f-af18-338c7d29382b");
INSERT INTO ACT_ACT
	VALUES ("b4cfe60a-f358-4dee-8750-e290cee6c5db",
	'bridge',
	0,
	"3431fff5-3019-47d1-abdc-1653eccd85ba",
	"00000000-0000-0000-0000-000000000000",
	0,
	'Time::timer_add_time',
	"00000000-0000-0000-0000-000000000000");
INSERT INTO ACT_BLK
	VALUES ("3431fff5-3019-47d1-abdc-1653eccd85ba",
	0,
	0,
	0,
	'',
	'',
	'',
	0,
	0,
	0,
	0,
	0,
	0,
	0,
	0,
	0,
	0,
	0,
	0,
	0,
	"b4cfe60a-f358-4dee-8750-e290cee6c5db",
	"00000000-0000-0000-0000-000000000000");
INSERT INTO S_BRG
	VALUES ("43ad1726-a278-435e-9560-eac6f2b757dc",
	"b5228db0-db9f-4134-974e-c04ce09d35e3",
	'timer_cancel',
	'This bridge operation cancels and deletes the passed timer instance. If the 
timer exists (that is, it had not expired), a TRUE value is returned. If the
timer no longer exists, a FALSE value is returned.',
	1,
	"ba5eda7a-def5-0000-0000-000000000001",
	'',
	1,
	'');
INSERT INTO S_BPARM
	VALUES ("8ce56ed3-fdb0-4459-a3d6-fc4b2efedd54",
	"43ad1726-a278-435e-9560-eac6f2b757dc",
	'timer_inst_ref',
	"ba5eda7a-def5-0000-0000-00000000000f",
	0,
	'',
	"00000000-0000-0000-0000-000000000000",
	'');
INSERT INTO ACT_BRB
	VALUES ("b0474705-3871-4e14-bdf3-979c1c02156d",
	"43ad1726-a278-435e-9560-eac6f2b757dc");
INSERT INTO ACT_ACT
	VALUES ("b0474705-3871-4e14-bdf3-979c1c02156d",
	'bridge',
	0,
	"bc5faa43-642e-44aa-8c1c-08c0b5318677",
	"00000000-0000-0000-0000-000000000000",
	0,
	'Time::timer_cancel',
	"00000000-0000-0000-0000-000000000000");
INSERT INTO ACT_BLK
	VALUES ("bc5faa43-642e-44aa-8c1c-08c0b5318677",
	0,
	0,
	0,
	'',
	'',
	'',
	0,
	0,
	0,
	0,
	0,
	0,
	0,
	0,
	0,
	0,
	0,
	0,
	0,
	"b0474705-3871-4e14-bdf3-979c1c02156d",
	"00000000-0000-0000-0000-000000000000");
INSERT INTO PE_PE
	VALUES ("f6aeee28-8fae-4493-9a9d-d5888ad820c6",
	1,
	"167f51c6-7655-4677-8bf1-e8bc4117e64e",
	"00000000-0000-0000-0000-000000000000",
	22);
INSERT INTO C_SF
	VALUES ("f6aeee28-8fae-4493-9a9d-d5888ad820c6",
	"e5862fe2-cd96-42d6-9142-c1253fc1dd17",
	"6f4d8e20-beb8-48e3-8506-2a77c0ba69f2",
	'',
	'Velocity Control Drive::client::JogMotor -o)- Diverter::xtfrcnvr::JogMotor');
INSERT INTO PE_PE
	VALUES ("02352558-4b49-4a12-a12d-0048576e6dc8",
	1,
	"167f51c6-7655-4677-8bf1-e8bc4117e64e",
	"00000000-0000-0000-0000-000000000000",
	22);
INSERT INTO C_SF
	VALUES ("02352558-4b49-4a12-a12d-0048576e6dc8",
	"9b61ea41-1246-449e-bdc1-33450c4b9ab1",
	"f5f59341-fbe4-406e-8a2b-54fe45194f2b",
	'',
	'Diverter::Client::DiverterClient -o)- Client::Port1::DiverterClient');
INSERT INTO PE_PE
	VALUES ("5bc7097b-848b-4a3f-8cbf-d1241f00dc26",
	1,
	"167f51c6-7655-4677-8bf1-e8bc4117e64e",
	"00000000-0000-0000-0000-000000000000",
	22);
INSERT INTO C_SF
	VALUES ("5bc7097b-848b-4a3f-8cbf-d1241f00dc26",
	"a14814cf-e29b-4a8a-88ee-a6f09971cf9c",
	"d8746dd3-25f5-4a0e-9cca-e197474e8239",
	'',
	'prv_ExpectedResponse::Port1::VelocityControlDrive -o)- Velocity Control Drive::drive::VelocityControlDrive');
INSERT INTO PE_PE
	VALUES ("ce1051bb-8ae3-47be-a2f8-7c2ac0f26c39",
	1,
	"167f51c6-7655-4677-8bf1-e8bc4117e64e",
	"00000000-0000-0000-0000-000000000000",
	22);
INSERT INTO C_SF
	VALUES ("ce1051bb-8ae3-47be-a2f8-7c2ac0f26c39",
	"ae911d3c-ae2d-4552-bbd5-01441980e9cf",
	"6f4d8e20-beb8-48e3-8506-2a77c0ba69f2",
	'',
	'Velocity Control Drive::client::JogMotor -o)- Diverter::Port1::JogMotor');
INSERT INTO PE_PE
	VALUES ("ba5eda7a-def5-0000-0000-000000000000",
	1,
	"00000000-0000-0000-0000-000000000000",
	"00000000-0000-0000-0000-000000000000",
	3);
INSERT INTO S_DT
	VALUES ("ba5eda7a-def5-0000-0000-000000000000",
	"00000000-0000-0000-0000-000000000000",
	'void',
	'',
	'');
INSERT INTO S_CDT
	VALUES ("ba5eda7a-def5-0000-0000-000000000000",
	0);
INSERT INTO PE_PE
	VALUES ("ba5eda7a-def5-0000-0000-000000000001",
	1,
	"00000000-0000-0000-0000-000000000000",
	"00000000-0000-0000-0000-000000000000",
	3);
INSERT INTO S_DT
	VALUES ("ba5eda7a-def5-0000-0000-000000000001",
	"00000000-0000-0000-0000-000000000000",
	'boolean',
	'',
	'');
INSERT INTO S_CDT
	VALUES ("ba5eda7a-def5-0000-0000-000000000001",
	1);
INSERT INTO PE_PE
	VALUES ("ba5eda7a-def5-0000-0000-000000000002",
	1,
	"00000000-0000-0000-0000-000000000000",
	"00000000-0000-0000-0000-000000000000",
	3);
INSERT INTO S_DT
	VALUES ("ba5eda7a-def5-0000-0000-000000000002",
	"00000000-0000-0000-0000-000000000000",
	'integer',
	'',
	'');
INSERT INTO S_CDT
	VALUES ("ba5eda7a-def5-0000-0000-000000000002",
	2);
INSERT INTO PE_PE
	VALUES ("ba5eda7a-def5-0000-0000-000000000003",
	1,
	"00000000-0000-0000-0000-000000000000",
	"00000000-0000-0000-0000-000000000000",
	3);
INSERT INTO S_DT
	VALUES ("ba5eda7a-def5-0000-0000-000000000003",
	"00000000-0000-0000-0000-000000000000",
	'real',
	'',
	'');
INSERT INTO S_CDT
	VALUES ("ba5eda7a-def5-0000-0000-000000000003",
	3);
INSERT INTO PE_PE
	VALUES ("ba5eda7a-def5-0000-0000-000000000004",
	1,
	"00000000-0000-0000-0000-000000000000",
	"00000000-0000-0000-0000-000000000000",
	3);
INSERT INTO S_DT
	VALUES ("ba5eda7a-def5-0000-0000-000000000004",
	"00000000-0000-0000-0000-000000000000",
	'string',
	'',
	'');
INSERT INTO S_CDT
	VALUES ("ba5eda7a-def5-0000-0000-000000000004",
	4);
INSERT INTO PE_PE
	VALUES ("ba5eda7a-def5-0000-0000-000000000005",
	1,
	"00000000-0000-0000-0000-000000000000",
	"00000000-0000-0000-0000-000000000000",
	3);
INSERT INTO S_DT
	VALUES ("ba5eda7a-def5-0000-0000-000000000005",
	"00000000-0000-0000-0000-000000000000",
	'unique_id',
	'',
	'');
INSERT INTO S_CDT
	VALUES ("ba5eda7a-def5-0000-0000-000000000005",
	5);
INSERT INTO PE_PE
	VALUES ("ba5eda7a-def5-0000-0000-000000000006",
	1,
	"00000000-0000-0000-0000-000000000000",
	"00000000-0000-0000-0000-000000000000",
	3);
INSERT INTO S_DT
	VALUES ("ba5eda7a-def5-0000-0000-000000000006",
	"00000000-0000-0000-0000-000000000000",
	'state<State_Model>',
	'',
	'');
INSERT INTO S_CDT
	VALUES ("ba5eda7a-def5-0000-0000-000000000006",
	6);
INSERT INTO PE_PE
	VALUES ("ba5eda7a-def5-0000-0000-000000000007",
	1,
	"00000000-0000-0000-0000-000000000000",
	"00000000-0000-0000-0000-000000000000",
	3);
INSERT INTO S_DT
	VALUES ("ba5eda7a-def5-0000-0000-000000000007",
	"00000000-0000-0000-0000-000000000000",
	'same_as<Base_Attribute>',
	'',
	'');
INSERT INTO S_CDT
	VALUES ("ba5eda7a-def5-0000-0000-000000000007",
	7);
INSERT INTO PE_PE
	VALUES ("ba5eda7a-def5-0000-0000-000000000008",
	1,
	"00000000-0000-0000-0000-000000000000",
	"00000000-0000-0000-0000-000000000000",
	3);
INSERT INTO S_DT
	VALUES ("ba5eda7a-def5-0000-0000-000000000008",
	"00000000-0000-0000-0000-000000000000",
	'inst_ref<Object>',
	'',
	'');
INSERT INTO S_CDT
	VALUES ("ba5eda7a-def5-0000-0000-000000000008",
	8);
INSERT INTO PE_PE
	VALUES ("ba5eda7a-def5-0000-0000-000000000009",
	1,
	"00000000-0000-0000-0000-000000000000",
	"00000000-0000-0000-0000-000000000000",
	3);
INSERT INTO S_DT
	VALUES ("ba5eda7a-def5-0000-0000-000000000009",
	"00000000-0000-0000-0000-000000000000",
	'inst_ref_set<Object>',
	'',
	'');
INSERT INTO S_CDT
	VALUES ("ba5eda7a-def5-0000-0000-000000000009",
	9);
INSERT INTO PE_PE
	VALUES ("ba5eda7a-def5-0000-0000-00000000000a",
	1,
	"00000000-0000-0000-0000-000000000000",
	"00000000-0000-0000-0000-000000000000",
	3);
INSERT INTO S_DT
	VALUES ("ba5eda7a-def5-0000-0000-00000000000a",
	"00000000-0000-0000-0000-000000000000",
	'inst<Event>',
	'',
	'');
INSERT INTO S_CDT
	VALUES ("ba5eda7a-def5-0000-0000-00000000000a",
	10);
INSERT INTO PE_PE
	VALUES ("ba5eda7a-def5-0000-0000-00000000000b",
	1,
	"00000000-0000-0000-0000-000000000000",
	"00000000-0000-0000-0000-000000000000",
	3);
INSERT INTO S_DT
	VALUES ("ba5eda7a-def5-0000-0000-00000000000b",
	"00000000-0000-0000-0000-000000000000",
	'inst<Mapping>',
	'',
	'');
INSERT INTO S_CDT
	VALUES ("ba5eda7a-def5-0000-0000-00000000000b",
	11);
INSERT INTO PE_PE
	VALUES ("ba5eda7a-def5-0000-0000-00000000000c",
	1,
	"00000000-0000-0000-0000-000000000000",
	"00000000-0000-0000-0000-000000000000",
	3);
INSERT INTO S_DT
	VALUES ("ba5eda7a-def5-0000-0000-00000000000c",
	"00000000-0000-0000-0000-000000000000",
	'inst_ref<Mapping>',
	'',
	'');
INSERT INTO S_CDT
	VALUES ("ba5eda7a-def5-0000-0000-00000000000c",
	12);
INSERT INTO PE_PE
	VALUES ("ba5eda7a-def5-0000-0000-00000000000d",
	1,
	"00000000-0000-0000-0000-000000000000",
	"00000000-0000-0000-0000-000000000000",
	3);
INSERT INTO S_DT
	VALUES ("ba5eda7a-def5-0000-0000-00000000000d",
	"00000000-0000-0000-0000-000000000000",
	'component_ref',
	'',
	'');
INSERT INTO S_CDT
	VALUES ("ba5eda7a-def5-0000-0000-00000000000d",
	13);
INSERT INTO PE_PE
	VALUES ("ba5eda7a-def5-0000-0000-00000000000e",
	1,
	"00000000-0000-0000-0000-000000000000",
	"00000000-0000-0000-0000-000000000000",
	3);
INSERT INTO S_DT
	VALUES ("ba5eda7a-def5-0000-0000-00000000000e",
	"00000000-0000-0000-0000-000000000000",
	'date',
	'',
	'');
INSERT INTO S_UDT
	VALUES ("ba5eda7a-def5-0000-0000-00000000000e",
	"ba5eda7a-def5-0000-0000-00000000000b",
	1);
INSERT INTO PE_PE
	VALUES ("ba5eda7a-def5-0000-0000-00000000000f",
	1,
	"00000000-0000-0000-0000-000000000000",
	"00000000-0000-0000-0000-000000000000",
	3);
INSERT INTO S_DT
	VALUES ("ba5eda7a-def5-0000-0000-00000000000f",
	"00000000-0000-0000-0000-000000000000",
	'inst_ref<Timer>',
	'',
	'');
INSERT INTO S_UDT
	VALUES ("ba5eda7a-def5-0000-0000-00000000000f",
	"ba5eda7a-def5-0000-0000-00000000000c",
	3);
INSERT INTO PE_PE
	VALUES ("ba5eda7a-def5-0000-0000-000000000010",
	1,
	"00000000-0000-0000-0000-000000000000",
	"00000000-0000-0000-0000-000000000000",
	3);
INSERT INTO S_DT
	VALUES ("ba5eda7a-def5-0000-0000-000000000010",
	"00000000-0000-0000-0000-000000000000",
	'timestamp',
	'',
	'');
INSERT INTO S_UDT
	VALUES ("ba5eda7a-def5-0000-0000-000000000010",
	"ba5eda7a-def5-0000-0000-00000000000b",
	2);
INSERT INTO C_EP_PROXY
	VALUES ("f057388f-df84-4155-94c4-b3fb64b631d2",
	"1c4072df-4470-4866-9416-5fa08e4b28be",
	-1,
	'divert_pending',
	'',
	'../../../Intf_Diverter/models/Intf_Diverter/DiverterInterfaces/DiverterClient/DiverterClient.xtuml');
INSERT INTO C_EP_PROXY
	VALUES ("75c6ef98-13ed-4d3f-af8e-966a6574358b",
	"1c4072df-4470-4866-9416-5fa08e4b28be",
	-1,
	'diverter_ready',
	'',
	'../../../Intf_Diverter/models/Intf_Diverter/DiverterInterfaces/DiverterClient/DiverterClient.xtuml');
INSERT INTO C_EP_PROXY
	VALUES ("ad786695-010d-4e54-86a6-57e572786231",
	"1c4072df-4470-4866-9416-5fa08e4b28be",
	-1,
	'xtfr_jog_switch_position_changed',
	'',
	'../../../Intf_Diverter/models/Intf_Diverter/DiverterInterfaces/DiverterClient/DiverterClient.xtuml');
INSERT INTO C_EP_PROXY
	VALUES ("617e5f69-340e-4966-9b58-2ed30ec3c58d",
	"1c4072df-4470-4866-9416-5fa08e4b28be",
	-1,
	'request_status',
	'True - Diverter Ready, False - Diverter Not Ready
Operation returns the current state of the diverter system.  
',
	'../../../Intf_Diverter/models/Intf_Diverter/DiverterInterfaces/DiverterClient/DiverterClient.xtuml');
INSERT INTO S_DT_PROXY
	VALUES ("f69263cd-bbf1-4447-ab8c-6ca928791356",
	"00000000-0000-0000-0000-000000000000",
	'Jog_Switch_Position',
	'',
	'',
	'../../../Intf_Diverter/models/Intf_Diverter/DataTypes/DataTypes.xtuml');
INSERT INTO C_EP_PROXY
	VALUES ("c9114946-3cdf-4418-98be-3c89197a5f21",
	"1c4072df-4470-4866-9416-5fa08e4b28be",
	-1,
	'get_xtfr_jog_switch_position',
	'',
	'../../../Intf_Diverter/models/Intf_Diverter/DiverterInterfaces/DiverterClient/DiverterClient.xtuml');
INSERT INTO C_I_PROXY
	VALUES ("1c4072df-4470-4866-9416-5fa08e4b28be",
	"00000000-0000-0000-0000-000000000000",
	'DiverterClient',
	'',
	'../../../Intf_Diverter/models/Intf_Diverter/DiverterInterfaces/DiverterClient/DiverterClient.xtuml');
INSERT INTO S_ENUM_PROXY
	VALUES ("7dc639d1-4772-4dea-abb8-715959ea3b70",
	'Drive',
	'',
	"f69263cd-bbf1-4447-ab8c-6ca928791356",
	"a25ea528-6e48-4c6d-8159-95c1136a228f",
	'../../../Intf_Diverter/models/Intf_Diverter/DataTypes/DataTypes.xtuml');
INSERT INTO S_ENUM_PROXY
	VALUES ("a25ea528-6e48-4c6d-8159-95c1136a228f",
	'Operator',
	'',
	"f69263cd-bbf1-4447-ab8c-6ca928791356",
	"cc9f160f-a5c8-4fc3-aa88-61d05088ce18",
	'../../../Intf_Diverter/models/Intf_Diverter/DataTypes/DataTypes.xtuml');
INSERT INTO S_ENUM_PROXY
	VALUES ("cc9f160f-a5c8-4fc3-aa88-61d05088ce18",
	'Stop',
	'',
	"f69263cd-bbf1-4447-ab8c-6ca928791356",
	"00000000-0000-0000-0000-000000000000",
	'../../../Intf_Diverter/models/Intf_Diverter/DataTypes/DataTypes.xtuml');
INSERT INTO C_IR_PROXY
	VALUES ("f5f59341-fbe4-406e-8a2b-54fe45194f2b",
	"1c4072df-4470-4866-9416-5fa08e4b28be",
	"00000000-0000-0000-0000-000000000000",
	"32d712d8-2a50-487d-b7cc-54323b5633b0",
	'../../../Diverter/models/Diverter/Design/Model/Diverter/Diverter.xtuml');
INSERT INTO C_P_PROXY
	VALUES ("f5f59341-fbe4-406e-8a2b-54fe45194f2b",
	'DiverterClient',
	'Unnamed Interface',
	'',
	'Diverter::Client::DiverterClient',
	'../../../Diverter/models/Diverter/Design/Model/Diverter/Diverter.xtuml');
INSERT INTO SPR_PEP_PROXY
	VALUES ("64790be6-d391-4108-8ef1-1214b0985a56",
	"f057388f-df84-4155-94c4-b3fb64b631d2",
	"f5f59341-fbe4-406e-8a2b-54fe45194f2b",
	'../../../Diverter/models/Diverter/Design/Model/Diverter/Diverter.xtuml');
INSERT INTO SPR_PS_PROXY
	VALUES ("64790be6-d391-4108-8ef1-1214b0985a56",
	'divert_pending',
	'',
	'/* A divert is approaching.  Get setup to handle it or inform the client if a 
   divert is not possible right now. 
*/

// Check to make sure the diverter can handle this packet


// Diverter can handle the packet, create the packet and sheet classes
create object instance divert_package of DVRTPKT;
divert_package.type = param.divert_type;
divert_package.leading_edge_position = param.packet_start_position;
divert_package.trailing_edge_position = param.packet_start_position - 
      (param.sheet_length * param.number_of_sheets);
divert_package.web_caliper = 0;  // TODO: Where does this come from?

// Create the sheets

// TODO: This is not going to work, relationship may not exist yet.
select any diverter_bay from instances of DVRTBAY;
select one dvrt_package related by diverter_bay->DVRTPKT[R4];
if not_empty dvrt_package;
   // A divert package(s) already exists, find the one farthest upstream
   while not_empty dvrt_package;
      select one dvrt_package related by dvrt_package->DVRTPKT[R1.''next''];
   end while;
   
   relate divert_package to dvrt_package across R1.''next'';
end if;',
	1,
	'../../../Diverter/models/Diverter/Design/Model/Diverter/Diverter.xtuml');
INSERT INTO SPR_PEP_PROXY
	VALUES ("18d95402-b928-4512-b927-2ec220c9a5d8",
	"617e5f69-340e-4966-9b58-2ed30ec3c58d",
	"f5f59341-fbe4-406e-8a2b-54fe45194f2b",
	'../../../Diverter/models/Diverter/Design/Model/Diverter/Diverter.xtuml');
INSERT INTO SPR_PO_PROXY
	VALUES ("18d95402-b928-4512-b927-2ec220c9a5d8",
	'request_status',
	'True - Diverter Ready, False - Diverter Not Ready
Operation returns the current state of the diverter system.  
',
	'return False;
',
	1,
	'../../../Diverter/models/Diverter/Design/Model/Diverter/Diverter.xtuml');
INSERT INTO SPR_PEP_PROXY
	VALUES ("8477087d-03ee-4fdf-a230-246ff571c8eb",
	"75c6ef98-13ed-4d3f-af8e-966a6574358b",
	"f5f59341-fbe4-406e-8a2b-54fe45194f2b",
	'../../../Diverter/models/Diverter/Design/Model/Diverter/Diverter.xtuml');
INSERT INTO SPR_PS_PROXY
	VALUES ("8477087d-03ee-4fdf-a230-246ff571c8eb",
	'diverter_ready',
	'',
	'',
	1,
	'../../../Diverter/models/Diverter/Design/Model/Diverter/Diverter.xtuml');
INSERT INTO SPR_PEP_PROXY
	VALUES ("aedee80b-2e64-4c92-acad-67f1ba8a7f73",
	"c9114946-3cdf-4418-98be-3c89197a5f21",
	"f5f59341-fbe4-406e-8a2b-54fe45194f2b",
	'../../../Diverter/models/Diverter/Design/Model/Diverter/Diverter.xtuml');
INSERT INTO SPR_PO_PROXY
	VALUES ("aedee80b-2e64-4c92-acad-67f1ba8a7f73",
	'get_xtfr_jog_switch_position',
	'',
	'',
	1,
	'../../../Diverter/models/Diverter/Design/Model/Diverter/Diverter.xtuml');
INSERT INTO SPR_PEP_PROXY
	VALUES ("1288670b-cf11-495e-b846-dfcd4ea7e34a",
	"ad786695-010d-4e54-86a6-57e572786231",
	"f5f59341-fbe4-406e-8a2b-54fe45194f2b",
	'../../../Diverter/models/Diverter/Design/Model/Diverter/Diverter.xtuml');
INSERT INTO SPR_PS_PROXY
	VALUES ("1288670b-cf11-495e-b846-dfcd4ea7e34a",
	'xtfr_jog_switch_position_changed',
	'',
	'/* The machine operator has changed the position of the cross transfer conveyor
   manual jog switch.  Create the appropriate event to send to the model.
*/

select any xtfr_conveyor from instances of XTFRCNVR;
if param.new_position == Jog_Switch_Position::Stop;
   generate XTFRCNVR4:jog_complete() to xtfr_conveyor;
elif param.new_position == Jog_Switch_Position::Operator;
   generate XTFRCNVR3:jog(direction: Machine_Side::Operator) to xtfr_conveyor;
elif param.new_position == Jog_Switch_Position::Drive;
   generate XTFRCNVR3:jog(direction: Machine_Side::Drive) to xtfr_conveyor;
elif param.new_position == Jog_Switch_Position::Impossible;
   // Log a diagnostic that the switch cannot be in two positions at once.
end if;

',
	1,
	'../../../Diverter/models/Diverter/Design/Model/Diverter/Diverter.xtuml');
INSERT INTO C_PO_PROXY
	VALUES ("32d712d8-2a50-487d-b7cc-54323b5633b0",
	"27fa8983-0f1d-4798-a8a5-618171014feb",
	'Client',
	0,
	0,
	'../../../Diverter/models/Diverter/Design/Model/Diverter/Diverter.xtuml');
INSERT INTO C_AS_PROXY
	VALUES ("f057388f-df84-4155-94c4-b3fb64b631d2",
	'divert_pending',
	'',
	0,
	"00000000-0000-0000-0000-000000000000",
	'../../../Intf_Diverter/models/Intf_Diverter/DiverterInterfaces/DiverterClient/DiverterClient.xtuml');
INSERT INTO C_PP_PROXY
	VALUES ("a1d04f96-6866-452c-b1c0-01fc438b7c4c",
	"f057388f-df84-4155-94c4-b3fb64b631d2",
	"e637c9ff-a804-4aef-b8eb-e6854f50cc68",
	'divert_type',
	'',
	0,
	'',
	"00000000-0000-0000-0000-000000000000",
	'../../../Intf_Diverter/models/Intf_Diverter/DiverterInterfaces/DiverterClient/DiverterClient.xtuml');
INSERT INTO S_DT_PROXY
	VALUES ("e637c9ff-a804-4aef-b8eb-e6854f50cc68",
	"00000000-0000-0000-0000-000000000000",
	'Divert_Packet',
	'',
	'',
	'../../../Intf_Diverter/models/Intf_Diverter/DataTypes/DataTypes.xtuml');
INSERT INTO C_PP_PROXY
	VALUES ("7dbd1f14-2ca8-4481-879b-039ebdef131f",
	"f057388f-df84-4155-94c4-b3fb64b631d2",
	"ba5eda7a-def5-0000-0000-000000000002",
	'packet_start_position',
	'',
	0,
	'',
	"a1d04f96-6866-452c-b1c0-01fc438b7c4c",
	'../../../Intf_Diverter/models/Intf_Diverter/DiverterInterfaces/DiverterClient/DiverterClient.xtuml');
INSERT INTO C_PP_PROXY
	VALUES ("891e5c83-c654-415c-bf46-9141a327aeb9",
	"f057388f-df84-4155-94c4-b3fb64b631d2",
	"ba5eda7a-def5-0000-0000-000000000002",
	'sheet_length',
	'',
	0,
	'',
	"7dbd1f14-2ca8-4481-879b-039ebdef131f",
	'../../../Intf_Diverter/models/Intf_Diverter/DiverterInterfaces/DiverterClient/DiverterClient.xtuml');
INSERT INTO C_PP_PROXY
	VALUES ("024af0b9-5d13-4fca-bfec-7c530938e4f6",
	"f057388f-df84-4155-94c4-b3fb64b631d2",
	"ba5eda7a-def5-0000-0000-000000000002",
	'number_of_sheets',
	'',
	0,
	'',
	"891e5c83-c654-415c-bf46-9141a327aeb9",
	'../../../Intf_Diverter/models/Intf_Diverter/DiverterInterfaces/DiverterClient/DiverterClient.xtuml');
INSERT INTO C_AS_PROXY
	VALUES ("75c6ef98-13ed-4d3f-af8e-966a6574358b",
	'diverter_ready',
	'',
	1,
	"f057388f-df84-4155-94c4-b3fb64b631d2",
	'../../../Intf_Diverter/models/Intf_Diverter/DiverterInterfaces/DiverterClient/DiverterClient.xtuml');
INSERT INTO C_PP_PROXY
	VALUES ("739dd604-8245-439f-8c0e-559e9487c05d",
	"75c6ef98-13ed-4d3f-af8e-966a6574358b",
	"ba5eda7a-def5-0000-0000-000000000001",
	'ready',
	'',
	0,
	'',
	"00000000-0000-0000-0000-000000000000",
	'../../../Intf_Diverter/models/Intf_Diverter/DiverterInterfaces/DiverterClient/DiverterClient.xtuml');
INSERT INTO C_IO_PROXY
	VALUES ("617e5f69-340e-4966-9b58-2ed30ec3c58d",
	"ba5eda7a-def5-0000-0000-000000000001",
	'request_status',
	'True - Diverter Ready, False - Diverter Not Ready
Operation returns the current state of the diverter system.  
',
	0,
	'',
	"00000000-0000-0000-0000-000000000000",
	'../../../Intf_Diverter/models/Intf_Diverter/DiverterInterfaces/DiverterClient/DiverterClient.xtuml');
INSERT INTO C_IO_PROXY
	VALUES ("c9114946-3cdf-4418-98be-3c89197a5f21",
	"f69263cd-bbf1-4447-ab8c-6ca928791356",
	'get_xtfr_jog_switch_position',
	'',
	1,
	'',
	"617e5f69-340e-4966-9b58-2ed30ec3c58d",
	'../../../Intf_Diverter/models/Intf_Diverter/DiverterInterfaces/DiverterClient/DiverterClient.xtuml');
INSERT INTO C_AS_PROXY
	VALUES ("ad786695-010d-4e54-86a6-57e572786231",
	'xtfr_jog_switch_position_changed',
	'',
	0,
	"75c6ef98-13ed-4d3f-af8e-966a6574358b",
	'../../../Intf_Diverter/models/Intf_Diverter/DiverterInterfaces/DiverterClient/DiverterClient.xtuml');
INSERT INTO C_PP_PROXY
	VALUES ("08bf01d4-2033-48cc-a3d4-ee8bb4eb9520",
	"ad786695-010d-4e54-86a6-57e572786231",
	"f69263cd-bbf1-4447-ab8c-6ca928791356",
	'new_position',
	'',
	0,
	'',
	"00000000-0000-0000-0000-000000000000",
	'../../../Intf_Diverter/models/Intf_Diverter/DiverterInterfaces/DiverterClient/DiverterClient.xtuml');
INSERT INTO C_C_PROXY
	VALUES ("27fa8983-0f1d-4798-a8a5-618171014feb",
	"00000000-0000-0000-0000-000000000000",
	"00000000-0000-0000-0000-000000000000",
	'Diverter',
	'Where does this show up?',
	0,
	"00000000-0000-0000-0000-000000000000",
	0,
	'',
	'../../../Diverter/models/Diverter/Design/Model/Diverter/Diverter.xtuml');
INSERT INTO PE_PE_PROXY
	VALUES ("27fa8983-0f1d-4798-a8a5-618171014feb",
	1,
	"5eaff348-f9d9-4ab9-8511-b173fdf536cc",
	"00000000-0000-0000-0000-000000000000",
	2,
	'../../../Diverter/models/Diverter/Design/Model/Diverter/Diverter.xtuml');
INSERT INTO C_IR_PROXY
	VALUES ("f4b6a083-3b5f-4d8e-aea2-4629e239a126",
	"53af1b5f-f2a3-44c3-9e01-551a6dbc7829",
	"00000000-0000-0000-0000-000000000000",
	"46a3be2b-a4a5-4485-a1a2-77c4b94f9c0b",
	'../../../Diverter/models/Diverter/Design/Model/Diverter/Diverter.xtuml');
INSERT INTO C_R_PROXY
	VALUES ("f4b6a083-3b5f-4d8e-aea2-4629e239a126",
	'PneumaticControlValve',
	'',
	'Unnamed Interface',
	'Diverter::fngrs::PneumaticControlValve',
	'../../../Diverter/models/Diverter/Design/Model/Diverter/Diverter.xtuml');
INSERT INTO C_I_PROXY
	VALUES ("53af1b5f-f2a3-44c3-9e01-551a6dbc7829",
	"00000000-0000-0000-0000-000000000000",
	'PneumaticControlValve',
	'',
	'../../../Intf_Diverter/models/Intf_Diverter/DiverterInterfaces/PneumaticControlValve/PneumaticControlValve.xtuml');
INSERT INTO C_PO_PROXY
	VALUES ("46a3be2b-a4a5-4485-a1a2-77c4b94f9c0b",
	"27fa8983-0f1d-4798-a8a5-618171014feb",
	'fngrs',
	0,
	0,
	'../../../Diverter/models/Diverter/Design/Model/Diverter/Diverter.xtuml');
INSERT INTO C_IR_PROXY
	VALUES ("e5862fe2-cd96-42d6-9142-c1253fc1dd17",
	"52db6895-1faf-4f37-903b-e183212300aa",
	"00000000-0000-0000-0000-000000000000",
	"8f5f28db-af33-4c1a-9686-95285f5623d2",
	'../../../Diverter/models/Diverter/Design/Model/Diverter/Diverter.xtuml');
INSERT INTO C_R_PROXY
	VALUES ("e5862fe2-cd96-42d6-9142-c1253fc1dd17",
	'JogMotor',
	'',
	'Unnamed Interface',
	'Diverter::xtfrcnvr::JogMotor',
	'../../../Diverter/models/Diverter/Design/Model/Diverter/Diverter.xtuml');
INSERT INTO SPR_REP_PROXY
	VALUES ("578e8329-1413-4bb5-b09d-401bbfb55fc4",
	"5088c18b-e00f-4dd3-b4a9-4f3e6167a4e1",
	"e5862fe2-cd96-42d6-9142-c1253fc1dd17",
	'../../../Diverter/models/Diverter/Design/Model/Diverter/Diverter.xtuml');
INSERT INTO SPR_RS_PROXY
	VALUES ("578e8329-1413-4bb5-b09d-401bbfb55fc4",
	'jog',
	'',
	'',
	1,
	'../../../Diverter/models/Diverter/Design/Model/Diverter/Diverter.xtuml');
INSERT INTO C_EP_PROXY
	VALUES ("5088c18b-e00f-4dd3-b4a9-4f3e6167a4e1",
	"52db6895-1faf-4f37-903b-e183212300aa",
	-1,
	'jog',
	'',
	'../../../Intf_MotorDrive/models/Intf_MotorDrive/ClientInterface/JogMotor/JogMotor/JogMotor.xtuml');
INSERT INTO SPR_REP_PROXY
	VALUES ("3d29c089-acbd-4ec5-acfe-63fba344b933",
	"9241cf5d-2f11-4b22-9139-4bd3137ca986",
	"e5862fe2-cd96-42d6-9142-c1253fc1dd17",
	'../../../Diverter/models/Diverter/Design/Model/Diverter/Diverter.xtuml');
INSERT INTO SPR_RS_PROXY
	VALUES ("3d29c089-acbd-4ec5-acfe-63fba344b933",
	'stop',
	'',
	'',
	1,
	'../../../Diverter/models/Diverter/Design/Model/Diverter/Diverter.xtuml');
INSERT INTO C_EP_PROXY
	VALUES ("9241cf5d-2f11-4b22-9139-4bd3137ca986",
	"52db6895-1faf-4f37-903b-e183212300aa",
	-1,
	'stop',
	'',
	'../../../Intf_MotorDrive/models/Intf_MotorDrive/ClientInterface/JogMotor/JogMotor/JogMotor.xtuml');
INSERT INTO SPR_REP_PROXY
	VALUES ("4a538438-5b38-49a7-8339-7a8276ea6c54",
	"6959782d-b94d-4525-9720-fcb3ab20776f",
	"e5862fe2-cd96-42d6-9142-c1253fc1dd17",
	'../../../Diverter/models/Diverter/Design/Model/Diverter/Diverter.xtuml');
INSERT INTO SPR_RS_PROXY
	VALUES ("4a538438-5b38-49a7-8339-7a8276ea6c54",
	'motion_initiated',
	'This signal is an indicator to the client of the interface that the last motion
instruction has been executed.  A new motion instruction can now be send from 
the client.',
	'/* The drive has indicated that it is ready to receive another instruction.
*/

select any xtfr_conveyor from instances of XTFRCNVR;
generate XTFRCNVR5:drive_rdy_for_inst() to xtfr_conveyor;
',
	1,
	'../../../Diverter/models/Diverter/Design/Model/Diverter/Diverter.xtuml');
INSERT INTO C_EP_PROXY
	VALUES ("6959782d-b94d-4525-9720-fcb3ab20776f",
	"52db6895-1faf-4f37-903b-e183212300aa",
	-1,
	'motion_initiated',
	'This signal is an indicator to the client of the interface that the last motion
instruction has been executed.  A new motion instruction can now be send from 
the client.',
	'../../../Intf_MotorDrive/models/Intf_MotorDrive/ClientInterface/JogMotor/JogMotor/JogMotor.xtuml');
INSERT INTO SPR_REP_PROXY
	VALUES ("30c7c066-288c-4a0e-b3cb-40fb2cefe59b",
	"7830f4a2-ff94-4ac8-a5d1-fd897ee6bfaf",
	"e5862fe2-cd96-42d6-9142-c1253fc1dd17",
	'../../../Diverter/models/Diverter/Design/Model/Diverter/Diverter.xtuml');
INSERT INTO SPR_RS_PROXY
	VALUES ("30c7c066-288c-4a0e-b3cb-40fb2cefe59b",
	'motion_complete',
	'This signal informs the client that the motor is no longer rotating and the 
drive is about to be disabled.  This signal will only occur after a stop has
been issued by the client of the interface or after a timed velocity move is
finished.',
	'/* The drive is signaling the motor has been brought to a complete stop.
*/

select any xtfr_conveyor from instances of XTFRCNVR;
generate XTFRCNVR9:motor_stopped() to xtfr_conveyor;
',
	1,
	'../../../Diverter/models/Diverter/Design/Model/Diverter/Diverter.xtuml');
INSERT INTO C_EP_PROXY
	VALUES ("7830f4a2-ff94-4ac8-a5d1-fd897ee6bfaf",
	"52db6895-1faf-4f37-903b-e183212300aa",
	-1,
	'motion_complete',
	'This signal informs the client that the motor is no longer rotating and the 
drive is about to be disabled.  This signal will only occur after a stop has
been issued by the client of the interface or after a timed velocity move is
finished.',
	'../../../Intf_MotorDrive/models/Intf_MotorDrive/ClientInterface/JogMotor/JogMotor/JogMotor.xtuml');
INSERT INTO C_I_PROXY
	VALUES ("52db6895-1faf-4f37-903b-e183212300aa",
	"00000000-0000-0000-0000-000000000000",
	'JogMotor',
	'',
	'../../../Intf_MotorDrive/models/Intf_MotorDrive/ClientInterface/JogMotor/JogMotor/JogMotor.xtuml');
INSERT INTO C_PO_PROXY
	VALUES ("8f5f28db-af33-4c1a-9686-95285f5623d2",
	"27fa8983-0f1d-4798-a8a5-618171014feb",
	'xtfrcnvr',
	0,
	0,
	'../../../Diverter/models/Diverter/Design/Model/Diverter/Diverter.xtuml');
INSERT INTO C_AS_PROXY
	VALUES ("5088c18b-e00f-4dd3-b4a9-4f3e6167a4e1",
	'jog',
	'',
	0,
	"00000000-0000-0000-0000-000000000000",
	'../../../Intf_MotorDrive/models/Intf_MotorDrive/ClientInterface/JogMotor/JogMotor/JogMotor.xtuml');
INSERT INTO C_PP_PROXY
	VALUES ("78023594-0cca-4136-94cf-390307f0e11c",
	"5088c18b-e00f-4dd3-b4a9-4f3e6167a4e1",
	"10a457d6-e25e-4dbe-a48f-0682e976c4bf",
	'direction',
	'',
	0,
	'',
	"00000000-0000-0000-0000-000000000000",
	'../../../Intf_MotorDrive/models/Intf_MotorDrive/ClientInterface/JogMotor/JogMotor/JogMotor.xtuml');
INSERT INTO S_DT_PROXY
	VALUES ("10a457d6-e25e-4dbe-a48f-0682e976c4bf",
	"00000000-0000-0000-0000-000000000000",
	'Motor_Direction',
	'',
	'',
	'../../../Intf_MotorDrive/models/Intf_MotorDrive/DataTypes/DataTypes.xtuml');
INSERT INTO C_PP_PROXY
	VALUES ("682d8317-4f82-49f7-9eb7-a604575b632b",
	"5088c18b-e00f-4dd3-b4a9-4f3e6167a4e1",
	"ba5eda7a-def5-0000-0000-000000000002",
	'velocity',
	'',
	0,
	'',
	"78023594-0cca-4136-94cf-390307f0e11c",
	'../../../Intf_MotorDrive/models/Intf_MotorDrive/ClientInterface/JogMotor/JogMotor/JogMotor.xtuml');
INSERT INTO C_PP_PROXY
	VALUES ("c18aafc1-5eb5-4a68-9f6f-0b38927a281d",
	"5088c18b-e00f-4dd3-b4a9-4f3e6167a4e1",
	"ba5eda7a-def5-0000-0000-000000000002",
	'acceleration',
	'',
	0,
	'',
	"682d8317-4f82-49f7-9eb7-a604575b632b",
	'../../../Intf_MotorDrive/models/Intf_MotorDrive/ClientInterface/JogMotor/JogMotor/JogMotor.xtuml');
INSERT INTO C_PP_PROXY
	VALUES ("fda63fab-5fdc-461e-b4af-d3d978cf51e8",
	"5088c18b-e00f-4dd3-b4a9-4f3e6167a4e1",
	"ba5eda7a-def5-0000-0000-000000000002",
	'duration',
	'',
	0,
	'',
	"c18aafc1-5eb5-4a68-9f6f-0b38927a281d",
	'../../../Intf_MotorDrive/models/Intf_MotorDrive/ClientInterface/JogMotor/JogMotor/JogMotor.xtuml');
INSERT INTO C_AS_PROXY
	VALUES ("9241cf5d-2f11-4b22-9139-4bd3137ca986",
	'stop',
	'',
	0,
	"5088c18b-e00f-4dd3-b4a9-4f3e6167a4e1",
	'../../../Intf_MotorDrive/models/Intf_MotorDrive/ClientInterface/JogMotor/JogMotor/JogMotor.xtuml');
INSERT INTO C_AS_PROXY
	VALUES ("6959782d-b94d-4525-9720-fcb3ab20776f",
	'motion_initiated',
	'This signal is an indicator to the client of the interface that the last motion
instruction has been executed.  A new motion instruction can now be send from 
the client.',
	1,
	"9241cf5d-2f11-4b22-9139-4bd3137ca986",
	'../../../Intf_MotorDrive/models/Intf_MotorDrive/ClientInterface/JogMotor/JogMotor/JogMotor.xtuml');
INSERT INTO C_AS_PROXY
	VALUES ("7830f4a2-ff94-4ac8-a5d1-fd897ee6bfaf",
	'motion_complete',
	'This signal informs the client that the motor is no longer rotating and the 
drive is about to be disabled.  This signal will only occur after a stop has
been issued by the client of the interface or after a timed velocity move is
finished.',
	1,
	"6959782d-b94d-4525-9720-fcb3ab20776f",
	'../../../Intf_MotorDrive/models/Intf_MotorDrive/ClientInterface/JogMotor/JogMotor/JogMotor.xtuml');
INSERT INTO C_IR_PROXY
	VALUES ("0d774757-d178-4db2-98e4-c04594aaf25f",
	"c05eb167-3bf3-4c2f-8a02-681482983586",
	"00000000-0000-0000-0000-000000000000",
	"6aa06c4e-c551-4a7b-b297-9d4a4d5bac68",
	'../../../Diverter/models/Diverter/Design/Model/Diverter/Diverter.xtuml');
INSERT INTO C_R_PROXY
	VALUES ("0d774757-d178-4db2-98e4-c04594aaf25f",
	'DivertMotor',
	'',
	'Unnamed Interface',
	'Diverter::dvtpan::DivertMotor',
	'../../../Diverter/models/Diverter/Design/Model/Diverter/Diverter.xtuml');
INSERT INTO C_I_PROXY
	VALUES ("c05eb167-3bf3-4c2f-8a02-681482983586",
	"00000000-0000-0000-0000-000000000000",
	'DivertMotor',
	'',
	'../../../Intf_Diverter/models/Intf_Diverter/DiverterInterfaces/DivertMotor/DivertMotor.xtuml');
INSERT INTO C_PO_PROXY
	VALUES ("6aa06c4e-c551-4a7b-b297-9d4a4d5bac68",
	"27fa8983-0f1d-4798-a8a5-618171014feb",
	'dvtpan',
	0,
	0,
	'../../../Diverter/models/Diverter/Design/Model/Diverter/Diverter.xtuml');
INSERT INTO C_IR_PROXY
	VALUES ("ce9a8dd4-c5ef-411d-89e4-9ac0dcfb69cc",
	"6585f459-e4e1-4bcf-a79d-20860fa3054a",
	"00000000-0000-0000-0000-000000000000",
	"77787fa9-43e5-4652-a4a9-e18886d5da32",
	'../../../Diverter/models/Diverter/Design/Model/Diverter/Diverter.xtuml');
INSERT INTO C_R_PROXY
	VALUES ("ce9a8dd4-c5ef-411d-89e4-9ac0dcfb69cc",
	'SpeedSignal',
	'',
	'Unnamed Interface',
	'Diverter::speed_ref::SpeedSignal',
	'../../../Diverter/models/Diverter/Design/Model/Diverter/Diverter.xtuml');
INSERT INTO SPR_REP_PROXY
	VALUES ("bccb2953-abc1-4899-bced-6fdafcff7e3a",
	"8ee99fda-5497-4931-a625-3fdc9793c2e9",
	"ce9a8dd4-c5ef-411d-89e4-9ac0dcfb69cc",
	'../../../Diverter/models/Diverter/Design/Model/Diverter/Diverter.xtuml');
INSERT INTO SPR_RS_PROXY
	VALUES ("bccb2953-abc1-4899-bced-6fdafcff7e3a",
	'CutPulse',
	'',
	'',
	1,
	'../../../Diverter/models/Diverter/Design/Model/Diverter/Diverter.xtuml');
INSERT INTO C_EP_PROXY
	VALUES ("8ee99fda-5497-4931-a625-3fdc9793c2e9",
	"6585f459-e4e1-4bcf-a79d-20860fa3054a",
	-1,
	'CutPulse',
	'',
	'../../../Intf_Diverter/models/Intf_Diverter/DiverterInterfaces/SpeedSignal/SpeedSignal.xtuml');
INSERT INTO C_I_PROXY
	VALUES ("6585f459-e4e1-4bcf-a79d-20860fa3054a",
	"00000000-0000-0000-0000-000000000000",
	'SpeedSignal',
	'',
	'../../../Intf_Diverter/models/Intf_Diverter/DiverterInterfaces/SpeedSignal/SpeedSignal.xtuml');
INSERT INTO C_PO_PROXY
	VALUES ("77787fa9-43e5-4652-a4a9-e18886d5da32",
	"27fa8983-0f1d-4798-a8a5-618171014feb",
	'speed_ref',
	0,
	0,
	'../../../Diverter/models/Diverter/Design/Model/Diverter/Diverter.xtuml');
INSERT INTO C_AS_PROXY
	VALUES ("8ee99fda-5497-4931-a625-3fdc9793c2e9",
	'CutPulse',
	'',
	1,
	"00000000-0000-0000-0000-000000000000",
	'../../../Intf_Diverter/models/Intf_Diverter/DiverterInterfaces/SpeedSignal/SpeedSignal.xtuml');
INSERT INTO C_IR_PROXY
	VALUES ("e8885297-dc2e-4e43-b911-6b85ff1ffbdb",
	"53af1b5f-f2a3-44c3-9e01-551a6dbc7829",
	"00000000-0000-0000-0000-000000000000",
	"114bcab6-412a-4f18-b97c-d4c5cc931ff2",
	'../../../Diverter/models/Diverter/Design/Model/Diverter/Diverter.xtuml');
INSERT INTO C_R_PROXY
	VALUES ("e8885297-dc2e-4e43-b911-6b85ff1ffbdb",
	'PneumaticControlValve',
	'',
	'Unnamed Interface',
	'Diverter::arblst::PneumaticControlValve',
	'../../../Diverter/models/Diverter/Design/Model/Diverter/Diverter.xtuml');
INSERT INTO C_PO_PROXY
	VALUES ("114bcab6-412a-4f18-b97c-d4c5cc931ff2",
	"27fa8983-0f1d-4798-a8a5-618171014feb",
	'arblst',
	0,
	0,
	'../../../Diverter/models/Diverter/Design/Model/Diverter/Diverter.xtuml');
INSERT INTO C_IR_PROXY
	VALUES ("ae911d3c-ae2d-4552-bbd5-01441980e9cf",
	"52db6895-1faf-4f37-903b-e183212300aa",
	"00000000-0000-0000-0000-000000000000",
	"2330c59c-7842-4f33-b2fe-a06f0289fb08",
	'../../../Diverter/models/Diverter/Design/Model/Diverter/Diverter.xtuml');
INSERT INTO C_R_PROXY
	VALUES ("ae911d3c-ae2d-4552-bbd5-01441980e9cf",
	'JogMotor',
	'',
	'Unnamed Interface',
	'Diverter::Port1::JogMotor',
	'../../../Diverter/models/Diverter/Design/Model/Diverter/Diverter.xtuml');
INSERT INTO SPR_REP_PROXY
	VALUES ("3e213983-e844-4ac6-9db5-7e1734f17f94",
	"5088c18b-e00f-4dd3-b4a9-4f3e6167a4e1",
	"ae911d3c-ae2d-4552-bbd5-01441980e9cf",
	'../../../Diverter/models/Diverter/Design/Model/Diverter/Diverter.xtuml');
INSERT INTO SPR_RS_PROXY
	VALUES ("3e213983-e844-4ac6-9db5-7e1734f17f94",
	'jog',
	'',
	'',
	1,
	'../../../Diverter/models/Diverter/Design/Model/Diverter/Diverter.xtuml');
INSERT INTO SPR_REP_PROXY
	VALUES ("ec8e18b9-7dd6-4675-840a-902159d2d798",
	"9241cf5d-2f11-4b22-9139-4bd3137ca986",
	"ae911d3c-ae2d-4552-bbd5-01441980e9cf",
	'../../../Diverter/models/Diverter/Design/Model/Diverter/Diverter.xtuml');
INSERT INTO SPR_RS_PROXY
	VALUES ("ec8e18b9-7dd6-4675-840a-902159d2d798",
	'stop',
	'',
	'',
	1,
	'../../../Diverter/models/Diverter/Design/Model/Diverter/Diverter.xtuml');
INSERT INTO SPR_REP_PROXY
	VALUES ("813b4e48-6fef-4e93-8ae3-ea12d286365e",
	"6959782d-b94d-4525-9720-fcb3ab20776f",
	"ae911d3c-ae2d-4552-bbd5-01441980e9cf",
	'../../../Diverter/models/Diverter/Design/Model/Diverter/Diverter.xtuml');
INSERT INTO SPR_RS_PROXY
	VALUES ("813b4e48-6fef-4e93-8ae3-ea12d286365e",
	'motion_initiated',
	'This signal is an indicator to the client of the interface that the last motion
instruction has been executed.  A new motion instruction can now be send from 
the client.',
	'',
	1,
	'../../../Diverter/models/Diverter/Design/Model/Diverter/Diverter.xtuml');
INSERT INTO SPR_REP_PROXY
	VALUES ("60cce647-0849-43d3-8faf-1a5b6a92ce22",
	"7830f4a2-ff94-4ac8-a5d1-fd897ee6bfaf",
	"ae911d3c-ae2d-4552-bbd5-01441980e9cf",
	'../../../Diverter/models/Diverter/Design/Model/Diverter/Diverter.xtuml');
INSERT INTO SPR_RS_PROXY
	VALUES ("60cce647-0849-43d3-8faf-1a5b6a92ce22",
	'motion_complete',
	'This signal informs the client that the motor is no longer rotating and the 
drive is about to be disabled.  This signal will only occur after a stop has
been issued by the client of the interface or after a timed velocity move is
finished.',
	'',
	1,
	'../../../Diverter/models/Diverter/Design/Model/Diverter/Diverter.xtuml');
INSERT INTO C_PO_PROXY
	VALUES ("2330c59c-7842-4f33-b2fe-a06f0289fb08",
	"27fa8983-0f1d-4798-a8a5-618171014feb",
	'Port1',
	0,
	0,
	'../../../Diverter/models/Diverter/Design/Model/Diverter/Diverter.xtuml');
INSERT INTO C_IR_PROXY
	VALUES ("a14814cf-e29b-4a8a-88ee-a6f09971cf9c",
	"486d54bc-ee94-4a64-a1d6-fdf91050f010",
	"00000000-0000-0000-0000-000000000000",
	"c7a32a3f-a5ac-4494-9b05-cc7703aa5645",
	'../../../VelocityControlDrive/models/VelocityControlDrive/Design/Velocity Control Drive/Velocity Control Drive.xtuml');
INSERT INTO C_R_PROXY
	VALUES ("a14814cf-e29b-4a8a-88ee-a6f09971cf9c",
	'VelocityControlDrive',
	'',
	'Unnamed Interface',
	'Velocity Control Drive::drive::VelocityControlDrive',
	'../../../VelocityControlDrive/models/VelocityControlDrive/Design/Velocity Control Drive/Velocity Control Drive.xtuml');
INSERT INTO SPR_REP_PROXY
	VALUES ("f5853345-ece9-4258-8311-5c637eccba14",
	"53d569a8-e722-4a0a-aadb-c95aa7042db7",
	"a14814cf-e29b-4a8a-88ee-a6f09971cf9c",
	'../../../VelocityControlDrive/models/VelocityControlDrive/Design/Velocity Control Drive/Velocity Control Drive.xtuml');
INSERT INTO SPR_RS_PROXY
	VALUES ("f5853345-ece9-4258-8311-5c637eccba14",
	'enable_drive',
	'',
	'',
	1,
	'../../../VelocityControlDrive/models/VelocityControlDrive/Design/Velocity Control Drive/Velocity Control Drive.xtuml');
INSERT INTO ACT_RSB_PROXY
	VALUES ("28782fc1-e428-4c77-86b8-28ce37ad1a71",
	"f5853345-ece9-4258-8311-5c637eccba14",
	'/');
INSERT INTO ACT_ACT_PROXY
	VALUES ("28782fc1-e428-4c77-86b8-28ce37ad1a71",
	'signal',
	0,
	"d6841b8f-35c8-47c3-8ba6-413851c2dc55",
	"00000000-0000-0000-0000-000000000000",
	0,
	'drive::VelocityControlDrive::enable_drive',
	"00000000-0000-0000-0000-000000000000",
	'/');
INSERT INTO ACT_BLK_PROXY
	VALUES ("d6841b8f-35c8-47c3-8ba6-413851c2dc55",
	0,
	0,
	0,
	'',
	'',
	'',
	0,
	0,
	0,
	0,
	0,
	0,
	0,
	0,
	0,
	0,
	0,
	0,
	0,
	"28782fc1-e428-4c77-86b8-28ce37ad1a71",
	"00000000-0000-0000-0000-000000000000",
	'/');
INSERT INTO C_EP_PROXY
	VALUES ("53d569a8-e722-4a0a-aadb-c95aa7042db7",
	"486d54bc-ee94-4a64-a1d6-fdf91050f010",
	-1,
	'enable_drive',
	'',
	'../../../Intf_MotorDrive/models/Intf_MotorDrive/HardwareInterface/VelocityControlDrive/VelocityControlDrive/VelocityControlDrive.xtuml');
INSERT INTO SPR_REP_PROXY
	VALUES ("583a4c72-8011-425d-a3b9-31a1b6a69c09",
	"d7bcdc2b-f917-4b82-b213-48faa98c11d9",
	"a14814cf-e29b-4a8a-88ee-a6f09971cf9c",
	'../../../VelocityControlDrive/models/VelocityControlDrive/Design/Velocity Control Drive/Velocity Control Drive.xtuml');
INSERT INTO SPR_RS_PROXY
	VALUES ("583a4c72-8011-425d-a3b9-31a1b6a69c09",
	'jog_motor',
	'',
	'',
	1,
	'../../../VelocityControlDrive/models/VelocityControlDrive/Design/Velocity Control Drive/Velocity Control Drive.xtuml');
INSERT INTO ACT_RSB_PROXY
	VALUES ("5c64fcec-fc6a-407b-90f7-f047fe98515d",
	"583a4c72-8011-425d-a3b9-31a1b6a69c09",
	'/');
INSERT INTO ACT_ACT_PROXY
	VALUES ("5c64fcec-fc6a-407b-90f7-f047fe98515d",
	'signal',
	0,
	"c7c4ded5-f11a-4c76-828f-c5c3179e18ea",
	"00000000-0000-0000-0000-000000000000",
	0,
	'drive::VelocityControlDrive::jog_motor',
	"00000000-0000-0000-0000-000000000000",
	'/');
INSERT INTO ACT_BLK_PROXY
	VALUES ("c7c4ded5-f11a-4c76-828f-c5c3179e18ea",
	0,
	0,
	0,
	'',
	'',
	'',
	0,
	0,
	0,
	0,
	0,
	0,
	0,
	0,
	0,
	0,
	0,
	0,
	0,
	"5c64fcec-fc6a-407b-90f7-f047fe98515d",
	"00000000-0000-0000-0000-000000000000",
	'/');
INSERT INTO C_EP_PROXY
	VALUES ("d7bcdc2b-f917-4b82-b213-48faa98c11d9",
	"486d54bc-ee94-4a64-a1d6-fdf91050f010",
	-1,
	'jog_motor',
	'',
	'../../../Intf_MotorDrive/models/Intf_MotorDrive/HardwareInterface/VelocityControlDrive/VelocityControlDrive/VelocityControlDrive.xtuml');
INSERT INTO SPR_REP_PROXY
	VALUES ("0609de86-de27-4cba-826c-ed178dcab4bf",
	"3c759268-cd74-44ce-a96a-ee9613bd2bf9",
	"a14814cf-e29b-4a8a-88ee-a6f09971cf9c",
	'../../../VelocityControlDrive/models/VelocityControlDrive/Design/Velocity Control Drive/Velocity Control Drive.xtuml');
INSERT INTO SPR_RS_PROXY
	VALUES ("0609de86-de27-4cba-826c-ed178dcab4bf",
	'stop_motor',
	'',
	'',
	1,
	'../../../VelocityControlDrive/models/VelocityControlDrive/Design/Velocity Control Drive/Velocity Control Drive.xtuml');
INSERT INTO ACT_RSB_PROXY
	VALUES ("6ea09337-3236-42ed-aac1-daff0ee6778d",
	"0609de86-de27-4cba-826c-ed178dcab4bf",
	'/');
INSERT INTO ACT_ACT_PROXY
	VALUES ("6ea09337-3236-42ed-aac1-daff0ee6778d",
	'signal',
	0,
	"fb5b6d14-1463-4578-b4e0-9fa12cd99fa4",
	"00000000-0000-0000-0000-000000000000",
	0,
	'drive::VelocityControlDrive::stop_motor',
	"00000000-0000-0000-0000-000000000000",
	'/');
INSERT INTO ACT_BLK_PROXY
	VALUES ("fb5b6d14-1463-4578-b4e0-9fa12cd99fa4",
	0,
	0,
	0,
	'',
	'',
	'',
	0,
	0,
	0,
	0,
	0,
	0,
	0,
	0,
	0,
	0,
	0,
	0,
	0,
	"6ea09337-3236-42ed-aac1-daff0ee6778d",
	"00000000-0000-0000-0000-000000000000",
	'/');
INSERT INTO C_EP_PROXY
	VALUES ("3c759268-cd74-44ce-a96a-ee9613bd2bf9",
	"486d54bc-ee94-4a64-a1d6-fdf91050f010",
	-1,
	'stop_motor',
	'',
	'../../../Intf_MotorDrive/models/Intf_MotorDrive/HardwareInterface/VelocityControlDrive/VelocityControlDrive/VelocityControlDrive.xtuml');
INSERT INTO SPR_REP_PROXY
	VALUES ("4e7629c9-84f8-4bae-883b-8f107a631e36",
	"fe662bcf-cad1-44e3-9233-fa69e9673b17",
	"a14814cf-e29b-4a8a-88ee-a6f09971cf9c",
	'../../../VelocityControlDrive/models/VelocityControlDrive/Design/Velocity Control Drive/Velocity Control Drive.xtuml');
INSERT INTO SPR_RS_PROXY
	VALUES ("4e7629c9-84f8-4bae-883b-8f107a631e36",
	'in_progress',
	'',
	'select any motion_controller from MC;
generate MC2:drive_in_progress() to motion_controller;
',
	1,
	'../../../VelocityControlDrive/models/VelocityControlDrive/Design/Velocity Control Drive/Velocity Control Drive.xtuml');
INSERT INTO ACT_RSB_PROXY
	VALUES ("34aa79e1-9d59-47f6-8adb-37a6fe82e1d0",
	"4e7629c9-84f8-4bae-883b-8f107a631e36",
	'/');
INSERT INTO ACT_ACT_PROXY
	VALUES ("34aa79e1-9d59-47f6-8adb-37a6fe82e1d0",
	'signal',
	0,
	"d4b532fa-13bb-4555-bc06-d1e2a60ac1ab",
	"00000000-0000-0000-0000-000000000000",
	0,
	'drive::VelocityControlDrive::in_progress',
	"00000000-0000-0000-0000-000000000000",
	'/');
INSERT INTO ACT_BLK_PROXY
	VALUES ("d4b532fa-13bb-4555-bc06-d1e2a60ac1ab",
	1,
	0,
	0,
	'V_VAR.Var_ID',
	'',
	'',
	2,
	1,
	1,
	35,
	0,
	0,
	0,
	0,
	0,
	0,
	0,
	0,
	0,
	"34aa79e1-9d59-47f6-8adb-37a6fe82e1d0",
	"00000000-0000-0000-0000-000000000000",
	'/');
INSERT INTO ACT_SMT_PROXY
	VALUES ("9282068a-4698-4025-81a5-35794323e2b3",
	"d4b532fa-13bb-4555-bc06-d1e2a60ac1ab",
	"76297811-51ab-49f9-a15a-b9da879bb275",
	1,
	1,
	'drive::VelocityControlDrive::in_progress line: 1',
	'/');
INSERT INTO ACT_FIO_PROXY
	VALUES ("9282068a-4698-4025-81a5-35794323e2b3",
	"eb40ac5d-1649-4615-9c26-e8569c0edcd9",
	1,
	'any',
	"c02d1cb3-12e0-4223-a447-70dcaea7913a",
	1,
	35,
	'/');
INSERT INTO O_OBJ_PROXY
	VALUES ("c02d1cb3-12e0-4223-a447-70dcaea7913a",
	'Motion Controller',
	3,
	'MC',
	'',
	"00000000-0000-0000-0000-000000000000",
	'../../../VelocityControlDrive/models/VelocityControlDrive/Design/Velocity Control Drive/Subsys/Motion Controller/Motion Controller.xtuml');
INSERT INTO ACT_SMT_PROXY
	VALUES ("76297811-51ab-49f9-a15a-b9da879bb275",
	"d4b532fa-13bb-4555-bc06-d1e2a60ac1ab",
	"00000000-0000-0000-0000-000000000000",
	2,
	1,
	'drive::VelocityControlDrive::in_progress line: 2',
	'/');
INSERT INTO E_ESS_PROXY
	VALUES ("76297811-51ab-49f9-a15a-b9da879bb275",
	1,
	0,
	2,
	10,
	2,
	14,
	1,
	35,
	0,
	0,
	0,
	0,
	'/');
INSERT INTO E_GES_PROXY
	VALUES ("76297811-51ab-49f9-a15a-b9da879bb275",
	'/');
INSERT INTO E_GSME_PROXY
	VALUES ("76297811-51ab-49f9-a15a-b9da879bb275",
	"b5187c96-8b8e-4552-87eb-dff3560f9610",
	'/');
INSERT INTO E_GEN_PROXY
	VALUES ("76297811-51ab-49f9-a15a-b9da879bb275",
	"eb40ac5d-1649-4615-9c26-e8569c0edcd9",
	'/');
INSERT INTO SM_EVT_PROXY
	VALUES ("b5187c96-8b8e-4552-87eb-dff3560f9610",
	"eb7f4d95-bab2-4a0d-b8db-3a9bb0849745",
	"00000000-0000-0000-0000-000000000000",
	2,
	'drive_in_progress',
	0,
	'',
	'MC2',
	'',
	'../../../VelocityControlDrive/models/VelocityControlDrive/Design/Velocity Control Drive/Subsys/Motion Controller/InstanceStateMachine/InstanceStateMachine.xtuml');
INSERT INTO V_VAR_PROXY
	VALUES ("eb40ac5d-1649-4615-9c26-e8569c0edcd9",
	"d4b532fa-13bb-4555-bc06-d1e2a60ac1ab",
	'motion_controller',
	1,
	"ba5eda7a-def5-0000-0000-000000000008",
	'/');
INSERT INTO V_INT_PROXY
	VALUES ("eb40ac5d-1649-4615-9c26-e8569c0edcd9",
	0,
	"c02d1cb3-12e0-4223-a447-70dcaea7913a",
	'/');
INSERT INTO C_EP_PROXY
	VALUES ("fe662bcf-cad1-44e3-9233-fa69e9673b17",
	"486d54bc-ee94-4a64-a1d6-fdf91050f010",
	-1,
	'in_progress',
	'',
	'../../../Intf_MotorDrive/models/Intf_MotorDrive/HardwareInterface/VelocityControlDrive/VelocityControlDrive/VelocityControlDrive.xtuml');
INSERT INTO SPR_REP_PROXY
	VALUES ("8ece7d2a-f7e7-487c-a0bd-da01739b4cbe",
	"8f4cc710-e755-4de3-9960-78096a7939cf",
	"a14814cf-e29b-4a8a-88ee-a6f09971cf9c",
	'../../../VelocityControlDrive/models/VelocityControlDrive/Design/Velocity Control Drive/Velocity Control Drive.xtuml');
INSERT INTO SPR_RS_PROXY
	VALUES ("8ece7d2a-f7e7-487c-a0bd-da01739b4cbe",
	'done',
	'',
	'select any drive_enable from DE;
generate DE3:drive_signals_done() to drive_enable;

select any motion_controller from MC;
generate MC4:drive_done() to motion_controller;

',
	1,
	'../../../VelocityControlDrive/models/VelocityControlDrive/Design/Velocity Control Drive/Velocity Control Drive.xtuml');
INSERT INTO ACT_RSB_PROXY
	VALUES ("0f2fecff-3017-45a3-ab71-d7c98b4029cc",
	"8ece7d2a-f7e7-487c-a0bd-da01739b4cbe",
	'/');
INSERT INTO ACT_ACT_PROXY
	VALUES ("0f2fecff-3017-45a3-ab71-d7c98b4029cc",
	'signal',
	0,
	"d356ce84-0e45-4ac1-bc7c-307857c2d0c4",
	"00000000-0000-0000-0000-000000000000",
	0,
	'drive::VelocityControlDrive::done',
	"00000000-0000-0000-0000-000000000000",
	'/');
INSERT INTO ACT_BLK_PROXY
	VALUES ("d356ce84-0e45-4ac1-bc7c-307857c2d0c4",
	1,
	0,
	0,
	'V_VAR.Var_ID',
	'',
	'',
	5,
	1,
	4,
	35,
	0,
	0,
	0,
	0,
	0,
	0,
	0,
	0,
	0,
	"0f2fecff-3017-45a3-ab71-d7c98b4029cc",
	"00000000-0000-0000-0000-000000000000",
	'/');
INSERT INTO ACT_SMT_PROXY
	VALUES ("a0ba908a-f687-44c6-8c64-da5ebc839729",
	"d356ce84-0e45-4ac1-bc7c-307857c2d0c4",
	"490f01d1-1a22-44c0-8b53-8e7e7e35a533",
	1,
	1,
	'drive::VelocityControlDrive::done line: 1',
	'/');
INSERT INTO ACT_FIO_PROXY
	VALUES ("a0ba908a-f687-44c6-8c64-da5ebc839729",
	"d3326cca-6f4a-49d1-92d4-5bd653ff67b6",
	1,
	'any',
	"24a28ec5-7345-4ca1-8347-b0985012fb96",
	1,
	30,
	'/');
INSERT INTO O_OBJ_PROXY
	VALUES ("24a28ec5-7345-4ca1-8347-b0985012fb96",
	'Drive Enable',
	2,
	'DE',
	'This class controls the enable function of the drive.',
	"00000000-0000-0000-0000-000000000000",
	'../../../VelocityControlDrive/models/VelocityControlDrive/Design/Velocity Control Drive/Subsys/Drive Enable/Drive Enable.xtuml');
INSERT INTO ACT_SMT_PROXY
	VALUES ("490f01d1-1a22-44c0-8b53-8e7e7e35a533",
	"d356ce84-0e45-4ac1-bc7c-307857c2d0c4",
	"9cffa915-423c-459c-91aa-d9e8df2b49c3",
	2,
	1,
	'drive::VelocityControlDrive::done line: 2',
	'/');
INSERT INTO E_ESS_PROXY
	VALUES ("490f01d1-1a22-44c0-8b53-8e7e7e35a533",
	1,
	0,
	2,
	10,
	2,
	14,
	1,
	30,
	0,
	0,
	0,
	0,
	'/');
INSERT INTO E_GES_PROXY
	VALUES ("490f01d1-1a22-44c0-8b53-8e7e7e35a533",
	'/');
INSERT INTO E_GSME_PROXY
	VALUES ("490f01d1-1a22-44c0-8b53-8e7e7e35a533",
	"f9b93292-003a-48a7-89c2-b93923f44c6f",
	'/');
INSERT INTO E_GEN_PROXY
	VALUES ("490f01d1-1a22-44c0-8b53-8e7e7e35a533",
	"d3326cca-6f4a-49d1-92d4-5bd653ff67b6",
	'/');
INSERT INTO SM_EVT_PROXY
	VALUES ("f9b93292-003a-48a7-89c2-b93923f44c6f",
	"febc9f94-3b6c-4d02-a457-b9fe1db2ec81",
	"00000000-0000-0000-0000-000000000000",
	3,
	'drive_signals_done',
	0,
	'',
	'DE3',
	'',
	'../../../VelocityControlDrive/models/VelocityControlDrive/Design/Velocity Control Drive/Subsys/Drive Enable/InstanceStateMachine/InstanceStateMachine.xtuml');
INSERT INTO ACT_SMT_PROXY
	VALUES ("9cffa915-423c-459c-91aa-d9e8df2b49c3",
	"d356ce84-0e45-4ac1-bc7c-307857c2d0c4",
	"c511b712-7e94-42f9-bf75-ba0a24a2fc92",
	4,
	1,
	'drive::VelocityControlDrive::done line: 4',
	'/');
INSERT INTO ACT_FIO_PROXY
	VALUES ("9cffa915-423c-459c-91aa-d9e8df2b49c3",
	"8463d939-abba-46bd-8f4a-21e21823a0b5",
	1,
	'any',
	"c02d1cb3-12e0-4223-a447-70dcaea7913a",
	4,
	35,
	'/');
INSERT INTO ACT_SMT_PROXY
	VALUES ("c511b712-7e94-42f9-bf75-ba0a24a2fc92",
	"d356ce84-0e45-4ac1-bc7c-307857c2d0c4",
	"00000000-0000-0000-0000-000000000000",
	5,
	1,
	'drive::VelocityControlDrive::done line: 5',
	'/');
INSERT INTO E_ESS_PROXY
	VALUES ("c511b712-7e94-42f9-bf75-ba0a24a2fc92",
	1,
	0,
	5,
	10,
	5,
	14,
	4,
	35,
	0,
	0,
	0,
	0,
	'/');
INSERT INTO E_GES_PROXY
	VALUES ("c511b712-7e94-42f9-bf75-ba0a24a2fc92",
	'/');
INSERT INTO E_GSME_PROXY
	VALUES ("c511b712-7e94-42f9-bf75-ba0a24a2fc92",
	"3f2ad4ba-a496-4755-ae91-3be2bc81897e",
	'/');
INSERT INTO E_GEN_PROXY
	VALUES ("c511b712-7e94-42f9-bf75-ba0a24a2fc92",
	"8463d939-abba-46bd-8f4a-21e21823a0b5",
	'/');
INSERT INTO SM_EVT_PROXY
	VALUES ("3f2ad4ba-a496-4755-ae91-3be2bc81897e",
	"eb7f4d95-bab2-4a0d-b8db-3a9bb0849745",
	"00000000-0000-0000-0000-000000000000",
	4,
	'drive_done',
	0,
	'',
	'MC4',
	'',
	'../../../VelocityControlDrive/models/VelocityControlDrive/Design/Velocity Control Drive/Subsys/Motion Controller/InstanceStateMachine/InstanceStateMachine.xtuml');
INSERT INTO V_VAR_PROXY
	VALUES ("d3326cca-6f4a-49d1-92d4-5bd653ff67b6",
	"d356ce84-0e45-4ac1-bc7c-307857c2d0c4",
	'drive_enable',
	1,
	"ba5eda7a-def5-0000-0000-000000000008",
	'/');
INSERT INTO V_INT_PROXY
	VALUES ("d3326cca-6f4a-49d1-92d4-5bd653ff67b6",
	0,
	"24a28ec5-7345-4ca1-8347-b0985012fb96",
	'/');
INSERT INTO V_VAR_PROXY
	VALUES ("8463d939-abba-46bd-8f4a-21e21823a0b5",
	"d356ce84-0e45-4ac1-bc7c-307857c2d0c4",
	'motion_controller',
	1,
	"ba5eda7a-def5-0000-0000-000000000008",
	'/');
INSERT INTO V_INT_PROXY
	VALUES ("8463d939-abba-46bd-8f4a-21e21823a0b5",
	0,
	"c02d1cb3-12e0-4223-a447-70dcaea7913a",
	'/');
INSERT INTO C_EP_PROXY
	VALUES ("8f4cc710-e755-4de3-9960-78096a7939cf",
	"486d54bc-ee94-4a64-a1d6-fdf91050f010",
	-1,
	'done',
	'',
	'../../../Intf_MotorDrive/models/Intf_MotorDrive/HardwareInterface/VelocityControlDrive/VelocityControlDrive/VelocityControlDrive.xtuml');
INSERT INTO SPR_REP_PROXY
	VALUES ("3240c9a8-a9ac-44f9-9b55-2239d61619e9",
	"72961ccb-724d-49c4-ab17-022addb14ad9",
	"a14814cf-e29b-4a8a-88ee-a6f09971cf9c",
	'../../../VelocityControlDrive/models/VelocityControlDrive/Design/Velocity Control Drive/Velocity Control Drive.xtuml');
INSERT INTO SPR_RS_PROXY
	VALUES ("3240c9a8-a9ac-44f9-9b55-2239d61619e9",
	'error',
	'',
	'',
	1,
	'../../../VelocityControlDrive/models/VelocityControlDrive/Design/Velocity Control Drive/Velocity Control Drive.xtuml');
INSERT INTO ACT_RSB_PROXY
	VALUES ("e924ee24-2e70-4dcc-a0f9-2174cb4e0bd1",
	"3240c9a8-a9ac-44f9-9b55-2239d61619e9",
	'/');
INSERT INTO ACT_ACT_PROXY
	VALUES ("e924ee24-2e70-4dcc-a0f9-2174cb4e0bd1",
	'signal',
	0,
	"be925586-a00a-4a9b-9f62-47b71ce3b1ac",
	"00000000-0000-0000-0000-000000000000",
	0,
	'drive::VelocityControlDrive::error',
	"00000000-0000-0000-0000-000000000000",
	'/');
INSERT INTO ACT_BLK_PROXY
	VALUES ("be925586-a00a-4a9b-9f62-47b71ce3b1ac",
	0,
	0,
	0,
	'',
	'',
	'',
	0,
	0,
	0,
	0,
	0,
	0,
	0,
	0,
	0,
	0,
	0,
	0,
	0,
	"e924ee24-2e70-4dcc-a0f9-2174cb4e0bd1",
	"00000000-0000-0000-0000-000000000000",
	'/');
INSERT INTO C_EP_PROXY
	VALUES ("72961ccb-724d-49c4-ab17-022addb14ad9",
	"486d54bc-ee94-4a64-a1d6-fdf91050f010",
	-1,
	'error',
	'',
	'../../../Intf_MotorDrive/models/Intf_MotorDrive/HardwareInterface/VelocityControlDrive/VelocityControlDrive/VelocityControlDrive.xtuml');
INSERT INTO C_I_PROXY
	VALUES ("486d54bc-ee94-4a64-a1d6-fdf91050f010",
	"00000000-0000-0000-0000-000000000000",
	'VelocityControlDrive',
	'',
	'../../../Intf_MotorDrive/models/Intf_MotorDrive/HardwareInterface/VelocityControlDrive/VelocityControlDrive/VelocityControlDrive.xtuml');
INSERT INTO C_PO_PROXY
	VALUES ("c7a32a3f-a5ac-4494-9b05-cc7703aa5645",
	"78e7b6c9-53f0-4ba2-834a-6feb1a5d3cf0",
	'drive',
	0,
	0,
	'../../../VelocityControlDrive/models/VelocityControlDrive/Design/Velocity Control Drive/Velocity Control Drive.xtuml');
INSERT INTO C_AS_PROXY
	VALUES ("53d569a8-e722-4a0a-aadb-c95aa7042db7",
	'enable_drive',
	'',
	0,
	"00000000-0000-0000-0000-000000000000",
	'../../../Intf_MotorDrive/models/Intf_MotorDrive/HardwareInterface/VelocityControlDrive/VelocityControlDrive/VelocityControlDrive.xtuml');
INSERT INTO C_PP_PROXY
	VALUES ("702178d7-e797-4e6e-9d25-fe3cb6843475",
	"53d569a8-e722-4a0a-aadb-c95aa7042db7",
	"ba5eda7a-def5-0000-0000-000000000001",
	'enable',
	'',
	0,
	'',
	"00000000-0000-0000-0000-000000000000",
	'../../../Intf_MotorDrive/models/Intf_MotorDrive/HardwareInterface/VelocityControlDrive/VelocityControlDrive/VelocityControlDrive.xtuml');
INSERT INTO C_AS_PROXY
	VALUES ("d7bcdc2b-f917-4b82-b213-48faa98c11d9",
	'jog_motor',
	'',
	0,
	"53d569a8-e722-4a0a-aadb-c95aa7042db7",
	'../../../Intf_MotorDrive/models/Intf_MotorDrive/HardwareInterface/VelocityControlDrive/VelocityControlDrive/VelocityControlDrive.xtuml');
INSERT INTO C_PP_PROXY
	VALUES ("ba969aac-5f63-4bc4-a11b-8d041d33147d",
	"d7bcdc2b-f917-4b82-b213-48faa98c11d9",
	"10a457d6-e25e-4dbe-a48f-0682e976c4bf",
	'motor_direction',
	'',
	0,
	'',
	"00000000-0000-0000-0000-000000000000",
	'../../../Intf_MotorDrive/models/Intf_MotorDrive/HardwareInterface/VelocityControlDrive/VelocityControlDrive/VelocityControlDrive.xtuml');
INSERT INTO C_PP_PROXY
	VALUES ("afc1cc48-75da-4073-9931-d618f8cbe043",
	"d7bcdc2b-f917-4b82-b213-48faa98c11d9",
	"ba5eda7a-def5-0000-0000-000000000002",
	'velocity',
	'',
	0,
	'',
	"ba969aac-5f63-4bc4-a11b-8d041d33147d",
	'../../../Intf_MotorDrive/models/Intf_MotorDrive/HardwareInterface/VelocityControlDrive/VelocityControlDrive/VelocityControlDrive.xtuml');
INSERT INTO C_PP_PROXY
	VALUES ("2adf2521-a53f-42c4-9a4a-7901b887fe88",
	"d7bcdc2b-f917-4b82-b213-48faa98c11d9",
	"ba5eda7a-def5-0000-0000-000000000002",
	'acceleration',
	'',
	0,
	'',
	"afc1cc48-75da-4073-9931-d618f8cbe043",
	'../../../Intf_MotorDrive/models/Intf_MotorDrive/HardwareInterface/VelocityControlDrive/VelocityControlDrive/VelocityControlDrive.xtuml');
INSERT INTO C_AS_PROXY
	VALUES ("3c759268-cd74-44ce-a96a-ee9613bd2bf9",
	'stop_motor',
	'',
	0,
	"d7bcdc2b-f917-4b82-b213-48faa98c11d9",
	'../../../Intf_MotorDrive/models/Intf_MotorDrive/HardwareInterface/VelocityControlDrive/VelocityControlDrive/VelocityControlDrive.xtuml');
INSERT INTO C_AS_PROXY
	VALUES ("fe662bcf-cad1-44e3-9233-fa69e9673b17",
	'in_progress',
	'',
	1,
	"3c759268-cd74-44ce-a96a-ee9613bd2bf9",
	'../../../Intf_MotorDrive/models/Intf_MotorDrive/HardwareInterface/VelocityControlDrive/VelocityControlDrive/VelocityControlDrive.xtuml');
INSERT INTO C_AS_PROXY
	VALUES ("8f4cc710-e755-4de3-9960-78096a7939cf",
	'done',
	'',
	1,
	"fe662bcf-cad1-44e3-9233-fa69e9673b17",
	'../../../Intf_MotorDrive/models/Intf_MotorDrive/HardwareInterface/VelocityControlDrive/VelocityControlDrive/VelocityControlDrive.xtuml');
INSERT INTO C_AS_PROXY
	VALUES ("72961ccb-724d-49c4-ab17-022addb14ad9",
	'error',
	'',
	1,
	"8f4cc710-e755-4de3-9960-78096a7939cf",
	'../../../Intf_MotorDrive/models/Intf_MotorDrive/HardwareInterface/VelocityControlDrive/VelocityControlDrive/VelocityControlDrive.xtuml');
INSERT INTO C_C_PROXY
	VALUES ("78e7b6c9-53f0-4ba2-834a-6feb1a5d3cf0",
	"00000000-0000-0000-0000-000000000000",
	"00000000-0000-0000-0000-000000000000",
	'Velocity Control Drive',
	'',
	0,
	"00000000-0000-0000-0000-000000000000",
	0,
	'',
	'../../../VelocityControlDrive/models/VelocityControlDrive/Design/Velocity Control Drive/Velocity Control Drive.xtuml');
INSERT INTO PE_PE_PROXY
	VALUES ("78e7b6c9-53f0-4ba2-834a-6feb1a5d3cf0",
	1,
	"7b1b6c41-5205-42cd-bc2b-3356cc05b93f",
	"00000000-0000-0000-0000-000000000000",
	2,
	'../../../VelocityControlDrive/models/VelocityControlDrive/Design/Velocity Control Drive/Velocity Control Drive.xtuml');
INSERT INTO C_IR_PROXY
	VALUES ("6f4d8e20-beb8-48e3-8506-2a77c0ba69f2",
	"52db6895-1faf-4f37-903b-e183212300aa",
	"00000000-0000-0000-0000-000000000000",
	"2153f249-391b-4f82-8270-b592364b0f74",
	'../../../VelocityControlDrive/models/VelocityControlDrive/Design/Velocity Control Drive/Velocity Control Drive.xtuml');
INSERT INTO C_P_PROXY
	VALUES ("6f4d8e20-beb8-48e3-8506-2a77c0ba69f2",
	'JogMotor',
	'Unnamed Interface',
	'',
	'Velocity Control Drive::client::JogMotor',
	'../../../VelocityControlDrive/models/VelocityControlDrive/Design/Velocity Control Drive/Velocity Control Drive.xtuml');
INSERT INTO SPR_PEP_PROXY
	VALUES ("a895a549-ef71-45dd-b345-95b6e2e250d5",
	"5088c18b-e00f-4dd3-b4a9-4f3e6167a4e1",
	"6f4d8e20-beb8-48e3-8506-2a77c0ba69f2",
	'../../../VelocityControlDrive/models/VelocityControlDrive/Design/Velocity Control Drive/Velocity Control Drive.xtuml');
INSERT INTO SPR_PS_PROXY
	VALUES ("a895a549-ef71-45dd-b345-95b6e2e250d5",
	'jog',
	'',
	'/* Client requests a jog */

create object instance motion_inst of MI;
motion_inst.direction = param.direction;
motion_inst.velocity = param.velocity;
motion_inst.acceleration = param.acceleration;
motion_inst.duration = param.duration;

generate MI_A1:jog_instruction_received to MI assigner;

',
	1,
	'../../../VelocityControlDrive/models/VelocityControlDrive/Design/Velocity Control Drive/Velocity Control Drive.xtuml');
INSERT INTO ACT_PSB_PROXY
	VALUES ("cba68e08-82b3-468e-8f9c-6d9f40cfeae6",
	"a895a549-ef71-45dd-b345-95b6e2e250d5",
	'/');
INSERT INTO ACT_ACT_PROXY
	VALUES ("cba68e08-82b3-468e-8f9c-6d9f40cfeae6",
	'signal',
	0,
	"68946363-6521-4e29-8c31-87884f48502e",
	"00000000-0000-0000-0000-000000000000",
	0,
	'client::JogMotor::jog',
	"00000000-0000-0000-0000-000000000000",
	'/');
INSERT INTO ACT_BLK_PROXY
	VALUES ("68946363-6521-4e29-8c31-87884f48502e",
	0,
	0,
	0,
	'',
	'',
	'',
	9,
	1,
	9,
	44,
	0,
	0,
	0,
	0,
	0,
	0,
	0,
	0,
	0,
	"cba68e08-82b3-468e-8f9c-6d9f40cfeae6",
	"00000000-0000-0000-0000-000000000000",
	'/');
INSERT INTO ACT_SMT_PROXY
	VALUES ("10b7be12-7fd0-44dd-9485-75e17d6fda2c",
	"68946363-6521-4e29-8c31-87884f48502e",
	"8a42cdbb-0bf8-4057-a381-b7ef2bfe4099",
	3,
	1,
	'client::JogMotor::jog line: 3',
	'/');
INSERT INTO ACT_CR_PROXY
	VALUES ("10b7be12-7fd0-44dd-9485-75e17d6fda2c",
	"295aef5b-c750-4773-8861-b96846a70989",
	1,
	"dfe1b5b3-3a0f-480b-a325-b52cfcb0fe8c",
	3,
	39,
	'/');
INSERT INTO O_OBJ_PROXY
	VALUES ("dfe1b5b3-3a0f-480b-a325-b52cfcb0fe8c",
	'Motion Instruction',
	1,
	'MI',
	'',
	"00000000-0000-0000-0000-000000000000",
	'../../../VelocityControlDrive/models/VelocityControlDrive/Design/Velocity Control Drive/Subsys/Motion Instruction/Motion Instruction.xtuml');
INSERT INTO ACT_SMT_PROXY
	VALUES ("8a42cdbb-0bf8-4057-a381-b7ef2bfe4099",
	"68946363-6521-4e29-8c31-87884f48502e",
	"34b13e95-dc72-4d89-b659-7317267f939d",
	4,
	1,
	'client::JogMotor::jog line: 4',
	'/');
INSERT INTO ACT_AI_PROXY
	VALUES ("8a42cdbb-0bf8-4057-a381-b7ef2bfe4099",
	"37e1db95-5881-4d22-ae29-d7910a8e2dba",
	"5de3b35e-5a83-4630-82a1-5a36ea1b4ec4",
	0,
	0,
	'/');
INSERT INTO ACT_SMT_PROXY
	VALUES ("34b13e95-dc72-4d89-b659-7317267f939d",
	"68946363-6521-4e29-8c31-87884f48502e",
	"639c233a-1f4d-4114-ae84-6930d73536ce",
	5,
	1,
	'client::JogMotor::jog line: 5',
	'/');
INSERT INTO ACT_AI_PROXY
	VALUES ("34b13e95-dc72-4d89-b659-7317267f939d",
	"28cf8a94-e96c-4e21-9552-605853df3139",
	"6f016399-36f8-4ab3-865a-16d1c4fc6e5f",
	0,
	0,
	'/');
INSERT INTO ACT_SMT_PROXY
	VALUES ("639c233a-1f4d-4114-ae84-6930d73536ce",
	"68946363-6521-4e29-8c31-87884f48502e",
	"5e667725-24a6-455d-9d74-fd5a642faf39",
	6,
	1,
	'client::JogMotor::jog line: 6',
	'/');
INSERT INTO ACT_AI_PROXY
	VALUES ("639c233a-1f4d-4114-ae84-6930d73536ce",
	"547cdc6a-9bfd-4239-b0a5-fc63dff58389",
	"752f30a2-ec15-4739-96bb-42a995738ff8",
	0,
	0,
	'/');
INSERT INTO ACT_SMT_PROXY
	VALUES ("5e667725-24a6-455d-9d74-fd5a642faf39",
	"68946363-6521-4e29-8c31-87884f48502e",
	"cd4a759f-9653-4fed-941c-034ef813bdeb",
	7,
	1,
	'client::JogMotor::jog line: 7',
	'/');
INSERT INTO ACT_AI_PROXY
	VALUES ("5e667725-24a6-455d-9d74-fd5a642faf39",
	"104b5e32-059b-4034-9bd7-55f04b6d3b12",
	"fc8347e8-c2f3-492f-85d7-8214ba8ff865",
	0,
	0,
	'/');
INSERT INTO ACT_SMT_PROXY
	VALUES ("cd4a759f-9653-4fed-941c-034ef813bdeb",
	"68946363-6521-4e29-8c31-87884f48502e",
	"00000000-0000-0000-0000-000000000000",
	9,
	1,
	'client::JogMotor::jog line: 9',
	'/');
INSERT INTO E_ESS_PROXY
	VALUES ("cd4a759f-9653-4fed-941c-034ef813bdeb",
	1,
	0,
	9,
	10,
	9,
	16,
	9,
	44,
	0,
	0,
	0,
	0,
	'/');
INSERT INTO E_GES_PROXY
	VALUES ("cd4a759f-9653-4fed-941c-034ef813bdeb",
	'/');
INSERT INTO E_GSME_PROXY
	VALUES ("cd4a759f-9653-4fed-941c-034ef813bdeb",
	"9341b575-df48-499a-8a64-fa005bc98da2",
	'/');
INSERT INTO E_GAR_PROXY
	VALUES ("cd4a759f-9653-4fed-941c-034ef813bdeb",
	'/');
INSERT INTO SM_EVT_PROXY
	VALUES ("9341b575-df48-499a-8a64-fa005bc98da2",
	"5a2edfda-5dac-45e9-98ac-602254a785c5",
	"00000000-0000-0000-0000-000000000000",
	1,
	'jog_instruction_received',
	0,
	'',
	'MI_A1',
	'',
	'../../../VelocityControlDrive/models/VelocityControlDrive/Design/Velocity Control Drive/Subsys/Motion Instruction/ClassStateMachine/ClassStateMachine.xtuml');
INSERT INTO V_VAL_PROXY
	VALUES ("20b854b1-21c2-4da7-a09e-fe4e6146027e",
	1,
	0,
	4,
	1,
	11,
	0,
	0,
	0,
	0,
	"ba5eda7a-def5-0000-0000-000000000008",
	"68946363-6521-4e29-8c31-87884f48502e",
	'/');
INSERT INTO V_IRF_PROXY
	VALUES ("20b854b1-21c2-4da7-a09e-fe4e6146027e",
	"295aef5b-c750-4773-8861-b96846a70989",
	'/');
INSERT INTO V_VAL_PROXY
	VALUES ("5de3b35e-5a83-4630-82a1-5a36ea1b4ec4",
	1,
	0,
	4,
	13,
	21,
	0,
	0,
	0,
	0,
	"10a457d6-e25e-4dbe-a48f-0682e976c4bf",
	"68946363-6521-4e29-8c31-87884f48502e",
	'/');
INSERT INTO V_AVL_PROXY
	VALUES ("5de3b35e-5a83-4630-82a1-5a36ea1b4ec4",
	"20b854b1-21c2-4da7-a09e-fe4e6146027e",
	"dfe1b5b3-3a0f-480b-a325-b52cfcb0fe8c",
	"51922a8e-bc27-4d40-b936-376a41a55a77",
	'/');
INSERT INTO O_ATTR_PROXY
	VALUES ("51922a8e-bc27-4d40-b936-376a41a55a77",
	"dfe1b5b3-3a0f-480b-a325-b52cfcb0fe8c",
	"00000000-0000-0000-0000-000000000000",
	'direction',
	'',
	'',
	'direction',
	0,
	"10a457d6-e25e-4dbe-a48f-0682e976c4bf",
	'',
	'',
	'../../../VelocityControlDrive/models/VelocityControlDrive/Design/Velocity Control Drive/Subsys/Motion Instruction/Motion Instruction.xtuml');
INSERT INTO V_VAL_PROXY
	VALUES ("37e1db95-5881-4d22-ae29-d7910a8e2dba",
	0,
	0,
	4,
	31,
	39,
	0,
	0,
	0,
	0,
	"10a457d6-e25e-4dbe-a48f-0682e976c4bf",
	"68946363-6521-4e29-8c31-87884f48502e",
	'/');
INSERT INTO V_PVL_PROXY
	VALUES ("37e1db95-5881-4d22-ae29-d7910a8e2dba",
	"00000000-0000-0000-0000-000000000000",
	"00000000-0000-0000-0000-000000000000",
	"00000000-0000-0000-0000-000000000000",
	"78023594-0cca-4136-94cf-390307f0e11c",
	'/');
INSERT INTO V_VAL_PROXY
	VALUES ("1416c32e-3c42-4f0e-9a54-9e20d6b028f0",
	1,
	0,
	5,
	1,
	11,
	0,
	0,
	0,
	0,
	"ba5eda7a-def5-0000-0000-000000000008",
	"68946363-6521-4e29-8c31-87884f48502e",
	'/');
INSERT INTO V_IRF_PROXY
	VALUES ("1416c32e-3c42-4f0e-9a54-9e20d6b028f0",
	"295aef5b-c750-4773-8861-b96846a70989",
	'/');
INSERT INTO V_VAL_PROXY
	VALUES ("6f016399-36f8-4ab3-865a-16d1c4fc6e5f",
	1,
	0,
	5,
	13,
	20,
	0,
	0,
	0,
	0,
	"ba5eda7a-def5-0000-0000-000000000002",
	"68946363-6521-4e29-8c31-87884f48502e",
	'/');
INSERT INTO V_AVL_PROXY
	VALUES ("6f016399-36f8-4ab3-865a-16d1c4fc6e5f",
	"1416c32e-3c42-4f0e-9a54-9e20d6b028f0",
	"dfe1b5b3-3a0f-480b-a325-b52cfcb0fe8c",
	"0347a964-930e-4f38-b259-f0af67e98b96",
	'/');
INSERT INTO O_ATTR_PROXY
	VALUES ("0347a964-930e-4f38-b259-f0af67e98b96",
	"dfe1b5b3-3a0f-480b-a325-b52cfcb0fe8c",
	"51922a8e-bc27-4d40-b936-376a41a55a77",
	'velocity',
	'',
	'',
	'velocity',
	0,
	"ba5eda7a-def5-0000-0000-000000000002",
	'',
	'',
	'../../../VelocityControlDrive/models/VelocityControlDrive/Design/Velocity Control Drive/Subsys/Motion Instruction/Motion Instruction.xtuml');
INSERT INTO V_VAL_PROXY
	VALUES ("28cf8a94-e96c-4e21-9552-605853df3139",
	0,
	0,
	5,
	30,
	37,
	0,
	0,
	0,
	0,
	"ba5eda7a-def5-0000-0000-000000000002",
	"68946363-6521-4e29-8c31-87884f48502e",
	'/');
INSERT INTO V_PVL_PROXY
	VALUES ("28cf8a94-e96c-4e21-9552-605853df3139",
	"00000000-0000-0000-0000-000000000000",
	"00000000-0000-0000-0000-000000000000",
	"00000000-0000-0000-0000-000000000000",
	"682d8317-4f82-49f7-9eb7-a604575b632b",
	'/');
INSERT INTO V_VAL_PROXY
	VALUES ("4e8ceaac-cf62-498e-a09c-61d776c2b51f",
	1,
	0,
	6,
	1,
	11,
	0,
	0,
	0,
	0,
	"ba5eda7a-def5-0000-0000-000000000008",
	"68946363-6521-4e29-8c31-87884f48502e",
	'/');
INSERT INTO V_IRF_PROXY
	VALUES ("4e8ceaac-cf62-498e-a09c-61d776c2b51f",
	"295aef5b-c750-4773-8861-b96846a70989",
	'/');
INSERT INTO V_VAL_PROXY
	VALUES ("752f30a2-ec15-4739-96bb-42a995738ff8",
	1,
	0,
	6,
	13,
	24,
	0,
	0,
	0,
	0,
	"ba5eda7a-def5-0000-0000-000000000002",
	"68946363-6521-4e29-8c31-87884f48502e",
	'/');
INSERT INTO V_AVL_PROXY
	VALUES ("752f30a2-ec15-4739-96bb-42a995738ff8",
	"4e8ceaac-cf62-498e-a09c-61d776c2b51f",
	"dfe1b5b3-3a0f-480b-a325-b52cfcb0fe8c",
	"4acd581b-66cd-4e6b-9ac4-27e3a90db145",
	'/');
INSERT INTO O_ATTR_PROXY
	VALUES ("4acd581b-66cd-4e6b-9ac4-27e3a90db145",
	"dfe1b5b3-3a0f-480b-a325-b52cfcb0fe8c",
	"0347a964-930e-4f38-b259-f0af67e98b96",
	'acceleration',
	'',
	'',
	'acceleration',
	0,
	"ba5eda7a-def5-0000-0000-000000000002",
	'',
	'',
	'../../../VelocityControlDrive/models/VelocityControlDrive/Design/Velocity Control Drive/Subsys/Motion Instruction/Motion Instruction.xtuml');
INSERT INTO V_VAL_PROXY
	VALUES ("547cdc6a-9bfd-4239-b0a5-fc63dff58389",
	0,
	0,
	6,
	34,
	45,
	0,
	0,
	0,
	0,
	"ba5eda7a-def5-0000-0000-000000000002",
	"68946363-6521-4e29-8c31-87884f48502e",
	'/');
INSERT INTO V_PVL_PROXY
	VALUES ("547cdc6a-9bfd-4239-b0a5-fc63dff58389",
	"00000000-0000-0000-0000-000000000000",
	"00000000-0000-0000-0000-000000000000",
	"00000000-0000-0000-0000-000000000000",
	"c18aafc1-5eb5-4a68-9f6f-0b38927a281d",
	'/');
INSERT INTO V_VAL_PROXY
	VALUES ("addd8afb-422a-4235-958c-b3ff8acd3e9c",
	1,
	0,
	7,
	1,
	11,
	0,
	0,
	0,
	0,
	"ba5eda7a-def5-0000-0000-000000000008",
	"68946363-6521-4e29-8c31-87884f48502e",
	'/');
INSERT INTO V_IRF_PROXY
	VALUES ("addd8afb-422a-4235-958c-b3ff8acd3e9c",
	"295aef5b-c750-4773-8861-b96846a70989",
	'/');
INSERT INTO V_VAL_PROXY
	VALUES ("fc8347e8-c2f3-492f-85d7-8214ba8ff865",
	1,
	0,
	7,
	13,
	20,
	0,
	0,
	0,
	0,
	"ba5eda7a-def5-0000-0000-000000000002",
	"68946363-6521-4e29-8c31-87884f48502e",
	'/');
INSERT INTO V_AVL_PROXY
	VALUES ("fc8347e8-c2f3-492f-85d7-8214ba8ff865",
	"addd8afb-422a-4235-958c-b3ff8acd3e9c",
	"dfe1b5b3-3a0f-480b-a325-b52cfcb0fe8c",
	"f6922939-f335-4305-b37c-c2c6f6164fcf",
	'/');
INSERT INTO O_ATTR_PROXY
	VALUES ("f6922939-f335-4305-b37c-c2c6f6164fcf",
	"dfe1b5b3-3a0f-480b-a325-b52cfcb0fe8c",
	"4acd581b-66cd-4e6b-9ac4-27e3a90db145",
	'duration',
	'',
	'',
	'duration',
	0,
	"ba5eda7a-def5-0000-0000-000000000002",
	'',
	'',
	'../../../VelocityControlDrive/models/VelocityControlDrive/Design/Velocity Control Drive/Subsys/Motion Instruction/Motion Instruction.xtuml');
INSERT INTO V_VAL_PROXY
	VALUES ("104b5e32-059b-4034-9bd7-55f04b6d3b12",
	0,
	0,
	7,
	30,
	37,
	0,
	0,
	0,
	0,
	"ba5eda7a-def5-0000-0000-000000000002",
	"68946363-6521-4e29-8c31-87884f48502e",
	'/');
INSERT INTO V_PVL_PROXY
	VALUES ("104b5e32-059b-4034-9bd7-55f04b6d3b12",
	"00000000-0000-0000-0000-000000000000",
	"00000000-0000-0000-0000-000000000000",
	"00000000-0000-0000-0000-000000000000",
	"fda63fab-5fdc-461e-b4af-d3d978cf51e8",
	'/');
INSERT INTO V_VAR_PROXY
	VALUES ("295aef5b-c750-4773-8861-b96846a70989",
	"68946363-6521-4e29-8c31-87884f48502e",
	'motion_inst',
	1,
	"ba5eda7a-def5-0000-0000-000000000008",
	'/');
INSERT INTO V_INT_PROXY
	VALUES ("295aef5b-c750-4773-8861-b96846a70989",
	0,
	"dfe1b5b3-3a0f-480b-a325-b52cfcb0fe8c",
	'/');
INSERT INTO SPR_PEP_PROXY
	VALUES ("d7a58e16-b373-488c-89a8-ab57cab75d3d",
	"9241cf5d-2f11-4b22-9139-4bd3137ca986",
	"6f4d8e20-beb8-48e3-8506-2a77c0ba69f2",
	'../../../VelocityControlDrive/models/VelocityControlDrive/Design/Velocity Control Drive/Velocity Control Drive.xtuml');
INSERT INTO SPR_PS_PROXY
	VALUES ("d7a58e16-b373-488c-89a8-ab57cab75d3d",
	'stop',
	'',
	'/* Client wants the move to stop.
*/

select any motion_controller from MC;
if not_empty motion_controller;
   generate MC3:end_move() to motion_controller;
end if;
',
	1,
	'../../../VelocityControlDrive/models/VelocityControlDrive/Design/Velocity Control Drive/Velocity Control Drive.xtuml');
INSERT INTO ACT_PSB_PROXY
	VALUES ("cdf9060d-3c1e-4ceb-8e8b-1981bb8ec0be",
	"d7a58e16-b373-488c-89a8-ab57cab75d3d",
	'/');
INSERT INTO ACT_ACT_PROXY
	VALUES ("cdf9060d-3c1e-4ceb-8e8b-1981bb8ec0be",
	'signal',
	0,
	"b89f1b54-e193-462d-94ec-7c0617c40926",
	"00000000-0000-0000-0000-000000000000",
	0,
	'client::JogMotor::stop',
	"00000000-0000-0000-0000-000000000000",
	'/');
INSERT INTO ACT_BLK_PROXY
	VALUES ("b89f1b54-e193-462d-94ec-7c0617c40926",
	1,
	0,
	0,
	'',
	'',
	'',
	5,
	1,
	4,
	35,
	0,
	0,
	0,
	0,
	0,
	0,
	0,
	0,
	0,
	"cdf9060d-3c1e-4ceb-8e8b-1981bb8ec0be",
	"00000000-0000-0000-0000-000000000000",
	'/');
INSERT INTO ACT_SMT_PROXY
	VALUES ("42cc46fe-2d56-4402-9fb8-23822fbcb154",
	"b89f1b54-e193-462d-94ec-7c0617c40926",
	"53d9577b-3884-4b4d-ae6f-eb7929021837",
	4,
	1,
	'client::JogMotor::stop line: 4',
	'/');
INSERT INTO ACT_FIO_PROXY
	VALUES ("42cc46fe-2d56-4402-9fb8-23822fbcb154",
	"e505fea8-a908-4e4c-93f2-cece1e606fb6",
	1,
	'any',
	"c02d1cb3-12e0-4223-a447-70dcaea7913a",
	4,
	35,
	'/');
INSERT INTO ACT_SMT_PROXY
	VALUES ("53d9577b-3884-4b4d-ae6f-eb7929021837",
	"b89f1b54-e193-462d-94ec-7c0617c40926",
	"00000000-0000-0000-0000-000000000000",
	5,
	1,
	'client::JogMotor::stop line: 5',
	'/');
INSERT INTO ACT_IF_PROXY
	VALUES ("53d9577b-3884-4b4d-ae6f-eb7929021837",
	"51bd75ad-20e8-4df3-90ea-b99a30efa601",
	"cc6fe177-5d9f-433b-967d-981e3f602ab7",
	"00000000-0000-0000-0000-000000000000",
	"00000000-0000-0000-0000-000000000000",
	'/');
INSERT INTO V_VAL_PROXY
	VALUES ("336de2bb-73b3-4db1-a5ef-d75899828b31",
	0,
	0,
	5,
	14,
	30,
	0,
	0,
	0,
	0,
	"ba5eda7a-def5-0000-0000-000000000008",
	"b89f1b54-e193-462d-94ec-7c0617c40926",
	'/');
INSERT INTO V_IRF_PROXY
	VALUES ("336de2bb-73b3-4db1-a5ef-d75899828b31",
	"e505fea8-a908-4e4c-93f2-cece1e606fb6",
	'/');
INSERT INTO V_VAL_PROXY
	VALUES ("cc6fe177-5d9f-433b-967d-981e3f602ab7",
	0,
	0,
	-1,
	-1,
	-1,
	0,
	0,
	0,
	0,
	"ba5eda7a-def5-0000-0000-000000000001",
	"b89f1b54-e193-462d-94ec-7c0617c40926",
	'/');
INSERT INTO V_UNY_PROXY
	VALUES ("cc6fe177-5d9f-433b-967d-981e3f602ab7",
	"336de2bb-73b3-4db1-a5ef-d75899828b31",
	'not_empty',
	'/');
INSERT INTO V_VAR_PROXY
	VALUES ("e505fea8-a908-4e4c-93f2-cece1e606fb6",
	"b89f1b54-e193-462d-94ec-7c0617c40926",
	'motion_controller',
	1,
	"ba5eda7a-def5-0000-0000-000000000008",
	'/');
INSERT INTO V_INT_PROXY
	VALUES ("e505fea8-a908-4e4c-93f2-cece1e606fb6",
	0,
	"c02d1cb3-12e0-4223-a447-70dcaea7913a",
	'/');
INSERT INTO ACT_BLK_PROXY
	VALUES ("51bd75ad-20e8-4df3-90ea-b99a30efa601",
	0,
	0,
	0,
	'V_VAR.Var_ID',
	'',
	'',
	6,
	4,
	0,
	0,
	0,
	0,
	0,
	0,
	0,
	0,
	0,
	0,
	0,
	"cdf9060d-3c1e-4ceb-8e8b-1981bb8ec0be",
	"00000000-0000-0000-0000-000000000000",
	'/');
INSERT INTO ACT_SMT_PROXY
	VALUES ("14244545-e6f9-4438-89be-ce7db59ad8e2",
	"51bd75ad-20e8-4df3-90ea-b99a30efa601",
	"00000000-0000-0000-0000-000000000000",
	6,
	4,
	'client::JogMotor::stop line: 6',
	'/');
INSERT INTO E_ESS_PROXY
	VALUES ("14244545-e6f9-4438-89be-ce7db59ad8e2",
	1,
	0,
	6,
	13,
	6,
	17,
	0,
	0,
	0,
	0,
	0,
	0,
	'/');
INSERT INTO E_GES_PROXY
	VALUES ("14244545-e6f9-4438-89be-ce7db59ad8e2",
	'/');
INSERT INTO E_GSME_PROXY
	VALUES ("14244545-e6f9-4438-89be-ce7db59ad8e2",
	"807e8557-71b7-4ac2-a36b-93e5e8d3ca83",
	'/');
INSERT INTO E_GEN_PROXY
	VALUES ("14244545-e6f9-4438-89be-ce7db59ad8e2",
	"e505fea8-a908-4e4c-93f2-cece1e606fb6",
	'/');
INSERT INTO SM_EVT_PROXY
	VALUES ("807e8557-71b7-4ac2-a36b-93e5e8d3ca83",
	"eb7f4d95-bab2-4a0d-b8db-3a9bb0849745",
	"00000000-0000-0000-0000-000000000000",
	3,
	'end_move',
	0,
	'',
	'MC3',
	'',
	'../../../VelocityControlDrive/models/VelocityControlDrive/Design/Velocity Control Drive/Subsys/Motion Controller/InstanceStateMachine/InstanceStateMachine.xtuml');
INSERT INTO SPR_PEP_PROXY
	VALUES ("5a7081de-b49c-4ebf-a7cc-3c4cff21fa4a",
	"6959782d-b94d-4525-9720-fcb3ab20776f",
	"6f4d8e20-beb8-48e3-8506-2a77c0ba69f2",
	'../../../VelocityControlDrive/models/VelocityControlDrive/Design/Velocity Control Drive/Velocity Control Drive.xtuml');
INSERT INTO SPR_PS_PROXY
	VALUES ("5a7081de-b49c-4ebf-a7cc-3c4cff21fa4a",
	'motion_initiated',
	'This signal is an indicator to the client of the interface that the last motion
instruction has been executed.  A new motion instruction can now be send from 
the client.',
	'',
	1,
	'../../../VelocityControlDrive/models/VelocityControlDrive/Design/Velocity Control Drive/Velocity Control Drive.xtuml');
INSERT INTO ACT_PSB_PROXY
	VALUES ("e256f28a-09ff-40d2-aecd-de04f545fbd4",
	"5a7081de-b49c-4ebf-a7cc-3c4cff21fa4a",
	'/');
INSERT INTO ACT_ACT_PROXY
	VALUES ("e256f28a-09ff-40d2-aecd-de04f545fbd4",
	'signal',
	0,
	"5f5ae73b-c8d4-4092-835e-420fcab3d192",
	"00000000-0000-0000-0000-000000000000",
	0,
	'client::JogMotor::motion_initiated',
	"00000000-0000-0000-0000-000000000000",
	'/');
INSERT INTO ACT_BLK_PROXY
	VALUES ("5f5ae73b-c8d4-4092-835e-420fcab3d192",
	0,
	0,
	0,
	'',
	'',
	'',
	0,
	0,
	0,
	0,
	0,
	0,
	0,
	0,
	0,
	0,
	0,
	0,
	0,
	"e256f28a-09ff-40d2-aecd-de04f545fbd4",
	"00000000-0000-0000-0000-000000000000",
	'/');
INSERT INTO SPR_PEP_PROXY
	VALUES ("3da2409a-4ddd-47e8-a280-8b00a153d695",
	"7830f4a2-ff94-4ac8-a5d1-fd897ee6bfaf",
	"6f4d8e20-beb8-48e3-8506-2a77c0ba69f2",
	'../../../VelocityControlDrive/models/VelocityControlDrive/Design/Velocity Control Drive/Velocity Control Drive.xtuml');
INSERT INTO SPR_PS_PROXY
	VALUES ("3da2409a-4ddd-47e8-a280-8b00a153d695",
	'motion_complete',
	'This signal informs the client that the motor is no longer rotating and the 
drive is about to be disabled.  This signal will only occur after a stop has
been issued by the client of the interface or after a timed velocity move is
finished.',
	'',
	1,
	'../../../VelocityControlDrive/models/VelocityControlDrive/Design/Velocity Control Drive/Velocity Control Drive.xtuml');
INSERT INTO ACT_PSB_PROXY
	VALUES ("8fdf7ed3-92c7-4590-bc31-fc9b20b854b6",
	"3da2409a-4ddd-47e8-a280-8b00a153d695",
	'/');
INSERT INTO ACT_ACT_PROXY
	VALUES ("8fdf7ed3-92c7-4590-bc31-fc9b20b854b6",
	'signal',
	0,
	"624849c9-86d8-4460-a9cd-7b6c0c2cef75",
	"00000000-0000-0000-0000-000000000000",
	0,
	'client::JogMotor::motion_complete',
	"00000000-0000-0000-0000-000000000000",
	'/');
INSERT INTO ACT_BLK_PROXY
	VALUES ("624849c9-86d8-4460-a9cd-7b6c0c2cef75",
	0,
	0,
	0,
	'',
	'',
	'',
	0,
	0,
	0,
	0,
	0,
	0,
	0,
	0,
	0,
	0,
	0,
	0,
	0,
	"8fdf7ed3-92c7-4590-bc31-fc9b20b854b6",
	"00000000-0000-0000-0000-000000000000",
	'/');
INSERT INTO C_PO_PROXY
	VALUES ("2153f249-391b-4f82-8270-b592364b0f74",
	"78e7b6c9-53f0-4ba2-834a-6feb1a5d3cf0",
	'client',
	0,
	0,
	'../../../VelocityControlDrive/models/VelocityControlDrive/Design/Velocity Control Drive/Velocity Control Drive.xtuml');
INSERT INTO C_IR_PROXY
	VALUES ("d8746dd3-25f5-4a0e-9cca-e197474e8239",
	"486d54bc-ee94-4a64-a1d6-fdf91050f010",
	"00000000-0000-0000-0000-000000000000",
	"7fab3ceb-8fc2-4de1-9074-2d49fee69a57",
	'../../../Intf_MotorDrive/models/Intf_MotorDrive/HardwareInterface/VelocityControlDrive/TestComponents/prv_ExpectedResponse/prv_ExpectedResponse.xtuml');
INSERT INTO C_P_PROXY
	VALUES ("d8746dd3-25f5-4a0e-9cca-e197474e8239",
	'VelocityControlDrive',
	'Unnamed Interface',
	'',
	'prv_ExpectedResponse::Port1::VelocityControlDrive',
	'../../../Intf_MotorDrive/models/Intf_MotorDrive/HardwareInterface/VelocityControlDrive/TestComponents/prv_ExpectedResponse/prv_ExpectedResponse.xtuml');
INSERT INTO SPR_PEP_PROXY
	VALUES ("4b281aab-318c-4e7f-9ce7-e435287160b7",
	"53d569a8-e722-4a0a-aadb-c95aa7042db7",
	"d8746dd3-25f5-4a0e-9cca-e197474e8239",
	'../../../Intf_MotorDrive/models/Intf_MotorDrive/HardwareInterface/VelocityControlDrive/TestComponents/prv_ExpectedResponse/prv_ExpectedResponse.xtuml');
INSERT INTO SPR_PS_PROXY
	VALUES ("4b281aab-318c-4e7f-9ce7-e435287160b7",
	'enable_drive',
	'',
	'Port1::done();
',
	1,
	'../../../Intf_MotorDrive/models/Intf_MotorDrive/HardwareInterface/VelocityControlDrive/TestComponents/prv_ExpectedResponse/prv_ExpectedResponse.xtuml');
INSERT INTO ACT_PSB_PROXY
	VALUES ("aa440a0f-e6d8-4204-8008-ef6d6b1b3cf2",
	"4b281aab-318c-4e7f-9ce7-e435287160b7",
	'/');
INSERT INTO ACT_ACT_PROXY
	VALUES ("aa440a0f-e6d8-4204-8008-ef6d6b1b3cf2",
	'signal',
	0,
	"c99c9ce9-6482-45ce-99e9-e6c44c09ad3e",
	"00000000-0000-0000-0000-000000000000",
	0,
	'Port1::VelocityControlDrive::enable_drive',
	"00000000-0000-0000-0000-000000000000",
	'/');
INSERT INTO ACT_BLK_PROXY
	VALUES ("c99c9ce9-6482-45ce-99e9-e6c44c09ad3e",
	0,
	0,
	0,
	'Port1',
	'',
	'',
	1,
	1,
	1,
	1,
	0,
	0,
	0,
	0,
	0,
	0,
	0,
	0,
	0,
	"aa440a0f-e6d8-4204-8008-ef6d6b1b3cf2",
	"00000000-0000-0000-0000-000000000000",
	'/');
INSERT INTO ACT_SMT_PROXY
	VALUES ("cd101306-9867-422a-a8ac-17e899f6636d",
	"c99c9ce9-6482-45ce-99e9-e6c44c09ad3e",
	"00000000-0000-0000-0000-000000000000",
	1,
	1,
	'Port1::VelocityControlDrive::enable_drive line: 1',
	'/');
INSERT INTO ACT_SGN_PROXY
	VALUES ("cd101306-9867-422a-a8ac-17e899f6636d",
	1,
	8,
	1,
	1,
	"25ae24c3-f625-4297-82b0-4fdecdc85af4",
	"00000000-0000-0000-0000-000000000000",
	"00000000-0000-0000-0000-000000000000",
	'/');
INSERT INTO SPR_PS_PROXY
	VALUES ("25ae24c3-f625-4297-82b0-4fdecdc85af4",
	'done',
	'',
	'',
	1,
	'../../../Intf_MotorDrive/models/Intf_MotorDrive/HardwareInterface/VelocityControlDrive/TestComponents/prv_ExpectedResponse/prv_ExpectedResponse.xtuml');
INSERT INTO SPR_PEP_PROXY
	VALUES ("65ba1f01-ad53-44ae-873f-0035628fa7f5",
	"d7bcdc2b-f917-4b82-b213-48faa98c11d9",
	"d8746dd3-25f5-4a0e-9cca-e197474e8239",
	'../../../Intf_MotorDrive/models/Intf_MotorDrive/HardwareInterface/VelocityControlDrive/TestComponents/prv_ExpectedResponse/prv_ExpectedResponse.xtuml');
INSERT INTO SPR_PS_PROXY
	VALUES ("65ba1f01-ad53-44ae-873f-0035628fa7f5",
	'jog_motor',
	'',
	'Port1::in_progress();
',
	1,
	'../../../Intf_MotorDrive/models/Intf_MotorDrive/HardwareInterface/VelocityControlDrive/TestComponents/prv_ExpectedResponse/prv_ExpectedResponse.xtuml');
INSERT INTO ACT_PSB_PROXY
	VALUES ("fddd8aa3-57ba-436b-bb56-491e408abedc",
	"65ba1f01-ad53-44ae-873f-0035628fa7f5",
	'/');
INSERT INTO ACT_ACT_PROXY
	VALUES ("fddd8aa3-57ba-436b-bb56-491e408abedc",
	'signal',
	0,
	"f939553f-fe4c-4d7f-bef9-54bf39474c6b",
	"00000000-0000-0000-0000-000000000000",
	0,
	'Port1::VelocityControlDrive::jog_motor',
	"00000000-0000-0000-0000-000000000000",
	'/');
INSERT INTO ACT_BLK_PROXY
	VALUES ("f939553f-fe4c-4d7f-bef9-54bf39474c6b",
	0,
	0,
	0,
	'Port1',
	'',
	'',
	1,
	1,
	1,
	1,
	0,
	0,
	0,
	0,
	0,
	0,
	0,
	0,
	0,
	"fddd8aa3-57ba-436b-bb56-491e408abedc",
	"00000000-0000-0000-0000-000000000000",
	'/');
INSERT INTO ACT_SMT_PROXY
	VALUES ("aad35421-9a7f-4bce-b0ca-d7d4dc94e5b0",
	"f939553f-fe4c-4d7f-bef9-54bf39474c6b",
	"00000000-0000-0000-0000-000000000000",
	1,
	1,
	'Port1::VelocityControlDrive::jog_motor line: 1',
	'/');
INSERT INTO ACT_SGN_PROXY
	VALUES ("aad35421-9a7f-4bce-b0ca-d7d4dc94e5b0",
	1,
	8,
	1,
	1,
	"9f92555b-4457-405a-a40a-89d4b95d949e",
	"00000000-0000-0000-0000-000000000000",
	"00000000-0000-0000-0000-000000000000",
	'/');
INSERT INTO SPR_PS_PROXY
	VALUES ("9f92555b-4457-405a-a40a-89d4b95d949e",
	'in_progress',
	'',
	'',
	1,
	'../../../Intf_MotorDrive/models/Intf_MotorDrive/HardwareInterface/VelocityControlDrive/TestComponents/prv_ExpectedResponse/prv_ExpectedResponse.xtuml');
INSERT INTO SPR_PEP_PROXY
	VALUES ("6e8865f9-c775-4f32-8bbe-0a4fa7eb9c58",
	"3c759268-cd74-44ce-a96a-ee9613bd2bf9",
	"d8746dd3-25f5-4a0e-9cca-e197474e8239",
	'../../../Intf_MotorDrive/models/Intf_MotorDrive/HardwareInterface/VelocityControlDrive/TestComponents/prv_ExpectedResponse/prv_ExpectedResponse.xtuml');
INSERT INTO SPR_PS_PROXY
	VALUES ("6e8865f9-c775-4f32-8bbe-0a4fa7eb9c58",
	'stop_motor',
	'',
	'Port1::done();
',
	1,
	'../../../Intf_MotorDrive/models/Intf_MotorDrive/HardwareInterface/VelocityControlDrive/TestComponents/prv_ExpectedResponse/prv_ExpectedResponse.xtuml');
INSERT INTO ACT_PSB_PROXY
	VALUES ("8a3c6eca-0a75-4e96-a3b2-9fdb73128d67",
	"6e8865f9-c775-4f32-8bbe-0a4fa7eb9c58",
	'/');
INSERT INTO ACT_ACT_PROXY
	VALUES ("8a3c6eca-0a75-4e96-a3b2-9fdb73128d67",
	'signal',
	0,
	"ab2a000d-291e-4722-921e-c778e085edaa",
	"00000000-0000-0000-0000-000000000000",
	0,
	'Port1::VelocityControlDrive::stop_motor',
	"00000000-0000-0000-0000-000000000000",
	'/');
INSERT INTO ACT_BLK_PROXY
	VALUES ("ab2a000d-291e-4722-921e-c778e085edaa",
	0,
	0,
	0,
	'Port1',
	'',
	'',
	1,
	1,
	1,
	1,
	0,
	0,
	0,
	0,
	0,
	0,
	0,
	0,
	0,
	"8a3c6eca-0a75-4e96-a3b2-9fdb73128d67",
	"00000000-0000-0000-0000-000000000000",
	'/');
INSERT INTO ACT_SMT_PROXY
	VALUES ("6b8dbfe1-c78a-4e9d-87a9-4732f3722ff6",
	"ab2a000d-291e-4722-921e-c778e085edaa",
	"00000000-0000-0000-0000-000000000000",
	1,
	1,
	'Port1::VelocityControlDrive::stop_motor line: 1',
	'/');
INSERT INTO ACT_SGN_PROXY
	VALUES ("6b8dbfe1-c78a-4e9d-87a9-4732f3722ff6",
	1,
	8,
	1,
	1,
	"25ae24c3-f625-4297-82b0-4fdecdc85af4",
	"00000000-0000-0000-0000-000000000000",
	"00000000-0000-0000-0000-000000000000",
	'/');
INSERT INTO SPR_PEP_PROXY
	VALUES ("9f92555b-4457-405a-a40a-89d4b95d949e",
	"fe662bcf-cad1-44e3-9233-fa69e9673b17",
	"d8746dd3-25f5-4a0e-9cca-e197474e8239",
	'../../../Intf_MotorDrive/models/Intf_MotorDrive/HardwareInterface/VelocityControlDrive/TestComponents/prv_ExpectedResponse/prv_ExpectedResponse.xtuml');
INSERT INTO ACT_PSB_PROXY
	VALUES ("32d098de-800c-48c4-976c-e6bbf0366b0c",
	"9f92555b-4457-405a-a40a-89d4b95d949e",
	'/');
INSERT INTO ACT_ACT_PROXY
	VALUES ("32d098de-800c-48c4-976c-e6bbf0366b0c",
	'signal',
	0,
	"37c26022-7e19-4cea-9f40-1cfc0df1d412",
	"00000000-0000-0000-0000-000000000000",
	0,
	'Port1::VelocityControlDrive::in_progress',
	"00000000-0000-0000-0000-000000000000",
	'/');
INSERT INTO ACT_BLK_PROXY
	VALUES ("37c26022-7e19-4cea-9f40-1cfc0df1d412",
	0,
	0,
	0,
	'',
	'',
	'',
	0,
	0,
	0,
	0,
	0,
	0,
	0,
	0,
	0,
	0,
	0,
	0,
	0,
	"32d098de-800c-48c4-976c-e6bbf0366b0c",
	"00000000-0000-0000-0000-000000000000",
	'/');
INSERT INTO SPR_PEP_PROXY
	VALUES ("25ae24c3-f625-4297-82b0-4fdecdc85af4",
	"8f4cc710-e755-4de3-9960-78096a7939cf",
	"d8746dd3-25f5-4a0e-9cca-e197474e8239",
	'../../../Intf_MotorDrive/models/Intf_MotorDrive/HardwareInterface/VelocityControlDrive/TestComponents/prv_ExpectedResponse/prv_ExpectedResponse.xtuml');
INSERT INTO ACT_PSB_PROXY
	VALUES ("dd540996-d280-49cd-bc3f-ecba6c49e568",
	"25ae24c3-f625-4297-82b0-4fdecdc85af4",
	'/');
INSERT INTO ACT_ACT_PROXY
	VALUES ("dd540996-d280-49cd-bc3f-ecba6c49e568",
	'signal',
	0,
	"3eb732fd-45f9-489d-a99d-864a2a26e989",
	"00000000-0000-0000-0000-000000000000",
	0,
	'Port1::VelocityControlDrive::done',
	"00000000-0000-0000-0000-000000000000",
	'/');
INSERT INTO ACT_BLK_PROXY
	VALUES ("3eb732fd-45f9-489d-a99d-864a2a26e989",
	0,
	0,
	0,
	'',
	'',
	'',
	0,
	0,
	0,
	0,
	0,
	0,
	0,
	0,
	0,
	0,
	0,
	0,
	0,
	"dd540996-d280-49cd-bc3f-ecba6c49e568",
	"00000000-0000-0000-0000-000000000000",
	'/');
INSERT INTO SPR_PEP_PROXY
	VALUES ("82735247-015f-4178-bbb2-0ec593873ba0",
	"72961ccb-724d-49c4-ab17-022addb14ad9",
	"d8746dd3-25f5-4a0e-9cca-e197474e8239",
	'../../../Intf_MotorDrive/models/Intf_MotorDrive/HardwareInterface/VelocityControlDrive/TestComponents/prv_ExpectedResponse/prv_ExpectedResponse.xtuml');
INSERT INTO SPR_PS_PROXY
	VALUES ("82735247-015f-4178-bbb2-0ec593873ba0",
	'error',
	'',
	'',
	1,
	'../../../Intf_MotorDrive/models/Intf_MotorDrive/HardwareInterface/VelocityControlDrive/TestComponents/prv_ExpectedResponse/prv_ExpectedResponse.xtuml');
INSERT INTO ACT_PSB_PROXY
	VALUES ("0e43cd97-395e-485f-9d31-c28968253892",
	"82735247-015f-4178-bbb2-0ec593873ba0",
	'/');
INSERT INTO ACT_ACT_PROXY
	VALUES ("0e43cd97-395e-485f-9d31-c28968253892",
	'signal',
	0,
	"a80a4cfd-0a49-4fcb-bdd7-795fa4da7a91",
	"00000000-0000-0000-0000-000000000000",
	0,
	'Port1::VelocityControlDrive::error',
	"00000000-0000-0000-0000-000000000000",
	'/');
INSERT INTO ACT_BLK_PROXY
	VALUES ("a80a4cfd-0a49-4fcb-bdd7-795fa4da7a91",
	0,
	0,
	0,
	'',
	'',
	'',
	0,
	0,
	0,
	0,
	0,
	0,
	0,
	0,
	0,
	0,
	0,
	0,
	0,
	"0e43cd97-395e-485f-9d31-c28968253892",
	"00000000-0000-0000-0000-000000000000",
	'/');
INSERT INTO C_PO_PROXY
	VALUES ("7fab3ceb-8fc2-4de1-9074-2d49fee69a57",
	"be6802c2-c878-446b-8d53-ec36e211385e",
	'Port1',
	0,
	0,
	'../../../Intf_MotorDrive/models/Intf_MotorDrive/HardwareInterface/VelocityControlDrive/TestComponents/prv_ExpectedResponse/prv_ExpectedResponse.xtuml');
INSERT INTO C_C_PROXY
	VALUES ("be6802c2-c878-446b-8d53-ec36e211385e",
	"00000000-0000-0000-0000-000000000000",
	"00000000-0000-0000-0000-000000000000",
	'prv_ExpectedResponse',
	'',
	0,
	"00000000-0000-0000-0000-000000000000",
	0,
	'',
	'../../../Intf_MotorDrive/models/Intf_MotorDrive/HardwareInterface/VelocityControlDrive/TestComponents/prv_ExpectedResponse/prv_ExpectedResponse.xtuml');
INSERT INTO PE_PE_PROXY
	VALUES ("be6802c2-c878-446b-8d53-ec36e211385e",
	1,
	"f012460a-1054-40cd-9e5d-d13ff3f7334c",
	"00000000-0000-0000-0000-000000000000",
	2,
	'../../../Intf_MotorDrive/models/Intf_MotorDrive/HardwareInterface/VelocityControlDrive/TestComponents/prv_ExpectedResponse/prv_ExpectedResponse.xtuml');
-- root-types-contained: SystemModel_c
-- BP 7.1 content: StreamData syschar: 3 persistence-version: 7.1.6

INSERT INTO S_SYS
	VALUES ("b6a5fceb-2ea9-495a-9b5b-6b1439da1cae",
	'Intf_MotorDrive',
	1);
INSERT INTO EP_PKG
	VALUES ("c887db0e-5c3e-479d-979a-81d740ba4ed7",
	"b6a5fceb-2ea9-495a-9b5b-6b1439da1cae",
	"b6a5fceb-2ea9-495a-9b5b-6b1439da1cae",
	'ClientInterface',
	'',
	0);
INSERT INTO PE_PE
	VALUES ("fbb26558-e213-4195-ab70-844bf14561ad",
	1,
	"c887db0e-5c3e-479d-979a-81d740ba4ed7",
	"00000000-0000-0000-0000-000000000000",
	7);
INSERT INTO EP_PKG
	VALUES ("fbb26558-e213-4195-ab70-844bf14561ad",
	"00000000-0000-0000-0000-000000000000",
	"b6a5fceb-2ea9-495a-9b5b-6b1439da1cae",
	'JogMotor',
	'',
	0);
INSERT INTO PE_PE
	VALUES ("7de4dc63-313b-4158-a305-4fd76a3198bb",
	1,
	"fbb26558-e213-4195-ab70-844bf14561ad",
	"00000000-0000-0000-0000-000000000000",
	7);
INSERT INTO EP_PKG
	VALUES ("7de4dc63-313b-4158-a305-4fd76a3198bb",
	"00000000-0000-0000-0000-000000000000",
	"b6a5fceb-2ea9-495a-9b5b-6b1439da1cae",
	'TestComponents',
	'',
	0);
INSERT INTO PE_PE
	VALUES ("857d8bf8-51d0-4c6a-87d3-777cbdcc7160",
	1,
	"7de4dc63-313b-4158-a305-4fd76a3198bb",
	"00000000-0000-0000-0000-000000000000",
	2);
INSERT INTO C_C
	VALUES ("857d8bf8-51d0-4c6a-87d3-777cbdcc7160",
	"00000000-0000-0000-0000-000000000000",
	"00000000-0000-0000-0000-000000000000",
	'prv_JogMotor_ExpResp',
	'',
	0,
	"00000000-0000-0000-0000-000000000000",
	0,
	'');
INSERT INTO C_PO
	VALUES ("a3ea50b9-81be-4b0e-a0fa-e1c806ee9a87",
	"857d8bf8-51d0-4c6a-87d3-777cbdcc7160",
	'Port1',
	0,
	0);
INSERT INTO C_IR
	VALUES ("58cdc776-3ace-49f0-bbdb-2f6e72761ddc",
	"52db6895-1faf-4f37-903b-e183212300aa",
	"00000000-0000-0000-0000-000000000000",
	"a3ea50b9-81be-4b0e-a0fa-e1c806ee9a87");
INSERT INTO C_P
	VALUES ("58cdc776-3ace-49f0-bbdb-2f6e72761ddc",
	'JogMotor',
	'Unnamed Interface',
	'',
	'prv_JogMotor_ExpResp::Port1::JogMotor');
INSERT INTO SPR_PEP
	VALUES ("b5ea2561-5438-4dd0-9f48-df800d46e7d1",
	"5088c18b-e00f-4dd3-b4a9-4f3e6167a4e1",
	"58cdc776-3ace-49f0-bbdb-2f6e72761ddc");
INSERT INTO SPR_PS
	VALUES ("b5ea2561-5438-4dd0-9f48-df800d46e7d1",
	'jog',
	'',
	'',
	1);
INSERT INTO ACT_PSB
	VALUES ("cf7748d8-c693-434f-9a04-6fc70dda0175",
	"b5ea2561-5438-4dd0-9f48-df800d46e7d1");
INSERT INTO ACT_ACT
	VALUES ("cf7748d8-c693-434f-9a04-6fc70dda0175",
	'signal',
	0,
	"9364f86e-3d0d-4cd7-9273-3bf6a2c96f8f",
	"00000000-0000-0000-0000-000000000000",
	0,
	'Port1::JogMotor::jog',
	"00000000-0000-0000-0000-000000000000");
INSERT INTO ACT_BLK
	VALUES ("9364f86e-3d0d-4cd7-9273-3bf6a2c96f8f",
	0,
	0,
	0,
	'',
	'',
	'',
	0,
	0,
	0,
	0,
	0,
	0,
	0,
	0,
	0,
	0,
	0,
	0,
	0,
	"cf7748d8-c693-434f-9a04-6fc70dda0175",
	"00000000-0000-0000-0000-000000000000");
INSERT INTO SPR_PEP
	VALUES ("cfc4bc64-80b0-472d-ac29-650200754985",
	"9241cf5d-2f11-4b22-9139-4bd3137ca986",
	"58cdc776-3ace-49f0-bbdb-2f6e72761ddc");
INSERT INTO SPR_PS
	VALUES ("cfc4bc64-80b0-472d-ac29-650200754985",
	'stop',
	'',
	'',
	1);
INSERT INTO ACT_PSB
	VALUES ("6ec20108-fa38-46ca-bc30-675341e03857",
	"cfc4bc64-80b0-472d-ac29-650200754985");
INSERT INTO ACT_ACT
	VALUES ("6ec20108-fa38-46ca-bc30-675341e03857",
	'signal',
	0,
	"ccf5b359-f8f1-443e-b41d-4a4bca0c385f",
	"00000000-0000-0000-0000-000000000000",
	0,
	'Port1::JogMotor::stop',
	"00000000-0000-0000-0000-000000000000");
INSERT INTO ACT_BLK
	VALUES ("ccf5b359-f8f1-443e-b41d-4a4bca0c385f",
	0,
	0,
	0,
	'',
	'',
	'',
	0,
	0,
	0,
	0,
	0,
	0,
	0,
	0,
	0,
	0,
	0,
	0,
	0,
	"6ec20108-fa38-46ca-bc30-675341e03857",
	"00000000-0000-0000-0000-000000000000");
INSERT INTO SPR_PEP
	VALUES ("69682580-2568-4634-9157-615e9b5af849",
	"6959782d-b94d-4525-9720-fcb3ab20776f",
	"58cdc776-3ace-49f0-bbdb-2f6e72761ddc");
INSERT INTO SPR_PS
	VALUES ("69682580-2568-4634-9157-615e9b5af849",
	'motion_initiated',
	'This signal is an indicator to the client of the interface that the last motion
instruction has been executed.  A new motion instruction can now be send from 
the client.',
	'',
	1);
INSERT INTO ACT_PSB
	VALUES ("e1aa5fe0-ef8c-442e-95c1-c601796c1485",
	"69682580-2568-4634-9157-615e9b5af849");
INSERT INTO ACT_ACT
	VALUES ("e1aa5fe0-ef8c-442e-95c1-c601796c1485",
	'signal',
	0,
	"3c6fba6b-5f0f-448c-babf-65eb27058dc4",
	"00000000-0000-0000-0000-000000000000",
	0,
	'Port1::JogMotor::motion_initiated',
	"00000000-0000-0000-0000-000000000000");
INSERT INTO ACT_BLK
	VALUES ("3c6fba6b-5f0f-448c-babf-65eb27058dc4",
	0,
	0,
	0,
	'',
	'',
	'',
	0,
	0,
	0,
	0,
	0,
	0,
	0,
	0,
	0,
	0,
	0,
	0,
	0,
	"e1aa5fe0-ef8c-442e-95c1-c601796c1485",
	"00000000-0000-0000-0000-000000000000");
INSERT INTO SPR_PEP
	VALUES ("4beac8d5-4329-4129-8065-c3540e560e24",
	"7830f4a2-ff94-4ac8-a5d1-fd897ee6bfaf",
	"58cdc776-3ace-49f0-bbdb-2f6e72761ddc");
INSERT INTO SPR_PS
	VALUES ("4beac8d5-4329-4129-8065-c3540e560e24",
	'motion_complete',
	'This signal informs the client that the motor is no longer rotating and the 
drive is about to be disabled.  This signal will only occur after a stop has
been issued by the client of the interface or after a timed velocity move is
finished.',
	'',
	1);
INSERT INTO ACT_PSB
	VALUES ("07516f0b-408b-4f38-ad8b-0cc0b931a5c9",
	"4beac8d5-4329-4129-8065-c3540e560e24");
INSERT INTO ACT_ACT
	VALUES ("07516f0b-408b-4f38-ad8b-0cc0b931a5c9",
	'signal',
	0,
	"7a4593c7-1d32-4038-a53b-ae21455dc890",
	"00000000-0000-0000-0000-000000000000",
	0,
	'Port1::JogMotor::motion_complete',
	"00000000-0000-0000-0000-000000000000");
INSERT INTO ACT_BLK
	VALUES ("7a4593c7-1d32-4038-a53b-ae21455dc890",
	0,
	0,
	0,
	'',
	'',
	'',
	0,
	0,
	0,
	0,
	0,
	0,
	0,
	0,
	0,
	0,
	0,
	0,
	0,
	"07516f0b-408b-4f38-ad8b-0cc0b931a5c9",
	"00000000-0000-0000-0000-000000000000");
INSERT INTO PE_PE
	VALUES ("4d5ee997-cc0f-49f4-a00b-4d6cb361d8c9",
	1,
	"7de4dc63-313b-4158-a305-4fd76a3198bb",
	"00000000-0000-0000-0000-000000000000",
	2);
INSERT INTO C_C
	VALUES ("4d5ee997-cc0f-49f4-a00b-4d6cb361d8c9",
	"00000000-0000-0000-0000-000000000000",
	"00000000-0000-0000-0000-000000000000",
	'rqd_JogMotor_IntfTest',
	'',
	0,
	"00000000-0000-0000-0000-000000000000",
	0,
	'');
INSERT INTO C_PO
	VALUES ("b831f7a9-be6f-4e27-b68b-8c550db0df3b",
	"4d5ee997-cc0f-49f4-a00b-4d6cb361d8c9",
	'Port1',
	0,
	0);
INSERT INTO C_IR
	VALUES ("b6cb1603-7fc9-4064-9e41-26ad91d8089d",
	"52db6895-1faf-4f37-903b-e183212300aa",
	"00000000-0000-0000-0000-000000000000",
	"b831f7a9-be6f-4e27-b68b-8c550db0df3b");
INSERT INTO C_R
	VALUES ("b6cb1603-7fc9-4064-9e41-26ad91d8089d",
	'JogMotor',
	'',
	'Unnamed Interface',
	'rqd_JogMotor_IntfTest::Port1::JogMotor');
INSERT INTO SPR_REP
	VALUES ("7199c521-0cb8-4e13-b42c-94d549e4c1a9",
	"5088c18b-e00f-4dd3-b4a9-4f3e6167a4e1",
	"b6cb1603-7fc9-4064-9e41-26ad91d8089d");
INSERT INTO SPR_RS
	VALUES ("7199c521-0cb8-4e13-b42c-94d549e4c1a9",
	'jog',
	'',
	'',
	1);
INSERT INTO ACT_RSB
	VALUES ("152825e2-f820-4e61-a75c-1d1d6024dc84",
	"7199c521-0cb8-4e13-b42c-94d549e4c1a9");
INSERT INTO ACT_ACT
	VALUES ("152825e2-f820-4e61-a75c-1d1d6024dc84",
	'signal',
	0,
	"0dc7e943-fd60-4085-87d8-d62a80b1e1cf",
	"00000000-0000-0000-0000-000000000000",
	0,
	'Port1::JogMotor::jog',
	"00000000-0000-0000-0000-000000000000");
INSERT INTO ACT_BLK
	VALUES ("0dc7e943-fd60-4085-87d8-d62a80b1e1cf",
	0,
	0,
	0,
	'',
	'',
	'',
	0,
	0,
	0,
	0,
	0,
	0,
	0,
	0,
	0,
	0,
	0,
	0,
	0,
	"152825e2-f820-4e61-a75c-1d1d6024dc84",
	"00000000-0000-0000-0000-000000000000");
INSERT INTO SPR_REP
	VALUES ("9de97f58-607c-443b-bc2d-230528068d0b",
	"9241cf5d-2f11-4b22-9139-4bd3137ca986",
	"b6cb1603-7fc9-4064-9e41-26ad91d8089d");
INSERT INTO SPR_RS
	VALUES ("9de97f58-607c-443b-bc2d-230528068d0b",
	'stop',
	'',
	'',
	1);
INSERT INTO ACT_RSB
	VALUES ("41989085-2624-4d60-b817-40fd4a30d731",
	"9de97f58-607c-443b-bc2d-230528068d0b");
INSERT INTO ACT_ACT
	VALUES ("41989085-2624-4d60-b817-40fd4a30d731",
	'signal',
	0,
	"22077a07-8a6f-4a9b-955b-10d92265da1d",
	"00000000-0000-0000-0000-000000000000",
	0,
	'Port1::JogMotor::stop',
	"00000000-0000-0000-0000-000000000000");
INSERT INTO ACT_BLK
	VALUES ("22077a07-8a6f-4a9b-955b-10d92265da1d",
	0,
	0,
	0,
	'',
	'',
	'',
	0,
	0,
	0,
	0,
	0,
	0,
	0,
	0,
	0,
	0,
	0,
	0,
	0,
	"41989085-2624-4d60-b817-40fd4a30d731",
	"00000000-0000-0000-0000-000000000000");
INSERT INTO SPR_REP
	VALUES ("3fa90f50-06b9-430c-9167-efd0c19bbe97",
	"6959782d-b94d-4525-9720-fcb3ab20776f",
	"b6cb1603-7fc9-4064-9e41-26ad91d8089d");
INSERT INTO SPR_RS
	VALUES ("3fa90f50-06b9-430c-9167-efd0c19bbe97",
	'motion_initiated',
	'This signal is an indicator to the client of the interface that the last motion
instruction has been executed.  A new motion instruction can now be send from 
the client.',
	'',
	1);
INSERT INTO ACT_RSB
	VALUES ("05eb5645-ed5f-44a0-be7f-70681edd0e74",
	"3fa90f50-06b9-430c-9167-efd0c19bbe97");
INSERT INTO ACT_ACT
	VALUES ("05eb5645-ed5f-44a0-be7f-70681edd0e74",
	'signal',
	0,
	"27c37d12-a616-4449-9557-0b6f43089288",
	"00000000-0000-0000-0000-000000000000",
	0,
	'Port1::JogMotor::motion_initiated',
	"00000000-0000-0000-0000-000000000000");
INSERT INTO ACT_BLK
	VALUES ("27c37d12-a616-4449-9557-0b6f43089288",
	0,
	0,
	0,
	'',
	'',
	'',
	0,
	0,
	0,
	0,
	0,
	0,
	0,
	0,
	0,
	0,
	0,
	0,
	0,
	"05eb5645-ed5f-44a0-be7f-70681edd0e74",
	"00000000-0000-0000-0000-000000000000");
INSERT INTO SPR_REP
	VALUES ("0c717220-9194-43b8-aca1-ec64df32271d",
	"7830f4a2-ff94-4ac8-a5d1-fd897ee6bfaf",
	"b6cb1603-7fc9-4064-9e41-26ad91d8089d");
INSERT INTO SPR_RS
	VALUES ("0c717220-9194-43b8-aca1-ec64df32271d",
	'motion_complete',
	'This signal informs the client that the motor is no longer rotating and the 
drive is about to be disabled.  This signal will only occur after a stop has
been issued by the client of the interface or after a timed velocity move is
finished.',
	'',
	1);
INSERT INTO ACT_RSB
	VALUES ("d9772302-d830-4f0f-a725-9caed495a27b",
	"0c717220-9194-43b8-aca1-ec64df32271d");
INSERT INTO ACT_ACT
	VALUES ("d9772302-d830-4f0f-a725-9caed495a27b",
	'signal',
	0,
	"426e70ac-45b1-4f50-9810-e53c57279a6b",
	"00000000-0000-0000-0000-000000000000",
	0,
	'Port1::JogMotor::motion_complete',
	"00000000-0000-0000-0000-000000000000");
INSERT INTO ACT_BLK
	VALUES ("426e70ac-45b1-4f50-9810-e53c57279a6b",
	0,
	0,
	0,
	'',
	'',
	'',
	0,
	0,
	0,
	0,
	0,
	0,
	0,
	0,
	0,
	0,
	0,
	0,
	0,
	"d9772302-d830-4f0f-a725-9caed495a27b",
	"00000000-0000-0000-0000-000000000000");
INSERT INTO PE_PE
	VALUES ("52db6895-1faf-4f37-903b-e183212300aa",
	1,
	"fbb26558-e213-4195-ab70-844bf14561ad",
	"00000000-0000-0000-0000-000000000000",
	6);
INSERT INTO C_I
	VALUES ("52db6895-1faf-4f37-903b-e183212300aa",
	"00000000-0000-0000-0000-000000000000",
	'JogMotor',
	'');
INSERT INTO C_EP
	VALUES ("5088c18b-e00f-4dd3-b4a9-4f3e6167a4e1",
	"52db6895-1faf-4f37-903b-e183212300aa",
	-1,
	'jog',
	'');
INSERT INTO C_AS
	VALUES ("5088c18b-e00f-4dd3-b4a9-4f3e6167a4e1",
	'jog',
	'',
	0,
	"00000000-0000-0000-0000-000000000000");
INSERT INTO C_PP
	VALUES ("78023594-0cca-4136-94cf-390307f0e11c",
	"5088c18b-e00f-4dd3-b4a9-4f3e6167a4e1",
	"10a457d6-e25e-4dbe-a48f-0682e976c4bf",
	'direction',
	'',
	0,
	'',
	"00000000-0000-0000-0000-000000000000");
INSERT INTO C_PP
	VALUES ("682d8317-4f82-49f7-9eb7-a604575b632b",
	"5088c18b-e00f-4dd3-b4a9-4f3e6167a4e1",
	"ba5eda7a-def5-0000-0000-000000000002",
	'velocity',
	'',
	0,
	'',
	"78023594-0cca-4136-94cf-390307f0e11c");
INSERT INTO C_PP
	VALUES ("c18aafc1-5eb5-4a68-9f6f-0b38927a281d",
	"5088c18b-e00f-4dd3-b4a9-4f3e6167a4e1",
	"ba5eda7a-def5-0000-0000-000000000002",
	'acceleration',
	'',
	0,
	'',
	"682d8317-4f82-49f7-9eb7-a604575b632b");
INSERT INTO C_PP
	VALUES ("fda63fab-5fdc-461e-b4af-d3d978cf51e8",
	"5088c18b-e00f-4dd3-b4a9-4f3e6167a4e1",
	"ba5eda7a-def5-0000-0000-000000000002",
	'duration',
	'',
	0,
	'',
	"c18aafc1-5eb5-4a68-9f6f-0b38927a281d");
INSERT INTO C_EP
	VALUES ("9241cf5d-2f11-4b22-9139-4bd3137ca986",
	"52db6895-1faf-4f37-903b-e183212300aa",
	-1,
	'stop',
	'');
INSERT INTO C_AS
	VALUES ("9241cf5d-2f11-4b22-9139-4bd3137ca986",
	'stop',
	'',
	0,
	"5088c18b-e00f-4dd3-b4a9-4f3e6167a4e1");
INSERT INTO C_EP
	VALUES ("6959782d-b94d-4525-9720-fcb3ab20776f",
	"52db6895-1faf-4f37-903b-e183212300aa",
	-1,
	'motion_initiated',
	'This signal is an indicator to the client of the interface that the last motion
instruction has been executed.  A new motion instruction can now be send from 
the client.');
INSERT INTO C_AS
	VALUES ("6959782d-b94d-4525-9720-fcb3ab20776f",
	'motion_initiated',
	'This signal is an indicator to the client of the interface that the last motion
instruction has been executed.  A new motion instruction can now be send from 
the client.',
	1,
	"9241cf5d-2f11-4b22-9139-4bd3137ca986");
INSERT INTO C_EP
	VALUES ("7830f4a2-ff94-4ac8-a5d1-fd897ee6bfaf",
	"52db6895-1faf-4f37-903b-e183212300aa",
	-1,
	'motion_complete',
	'This signal informs the client that the motor is no longer rotating and the 
drive is about to be disabled.  This signal will only occur after a stop has
been issued by the client of the interface or after a timed velocity move is
finished.');
INSERT INTO C_AS
	VALUES ("7830f4a2-ff94-4ac8-a5d1-fd897ee6bfaf",
	'motion_complete',
	'This signal informs the client that the motor is no longer rotating and the 
drive is about to be disabled.  This signal will only occur after a stop has
been issued by the client of the interface or after a timed velocity move is
finished.',
	1,
	"6959782d-b94d-4525-9720-fcb3ab20776f");
INSERT INTO PE_PE
	VALUES ("b34a5ac4-63c2-4c43-b294-61a42293ba6b",
	1,
	"c887db0e-5c3e-479d-979a-81d740ba4ed7",
	"00000000-0000-0000-0000-000000000000",
	7);
INSERT INTO EP_PKG
	VALUES ("b34a5ac4-63c2-4c43-b294-61a42293ba6b",
	"00000000-0000-0000-0000-000000000000",
	"b6a5fceb-2ea9-495a-9b5b-6b1439da1cae",
	'Sequences',
	'',
	0);
INSERT INTO PE_PE
	VALUES ("dd02b214-f9b5-4e70-b0e2-3f4eb4333764",
	1,
	"b34a5ac4-63c2-4c43-b294-61a42293ba6b",
	"00000000-0000-0000-0000-000000000000",
	7);
INSERT INTO EP_PKG
	VALUES ("dd02b214-f9b5-4e70-b0e2-3f4eb4333764",
	"00000000-0000-0000-0000-000000000000",
	"b6a5fceb-2ea9-495a-9b5b-6b1439da1cae",
	'Client_JogCommand_UnknownDuration',
	'',
	0);
INSERT INTO PE_PE
	VALUES ("98062ed2-3798-4aca-905c-758f3454513c",
	1,
	"dd02b214-f9b5-4e70-b0e2-3f4eb4333764",
	"00000000-0000-0000-0000-000000000000",
	14);
INSERT INTO SQ_P
	VALUES ("98062ed2-3798-4aca-905c-758f3454513c",
	"00000000-0000-0000-0000-000000000000");
INSERT INTO SQ_COP
	VALUES ("98062ed2-3798-4aca-905c-758f3454513c",
	"4d5ee997-cc0f-49f4-a00b-4d6cb361d8c9",
	'Intf_MotorDrive::ClientInterface::JogMotor::TestComponents::rqd_JogMotor_IntfTest',
	'Client',
	'',
	1);
INSERT INTO PE_PE
	VALUES ("f6ebc0d9-39c5-49f2-bce9-1623f4424f27",
	1,
	"dd02b214-f9b5-4e70-b0e2-3f4eb4333764",
	"00000000-0000-0000-0000-000000000000",
	14);
INSERT INTO SQ_P
	VALUES ("f6ebc0d9-39c5-49f2-bce9-1623f4424f27",
	"00000000-0000-0000-0000-000000000000");
INSERT INTO SQ_COP
	VALUES ("f6ebc0d9-39c5-49f2-bce9-1623f4424f27",
	"857d8bf8-51d0-4c6a-87d3-777cbdcc7160",
	'Intf_MotorDrive::ClientInterface::JogMotor::TestComponents::prv_JogMotor_ExpResp',
	'Provider',
	'',
	1);
INSERT INTO PE_PE
	VALUES ("7025d702-0419-4d0f-abc6-fc507b71998b",
	1,
	"dd02b214-f9b5-4e70-b0e2-3f4eb4333764",
	"00000000-0000-0000-0000-000000000000",
	14);
INSERT INTO SQ_P
	VALUES ("7025d702-0419-4d0f-abc6-fc507b71998b",
	"00000000-0000-0000-0000-000000000000");
INSERT INTO MSG_M
	VALUES ("1c6c205d-60b5-4947-bdf3-475feff5cb8e",
	"ef897138-cad0-4955-85ae-a5de8fccc109",
	"7025d702-0419-4d0f-abc6-fc507b71998b",
	0);
INSERT INTO MSG_AM
	VALUES ("1c6c205d-60b5-4947-bdf3-475feff5cb8e",
	'Informal Message',
	'',
	'',
	'',
	'',
	1,
	'motion_initiated',
	'');
INSERT INTO MSG_SIG
	VALUES ("1c6c205d-60b5-4947-bdf3-475feff5cb8e",
	"6959782d-b94d-4525-9720-fcb3ab20776f");
INSERT INTO MSG_M
	VALUES ("2fcdaea9-5472-43aa-8d79-c067c89367f7",
	"ef897138-cad0-4955-85ae-a5de8fccc109",
	"7025d702-0419-4d0f-abc6-fc507b71998b",
	0);
INSERT INTO MSG_AM
	VALUES ("2fcdaea9-5472-43aa-8d79-c067c89367f7",
	'Informal Message',
	'',
	'',
	'',
	'',
	1,
	'motion_complete',
	'');
INSERT INTO MSG_SIG
	VALUES ("2fcdaea9-5472-43aa-8d79-c067c89367f7",
	"7830f4a2-ff94-4ac8-a5d1-fd897ee6bfaf");
INSERT INTO SQ_LS
	VALUES ("7025d702-0419-4d0f-abc6-fc507b71998b",
	"98062ed2-3798-4aca-905c-758f3454513c",
	'',
	0);
INSERT INTO SQ_TM
	VALUES ("cfa48455-e55d-4d30-a3dc-96256cbf39ff",
	'',
	"7025d702-0419-4d0f-abc6-fc507b71998b",
	'');
INSERT INTO SQ_TS
	VALUES ("759ba069-af97-4326-917c-a87aef5636e8",
	"fbe410c6-a930-4218-873a-41e9b73f9d68",
	"cfa48455-e55d-4d30-a3dc-96256cbf39ff",
	'client controls jog duration',
	'');
INSERT INTO SQ_TM
	VALUES ("fbe410c6-a930-4218-873a-41e9b73f9d68",
	'',
	"7025d702-0419-4d0f-abc6-fc507b71998b",
	'');
INSERT INTO PE_PE
	VALUES ("ef897138-cad0-4955-85ae-a5de8fccc109",
	1,
	"dd02b214-f9b5-4e70-b0e2-3f4eb4333764",
	"00000000-0000-0000-0000-000000000000",
	14);
INSERT INTO SQ_P
	VALUES ("ef897138-cad0-4955-85ae-a5de8fccc109",
	"00000000-0000-0000-0000-000000000000");
INSERT INTO MSG_M
	VALUES ("38338362-1efd-417e-90f4-90c275d5084f",
	"7025d702-0419-4d0f-abc6-fc507b71998b",
	"ef897138-cad0-4955-85ae-a5de8fccc109",
	0);
INSERT INTO MSG_AM
	VALUES ("38338362-1efd-417e-90f4-90c275d5084f",
	'Informal Message',
	'',
	'',
	'',
	'',
	1,
	'jog',
	'');
INSERT INTO MSG_SIG
	VALUES ("38338362-1efd-417e-90f4-90c275d5084f",
	"5088c18b-e00f-4dd3-b4a9-4f3e6167a4e1");
INSERT INTO MSG_A
	VALUES ("b2755d67-22fe-490a-b540-7fba3ea62f20",
	"00000000-0000-0000-0000-000000000000",
	"38338362-1efd-417e-90f4-90c275d5084f",
	'direction',
	'',
	'',
	'',
	1);
INSERT INTO MSG_EPA
	VALUES ("b2755d67-22fe-490a-b540-7fba3ea62f20",
	"78023594-0cca-4136-94cf-390307f0e11c");
INSERT INTO MSG_A
	VALUES ("a0a444a1-5b02-43ca-b639-b1c38d75e6d8",
	"00000000-0000-0000-0000-000000000000",
	"38338362-1efd-417e-90f4-90c275d5084f",
	'velocity',
	'',
	'',
	'',
	1);
INSERT INTO MSG_EPA
	VALUES ("a0a444a1-5b02-43ca-b639-b1c38d75e6d8",
	"682d8317-4f82-49f7-9eb7-a604575b632b");
INSERT INTO MSG_A
	VALUES ("101e726e-2cd6-4f8f-86b6-72ae7db1d504",
	"00000000-0000-0000-0000-000000000000",
	"38338362-1efd-417e-90f4-90c275d5084f",
	'acceleration',
	'',
	'',
	'',
	1);
INSERT INTO MSG_EPA
	VALUES ("101e726e-2cd6-4f8f-86b6-72ae7db1d504",
	"c18aafc1-5eb5-4a68-9f6f-0b38927a281d");
INSERT INTO MSG_A
	VALUES ("90e5fa54-3475-491c-8909-be4cf648c0a4",
	"00000000-0000-0000-0000-000000000000",
	"38338362-1efd-417e-90f4-90c275d5084f",
	'duration = 0',
	'0',
	'',
	'Client is not specifying a jog duration.  The jog will continue until a stop 
command is issued by the client.',
	1);
INSERT INTO MSG_EPA
	VALUES ("90e5fa54-3475-491c-8909-be4cf648c0a4",
	"fda63fab-5fdc-461e-b4af-d3d978cf51e8");
INSERT INTO MSG_M
	VALUES ("0e8bd5a8-6ecf-40a0-afba-7b132397438a",
	"7025d702-0419-4d0f-abc6-fc507b71998b",
	"ef897138-cad0-4955-85ae-a5de8fccc109",
	0);
INSERT INTO MSG_AM
	VALUES ("0e8bd5a8-6ecf-40a0-afba-7b132397438a",
	'Informal Message',
	'',
	'',
	'',
	'',
	1,
	'stop',
	'');
INSERT INTO MSG_SIG
	VALUES ("0e8bd5a8-6ecf-40a0-afba-7b132397438a",
	"9241cf5d-2f11-4b22-9139-4bd3137ca986");
INSERT INTO SQ_LS
	VALUES ("ef897138-cad0-4955-85ae-a5de8fccc109",
	"f6ebc0d9-39c5-49f2-bce9-1623f4424f27",
	'',
	0);
INSERT INTO PE_PE
	VALUES ("38338362-1efd-417e-90f4-90c275d5084f",
	1,
	"dd02b214-f9b5-4e70-b0e2-3f4eb4333764",
	"00000000-0000-0000-0000-000000000000",
	17);
INSERT INTO PE_PE
	VALUES ("1c6c205d-60b5-4947-bdf3-475feff5cb8e",
	1,
	"dd02b214-f9b5-4e70-b0e2-3f4eb4333764",
	"00000000-0000-0000-0000-000000000000",
	17);
INSERT INTO PE_PE
	VALUES ("0e8bd5a8-6ecf-40a0-afba-7b132397438a",
	1,
	"dd02b214-f9b5-4e70-b0e2-3f4eb4333764",
	"00000000-0000-0000-0000-000000000000",
	17);
INSERT INTO PE_PE
	VALUES ("2fcdaea9-5472-43aa-8d79-c067c89367f7",
	1,
	"dd02b214-f9b5-4e70-b0e2-3f4eb4333764",
	"00000000-0000-0000-0000-000000000000",
	17);
INSERT INTO PE_PE
	VALUES ("1260e269-6fbb-439e-b0fc-3c0d7cdedd83",
	1,
	"b34a5ac4-63c2-4c43-b294-61a42293ba6b",
	"00000000-0000-0000-0000-000000000000",
	7);
INSERT INTO EP_PKG
	VALUES ("1260e269-6fbb-439e-b0fc-3c0d7cdedd83",
	"00000000-0000-0000-0000-000000000000",
	"b6a5fceb-2ea9-495a-9b5b-6b1439da1cae",
	'Client_JogCommand_KnownDurationInterupt',
	'',
	0);
INSERT INTO PE_PE
	VALUES ("7985e7e0-8f66-4932-b11d-3fd53c3e8eaf",
	1,
	"1260e269-6fbb-439e-b0fc-3c0d7cdedd83",
	"00000000-0000-0000-0000-000000000000",
	14);
INSERT INTO SQ_P
	VALUES ("7985e7e0-8f66-4932-b11d-3fd53c3e8eaf",
	"00000000-0000-0000-0000-000000000000");
INSERT INTO SQ_COP
	VALUES ("7985e7e0-8f66-4932-b11d-3fd53c3e8eaf",
	"4d5ee997-cc0f-49f4-a00b-4d6cb361d8c9",
	'Intf_MotorDrive::ClientInterface::JogMotor::TestComponents::rqd_JogMotor_IntfTest',
	'Client',
	'',
	1);
INSERT INTO PE_PE
	VALUES ("108e3775-1cc7-424e-825b-d5c53bf28556",
	1,
	"1260e269-6fbb-439e-b0fc-3c0d7cdedd83",
	"00000000-0000-0000-0000-000000000000",
	14);
INSERT INTO SQ_P
	VALUES ("108e3775-1cc7-424e-825b-d5c53bf28556",
	"00000000-0000-0000-0000-000000000000");
INSERT INTO SQ_COP
	VALUES ("108e3775-1cc7-424e-825b-d5c53bf28556",
	"857d8bf8-51d0-4c6a-87d3-777cbdcc7160",
	'Intf_MotorDrive::ClientInterface::JogMotor::TestComponents::prv_JogMotor_ExpResp',
	'Provider',
	'',
	1);
INSERT INTO PE_PE
	VALUES ("0014e630-c7e9-4ae1-83c1-4b8e4f38714e",
	1,
	"1260e269-6fbb-439e-b0fc-3c0d7cdedd83",
	"00000000-0000-0000-0000-000000000000",
	14);
INSERT INTO SQ_P
	VALUES ("0014e630-c7e9-4ae1-83c1-4b8e4f38714e",
	"00000000-0000-0000-0000-000000000000");
INSERT INTO MSG_M
	VALUES ("c7d6695e-8ad8-45d6-92fd-be634909deef",
	"1edd8c42-6350-445e-8298-e43b4f265c4b",
	"0014e630-c7e9-4ae1-83c1-4b8e4f38714e",
	0);
INSERT INTO MSG_AM
	VALUES ("c7d6695e-8ad8-45d6-92fd-be634909deef",
	'Informal Message',
	'',
	'',
	'',
	'',
	1,
	'motion_initiated',
	'');
INSERT INTO MSG_SIG
	VALUES ("c7d6695e-8ad8-45d6-92fd-be634909deef",
	"6959782d-b94d-4525-9720-fcb3ab20776f");
INSERT INTO MSG_M
	VALUES ("aebd319d-7520-40de-91d0-1c671c089bb3",
	"1edd8c42-6350-445e-8298-e43b4f265c4b",
	"0014e630-c7e9-4ae1-83c1-4b8e4f38714e",
	0);
INSERT INTO MSG_AM
	VALUES ("aebd319d-7520-40de-91d0-1c671c089bb3",
	'Informal Message',
	'',
	'',
	'',
	'',
	1,
	'motion_complete',
	'');
INSERT INTO MSG_SIG
	VALUES ("aebd319d-7520-40de-91d0-1c671c089bb3",
	"7830f4a2-ff94-4ac8-a5d1-fd897ee6bfaf");
INSERT INTO SQ_LS
	VALUES ("0014e630-c7e9-4ae1-83c1-4b8e4f38714e",
	"7985e7e0-8f66-4932-b11d-3fd53c3e8eaf",
	'',
	0);
INSERT INTO SQ_TM
	VALUES ("de63b1fc-b6f3-4787-b134-b0393bb93683",
	'',
	"0014e630-c7e9-4ae1-83c1-4b8e4f38714e",
	'');
INSERT INTO SQ_TM
	VALUES ("622afc9e-79ee-4213-ad2f-34739266ae5c",
	'',
	"0014e630-c7e9-4ae1-83c1-4b8e4f38714e",
	'');
INSERT INTO SQ_TM
	VALUES ("84e6eb1d-454f-46dc-a290-2b7ad648810e",
	'',
	"0014e630-c7e9-4ae1-83c1-4b8e4f38714e",
	'');
INSERT INTO SQ_TS
	VALUES ("f5ebd8fb-afd4-4d0c-b7df-1effc238c662",
	"fd1fafb3-0c13-43d2-a582-f01f562b5a5e",
	"84e6eb1d-454f-46dc-a290-2b7ad648810e",
	'actual jog duration',
	'');
INSERT INTO SQ_TM
	VALUES ("fd1fafb3-0c13-43d2-a582-f01f562b5a5e",
	'',
	"0014e630-c7e9-4ae1-83c1-4b8e4f38714e",
	'');
INSERT INTO PE_PE
	VALUES ("1edd8c42-6350-445e-8298-e43b4f265c4b",
	1,
	"1260e269-6fbb-439e-b0fc-3c0d7cdedd83",
	"00000000-0000-0000-0000-000000000000",
	14);
INSERT INTO SQ_P
	VALUES ("1edd8c42-6350-445e-8298-e43b4f265c4b",
	"00000000-0000-0000-0000-000000000000");
INSERT INTO MSG_M
	VALUES ("5afcf32c-865a-4d3f-af2d-744db183dde5",
	"0014e630-c7e9-4ae1-83c1-4b8e4f38714e",
	"1edd8c42-6350-445e-8298-e43b4f265c4b",
	0);
INSERT INTO MSG_AM
	VALUES ("5afcf32c-865a-4d3f-af2d-744db183dde5",
	'Informal Message',
	'',
	'',
	'',
	'',
	1,
	'jog',
	'');
INSERT INTO MSG_SIG
	VALUES ("5afcf32c-865a-4d3f-af2d-744db183dde5",
	"5088c18b-e00f-4dd3-b4a9-4f3e6167a4e1");
INSERT INTO MSG_A
	VALUES ("2d7f80a4-5ddb-4a6d-98ed-f963fdffc4ed",
	"00000000-0000-0000-0000-000000000000",
	"5afcf32c-865a-4d3f-af2d-744db183dde5",
	'direction',
	'',
	'',
	'',
	1);
INSERT INTO MSG_EPA
	VALUES ("2d7f80a4-5ddb-4a6d-98ed-f963fdffc4ed",
	"78023594-0cca-4136-94cf-390307f0e11c");
INSERT INTO MSG_A
	VALUES ("9075a44b-add5-4a99-ae0e-275b7d3a0246",
	"00000000-0000-0000-0000-000000000000",
	"5afcf32c-865a-4d3f-af2d-744db183dde5",
	'velocity',
	'',
	'',
	'',
	1);
INSERT INTO MSG_EPA
	VALUES ("9075a44b-add5-4a99-ae0e-275b7d3a0246",
	"682d8317-4f82-49f7-9eb7-a604575b632b");
INSERT INTO MSG_A
	VALUES ("1d422629-f6dc-4816-9316-12f7d854e64a",
	"00000000-0000-0000-0000-000000000000",
	"5afcf32c-865a-4d3f-af2d-744db183dde5",
	'acceleration',
	'',
	'',
	'',
	1);
INSERT INTO MSG_EPA
	VALUES ("1d422629-f6dc-4816-9316-12f7d854e64a",
	"c18aafc1-5eb5-4a68-9f6f-0b38927a281d");
INSERT INTO MSG_A
	VALUES ("ba012d08-fc7d-4fc2-9e6f-4b000190b6e0",
	"00000000-0000-0000-0000-000000000000",
	"5afcf32c-865a-4d3f-af2d-744db183dde5",
	'duration = 12000',
	'12000',
	'',
	'Client specifies a 12 second jog duration with the jog command.',
	1);
INSERT INTO MSG_EPA
	VALUES ("ba012d08-fc7d-4fc2-9e6f-4b000190b6e0",
	"fda63fab-5fdc-461e-b4af-d3d978cf51e8");
INSERT INTO MSG_M
	VALUES ("7a283529-f7e8-462b-908a-850980241286",
	"0014e630-c7e9-4ae1-83c1-4b8e4f38714e",
	"1edd8c42-6350-445e-8298-e43b4f265c4b",
	0);
INSERT INTO MSG_AM
	VALUES ("7a283529-f7e8-462b-908a-850980241286",
	'Informal Message',
	'',
	'',
	'',
	'',
	1,
	'stop',
	'');
INSERT INTO MSG_SIG
	VALUES ("7a283529-f7e8-462b-908a-850980241286",
	"9241cf5d-2f11-4b22-9139-4bd3137ca986");
INSERT INTO SQ_LS
	VALUES ("1edd8c42-6350-445e-8298-e43b4f265c4b",
	"108e3775-1cc7-424e-825b-d5c53bf28556",
	'',
	0);
INSERT INTO SQ_TM
	VALUES ("2d5abbb8-c529-41b4-9e8c-5dcb91cff65e",
	'',
	"1edd8c42-6350-445e-8298-e43b4f265c4b",
	'');
INSERT INTO SQ_TS
	VALUES ("cf14ef1a-e370-4f38-bebe-383f9d72493c",
	"d0a87b97-b80d-46bc-84e7-f85ff4a7a688",
	"2d5abbb8-c529-41b4-9e8c-5dcb91cff65e",
	'original jog duration',
	'');
INSERT INTO SQ_TM
	VALUES ("4f2c3847-f473-42f1-8051-1b773f733cee",
	'',
	"1edd8c42-6350-445e-8298-e43b4f265c4b",
	'');
INSERT INTO SQ_TM
	VALUES ("d0a87b97-b80d-46bc-84e7-f85ff4a7a688",
	'',
	"1edd8c42-6350-445e-8298-e43b4f265c4b",
	'');
INSERT INTO PE_PE
	VALUES ("5afcf32c-865a-4d3f-af2d-744db183dde5",
	1,
	"1260e269-6fbb-439e-b0fc-3c0d7cdedd83",
	"00000000-0000-0000-0000-000000000000",
	17);
INSERT INTO PE_PE
	VALUES ("c7d6695e-8ad8-45d6-92fd-be634909deef",
	1,
	"1260e269-6fbb-439e-b0fc-3c0d7cdedd83",
	"00000000-0000-0000-0000-000000000000",
	17);
INSERT INTO PE_PE
	VALUES ("aebd319d-7520-40de-91d0-1c671c089bb3",
	1,
	"1260e269-6fbb-439e-b0fc-3c0d7cdedd83",
	"00000000-0000-0000-0000-000000000000",
	17);
INSERT INTO PE_PE
	VALUES ("7a283529-f7e8-462b-908a-850980241286",
	1,
	"1260e269-6fbb-439e-b0fc-3c0d7cdedd83",
	"00000000-0000-0000-0000-000000000000",
	17);
INSERT INTO PE_PE
	VALUES ("a4bf75ed-3b58-4c77-afdb-341bda6f1963",
	1,
	"b34a5ac4-63c2-4c43-b294-61a42293ba6b",
	"00000000-0000-0000-0000-000000000000",
	7);
INSERT INTO EP_PKG
	VALUES ("a4bf75ed-3b58-4c77-afdb-341bda6f1963",
	"00000000-0000-0000-0000-000000000000",
	"b6a5fceb-2ea9-495a-9b5b-6b1439da1cae",
	'Client_JogCommand_KnownDuration',
	'',
	0);
INSERT INTO PE_PE
	VALUES ("38211bb4-a0fa-48a9-8c99-b29474d8afa4",
	1,
	"a4bf75ed-3b58-4c77-afdb-341bda6f1963",
	"00000000-0000-0000-0000-000000000000",
	14);
INSERT INTO SQ_P
	VALUES ("38211bb4-a0fa-48a9-8c99-b29474d8afa4",
	"00000000-0000-0000-0000-000000000000");
INSERT INTO SQ_COP
	VALUES ("38211bb4-a0fa-48a9-8c99-b29474d8afa4",
	"4d5ee997-cc0f-49f4-a00b-4d6cb361d8c9",
	'Intf_MotorDrive::ClientInterface::JogMotor::TestComponents::rqd_JogMotor_IntfTest',
	'Client',
	'',
	1);
INSERT INTO PE_PE
	VALUES ("34c2222e-0666-40bb-821c-5c24938ac207",
	1,
	"a4bf75ed-3b58-4c77-afdb-341bda6f1963",
	"00000000-0000-0000-0000-000000000000",
	14);
INSERT INTO SQ_P
	VALUES ("34c2222e-0666-40bb-821c-5c24938ac207",
	"00000000-0000-0000-0000-000000000000");
INSERT INTO SQ_COP
	VALUES ("34c2222e-0666-40bb-821c-5c24938ac207",
	"857d8bf8-51d0-4c6a-87d3-777cbdcc7160",
	'Intf_MotorDrive::ClientInterface::JogMotor::TestComponents::prv_JogMotor_ExpResp',
	'Provider',
	'',
	1);
INSERT INTO PE_PE
	VALUES ("66950bf4-8019-4754-b60d-406117b36162",
	1,
	"a4bf75ed-3b58-4c77-afdb-341bda6f1963",
	"00000000-0000-0000-0000-000000000000",
	14);
INSERT INTO SQ_P
	VALUES ("66950bf4-8019-4754-b60d-406117b36162",
	"00000000-0000-0000-0000-000000000000");
INSERT INTO MSG_M
	VALUES ("baddd23a-14e9-4649-b95e-38158eafed50",
	"10141976-8e67-4f39-b0d0-42ca19b31f85",
	"66950bf4-8019-4754-b60d-406117b36162",
	0);
INSERT INTO MSG_AM
	VALUES ("baddd23a-14e9-4649-b95e-38158eafed50",
	'Informal Message',
	'',
	'',
	'',
	'',
	1,
	'motion_initiated',
	'');
INSERT INTO MSG_SIG
	VALUES ("baddd23a-14e9-4649-b95e-38158eafed50",
	"6959782d-b94d-4525-9720-fcb3ab20776f");
INSERT INTO MSG_M
	VALUES ("41b2b716-c24c-4c89-8d74-b9715f31caa6",
	"10141976-8e67-4f39-b0d0-42ca19b31f85",
	"66950bf4-8019-4754-b60d-406117b36162",
	0);
INSERT INTO MSG_AM
	VALUES ("41b2b716-c24c-4c89-8d74-b9715f31caa6",
	'Informal Message',
	'',
	'',
	'',
	'',
	1,
	'motion_complete',
	'');
INSERT INTO MSG_SIG
	VALUES ("41b2b716-c24c-4c89-8d74-b9715f31caa6",
	"7830f4a2-ff94-4ac8-a5d1-fd897ee6bfaf");
INSERT INTO SQ_LS
	VALUES ("66950bf4-8019-4754-b60d-406117b36162",
	"38211bb4-a0fa-48a9-8c99-b29474d8afa4",
	'',
	0);
INSERT INTO SQ_TM
	VALUES ("9b790bad-e6a8-4c87-aff3-397f563a8815",
	'',
	"66950bf4-8019-4754-b60d-406117b36162",
	'');
INSERT INTO SQ_TM
	VALUES ("b1c29efd-adb4-4a13-8794-5ef3fd15512f",
	'',
	"66950bf4-8019-4754-b60d-406117b36162",
	'');
INSERT INTO PE_PE
	VALUES ("10141976-8e67-4f39-b0d0-42ca19b31f85",
	1,
	"a4bf75ed-3b58-4c77-afdb-341bda6f1963",
	"00000000-0000-0000-0000-000000000000",
	14);
INSERT INTO SQ_P
	VALUES ("10141976-8e67-4f39-b0d0-42ca19b31f85",
	"00000000-0000-0000-0000-000000000000");
INSERT INTO MSG_M
	VALUES ("fe7a4be8-4366-40ad-9741-7b52b7a5ccc0",
	"66950bf4-8019-4754-b60d-406117b36162",
	"10141976-8e67-4f39-b0d0-42ca19b31f85",
	0);
INSERT INTO MSG_AM
	VALUES ("fe7a4be8-4366-40ad-9741-7b52b7a5ccc0",
	'Informal Message',
	'',
	'',
	'',
	'',
	1,
	'jog',
	'');
INSERT INTO MSG_SIG
	VALUES ("fe7a4be8-4366-40ad-9741-7b52b7a5ccc0",
	"5088c18b-e00f-4dd3-b4a9-4f3e6167a4e1");
INSERT INTO MSG_A
	VALUES ("4d2f9bfd-0e3f-4d3a-a20a-f8c9b9dae93b",
	"00000000-0000-0000-0000-000000000000",
	"fe7a4be8-4366-40ad-9741-7b52b7a5ccc0",
	'direction',
	'',
	'',
	'',
	1);
INSERT INTO MSG_EPA
	VALUES ("4d2f9bfd-0e3f-4d3a-a20a-f8c9b9dae93b",
	"78023594-0cca-4136-94cf-390307f0e11c");
INSERT INTO MSG_A
	VALUES ("ed625b5b-2ed3-48ee-a6f0-b9cbbac99b3e",
	"00000000-0000-0000-0000-000000000000",
	"fe7a4be8-4366-40ad-9741-7b52b7a5ccc0",
	'velocity',
	'',
	'',
	'',
	1);
INSERT INTO MSG_EPA
	VALUES ("ed625b5b-2ed3-48ee-a6f0-b9cbbac99b3e",
	"682d8317-4f82-49f7-9eb7-a604575b632b");
INSERT INTO MSG_A
	VALUES ("f3744d6e-9153-491a-9b59-a16e2a466c28",
	"00000000-0000-0000-0000-000000000000",
	"fe7a4be8-4366-40ad-9741-7b52b7a5ccc0",
	'acceleration',
	'',
	'',
	'',
	1);
INSERT INTO MSG_EPA
	VALUES ("f3744d6e-9153-491a-9b59-a16e2a466c28",
	"c18aafc1-5eb5-4a68-9f6f-0b38927a281d");
INSERT INTO MSG_A
	VALUES ("f1aa9578-6e3b-4ca4-b4b9-e8126cb02671",
	"00000000-0000-0000-0000-000000000000",
	"fe7a4be8-4366-40ad-9741-7b52b7a5ccc0",
	'duration = 12000',
	'12000',
	'',
	'Client is specifying a 12 second jog duration when the jog is initiated.  The
provider is responsible to ensure the client specified duration is implemented.',
	1);
INSERT INTO MSG_EPA
	VALUES ("f1aa9578-6e3b-4ca4-b4b9-e8126cb02671",
	"fda63fab-5fdc-461e-b4af-d3d978cf51e8");
INSERT INTO SQ_LS
	VALUES ("10141976-8e67-4f39-b0d0-42ca19b31f85",
	"34c2222e-0666-40bb-821c-5c24938ac207",
	'',
	0);
INSERT INTO SQ_TM
	VALUES ("df70c9c5-a6bb-44d5-836c-6748c99eb4e3",
	'',
	"10141976-8e67-4f39-b0d0-42ca19b31f85",
	'');
INSERT INTO SQ_TS
	VALUES ("c5ac148c-1cc4-4ad7-b469-545099a13e8a",
	"9084c2e0-e8b5-4295-9464-19ec51503c52",
	"df70c9c5-a6bb-44d5-836c-6748c99eb4e3",
	'provider controls jog duration',
	'');
INSERT INTO SQ_TM
	VALUES ("76dd3005-5fae-4a6d-a440-343310e8880f",
	'',
	"10141976-8e67-4f39-b0d0-42ca19b31f85",
	'');
INSERT INTO SQ_TM
	VALUES ("9084c2e0-e8b5-4295-9464-19ec51503c52",
	'',
	"10141976-8e67-4f39-b0d0-42ca19b31f85",
	'');
INSERT INTO PE_PE
	VALUES ("fe7a4be8-4366-40ad-9741-7b52b7a5ccc0",
	1,
	"a4bf75ed-3b58-4c77-afdb-341bda6f1963",
	"00000000-0000-0000-0000-000000000000",
	17);
INSERT INTO PE_PE
	VALUES ("baddd23a-14e9-4649-b95e-38158eafed50",
	1,
	"a4bf75ed-3b58-4c77-afdb-341bda6f1963",
	"00000000-0000-0000-0000-000000000000",
	17);
INSERT INTO PE_PE
	VALUES ("41b2b716-c24c-4c89-8d74-b9715f31caa6",
	1,
	"a4bf75ed-3b58-4c77-afdb-341bda6f1963",
	"00000000-0000-0000-0000-000000000000",
	17);
INSERT INTO EP_PKG
	VALUES ("e4279555-d978-40d2-bdc8-07f6c1a6c63f",
	"b6a5fceb-2ea9-495a-9b5b-6b1439da1cae",
	"b6a5fceb-2ea9-495a-9b5b-6b1439da1cae",
	'HardwareInterface',
	'',
	0);
INSERT INTO PE_PE
	VALUES ("10a53713-b180-4892-bb73-5b5ec5d3d1a7",
	1,
	"e4279555-d978-40d2-bdc8-07f6c1a6c63f",
	"00000000-0000-0000-0000-000000000000",
	7);
INSERT INTO EP_PKG
	VALUES ("10a53713-b180-4892-bb73-5b5ec5d3d1a7",
	"00000000-0000-0000-0000-000000000000",
	"b6a5fceb-2ea9-495a-9b5b-6b1439da1cae",
	'VelocityControlDrive',
	'',
	0);
INSERT INTO PE_PE
	VALUES ("f012460a-1054-40cd-9e5d-d13ff3f7334c",
	1,
	"10a53713-b180-4892-bb73-5b5ec5d3d1a7",
	"00000000-0000-0000-0000-000000000000",
	7);
INSERT INTO EP_PKG
	VALUES ("f012460a-1054-40cd-9e5d-d13ff3f7334c",
	"00000000-0000-0000-0000-000000000000",
	"b6a5fceb-2ea9-495a-9b5b-6b1439da1cae",
	'TestComponents',
	'',
	0);
INSERT INTO PE_PE
	VALUES ("be6802c2-c878-446b-8d53-ec36e211385e",
	1,
	"f012460a-1054-40cd-9e5d-d13ff3f7334c",
	"00000000-0000-0000-0000-000000000000",
	2);
INSERT INTO C_C
	VALUES ("be6802c2-c878-446b-8d53-ec36e211385e",
	"00000000-0000-0000-0000-000000000000",
	"00000000-0000-0000-0000-000000000000",
	'prv_ExpectedResponse',
	'',
	0,
	"00000000-0000-0000-0000-000000000000",
	0,
	'');
INSERT INTO C_PO
	VALUES ("7fab3ceb-8fc2-4de1-9074-2d49fee69a57",
	"be6802c2-c878-446b-8d53-ec36e211385e",
	'Port1',
	0,
	0);
INSERT INTO C_IR
	VALUES ("d8746dd3-25f5-4a0e-9cca-e197474e8239",
	"486d54bc-ee94-4a64-a1d6-fdf91050f010",
	"00000000-0000-0000-0000-000000000000",
	"7fab3ceb-8fc2-4de1-9074-2d49fee69a57");
INSERT INTO C_P
	VALUES ("d8746dd3-25f5-4a0e-9cca-e197474e8239",
	'VelocityControlDrive',
	'Unnamed Interface',
	'',
	'prv_ExpectedResponse::Port1::VelocityControlDrive');
INSERT INTO SPR_PEP
	VALUES ("4b281aab-318c-4e7f-9ce7-e435287160b7",
	"53d569a8-e722-4a0a-aadb-c95aa7042db7",
	"d8746dd3-25f5-4a0e-9cca-e197474e8239");
INSERT INTO SPR_PS
	VALUES ("4b281aab-318c-4e7f-9ce7-e435287160b7",
	'enable_drive',
	'',
	'Port1::done();
',
	1);
INSERT INTO ACT_PSB
	VALUES ("0163ee38-1ead-4970-9860-907950a95ade",
	"4b281aab-318c-4e7f-9ce7-e435287160b7");
INSERT INTO ACT_ACT
	VALUES ("0163ee38-1ead-4970-9860-907950a95ade",
	'signal',
	0,
	"e97f0961-1cd2-4568-b26b-494df4dcafff",
	"00000000-0000-0000-0000-000000000000",
	0,
	'Port1::VelocityControlDrive::enable_drive',
	"00000000-0000-0000-0000-000000000000");
INSERT INTO ACT_BLK
	VALUES ("e97f0961-1cd2-4568-b26b-494df4dcafff",
	0,
	0,
	0,
	'Port1',
	'',
	'',
	1,
	1,
	1,
	1,
	0,
	0,
	0,
	0,
	0,
	0,
	0,
	0,
	0,
	"0163ee38-1ead-4970-9860-907950a95ade",
	"00000000-0000-0000-0000-000000000000");
INSERT INTO ACT_SMT
	VALUES ("e43e8111-53bf-4e00-a9ad-5ef787625ad7",
	"e97f0961-1cd2-4568-b26b-494df4dcafff",
	"00000000-0000-0000-0000-000000000000",
	1,
	1,
	'Port1::VelocityControlDrive::enable_drive line: 1');
INSERT INTO ACT_SGN
	VALUES ("e43e8111-53bf-4e00-a9ad-5ef787625ad7",
	1,
	8,
	1,
	1,
	"25ae24c3-f625-4297-82b0-4fdecdc85af4",
	"00000000-0000-0000-0000-000000000000",
	"00000000-0000-0000-0000-000000000000");
INSERT INTO SPR_PEP
	VALUES ("65ba1f01-ad53-44ae-873f-0035628fa7f5",
	"d7bcdc2b-f917-4b82-b213-48faa98c11d9",
	"d8746dd3-25f5-4a0e-9cca-e197474e8239");
INSERT INTO SPR_PS
	VALUES ("65ba1f01-ad53-44ae-873f-0035628fa7f5",
	'jog_motor',
	'',
	'Port1::in_progress();
',
	1);
INSERT INTO ACT_PSB
	VALUES ("ad4c8c8b-51d3-4ff3-8c0c-5bf41d029233",
	"65ba1f01-ad53-44ae-873f-0035628fa7f5");
INSERT INTO ACT_ACT
	VALUES ("ad4c8c8b-51d3-4ff3-8c0c-5bf41d029233",
	'signal',
	0,
	"7828a463-39e0-4181-ba3f-417afa014ac3",
	"00000000-0000-0000-0000-000000000000",
	0,
	'Port1::VelocityControlDrive::jog_motor',
	"00000000-0000-0000-0000-000000000000");
INSERT INTO ACT_BLK
	VALUES ("7828a463-39e0-4181-ba3f-417afa014ac3",
	0,
	0,
	0,
	'Port1',
	'',
	'',
	1,
	1,
	1,
	1,
	0,
	0,
	0,
	0,
	0,
	0,
	0,
	0,
	0,
	"ad4c8c8b-51d3-4ff3-8c0c-5bf41d029233",
	"00000000-0000-0000-0000-000000000000");
INSERT INTO ACT_SMT
	VALUES ("93fcd11f-0c0a-426e-8f78-81ad280f8a03",
	"7828a463-39e0-4181-ba3f-417afa014ac3",
	"00000000-0000-0000-0000-000000000000",
	1,
	1,
	'Port1::VelocityControlDrive::jog_motor line: 1');
INSERT INTO ACT_SGN
	VALUES ("93fcd11f-0c0a-426e-8f78-81ad280f8a03",
	1,
	8,
	1,
	1,
	"9f92555b-4457-405a-a40a-89d4b95d949e",
	"00000000-0000-0000-0000-000000000000",
	"00000000-0000-0000-0000-000000000000");
INSERT INTO SPR_PEP
	VALUES ("6e8865f9-c775-4f32-8bbe-0a4fa7eb9c58",
	"3c759268-cd74-44ce-a96a-ee9613bd2bf9",
	"d8746dd3-25f5-4a0e-9cca-e197474e8239");
INSERT INTO SPR_PS
	VALUES ("6e8865f9-c775-4f32-8bbe-0a4fa7eb9c58",
	'stop_motor',
	'',
	'Port1::done();
',
	1);
INSERT INTO ACT_PSB
	VALUES ("434ad941-548c-4222-a9cf-5f06682a3a83",
	"6e8865f9-c775-4f32-8bbe-0a4fa7eb9c58");
INSERT INTO ACT_ACT
	VALUES ("434ad941-548c-4222-a9cf-5f06682a3a83",
	'signal',
	0,
	"2b9ece8f-561a-4275-929d-2a7ff3d79bf4",
	"00000000-0000-0000-0000-000000000000",
	0,
	'Port1::VelocityControlDrive::stop_motor',
	"00000000-0000-0000-0000-000000000000");
INSERT INTO ACT_BLK
	VALUES ("2b9ece8f-561a-4275-929d-2a7ff3d79bf4",
	0,
	0,
	0,
	'Port1',
	'',
	'',
	1,
	1,
	1,
	1,
	0,
	0,
	0,
	0,
	0,
	0,
	0,
	0,
	0,
	"434ad941-548c-4222-a9cf-5f06682a3a83",
	"00000000-0000-0000-0000-000000000000");
INSERT INTO ACT_SMT
	VALUES ("9ead2d17-ecaf-4fb4-b513-06e540178710",
	"2b9ece8f-561a-4275-929d-2a7ff3d79bf4",
	"00000000-0000-0000-0000-000000000000",
	1,
	1,
	'Port1::VelocityControlDrive::stop_motor line: 1');
INSERT INTO ACT_SGN
	VALUES ("9ead2d17-ecaf-4fb4-b513-06e540178710",
	1,
	8,
	1,
	1,
	"25ae24c3-f625-4297-82b0-4fdecdc85af4",
	"00000000-0000-0000-0000-000000000000",
	"00000000-0000-0000-0000-000000000000");
INSERT INTO SPR_PEP
	VALUES ("9f92555b-4457-405a-a40a-89d4b95d949e",
	"fe662bcf-cad1-44e3-9233-fa69e9673b17",
	"d8746dd3-25f5-4a0e-9cca-e197474e8239");
INSERT INTO SPR_PS
	VALUES ("9f92555b-4457-405a-a40a-89d4b95d949e",
	'in_progress',
	'',
	'',
	1);
INSERT INTO ACT_PSB
	VALUES ("190ede70-dc1e-46da-a314-4610f938177c",
	"9f92555b-4457-405a-a40a-89d4b95d949e");
INSERT INTO ACT_ACT
	VALUES ("190ede70-dc1e-46da-a314-4610f938177c",
	'signal',
	0,
	"2b057344-f5ae-4d11-9cb7-ee0d1f831378",
	"00000000-0000-0000-0000-000000000000",
	0,
	'Port1::VelocityControlDrive::in_progress',
	"00000000-0000-0000-0000-000000000000");
INSERT INTO ACT_BLK
	VALUES ("2b057344-f5ae-4d11-9cb7-ee0d1f831378",
	0,
	0,
	0,
	'',
	'',
	'',
	0,
	0,
	0,
	0,
	0,
	0,
	0,
	0,
	0,
	0,
	0,
	0,
	0,
	"190ede70-dc1e-46da-a314-4610f938177c",
	"00000000-0000-0000-0000-000000000000");
INSERT INTO SPR_PEP
	VALUES ("25ae24c3-f625-4297-82b0-4fdecdc85af4",
	"8f4cc710-e755-4de3-9960-78096a7939cf",
	"d8746dd3-25f5-4a0e-9cca-e197474e8239");
INSERT INTO SPR_PS
	VALUES ("25ae24c3-f625-4297-82b0-4fdecdc85af4",
	'done',
	'',
	'',
	1);
INSERT INTO ACT_PSB
	VALUES ("41a322ef-779e-4fd9-aaa8-e3bbf4d6dc8a",
	"25ae24c3-f625-4297-82b0-4fdecdc85af4");
INSERT INTO ACT_ACT
	VALUES ("41a322ef-779e-4fd9-aaa8-e3bbf4d6dc8a",
	'signal',
	0,
	"77cee0b2-999e-4bb2-8e64-b2b566ac9566",
	"00000000-0000-0000-0000-000000000000",
	0,
	'Port1::VelocityControlDrive::done',
	"00000000-0000-0000-0000-000000000000");
INSERT INTO ACT_BLK
	VALUES ("77cee0b2-999e-4bb2-8e64-b2b566ac9566",
	0,
	0,
	0,
	'',
	'',
	'',
	0,
	0,
	0,
	0,
	0,
	0,
	0,
	0,
	0,
	0,
	0,
	0,
	0,
	"41a322ef-779e-4fd9-aaa8-e3bbf4d6dc8a",
	"00000000-0000-0000-0000-000000000000");
INSERT INTO SPR_PEP
	VALUES ("82735247-015f-4178-bbb2-0ec593873ba0",
	"72961ccb-724d-49c4-ab17-022addb14ad9",
	"d8746dd3-25f5-4a0e-9cca-e197474e8239");
INSERT INTO SPR_PS
	VALUES ("82735247-015f-4178-bbb2-0ec593873ba0",
	'error',
	'',
	'',
	1);
INSERT INTO ACT_PSB
	VALUES ("d9cb12f5-e23b-4d1e-85d5-510f4be67220",
	"82735247-015f-4178-bbb2-0ec593873ba0");
INSERT INTO ACT_ACT
	VALUES ("d9cb12f5-e23b-4d1e-85d5-510f4be67220",
	'signal',
	0,
	"d03c43c7-0113-4704-8547-014d8f12bc66",
	"00000000-0000-0000-0000-000000000000",
	0,
	'Port1::VelocityControlDrive::error',
	"00000000-0000-0000-0000-000000000000");
INSERT INTO ACT_BLK
	VALUES ("d03c43c7-0113-4704-8547-014d8f12bc66",
	0,
	0,
	0,
	'',
	'',
	'',
	0,
	0,
	0,
	0,
	0,
	0,
	0,
	0,
	0,
	0,
	0,
	0,
	0,
	"d9cb12f5-e23b-4d1e-85d5-510f4be67220",
	"00000000-0000-0000-0000-000000000000");
INSERT INTO PE_PE
	VALUES ("486d54bc-ee94-4a64-a1d6-fdf91050f010",
	1,
	"10a53713-b180-4892-bb73-5b5ec5d3d1a7",
	"00000000-0000-0000-0000-000000000000",
	6);
INSERT INTO C_I
	VALUES ("486d54bc-ee94-4a64-a1d6-fdf91050f010",
	"00000000-0000-0000-0000-000000000000",
	'VelocityControlDrive',
	'');
INSERT INTO C_EP
	VALUES ("53d569a8-e722-4a0a-aadb-c95aa7042db7",
	"486d54bc-ee94-4a64-a1d6-fdf91050f010",
	-1,
	'enable_drive',
	'');
INSERT INTO C_AS
	VALUES ("53d569a8-e722-4a0a-aadb-c95aa7042db7",
	'enable_drive',
	'',
	0,
	"00000000-0000-0000-0000-000000000000");
INSERT INTO C_PP
	VALUES ("702178d7-e797-4e6e-9d25-fe3cb6843475",
	"53d569a8-e722-4a0a-aadb-c95aa7042db7",
	"ba5eda7a-def5-0000-0000-000000000001",
	'enable',
	'',
	0,
	'',
	"00000000-0000-0000-0000-000000000000");
INSERT INTO C_EP
	VALUES ("d7bcdc2b-f917-4b82-b213-48faa98c11d9",
	"486d54bc-ee94-4a64-a1d6-fdf91050f010",
	-1,
	'jog_motor',
	'');
INSERT INTO C_AS
	VALUES ("d7bcdc2b-f917-4b82-b213-48faa98c11d9",
	'jog_motor',
	'',
	0,
	"53d569a8-e722-4a0a-aadb-c95aa7042db7");
INSERT INTO C_PP
	VALUES ("ba969aac-5f63-4bc4-a11b-8d041d33147d",
	"d7bcdc2b-f917-4b82-b213-48faa98c11d9",
	"10a457d6-e25e-4dbe-a48f-0682e976c4bf",
	'motor_direction',
	'',
	0,
	'',
	"00000000-0000-0000-0000-000000000000");
INSERT INTO C_PP
	VALUES ("afc1cc48-75da-4073-9931-d618f8cbe043",
	"d7bcdc2b-f917-4b82-b213-48faa98c11d9",
	"ba5eda7a-def5-0000-0000-000000000002",
	'velocity',
	'',
	0,
	'',
	"ba969aac-5f63-4bc4-a11b-8d041d33147d");
INSERT INTO C_PP
	VALUES ("2adf2521-a53f-42c4-9a4a-7901b887fe88",
	"d7bcdc2b-f917-4b82-b213-48faa98c11d9",
	"ba5eda7a-def5-0000-0000-000000000002",
	'acceleration',
	'',
	0,
	'',
	"afc1cc48-75da-4073-9931-d618f8cbe043");
INSERT INTO C_EP
	VALUES ("3c759268-cd74-44ce-a96a-ee9613bd2bf9",
	"486d54bc-ee94-4a64-a1d6-fdf91050f010",
	-1,
	'stop_motor',
	'');
INSERT INTO C_AS
	VALUES ("3c759268-cd74-44ce-a96a-ee9613bd2bf9",
	'stop_motor',
	'',
	0,
	"d7bcdc2b-f917-4b82-b213-48faa98c11d9");
INSERT INTO C_EP
	VALUES ("fe662bcf-cad1-44e3-9233-fa69e9673b17",
	"486d54bc-ee94-4a64-a1d6-fdf91050f010",
	-1,
	'in_progress',
	'');
INSERT INTO C_AS
	VALUES ("fe662bcf-cad1-44e3-9233-fa69e9673b17",
	'in_progress',
	'',
	1,
	"3c759268-cd74-44ce-a96a-ee9613bd2bf9");
INSERT INTO C_EP
	VALUES ("8f4cc710-e755-4de3-9960-78096a7939cf",
	"486d54bc-ee94-4a64-a1d6-fdf91050f010",
	-1,
	'done',
	'');
INSERT INTO C_AS
	VALUES ("8f4cc710-e755-4de3-9960-78096a7939cf",
	'done',
	'',
	1,
	"fe662bcf-cad1-44e3-9233-fa69e9673b17");
INSERT INTO C_EP
	VALUES ("72961ccb-724d-49c4-ab17-022addb14ad9",
	"486d54bc-ee94-4a64-a1d6-fdf91050f010",
	-1,
	'error',
	'');
INSERT INTO C_AS
	VALUES ("72961ccb-724d-49c4-ab17-022addb14ad9",
	'error',
	'',
	1,
	"8f4cc710-e755-4de3-9960-78096a7939cf");
INSERT INTO EP_PKG
	VALUES ("5bc7cd5e-875e-4816-94c9-6dbad62a9a50",
	"b6a5fceb-2ea9-495a-9b5b-6b1439da1cae",
	"b6a5fceb-2ea9-495a-9b5b-6b1439da1cae",
	'DataTypes',
	'',
	0);
INSERT INTO PE_PE
	VALUES ("10a457d6-e25e-4dbe-a48f-0682e976c4bf",
	1,
	"5bc7cd5e-875e-4816-94c9-6dbad62a9a50",
	"00000000-0000-0000-0000-000000000000",
	3);
INSERT INTO S_DT
	VALUES ("10a457d6-e25e-4dbe-a48f-0682e976c4bf",
	"00000000-0000-0000-0000-000000000000",
	'Motor_Direction',
	'',
	'');
INSERT INTO S_EDT
	VALUES ("10a457d6-e25e-4dbe-a48f-0682e976c4bf");
INSERT INTO S_ENUM
	VALUES ("a14e5643-f258-49e7-8187-18b88e03990f",
	'Forward',
	'',
	"10a457d6-e25e-4dbe-a48f-0682e976c4bf",
	"00000000-0000-0000-0000-000000000000");
INSERT INTO S_ENUM
	VALUES ("882fef21-352d-4904-b937-58432d0a9513",
	'Reverse',
	'',
	"10a457d6-e25e-4dbe-a48f-0682e976c4bf",
	"a14e5643-f258-49e7-8187-18b88e03990f");
-- root-types-contained: SystemModel_c
-- BP 7.1 content: StreamData syschar: 3 persistence-version: 7.1.6

INSERT INTO S_SYS
	VALUES ("a4578804-6c2e-4c96-9428-cb3a7061868f",
	'Diverter',
	1);
INSERT INTO EP_PKG
	VALUES ("14b5478f-c573-49fc-8895-a8e6ee5f57bc",
	"a4578804-6c2e-4c96-9428-cb3a7061868f",
	"a4578804-6c2e-4c96-9428-cb3a7061868f",
	'Analysis',
	'',
	0);
INSERT INTO PE_PE
	VALUES ("853b869e-2494-4e86-81ce-02bf54ddf973",
	1,
	"14b5478f-c573-49fc-8895-a8e6ee5f57bc",
	"00000000-0000-0000-0000-000000000000",
	7);
INSERT INTO EP_PKG
	VALUES ("853b869e-2494-4e86-81ce-02bf54ddf973",
	"00000000-0000-0000-0000-000000000000",
	"a4578804-6c2e-4c96-9428-cb3a7061868f",
	'Sequences',
	'',
	0);
INSERT INTO PE_PE
	VALUES ("070f121a-2b17-44cb-8f5c-bde2ff9f0db9",
	1,
	"853b869e-2494-4e86-81ce-02bf54ddf973",
	"00000000-0000-0000-0000-000000000000",
	7);
INSERT INTO EP_PKG
	VALUES ("070f121a-2b17-44cb-8f5c-bde2ff9f0db9",
	"00000000-0000-0000-0000-000000000000",
	"a4578804-6c2e-4c96-9428-cb3a7061868f",
	'Cross Transfer Conveyor_Inspection Sequence',
	'',
	0);
INSERT INTO PE_PE
	VALUES ("9fc0a677-5354-4fc7-bb3b-f802d61dfaf1",
	1,
	"070f121a-2b17-44cb-8f5c-bde2ff9f0db9",
	"00000000-0000-0000-0000-000000000000",
	14);
INSERT INTO SQ_P
	VALUES ("9fc0a677-5354-4fc7-bb3b-f802d61dfaf1",
	"00000000-0000-0000-0000-000000000000");
INSERT INTO SQ_AP
	VALUES ("9fc0a677-5354-4fc7-bb3b-f802d61dfaf1",
	'Corrugator Operator',
	'',
	"00000000-0000-0000-0000-000000000000");
INSERT INTO PE_PE
	VALUES ("604e0160-b477-493d-a76a-3901908a9f4b",
	1,
	"070f121a-2b17-44cb-8f5c-bde2ff9f0db9",
	"00000000-0000-0000-0000-000000000000",
	14);
INSERT INTO SQ_P
	VALUES ("604e0160-b477-493d-a76a-3901908a9f4b",
	"00000000-0000-0000-0000-000000000000");
INSERT INTO SQ_LS
	VALUES ("604e0160-b477-493d-a76a-3901908a9f4b",
	"9fc0a677-5354-4fc7-bb3b-f802d61dfaf1",
	'',
	0);
INSERT INTO PE_PE
	VALUES ("35e08d68-519b-4161-a66b-d4ab4ab30583",
	1,
	"070f121a-2b17-44cb-8f5c-bde2ff9f0db9",
	"00000000-0000-0000-0000-000000000000",
	14);
INSERT INTO SQ_P
	VALUES ("35e08d68-519b-4161-a66b-d4ab4ab30583",
	"00000000-0000-0000-0000-000000000000");
INSERT INTO SQ_COP
	VALUES ("35e08d68-519b-4161-a66b-d4ab4ab30583",
	"27fa8983-0f1d-4798-a8a5-618171014feb",
	'Diverter::Design::Model::Diverter',
	'Informal Component',
	'',
	1);
INSERT INTO PE_PE
	VALUES ("1a46bb65-0319-4877-95c3-725167c45160",
	1,
	"070f121a-2b17-44cb-8f5c-bde2ff9f0db9",
	"00000000-0000-0000-0000-000000000000",
	14);
INSERT INTO SQ_P
	VALUES ("1a46bb65-0319-4877-95c3-725167c45160",
	"00000000-0000-0000-0000-000000000000");
INSERT INTO SQ_LS
	VALUES ("1a46bb65-0319-4877-95c3-725167c45160",
	"35e08d68-519b-4161-a66b-d4ab4ab30583",
	'',
	0);
INSERT INTO PE_PE
	VALUES ("8e61592e-3a48-4b7a-8bf7-7dcd3e7ae133",
	1,
	"070f121a-2b17-44cb-8f5c-bde2ff9f0db9",
	"00000000-0000-0000-0000-000000000000",
	14);
INSERT INTO SQ_P
	VALUES ("8e61592e-3a48-4b7a-8bf7-7dcd3e7ae133",
	"00000000-0000-0000-0000-000000000000");
INSERT INTO SQ_CIP
	VALUES ("8e61592e-3a48-4b7a-8bf7-7dcd3e7ae133",
	"00000000-0000-0000-0000-000000000000",
	'Cross Transfer Conveyor',
	'Informal Class',
	'Cross Transfer Conveyor : Informal Class',
	'',
	0);
INSERT INTO PE_PE
	VALUES ("568259d6-328c-47eb-bced-970dd33c1d98",
	1,
	"070f121a-2b17-44cb-8f5c-bde2ff9f0db9",
	"00000000-0000-0000-0000-000000000000",
	14);
INSERT INTO SQ_P
	VALUES ("568259d6-328c-47eb-bced-970dd33c1d98",
	"00000000-0000-0000-0000-000000000000");
INSERT INTO SQ_CIP
	VALUES ("568259d6-328c-47eb-bced-970dd33c1d98",
	"00000000-0000-0000-0000-000000000000",
	'Manual Sequence',
	'Informal Class',
	'Manual Sequence : Informal Class',
	'',
	0);
INSERT INTO PE_PE
	VALUES ("8b8a8137-257f-420b-ae23-ca92be7152a6",
	1,
	"070f121a-2b17-44cb-8f5c-bde2ff9f0db9",
	"00000000-0000-0000-0000-000000000000",
	14);
INSERT INTO SQ_P
	VALUES ("8b8a8137-257f-420b-ae23-ca92be7152a6",
	"00000000-0000-0000-0000-000000000000");
INSERT INTO SQ_LS
	VALUES ("8b8a8137-257f-420b-ae23-ca92be7152a6",
	"8e61592e-3a48-4b7a-8bf7-7dcd3e7ae133",
	'',
	0);
INSERT INTO PE_PE
	VALUES ("25f73686-9aee-44fe-8421-2f70558e78e5",
	1,
	"070f121a-2b17-44cb-8f5c-bde2ff9f0db9",
	"00000000-0000-0000-0000-000000000000",
	14);
INSERT INTO SQ_P
	VALUES ("25f73686-9aee-44fe-8421-2f70558e78e5",
	"00000000-0000-0000-0000-000000000000");
INSERT INTO SQ_LS
	VALUES ("25f73686-9aee-44fe-8421-2f70558e78e5",
	"568259d6-328c-47eb-bced-970dd33c1d98",
	'',
	0);
INSERT INTO PE_PE
	VALUES ("96fe3446-a706-4a8b-b4cc-4ae9d3b52339",
	1,
	"853b869e-2494-4e86-81ce-02bf54ddf973",
	"00000000-0000-0000-0000-000000000000",
	7);
INSERT INTO EP_PKG
	VALUES ("96fe3446-a706-4a8b-b4cc-4ae9d3b52339",
	"00000000-0000-0000-0000-000000000000",
	"a4578804-6c2e-4c96-9428-cb3a7061868f",
	'CrossTransferConveyor_ManualJog_AutoInt',
	'',
	0);
INSERT INTO PE_PE
	VALUES ("497cad22-e363-4e57-8310-c8c7031256c7",
	1,
	"96fe3446-a706-4a8b-b4cc-4ae9d3b52339",
	"00000000-0000-0000-0000-000000000000",
	14);
INSERT INTO SQ_P
	VALUES ("497cad22-e363-4e57-8310-c8c7031256c7",
	"00000000-0000-0000-0000-000000000000");
INSERT INTO SQ_AP
	VALUES ("497cad22-e363-4e57-8310-c8c7031256c7",
	'Corrugator Operator',
	'',
	"00000000-0000-0000-0000-000000000000");
INSERT INTO PE_PE
	VALUES ("83e47934-8143-47e8-8e0c-7a6cac20b27c",
	1,
	"96fe3446-a706-4a8b-b4cc-4ae9d3b52339",
	"00000000-0000-0000-0000-000000000000",
	14);
INSERT INTO SQ_P
	VALUES ("83e47934-8143-47e8-8e0c-7a6cac20b27c",
	"00000000-0000-0000-0000-000000000000");
INSERT INTO SQ_CIP
	VALUES ("83e47934-8143-47e8-8e0c-7a6cac20b27c",
	"25a7da66-8d4e-40d2-9e48-725b2461dbe9",
	'CrossTransferConveyor',
	'Informal Class',
	'CrossTransferConveyor : Cross Transfer Conveyor',
	'',
	1);
INSERT INTO SQ_AV
	VALUES ("61112e8a-ce8c-40ce-9243-d036a02fe424",
	"25a7da66-8d4e-40d2-9e48-725b2461dbe9",
	"afd5c3ce-e509-41c3-9874-eaf5da2f7323",
	'current_state',
	'',
	'',
	"00000000-0000-0000-0000-000000000000",
	"83e47934-8143-47e8-8e0c-7a6cac20b27c",
	'',
	1);
INSERT INTO SQ_FAV
	VALUES ("61112e8a-ce8c-40ce-9243-d036a02fe424");
INSERT INTO SQ_AV
	VALUES ("69405e46-82bf-41cb-9660-7f4e625add7b",
	"25a7da66-8d4e-40d2-9e48-725b2461dbe9",
	"e1bbe36a-4341-4c7d-8147-95a403d8ceb6",
	'stopping_time',
	'',
	'',
	"00000000-0000-0000-0000-000000000000",
	"83e47934-8143-47e8-8e0c-7a6cac20b27c",
	'',
	1);
INSERT INTO SQ_FAV
	VALUES ("69405e46-82bf-41cb-9660-7f4e625add7b");
INSERT INTO SQ_AV
	VALUES ("7c641580-797b-4488-afae-afd06e3788bf",
	"25a7da66-8d4e-40d2-9e48-725b2461dbe9",
	"b6b14f55-78eb-47f4-81c0-283fbbe875c3",
	'Id',
	'',
	'',
	"00000000-0000-0000-0000-000000000000",
	"83e47934-8143-47e8-8e0c-7a6cac20b27c",
	'',
	1);
INSERT INTO SQ_FAV
	VALUES ("7c641580-797b-4488-afae-afd06e3788bf");
INSERT INTO SQ_AV
	VALUES ("f2172684-d8f4-4323-b56f-9bb1c2d447c8",
	"25a7da66-8d4e-40d2-9e48-725b2461dbe9",
	"57e37dd5-1173-4754-bf8f-adcf1b403949",
	'drive_side',
	'',
	'',
	"00000000-0000-0000-0000-000000000000",
	"83e47934-8143-47e8-8e0c-7a6cac20b27c",
	'',
	1);
INSERT INTO SQ_FAV
	VALUES ("f2172684-d8f4-4323-b56f-9bb1c2d447c8");
INSERT INTO PE_PE
	VALUES ("a53bfb33-e14c-4afa-b942-4e64ab32edd6",
	1,
	"96fe3446-a706-4a8b-b4cc-4ae9d3b52339",
	"00000000-0000-0000-0000-000000000000",
	14);
INSERT INTO SQ_P
	VALUES ("a53bfb33-e14c-4afa-b942-4e64ab32edd6",
	"00000000-0000-0000-0000-000000000000");
INSERT INTO SQ_CIP
	VALUES ("a53bfb33-e14c-4afa-b942-4e64ab32edd6",
	"5d77175d-d671-463d-974e-4471bcb408f5",
	'CTC_Manual Sequencer',
	'Informal Class',
	'CTC_Manual Sequencer : Manual Sequence',
	'',
	1);
INSERT INTO SQ_AV
	VALUES ("52595938-84e9-4cba-ac92-dcd60a9c4bb0",
	"5d77175d-d671-463d-974e-4471bcb408f5",
	"925bc5c5-aba0-4146-8bd9-2b48b2bc34de",
	'current_state',
	'',
	'',
	"00000000-0000-0000-0000-000000000000",
	"a53bfb33-e14c-4afa-b942-4e64ab32edd6",
	'',
	1);
INSERT INTO SQ_FAV
	VALUES ("52595938-84e9-4cba-ac92-dcd60a9c4bb0");
INSERT INTO SQ_AV
	VALUES ("8a45652d-df8c-4abb-ba35-4f0ad740f710",
	"5d77175d-d671-463d-974e-4471bcb408f5",
	"f54ceda1-eb8a-496a-a4b5-e412aa9a6d1a",
	'jog_direction',
	'',
	'',
	"00000000-0000-0000-0000-000000000000",
	"a53bfb33-e14c-4afa-b942-4e64ab32edd6",
	'',
	1);
INSERT INTO SQ_FAV
	VALUES ("8a45652d-df8c-4abb-ba35-4f0ad740f710");
INSERT INTO PE_PE
	VALUES ("33d47434-ba24-4cdc-8273-ff60894962ce",
	1,
	"96fe3446-a706-4a8b-b4cc-4ae9d3b52339",
	"00000000-0000-0000-0000-000000000000",
	14);
INSERT INTO SQ_P
	VALUES ("33d47434-ba24-4cdc-8273-ff60894962ce",
	"00000000-0000-0000-0000-000000000000");
INSERT INTO SQ_LS
	VALUES ("33d47434-ba24-4cdc-8273-ff60894962ce",
	"497cad22-e363-4e57-8310-c8c7031256c7",
	'',
	0);
INSERT INTO PE_PE
	VALUES ("c8adab38-c44d-46d3-b4ea-ad7686e15faf",
	1,
	"96fe3446-a706-4a8b-b4cc-4ae9d3b52339",
	"00000000-0000-0000-0000-000000000000",
	14);
INSERT INTO SQ_P
	VALUES ("c8adab38-c44d-46d3-b4ea-ad7686e15faf",
	"00000000-0000-0000-0000-000000000000");
INSERT INTO MSG_M
	VALUES ("69ed0b10-20c1-4f1c-b9ea-d8c31312b6e7",
	"33fb2ed2-ec75-4e6f-a6d4-e21055857eff",
	"c8adab38-c44d-46d3-b4ea-ad7686e15faf",
	0);
INSERT INTO MSG_SM
	VALUES ("69ed0b10-20c1-4f1c-b9ea-d8c31312b6e7",
	'Informal Message',
	'',
	'',
	'',
	'MotorDirection::Forward',
	1,
	'GetMotorDirection',
	'');
INSERT INTO MSG_O
	VALUES ("69ed0b10-20c1-4f1c-b9ea-d8c31312b6e7",
	"688972dd-f628-4d10-9d26-640e6ab486aa");
INSERT INTO MSG_A
	VALUES ("03683de9-9c5b-4fdb-b6cd-95b4cdb4a2c3",
	"00000000-0000-0000-0000-000000000000",
	"69ed0b10-20c1-4f1c-b9ea-d8c31312b6e7",
	'machine_side = MachineSide::Operator',
	'MachineSide::Operator',
	'',
	'',
	1);
INSERT INTO MSG_OA
	VALUES ("03683de9-9c5b-4fdb-b6cd-95b4cdb4a2c3",
	"41e9722c-a510-4e7d-bbf6-d778f8fb5913");
INSERT INTO MSG_M
	VALUES ("29bdf163-2276-41f3-9934-bd67fe272f9b",
	"a78a3051-9248-42b6-883a-ba999f03c6a0",
	"c8adab38-c44d-46d3-b4ea-ad7686e15faf",
	0);
INSERT INTO MSG_AM
	VALUES ("29bdf163-2276-41f3-9934-bd67fe272f9b",
	'Informal Message',
	'',
	'',
	'',
	'',
	1,
	'ACTR1: activate',
	'');
INSERT INTO MSG_E
	VALUES ("29bdf163-2276-41f3-9934-bd67fe272f9b",
	"fe8564b3-1381-4481-8f71-eacda34d89ea");
INSERT INTO MSG_M
	VALUES ("3c82201d-da82-4663-9a41-ac2fd78595ca",
	"9ff48987-d6be-4317-8380-3701a14af1c5",
	"c8adab38-c44d-46d3-b4ea-ad7686e15faf",
	0);
INSERT INTO MSG_AM
	VALUES ("3c82201d-da82-4663-9a41-ac2fd78595ca",
	'Event Ignored: ''XTFRCNVR9: motor_stopped''',
	'',
	'',
	'',
	'',
	0,
	'Event Ignored: ''XTFRCNVR9: motor_stopped''',
	'');
INSERT INTO MSG_IAM
	VALUES ("3c82201d-da82-4663-9a41-ac2fd78595ca");
INSERT INTO MSG_M
	VALUES ("6675ccc7-7945-4171-b4c2-eefbc81b0bae",
	"f3a6969d-090f-46d3-a566-c49cf8ac16c1",
	"c8adab38-c44d-46d3-b4ea-ad7686e15faf",
	0);
INSERT INTO MSG_AM
	VALUES ("6675ccc7-7945-4171-b4c2-eefbc81b0bae",
	'Informal Message',
	'',
	'',
	'',
	'',
	1,
	'XTFRCNVR6: discharge',
	'');
INSERT INTO MSG_E
	VALUES ("6675ccc7-7945-4171-b4c2-eefbc81b0bae",
	"0cf712e1-9045-4a7a-8a93-33c8e994e52c");
INSERT INTO MSG_A
	VALUES ("f32be5b2-cfdc-4687-a992-77b7981ed492",
	"00000000-0000-0000-0000-000000000000",
	"6675ccc7-7945-4171-b4c2-eefbc81b0bae",
	'direction = MotorDirection::Reverse',
	'MotorDirection::Reverse',
	'',
	'',
	1);
INSERT INTO MSG_EA
	VALUES ("f32be5b2-cfdc-4687-a992-77b7981ed492",
	"66632603-6b22-4087-a83c-d2f87d4fdaa9",
	"5d066a41-a330-40ac-a34d-52ec44d93e03");
INSERT INTO MSG_A
	VALUES ("a1dfc3b5-6476-439e-9273-a952e0f85a52",
	"00000000-0000-0000-0000-000000000000",
	"6675ccc7-7945-4171-b4c2-eefbc81b0bae",
	'control_alg = DivertConvDischargeAlg::Dist_x2_HesitatingRollout',
	'DivertConvDischargeAlg::Dist_x2_HesitatingRollout',
	'',
	'',
	1);
INSERT INTO MSG_EA
	VALUES ("a1dfc3b5-6476-439e-9273-a952e0f85a52",
	"66632603-6b22-4087-a83c-d2f87d4fdaa9",
	"bef48d14-fca8-4f22-b0bf-20077b03030e");
INSERT INTO MSG_M
	VALUES ("572a1c7d-2f5a-4ee1-9401-042a917107ac",
	"c15baf1c-23d9-4910-a678-ffa2fd86da4b",
	"c8adab38-c44d-46d3-b4ea-ad7686e15faf",
	0);
INSERT INTO MSG_AM
	VALUES ("572a1c7d-2f5a-4ee1-9401-042a917107ac",
	'Informal Message',
	'',
	'',
	'',
	'',
	1,
	'XTFRCNVR7: automatic_sequence_cmplt',
	'');
INSERT INTO MSG_E
	VALUES ("572a1c7d-2f5a-4ee1-9401-042a917107ac",
	"daa0fd3d-7270-4919-a93a-6846dd45d0a2");
INSERT INTO MSG_M
	VALUES ("87a8afd2-0de3-4369-b884-321acd1fcc83",
	"33fb2ed2-ec75-4e6f-a6d4-e21055857eff",
	"c8adab38-c44d-46d3-b4ea-ad7686e15faf",
	0);
INSERT INTO MSG_SM
	VALUES ("87a8afd2-0de3-4369-b884-321acd1fcc83",
	'Informal Message',
	'',
	'',
	'',
	'MotorDirection::Forward',
	1,
	'GetMotorDirection',
	'');
INSERT INTO MSG_O
	VALUES ("87a8afd2-0de3-4369-b884-321acd1fcc83",
	"688972dd-f628-4d10-9d26-640e6ab486aa");
INSERT INTO MSG_A
	VALUES ("9015d647-8291-41c3-8bc5-ee343266a2e6",
	"00000000-0000-0000-0000-000000000000",
	"87a8afd2-0de3-4369-b884-321acd1fcc83",
	'machine_side = MachineSide::Operator',
	'MachineSide::Operator',
	'',
	'',
	1);
INSERT INTO MSG_OA
	VALUES ("9015d647-8291-41c3-8bc5-ee343266a2e6",
	"41e9722c-a510-4e7d-bbf6-d778f8fb5913");
INSERT INTO SQ_LS
	VALUES ("c8adab38-c44d-46d3-b4ea-ad7686e15faf",
	"83e47934-8143-47e8-8e0c-7a6cac20b27c",
	'',
	0);
INSERT INTO PE_PE
	VALUES ("33fb2ed2-ec75-4e6f-a6d4-e21055857eff",
	1,
	"96fe3446-a706-4a8b-b4cc-4ae9d3b52339",
	"00000000-0000-0000-0000-000000000000",
	14);
INSERT INTO SQ_P
	VALUES ("33fb2ed2-ec75-4e6f-a6d4-e21055857eff",
	"00000000-0000-0000-0000-000000000000");
INSERT INTO MSG_M
	VALUES ("66a75e55-db4d-4886-bd05-f8eabe471087",
	"9ff48987-d6be-4317-8380-3701a14af1c5",
	"33fb2ed2-ec75-4e6f-a6d4-e21055857eff",
	0);
INSERT INTO MSG_AM
	VALUES ("66a75e55-db4d-4886-bd05-f8eabe471087",
	'Informal Message',
	'',
	'',
	'',
	'',
	1,
	'XTFRCNVR3: jog',
	'');
INSERT INTO MSG_E
	VALUES ("66a75e55-db4d-4886-bd05-f8eabe471087",
	"2a8c5364-9fd0-4ae0-8afa-525b1d4fc608");
INSERT INTO MSG_A
	VALUES ("a2855151-b5bb-414b-be2a-712ca5bfc0f6",
	"00000000-0000-0000-0000-000000000000",
	"66a75e55-db4d-4886-bd05-f8eabe471087",
	'direction = MachineSide::Operator',
	'MachineSide::Operator',
	'',
	'',
	1);
INSERT INTO MSG_EA
	VALUES ("a2855151-b5bb-414b-be2a-712ca5bfc0f6",
	"66632603-6b22-4087-a83c-d2f87d4fdaa9",
	"f82b477b-5408-4420-9e41-8d67968f6a8b");
INSERT INTO MSG_M
	VALUES ("52bd2221-7bb4-45f4-8b9d-d6c363c143c0",
	"9ff48987-d6be-4317-8380-3701a14af1c5",
	"33fb2ed2-ec75-4e6f-a6d4-e21055857eff",
	0);
INSERT INTO MSG_AM
	VALUES ("52bd2221-7bb4-45f4-8b9d-d6c363c143c0",
	'Informal Message',
	'',
	'',
	'',
	'',
	1,
	'XTFRCNVR5: drive_rdy_for_inst',
	'');
INSERT INTO MSG_E
	VALUES ("52bd2221-7bb4-45f4-8b9d-d6c363c143c0",
	"a2442448-f8fb-4a19-883c-8bf885a8c63e");
INSERT INTO MSG_M
	VALUES ("26a41d1e-e2fd-4924-91a6-8ed1e138eb53",
	"c8adab38-c44d-46d3-b4ea-ad7686e15faf",
	"33fb2ed2-ec75-4e6f-a6d4-e21055857eff",
	0);
INSERT INTO MSG_AM
	VALUES ("26a41d1e-e2fd-4924-91a6-8ed1e138eb53",
	'Informal Message',
	'',
	'',
	'',
	'',
	1,
	'XTFRCNVR10: enable_control',
	'');
INSERT INTO MSG_E
	VALUES ("26a41d1e-e2fd-4924-91a6-8ed1e138eb53",
	"2cf88141-724c-421f-863b-848ab93217d0");
INSERT INTO MSG_M
	VALUES ("e9ccbe9b-21ca-4582-984c-4241538f790e",
	"33fb2ed2-ec75-4e6f-a6d4-e21055857eff",
	"33fb2ed2-ec75-4e6f-a6d4-e21055857eff",
	0);
INSERT INTO MSG_AM
	VALUES ("e9ccbe9b-21ca-4582-984c-4241538f790e",
	'Informal Message',
	'',
	'',
	'',
	'',
	1,
	'XTFRCNVR3: jog',
	'');
INSERT INTO MSG_E
	VALUES ("e9ccbe9b-21ca-4582-984c-4241538f790e",
	"2a8c5364-9fd0-4ae0-8afa-525b1d4fc608");
INSERT INTO MSG_A
	VALUES ("0cf9fd80-2e02-4dd9-b1a5-b3f77b4f51c3",
	"00000000-0000-0000-0000-000000000000",
	"e9ccbe9b-21ca-4582-984c-4241538f790e",
	'direction = MachineSide::Operator',
	'MachineSide::Operator',
	'',
	'',
	1);
INSERT INTO MSG_EA
	VALUES ("0cf9fd80-2e02-4dd9-b1a5-b3f77b4f51c3",
	"66632603-6b22-4087-a83c-d2f87d4fdaa9",
	"f82b477b-5408-4420-9e41-8d67968f6a8b");
INSERT INTO SQ_LS
	VALUES ("33fb2ed2-ec75-4e6f-a6d4-e21055857eff",
	"a53bfb33-e14c-4afa-b942-4e64ab32edd6",
	'',
	0);
INSERT INTO SQ_TM
	VALUES ("639d346e-0abb-454d-b99a-e7bc1362c4d4",
	'',
	"33fb2ed2-ec75-4e6f-a6d4-e21055857eff",
	'');
INSERT INTO SQ_TM
	VALUES ("862f7bed-4405-431e-bc4d-f5cebb9346ab",
	'',
	"33fb2ed2-ec75-4e6f-a6d4-e21055857eff",
	'');
INSERT INTO PE_PE
	VALUES ("6c54bac7-9520-4e46-89ca-8b20ade971ab",
	1,
	"96fe3446-a706-4a8b-b4cc-4ae9d3b52339",
	"00000000-0000-0000-0000-000000000000",
	14);
INSERT INTO SQ_P
	VALUES ("6c54bac7-9520-4e46-89ca-8b20ade971ab",
	"00000000-0000-0000-0000-000000000000");
INSERT INTO SQ_COP
	VALUES ("6c54bac7-9520-4e46-89ca-8b20ade971ab",
	"857d8bf8-51d0-4c6a-87d3-777cbdcc7160",
	'Intf_MotorDrive::ClientInterface::JogMotor::TestComponents::prv_JogMotor_ExpResp',
	'Velocity Control Drive',
	'',
	1);
INSERT INTO PE_PE
	VALUES ("f3402d94-af1d-4780-962d-20ee70593ee6",
	1,
	"96fe3446-a706-4a8b-b4cc-4ae9d3b52339",
	"00000000-0000-0000-0000-000000000000",
	14);
INSERT INTO SQ_P
	VALUES ("f3402d94-af1d-4780-962d-20ee70593ee6",
	"00000000-0000-0000-0000-000000000000");
INSERT INTO MSG_M
	VALUES ("f80cd2d3-5075-4d38-9bda-f695619c222a",
	"33fb2ed2-ec75-4e6f-a6d4-e21055857eff",
	"f3402d94-af1d-4780-962d-20ee70593ee6",
	0);
INSERT INTO MSG_AM
	VALUES ("f80cd2d3-5075-4d38-9bda-f695619c222a",
	'Informal Message',
	'',
	'',
	'',
	'',
	1,
	'jog',
	'');
INSERT INTO MSG_SIG
	VALUES ("f80cd2d3-5075-4d38-9bda-f695619c222a",
	"5088c18b-e00f-4dd3-b4a9-4f3e6167a4e1");
INSERT INTO MSG_A
	VALUES ("4e3eecc7-eed8-4553-9203-62d52ce9cc55",
	"00000000-0000-0000-0000-000000000000",
	"f80cd2d3-5075-4d38-9bda-f695619c222a",
	'direction = MotorDirection::Forward',
	'MotorDirection::Forward',
	'',
	'',
	1);
INSERT INTO MSG_EPA
	VALUES ("4e3eecc7-eed8-4553-9203-62d52ce9cc55",
	"78023594-0cca-4136-94cf-390307f0e11c");
INSERT INTO MSG_A
	VALUES ("a11acc14-7ca3-4a32-9a09-f3470215a7e5",
	"00000000-0000-0000-0000-000000000000",
	"f80cd2d3-5075-4d38-9bda-f695619c222a",
	'velocity',
	'',
	'',
	'',
	1);
INSERT INTO MSG_EPA
	VALUES ("a11acc14-7ca3-4a32-9a09-f3470215a7e5",
	"682d8317-4f82-49f7-9eb7-a604575b632b");
INSERT INTO MSG_A
	VALUES ("fc3c0abc-2109-43f1-9185-48139386b5d1",
	"00000000-0000-0000-0000-000000000000",
	"f80cd2d3-5075-4d38-9bda-f695619c222a",
	'acceleration',
	'',
	'',
	'',
	1);
INSERT INTO MSG_EPA
	VALUES ("fc3c0abc-2109-43f1-9185-48139386b5d1",
	"c18aafc1-5eb5-4a68-9f6f-0b38927a281d");
INSERT INTO MSG_A
	VALUES ("18e971f2-bec7-45a0-9b43-fe4bf054d202",
	"00000000-0000-0000-0000-000000000000",
	"f80cd2d3-5075-4d38-9bda-f695619c222a",
	'duration = 0',
	'0',
	'',
	'',
	1);
INSERT INTO MSG_EPA
	VALUES ("18e971f2-bec7-45a0-9b43-fe4bf054d202",
	"fda63fab-5fdc-461e-b4af-d3d978cf51e8");
INSERT INTO MSG_M
	VALUES ("9cc95a2b-4722-468a-b54a-32da6e9a7a27",
	"33fb2ed2-ec75-4e6f-a6d4-e21055857eff",
	"f3402d94-af1d-4780-962d-20ee70593ee6",
	0);
INSERT INTO MSG_AM
	VALUES ("9cc95a2b-4722-468a-b54a-32da6e9a7a27",
	'Informal Message',
	'',
	'',
	'',
	'',
	1,
	'jog',
	'');
INSERT INTO MSG_SIG
	VALUES ("9cc95a2b-4722-468a-b54a-32da6e9a7a27",
	"5088c18b-e00f-4dd3-b4a9-4f3e6167a4e1");
INSERT INTO MSG_A
	VALUES ("bdeb5e68-6155-49d5-97e9-689108a9f368",
	"00000000-0000-0000-0000-000000000000",
	"9cc95a2b-4722-468a-b54a-32da6e9a7a27",
	'direction = MotorDirection::Forward',
	'MotorDirection::Forward',
	'',
	'',
	1);
INSERT INTO MSG_EPA
	VALUES ("bdeb5e68-6155-49d5-97e9-689108a9f368",
	"78023594-0cca-4136-94cf-390307f0e11c");
INSERT INTO MSG_A
	VALUES ("68ceadf5-2c43-4698-b321-05095011985e",
	"00000000-0000-0000-0000-000000000000",
	"9cc95a2b-4722-468a-b54a-32da6e9a7a27",
	'velocity',
	'',
	'',
	'',
	1);
INSERT INTO MSG_EPA
	VALUES ("68ceadf5-2c43-4698-b321-05095011985e",
	"682d8317-4f82-49f7-9eb7-a604575b632b");
INSERT INTO MSG_A
	VALUES ("848027f3-082a-4554-978b-85c53d0231d4",
	"00000000-0000-0000-0000-000000000000",
	"9cc95a2b-4722-468a-b54a-32da6e9a7a27",
	'acceleration',
	'',
	'',
	'',
	1);
INSERT INTO MSG_EPA
	VALUES ("848027f3-082a-4554-978b-85c53d0231d4",
	"c18aafc1-5eb5-4a68-9f6f-0b38927a281d");
INSERT INTO MSG_A
	VALUES ("373507cb-c771-4f06-9fb9-b2d57e4400fe",
	"00000000-0000-0000-0000-000000000000",
	"9cc95a2b-4722-468a-b54a-32da6e9a7a27",
	'duration = 0',
	'0',
	'',
	'',
	1);
INSERT INTO MSG_EPA
	VALUES ("373507cb-c771-4f06-9fb9-b2d57e4400fe",
	"fda63fab-5fdc-461e-b4af-d3d978cf51e8");
INSERT INTO MSG_M
	VALUES ("f0a76fa1-b0e6-4bff-b630-bca0a5086235",
	"c8adab38-c44d-46d3-b4ea-ad7686e15faf",
	"f3402d94-af1d-4780-962d-20ee70593ee6",
	0);
INSERT INTO MSG_AM
	VALUES ("f0a76fa1-b0e6-4bff-b630-bca0a5086235",
	'Informal Message',
	'',
	'',
	'',
	'',
	1,
	'stop',
	'');
INSERT INTO MSG_SIG
	VALUES ("f0a76fa1-b0e6-4bff-b630-bca0a5086235",
	"9241cf5d-2f11-4b22-9139-4bd3137ca986");
INSERT INTO SQ_LS
	VALUES ("f3402d94-af1d-4780-962d-20ee70593ee6",
	"6c54bac7-9520-4e46-89ca-8b20ade971ab",
	'',
	0);
INSERT INTO SQ_TM
	VALUES ("26a5136a-973b-4583-9805-1658f15b98e7",
	'',
	"f3402d94-af1d-4780-962d-20ee70593ee6",
	'');
INSERT INTO SQ_TS
	VALUES ("8cdc77dd-7468-406c-9de3-1d76bad1a55a",
	"c91632b2-c7b6-4057-99bd-3141d02ea9b5",
	"26a5136a-973b-4583-9805-1658f15b98e7",
	'Motor Jogging Forward',
	'');
INSERT INTO SQ_TM
	VALUES ("c91632b2-c7b6-4057-99bd-3141d02ea9b5",
	'',
	"f3402d94-af1d-4780-962d-20ee70593ee6",
	'');
INSERT INTO SQ_TM
	VALUES ("7b7335d7-813f-4119-b7fc-3e7073ef28e5",
	'',
	"f3402d94-af1d-4780-962d-20ee70593ee6",
	'');
INSERT INTO SQ_TS
	VALUES ("f02bcf57-6272-4969-bd9d-cd5966f41bd0",
	"9f999a1e-a87d-4caf-8667-7577fea79e71",
	"7b7335d7-813f-4119-b7fc-3e7073ef28e5",
	'Motor Jogging Forward',
	'');
INSERT INTO SQ_TM
	VALUES ("9f999a1e-a87d-4caf-8667-7577fea79e71",
	'',
	"f3402d94-af1d-4780-962d-20ee70593ee6",
	'');
INSERT INTO PE_PE
	VALUES ("d941b316-012d-49da-9dda-481f9d8cf059",
	1,
	"96fe3446-a706-4a8b-b4cc-4ae9d3b52339",
	"00000000-0000-0000-0000-000000000000",
	14);
INSERT INTO SQ_P
	VALUES ("d941b316-012d-49da-9dda-481f9d8cf059",
	"00000000-0000-0000-0000-000000000000");
INSERT INTO SQ_COP
	VALUES ("d941b316-012d-49da-9dda-481f9d8cf059",
	"27fa8983-0f1d-4798-a8a5-618171014feb",
	'Diverter::Design::Model::Diverter',
	'Informal Component',
	'',
	1);
INSERT INTO PE_PE
	VALUES ("9ff48987-d6be-4317-8380-3701a14af1c5",
	1,
	"96fe3446-a706-4a8b-b4cc-4ae9d3b52339",
	"00000000-0000-0000-0000-000000000000",
	14);
INSERT INTO SQ_P
	VALUES ("9ff48987-d6be-4317-8380-3701a14af1c5",
	"00000000-0000-0000-0000-000000000000");
INSERT INTO MSG_M
	VALUES ("36368feb-48f2-49ea-9669-c3c9d6d90afa",
	"33d47434-ba24-4cdc-8273-ff60894962ce",
	"9ff48987-d6be-4317-8380-3701a14af1c5",
	0);
INSERT INTO MSG_AM
	VALUES ("36368feb-48f2-49ea-9669-c3c9d6d90afa",
	'Informal Message',
	'',
	'',
	'',
	'',
	1,
	'xtfr_jog_switch_position_changed',
	'');
INSERT INTO MSG_SIG
	VALUES ("36368feb-48f2-49ea-9669-c3c9d6d90afa",
	"ad786695-010d-4e54-86a6-57e572786231");
INSERT INTO MSG_A
	VALUES ("e91fb7c2-125c-4d1c-864d-deb0c7602129",
	"00000000-0000-0000-0000-000000000000",
	"36368feb-48f2-49ea-9669-c3c9d6d90afa",
	'new_position = JogSwitchPosition::Operator',
	'JogSwitchPosition::Operator',
	'',
	'',
	1);
INSERT INTO MSG_EPA
	VALUES ("e91fb7c2-125c-4d1c-864d-deb0c7602129",
	"08bf01d4-2033-48cc-a3d4-ee8bb4eb9520");
INSERT INTO MSG_M
	VALUES ("b12be6f7-ef80-4c5b-bbed-8e815f535499",
	"f3402d94-af1d-4780-962d-20ee70593ee6",
	"9ff48987-d6be-4317-8380-3701a14af1c5",
	0);
INSERT INTO MSG_AM
	VALUES ("b12be6f7-ef80-4c5b-bbed-8e815f535499",
	'Informal Message',
	'',
	'',
	'',
	'',
	1,
	'motion_initiated',
	'');
INSERT INTO MSG_SIG
	VALUES ("b12be6f7-ef80-4c5b-bbed-8e815f535499",
	"6959782d-b94d-4525-9720-fcb3ab20776f");
INSERT INTO MSG_M
	VALUES ("4646b6c0-5b6e-49a7-9d0c-dbeaf836a09f",
	"f3402d94-af1d-4780-962d-20ee70593ee6",
	"9ff48987-d6be-4317-8380-3701a14af1c5",
	0);
INSERT INTO MSG_AM
	VALUES ("4646b6c0-5b6e-49a7-9d0c-dbeaf836a09f",
	'Informal Message',
	'',
	'',
	'',
	'',
	1,
	'motion_complete',
	'');
INSERT INTO MSG_SIG
	VALUES ("4646b6c0-5b6e-49a7-9d0c-dbeaf836a09f",
	"7830f4a2-ff94-4ac8-a5d1-fd897ee6bfaf");
INSERT INTO MSG_M
	VALUES ("a9ddf0a2-2078-4cf1-9574-db2643c5d777",
	"f3402d94-af1d-4780-962d-20ee70593ee6",
	"9ff48987-d6be-4317-8380-3701a14af1c5",
	0);
INSERT INTO MSG_AM
	VALUES ("a9ddf0a2-2078-4cf1-9574-db2643c5d777",
	'Informal Message',
	'',
	'',
	'',
	'',
	1,
	'motion_initiated',
	'');
INSERT INTO MSG_SIG
	VALUES ("a9ddf0a2-2078-4cf1-9574-db2643c5d777",
	"6959782d-b94d-4525-9720-fcb3ab20776f");
INSERT INTO SQ_LS
	VALUES ("9ff48987-d6be-4317-8380-3701a14af1c5",
	"d941b316-012d-49da-9dda-481f9d8cf059",
	'',
	0);
INSERT INTO SQ_TM
	VALUES ("fa3532da-6c15-491c-9491-a17247831cef",
	'',
	"9ff48987-d6be-4317-8380-3701a14af1c5",
	'');
INSERT INTO SQ_TS
	VALUES ("baa11e34-5142-4709-a318-2c73aba20486",
	"373eaeaf-6a66-4ea2-9818-e0ae329e8fb9",
	"fa3532da-6c15-491c-9491-a17247831cef",
	'User continually holding switch in jog operator position.',
	'');
INSERT INTO SQ_TM
	VALUES ("373eaeaf-6a66-4ea2-9818-e0ae329e8fb9",
	'',
	"9ff48987-d6be-4317-8380-3701a14af1c5",
	'');
INSERT INTO PE_PE
	VALUES ("7afe145e-3c52-4eec-be03-ef112324a18d",
	1,
	"96fe3446-a706-4a8b-b4cc-4ae9d3b52339",
	"00000000-0000-0000-0000-000000000000",
	14);
INSERT INTO SQ_P
	VALUES ("7afe145e-3c52-4eec-be03-ef112324a18d",
	"00000000-0000-0000-0000-000000000000");
INSERT INTO SQ_CIP
	VALUES ("7afe145e-3c52-4eec-be03-ef112324a18d",
	"e530f8f2-a9fb-46e0-b7d9-9c46dc77bc67",
	'Actuator',
	'Informal Class',
	'Actuator : Actuator',
	'',
	1);
INSERT INTO SQ_AV
	VALUES ("ff420d61-e156-4621-b6d7-f8dc6a790c4d",
	"e530f8f2-a9fb-46e0-b7d9-9c46dc77bc67",
	"a69ddb85-4697-4771-be27-966cef68feda",
	'current_state',
	'',
	'',
	"00000000-0000-0000-0000-000000000000",
	"7afe145e-3c52-4eec-be03-ef112324a18d",
	'',
	1);
INSERT INTO SQ_FAV
	VALUES ("ff420d61-e156-4621-b6d7-f8dc6a790c4d");
INSERT INTO SQ_AV
	VALUES ("5832094d-e90d-4d5f-9ed5-9c7cb4785742",
	"e530f8f2-a9fb-46e0-b7d9-9c46dc77bc67",
	"5be94755-35b2-414e-a4cb-41e5b4d8d00a",
	'Id',
	'',
	'',
	"00000000-0000-0000-0000-000000000000",
	"7afe145e-3c52-4eec-be03-ef112324a18d",
	'',
	1);
INSERT INTO SQ_FAV
	VALUES ("5832094d-e90d-4d5f-9ed5-9c7cb4785742");
INSERT INTO PE_PE
	VALUES ("a78a3051-9248-42b6-883a-ba999f03c6a0",
	1,
	"96fe3446-a706-4a8b-b4cc-4ae9d3b52339",
	"00000000-0000-0000-0000-000000000000",
	14);
INSERT INTO SQ_P
	VALUES ("a78a3051-9248-42b6-883a-ba999f03c6a0",
	"00000000-0000-0000-0000-000000000000");
INSERT INTO SQ_LS
	VALUES ("a78a3051-9248-42b6-883a-ba999f03c6a0",
	"7afe145e-3c52-4eec-be03-ef112324a18d",
	'',
	0);
INSERT INTO PE_PE
	VALUES ("e56b9d71-6f25-4ae9-b84e-66611ede801d",
	1,
	"96fe3446-a706-4a8b-b4cc-4ae9d3b52339",
	"00000000-0000-0000-0000-000000000000",
	14);
INSERT INTO SQ_P
	VALUES ("e56b9d71-6f25-4ae9-b84e-66611ede801d",
	"00000000-0000-0000-0000-000000000000");
INSERT INTO SQ_CIP
	VALUES ("e56b9d71-6f25-4ae9-b84e-66611ede801d",
	"967dd439-60bd-4f4f-a441-17d4ef22276f",
	'DiverterBay',
	'Informal Class',
	'DiverterBay : Diverter Bay',
	'',
	1);
INSERT INTO SQ_AV
	VALUES ("66cbf9fd-4e94-4d9a-98df-25a2cf04efe6",
	"967dd439-60bd-4f4f-a441-17d4ef22276f",
	"db33da01-0f4a-4707-837c-1e717c138ead",
	'current_state',
	'',
	'',
	"00000000-0000-0000-0000-000000000000",
	"e56b9d71-6f25-4ae9-b84e-66611ede801d",
	'',
	1);
INSERT INTO SQ_FAV
	VALUES ("66cbf9fd-4e94-4d9a-98df-25a2cf04efe6");
INSERT INTO SQ_AV
	VALUES ("ad53a004-3c40-497b-965a-291c0f10481d",
	"967dd439-60bd-4f4f-a441-17d4ef22276f",
	"17dd959d-65de-4cf3-a813-73fdc5bbc94d",
	'sheet_settling_timer',
	'',
	'',
	"00000000-0000-0000-0000-000000000000",
	"e56b9d71-6f25-4ae9-b84e-66611ede801d",
	'',
	1);
INSERT INTO SQ_FAV
	VALUES ("ad53a004-3c40-497b-965a-291c0f10481d");
INSERT INTO PE_PE
	VALUES ("f3a6969d-090f-46d3-a566-c49cf8ac16c1",
	1,
	"96fe3446-a706-4a8b-b4cc-4ae9d3b52339",
	"00000000-0000-0000-0000-000000000000",
	14);
INSERT INTO SQ_P
	VALUES ("f3a6969d-090f-46d3-a566-c49cf8ac16c1",
	"00000000-0000-0000-0000-000000000000");
INSERT INTO SQ_LS
	VALUES ("f3a6969d-090f-46d3-a566-c49cf8ac16c1",
	"e56b9d71-6f25-4ae9-b84e-66611ede801d",
	'',
	0);
INSERT INTO PE_PE
	VALUES ("5a2145dd-e07d-40df-910d-185ce0f8871a",
	1,
	"96fe3446-a706-4a8b-b4cc-4ae9d3b52339",
	"00000000-0000-0000-0000-000000000000",
	14);
INSERT INTO SQ_P
	VALUES ("5a2145dd-e07d-40df-910d-185ce0f8871a",
	"00000000-0000-0000-0000-000000000000");
INSERT INTO SQ_CIP
	VALUES ("5a2145dd-e07d-40df-910d-185ce0f8871a",
	"68b26804-eac9-4cfe-9193-cd41226d7f08",
	'HesitatingRollout',
	'Informal Class',
	'HesitatingRollout : Hesitating Rollout',
	'',
	1);
INSERT INTO SQ_AV
	VALUES ("e0fd0796-e735-4a4d-94af-046439288ad2",
	"68b26804-eac9-4cfe-9193-cd41226d7f08",
	"a86c3350-bff1-416a-817e-1b31c383bb1b",
	'current_state',
	'',
	'',
	"00000000-0000-0000-0000-000000000000",
	"5a2145dd-e07d-40df-910d-185ce0f8871a",
	'',
	1);
INSERT INTO SQ_FAV
	VALUES ("e0fd0796-e735-4a4d-94af-046439288ad2");
INSERT INTO SQ_AV
	VALUES ("b18a3a2c-166a-4b27-85ab-7f9e8e950df2",
	"68b26804-eac9-4cfe-9193-cd41226d7f08",
	"70618bb4-0b16-4217-a465-1a3fd66b4406",
	'preliminary_move_time',
	'',
	'',
	"00000000-0000-0000-0000-000000000000",
	"5a2145dd-e07d-40df-910d-185ce0f8871a",
	'',
	1);
INSERT INTO SQ_FAV
	VALUES ("b18a3a2c-166a-4b27-85ab-7f9e8e950df2");
INSERT INTO PE_PE
	VALUES ("c15baf1c-23d9-4910-a678-ffa2fd86da4b",
	1,
	"96fe3446-a706-4a8b-b4cc-4ae9d3b52339",
	"00000000-0000-0000-0000-000000000000",
	14);
INSERT INTO SQ_P
	VALUES ("c15baf1c-23d9-4910-a678-ffa2fd86da4b",
	"00000000-0000-0000-0000-000000000000");
INSERT INTO MSG_M
	VALUES ("053df110-be25-4cfa-be60-084e2878a59e",
	"c8adab38-c44d-46d3-b4ea-ad7686e15faf",
	"c15baf1c-23d9-4910-a678-ffa2fd86da4b",
	0);
INSERT INTO MSG_AM
	VALUES ("053df110-be25-4cfa-be60-084e2878a59e",
	'Informal Message',
	'',
	'',
	'',
	'',
	1,
	'AUTOSEQ11: initiate_auto_seq',
	'');
INSERT INTO MSG_E
	VALUES ("053df110-be25-4cfa-be60-084e2878a59e",
	"3357b94a-c8eb-49a3-a7f0-e8dc85ede7c4");
INSERT INTO SQ_LS
	VALUES ("c15baf1c-23d9-4910-a678-ffa2fd86da4b",
	"5a2145dd-e07d-40df-910d-185ce0f8871a",
	'',
	0);
INSERT INTO SQ_TM
	VALUES ("b73bf2cd-94c0-4a4e-9073-d5d9e1b57ad0",
	'',
	"c15baf1c-23d9-4910-a678-ffa2fd86da4b",
	'');
INSERT INTO SQ_TS
	VALUES ("4fb490b3-1a23-4faf-b22d-2e6659ec93a9",
	"68c953e0-fe0c-4e2e-af8d-c9414e71860b",
	"b73bf2cd-94c0-4a4e-9073-d5d9e1b57ad0",
	'Conveyor movement controlled by automatic sequence in this timeframe.',
	'');
INSERT INTO SQ_TM
	VALUES ("68c953e0-fe0c-4e2e-af8d-c9414e71860b",
	'',
	"c15baf1c-23d9-4910-a678-ffa2fd86da4b",
	'');
INSERT INTO PE_PE
	VALUES ("66a75e55-db4d-4886-bd05-f8eabe471087",
	1,
	"96fe3446-a706-4a8b-b4cc-4ae9d3b52339",
	"00000000-0000-0000-0000-000000000000",
	17);
INSERT INTO PE_PE
	VALUES ("36368feb-48f2-49ea-9669-c3c9d6d90afa",
	1,
	"96fe3446-a706-4a8b-b4cc-4ae9d3b52339",
	"00000000-0000-0000-0000-000000000000",
	17);
INSERT INTO PE_PE
	VALUES ("69ed0b10-20c1-4f1c-b9ea-d8c31312b6e7",
	1,
	"96fe3446-a706-4a8b-b4cc-4ae9d3b52339",
	"00000000-0000-0000-0000-000000000000",
	17);
INSERT INTO PE_PE
	VALUES ("f80cd2d3-5075-4d38-9bda-f695619c222a",
	1,
	"96fe3446-a706-4a8b-b4cc-4ae9d3b52339",
	"00000000-0000-0000-0000-000000000000",
	17);
INSERT INTO PE_PE
	VALUES ("9cc95a2b-4722-468a-b54a-32da6e9a7a27",
	1,
	"96fe3446-a706-4a8b-b4cc-4ae9d3b52339",
	"00000000-0000-0000-0000-000000000000",
	17);
INSERT INTO PE_PE
	VALUES ("b12be6f7-ef80-4c5b-bbed-8e815f535499",
	1,
	"96fe3446-a706-4a8b-b4cc-4ae9d3b52339",
	"00000000-0000-0000-0000-000000000000",
	17);
INSERT INTO PE_PE
	VALUES ("52bd2221-7bb4-45f4-8b9d-d6c363c143c0",
	1,
	"96fe3446-a706-4a8b-b4cc-4ae9d3b52339",
	"00000000-0000-0000-0000-000000000000",
	17);
INSERT INTO PE_PE
	VALUES ("4646b6c0-5b6e-49a7-9d0c-dbeaf836a09f",
	1,
	"96fe3446-a706-4a8b-b4cc-4ae9d3b52339",
	"00000000-0000-0000-0000-000000000000",
	17);
INSERT INTO PE_PE
	VALUES ("29bdf163-2276-41f3-9934-bd67fe272f9b",
	1,
	"96fe3446-a706-4a8b-b4cc-4ae9d3b52339",
	"00000000-0000-0000-0000-000000000000",
	17);
INSERT INTO PE_PE
	VALUES ("f0a76fa1-b0e6-4bff-b630-bca0a5086235",
	1,
	"96fe3446-a706-4a8b-b4cc-4ae9d3b52339",
	"00000000-0000-0000-0000-000000000000",
	17);
INSERT INTO PE_PE
	VALUES ("3c82201d-da82-4663-9a41-ac2fd78595ca",
	1,
	"96fe3446-a706-4a8b-b4cc-4ae9d3b52339",
	"00000000-0000-0000-0000-000000000000",
	17);
INSERT INTO PE_PE
	VALUES ("6675ccc7-7945-4171-b4c2-eefbc81b0bae",
	1,
	"96fe3446-a706-4a8b-b4cc-4ae9d3b52339",
	"00000000-0000-0000-0000-000000000000",
	17);
INSERT INTO PE_PE
	VALUES ("053df110-be25-4cfa-be60-084e2878a59e",
	1,
	"96fe3446-a706-4a8b-b4cc-4ae9d3b52339",
	"00000000-0000-0000-0000-000000000000",
	17);
INSERT INTO PE_PE
	VALUES ("572a1c7d-2f5a-4ee1-9401-042a917107ac",
	1,
	"96fe3446-a706-4a8b-b4cc-4ae9d3b52339",
	"00000000-0000-0000-0000-000000000000",
	17);
INSERT INTO PE_PE
	VALUES ("26a41d1e-e2fd-4924-91a6-8ed1e138eb53",
	1,
	"96fe3446-a706-4a8b-b4cc-4ae9d3b52339",
	"00000000-0000-0000-0000-000000000000",
	17);
INSERT INTO PE_PE
	VALUES ("e9ccbe9b-21ca-4582-984c-4241538f790e",
	1,
	"96fe3446-a706-4a8b-b4cc-4ae9d3b52339",
	"00000000-0000-0000-0000-000000000000",
	17);
INSERT INTO PE_PE
	VALUES ("87a8afd2-0de3-4369-b884-321acd1fcc83",
	1,
	"96fe3446-a706-4a8b-b4cc-4ae9d3b52339",
	"00000000-0000-0000-0000-000000000000",
	17);
INSERT INTO PE_PE
	VALUES ("a9ddf0a2-2078-4cf1-9574-db2643c5d777",
	1,
	"96fe3446-a706-4a8b-b4cc-4ae9d3b52339",
	"00000000-0000-0000-0000-000000000000",
	17);
INSERT INTO PE_PE
	VALUES ("b01f7910-513c-461c-9180-279f10cbebee",
	1,
	"853b869e-2494-4e86-81ce-02bf54ddf973",
	"00000000-0000-0000-0000-000000000000",
	7);
INSERT INTO EP_PKG
	VALUES ("b01f7910-513c-461c-9180-279f10cbebee",
	"00000000-0000-0000-0000-000000000000",
	"a4578804-6c2e-4c96-9428-cb3a7061868f",
	'CrossTransferConveyor_ManualJog',
	'',
	0);
INSERT INTO PE_PE
	VALUES ("9324dfaf-df97-4777-9a72-68b6c19da3b8",
	1,
	"b01f7910-513c-461c-9180-279f10cbebee",
	"00000000-0000-0000-0000-000000000000",
	14);
INSERT INTO SQ_P
	VALUES ("9324dfaf-df97-4777-9a72-68b6c19da3b8",
	"00000000-0000-0000-0000-000000000000");
INSERT INTO SQ_AP
	VALUES ("9324dfaf-df97-4777-9a72-68b6c19da3b8",
	'Corrugator Operator',
	'',
	"00000000-0000-0000-0000-000000000000");
INSERT INTO PE_PE
	VALUES ("eeac9f7a-c55a-4811-8306-dcf86cedbfce",
	1,
	"b01f7910-513c-461c-9180-279f10cbebee",
	"00000000-0000-0000-0000-000000000000",
	14);
INSERT INTO SQ_P
	VALUES ("eeac9f7a-c55a-4811-8306-dcf86cedbfce",
	"00000000-0000-0000-0000-000000000000");
INSERT INTO SQ_CIP
	VALUES ("eeac9f7a-c55a-4811-8306-dcf86cedbfce",
	"25a7da66-8d4e-40d2-9e48-725b2461dbe9",
	'CrossTransferConveyor',
	'Informal Class',
	'CrossTransferConveyor : Cross Transfer Conveyor',
	'',
	1);
INSERT INTO SQ_AV
	VALUES ("18dd3cb6-b5d3-477d-a0d9-45a8613e8592",
	"25a7da66-8d4e-40d2-9e48-725b2461dbe9",
	"afd5c3ce-e509-41c3-9874-eaf5da2f7323",
	'current_state',
	'',
	'',
	"00000000-0000-0000-0000-000000000000",
	"eeac9f7a-c55a-4811-8306-dcf86cedbfce",
	'',
	1);
INSERT INTO SQ_FAV
	VALUES ("18dd3cb6-b5d3-477d-a0d9-45a8613e8592");
INSERT INTO SQ_AV
	VALUES ("1a681f55-94fd-4581-87b0-6993225f628c",
	"25a7da66-8d4e-40d2-9e48-725b2461dbe9",
	"e1bbe36a-4341-4c7d-8147-95a403d8ceb6",
	'stopping_time',
	'',
	'',
	"00000000-0000-0000-0000-000000000000",
	"eeac9f7a-c55a-4811-8306-dcf86cedbfce",
	'',
	1);
INSERT INTO SQ_FAV
	VALUES ("1a681f55-94fd-4581-87b0-6993225f628c");
INSERT INTO SQ_AV
	VALUES ("5728acc5-05f7-4f2d-b741-d20761a55a07",
	"25a7da66-8d4e-40d2-9e48-725b2461dbe9",
	"b6b14f55-78eb-47f4-81c0-283fbbe875c3",
	'Id',
	'',
	'',
	"00000000-0000-0000-0000-000000000000",
	"eeac9f7a-c55a-4811-8306-dcf86cedbfce",
	'',
	1);
INSERT INTO SQ_FAV
	VALUES ("5728acc5-05f7-4f2d-b741-d20761a55a07");
INSERT INTO SQ_AV
	VALUES ("e448ccc0-beed-4620-8af5-97caeb1a6d5b",
	"25a7da66-8d4e-40d2-9e48-725b2461dbe9",
	"57e37dd5-1173-4754-bf8f-adcf1b403949",
	'drive_side',
	'',
	'',
	"00000000-0000-0000-0000-000000000000",
	"eeac9f7a-c55a-4811-8306-dcf86cedbfce",
	'',
	1);
INSERT INTO SQ_FAV
	VALUES ("e448ccc0-beed-4620-8af5-97caeb1a6d5b");
INSERT INTO PE_PE
	VALUES ("fd888239-d5ff-4d19-b784-0550df3118bd",
	1,
	"b01f7910-513c-461c-9180-279f10cbebee",
	"00000000-0000-0000-0000-000000000000",
	14);
INSERT INTO SQ_P
	VALUES ("fd888239-d5ff-4d19-b784-0550df3118bd",
	"00000000-0000-0000-0000-000000000000");
INSERT INTO SQ_CIP
	VALUES ("fd888239-d5ff-4d19-b784-0550df3118bd",
	"5d77175d-d671-463d-974e-4471bcb408f5",
	'CTC_Manual Sequencer',
	'Informal Class',
	'CTC_Manual Sequencer : Manual Sequence',
	'',
	1);
INSERT INTO SQ_AV
	VALUES ("79e633af-e219-4914-a70a-836973a3a0dd",
	"5d77175d-d671-463d-974e-4471bcb408f5",
	"925bc5c5-aba0-4146-8bd9-2b48b2bc34de",
	'current_state',
	'',
	'',
	"00000000-0000-0000-0000-000000000000",
	"fd888239-d5ff-4d19-b784-0550df3118bd",
	'',
	1);
INSERT INTO SQ_FAV
	VALUES ("79e633af-e219-4914-a70a-836973a3a0dd");
INSERT INTO SQ_AV
	VALUES ("1b28eaba-a5e7-4519-84f3-42f972c920ef",
	"5d77175d-d671-463d-974e-4471bcb408f5",
	"f54ceda1-eb8a-496a-a4b5-e412aa9a6d1a",
	'jog_direction',
	'',
	'',
	"00000000-0000-0000-0000-000000000000",
	"fd888239-d5ff-4d19-b784-0550df3118bd",
	'',
	1);
INSERT INTO SQ_FAV
	VALUES ("1b28eaba-a5e7-4519-84f3-42f972c920ef");
INSERT INTO PE_PE
	VALUES ("179c0f4d-a2b1-4266-9145-8f561f810e0c",
	1,
	"b01f7910-513c-461c-9180-279f10cbebee",
	"00000000-0000-0000-0000-000000000000",
	14);
INSERT INTO SQ_P
	VALUES ("179c0f4d-a2b1-4266-9145-8f561f810e0c",
	"00000000-0000-0000-0000-000000000000");
INSERT INTO SQ_LS
	VALUES ("179c0f4d-a2b1-4266-9145-8f561f810e0c",
	"9324dfaf-df97-4777-9a72-68b6c19da3b8",
	'',
	0);
INSERT INTO PE_PE
	VALUES ("c5ead060-86dd-4461-a642-e6fc1178bb75",
	1,
	"b01f7910-513c-461c-9180-279f10cbebee",
	"00000000-0000-0000-0000-000000000000",
	14);
INSERT INTO SQ_P
	VALUES ("c5ead060-86dd-4461-a642-e6fc1178bb75",
	"00000000-0000-0000-0000-000000000000");
INSERT INTO MSG_M
	VALUES ("56d034a7-6560-436f-b13b-6f197cc697b0",
	"6e403da9-94ae-414c-8ffd-424b37bd3087",
	"c5ead060-86dd-4461-a642-e6fc1178bb75",
	0);
INSERT INTO MSG_SM
	VALUES ("56d034a7-6560-436f-b13b-6f197cc697b0",
	'Informal Message',
	'',
	'',
	'',
	'MotorDirection::Forward',
	1,
	'GetMotorDirection',
	'');
INSERT INTO MSG_O
	VALUES ("56d034a7-6560-436f-b13b-6f197cc697b0",
	"688972dd-f628-4d10-9d26-640e6ab486aa");
INSERT INTO MSG_A
	VALUES ("1be77178-17c6-4cfe-b8ba-524d6e4d1605",
	"00000000-0000-0000-0000-000000000000",
	"56d034a7-6560-436f-b13b-6f197cc697b0",
	'machine_side = MachineSide::Operator',
	'MachineSide::Operator',
	'',
	'',
	1);
INSERT INTO MSG_OA
	VALUES ("1be77178-17c6-4cfe-b8ba-524d6e4d1605",
	"41e9722c-a510-4e7d-bbf6-d778f8fb5913");
INSERT INTO SQ_LS
	VALUES ("c5ead060-86dd-4461-a642-e6fc1178bb75",
	"eeac9f7a-c55a-4811-8306-dcf86cedbfce",
	'',
	0);
INSERT INTO PE_PE
	VALUES ("6e403da9-94ae-414c-8ffd-424b37bd3087",
	1,
	"b01f7910-513c-461c-9180-279f10cbebee",
	"00000000-0000-0000-0000-000000000000",
	14);
INSERT INTO SQ_P
	VALUES ("6e403da9-94ae-414c-8ffd-424b37bd3087",
	"00000000-0000-0000-0000-000000000000");
INSERT INTO MSG_M
	VALUES ("f8a648c0-58be-4754-b0ca-e0a815f956c6",
	"cf735eda-cfd9-4c71-b455-4a4dc8e8fd9f",
	"6e403da9-94ae-414c-8ffd-424b37bd3087",
	0);
INSERT INTO MSG_AM
	VALUES ("f8a648c0-58be-4754-b0ca-e0a815f956c6",
	'Informal Message',
	'',
	'',
	'',
	'',
	1,
	'XTFRCNVR3: jog',
	'');
INSERT INTO MSG_E
	VALUES ("f8a648c0-58be-4754-b0ca-e0a815f956c6",
	"2a8c5364-9fd0-4ae0-8afa-525b1d4fc608");
INSERT INTO MSG_A
	VALUES ("fec5bc95-2169-438b-92b6-d92c22ad6bdb",
	"00000000-0000-0000-0000-000000000000",
	"f8a648c0-58be-4754-b0ca-e0a815f956c6",
	'direction = MachineSide::Operator',
	'MachineSide::Operator',
	'',
	'',
	1);
INSERT INTO MSG_EA
	VALUES ("fec5bc95-2169-438b-92b6-d92c22ad6bdb",
	"66632603-6b22-4087-a83c-d2f87d4fdaa9",
	"f82b477b-5408-4420-9e41-8d67968f6a8b");
INSERT INTO MSG_M
	VALUES ("3a520feb-f4dd-45cf-b9ee-d7448447bdeb",
	"cf735eda-cfd9-4c71-b455-4a4dc8e8fd9f",
	"6e403da9-94ae-414c-8ffd-424b37bd3087",
	0);
INSERT INTO MSG_AM
	VALUES ("3a520feb-f4dd-45cf-b9ee-d7448447bdeb",
	'Informal Message',
	'',
	'',
	'',
	'',
	1,
	'XTFRCNVR4: jog_complete',
	'');
INSERT INTO MSG_E
	VALUES ("3a520feb-f4dd-45cf-b9ee-d7448447bdeb",
	"803145dd-9ca6-43a6-bbec-873de6d0d25b");
INSERT INTO MSG_M
	VALUES ("2bc324a3-e2e1-4fba-b0d5-d47910cfb06a",
	"cf735eda-cfd9-4c71-b455-4a4dc8e8fd9f",
	"6e403da9-94ae-414c-8ffd-424b37bd3087",
	0);
INSERT INTO MSG_AM
	VALUES ("2bc324a3-e2e1-4fba-b0d5-d47910cfb06a",
	'Informal Message',
	'',
	'',
	'',
	'',
	1,
	'XTFRCNVR9: motor_stopped',
	'');
INSERT INTO MSG_E
	VALUES ("2bc324a3-e2e1-4fba-b0d5-d47910cfb06a",
	"6d6d4e70-a53a-43ec-9b74-154652e68560");
INSERT INTO MSG_M
	VALUES ("2ec6107d-309c-4d60-9d7e-76601a9ff09c",
	"cf735eda-cfd9-4c71-b455-4a4dc8e8fd9f",
	"6e403da9-94ae-414c-8ffd-424b37bd3087",
	0);
INSERT INTO MSG_AM
	VALUES ("2ec6107d-309c-4d60-9d7e-76601a9ff09c",
	'Informal Message',
	'',
	'',
	'',
	'',
	1,
	'XTFRCNVR5: drive_rdy_for_inst',
	'');
INSERT INTO MSG_E
	VALUES ("2ec6107d-309c-4d60-9d7e-76601a9ff09c",
	"a2442448-f8fb-4a19-883c-8bf885a8c63e");
INSERT INTO SQ_LS
	VALUES ("6e403da9-94ae-414c-8ffd-424b37bd3087",
	"fd888239-d5ff-4d19-b784-0550df3118bd",
	'',
	0);
INSERT INTO SQ_TM
	VALUES ("38f02754-6cf1-4f7d-a571-d0a65d836538",
	'',
	"6e403da9-94ae-414c-8ffd-424b37bd3087",
	'');
INSERT INTO SQ_TM
	VALUES ("3c46ce56-d244-4843-926f-30884fdb4dac",
	'',
	"6e403da9-94ae-414c-8ffd-424b37bd3087",
	'');
INSERT INTO PE_PE
	VALUES ("0dec1776-13f5-4331-8d04-d822cb6f59f5",
	1,
	"b01f7910-513c-461c-9180-279f10cbebee",
	"00000000-0000-0000-0000-000000000000",
	14);
INSERT INTO SQ_P
	VALUES ("0dec1776-13f5-4331-8d04-d822cb6f59f5",
	"00000000-0000-0000-0000-000000000000");
INSERT INTO SQ_COP
	VALUES ("0dec1776-13f5-4331-8d04-d822cb6f59f5",
	"857d8bf8-51d0-4c6a-87d3-777cbdcc7160",
	'Intf_MotorDrive::ClientInterface::JogMotor::TestComponents::prv_JogMotor_ExpResp',
	'Velocity Control Drive',
	'',
	1);
INSERT INTO PE_PE
	VALUES ("3c445a10-5773-4f34-b427-95b76fe24e8f",
	1,
	"b01f7910-513c-461c-9180-279f10cbebee",
	"00000000-0000-0000-0000-000000000000",
	14);
INSERT INTO SQ_P
	VALUES ("3c445a10-5773-4f34-b427-95b76fe24e8f",
	"00000000-0000-0000-0000-000000000000");
INSERT INTO MSG_M
	VALUES ("49a4c971-0606-4ff5-a604-c6d866a3d5b6",
	"6e403da9-94ae-414c-8ffd-424b37bd3087",
	"3c445a10-5773-4f34-b427-95b76fe24e8f",
	0);
INSERT INTO MSG_AM
	VALUES ("49a4c971-0606-4ff5-a604-c6d866a3d5b6",
	'Informal Message',
	'',
	'',
	'',
	'',
	1,
	'jog',
	'');
INSERT INTO MSG_SIG
	VALUES ("49a4c971-0606-4ff5-a604-c6d866a3d5b6",
	"5088c18b-e00f-4dd3-b4a9-4f3e6167a4e1");
INSERT INTO MSG_A
	VALUES ("9b3b9c65-a030-4369-bbb4-024753143737",
	"00000000-0000-0000-0000-000000000000",
	"49a4c971-0606-4ff5-a604-c6d866a3d5b6",
	'direction = MotorDirection::Forward',
	'MotorDirection::Forward',
	'',
	'',
	1);
INSERT INTO MSG_EPA
	VALUES ("9b3b9c65-a030-4369-bbb4-024753143737",
	"78023594-0cca-4136-94cf-390307f0e11c");
INSERT INTO MSG_A
	VALUES ("c74a958c-ed3a-41a5-b062-f2693f5515df",
	"00000000-0000-0000-0000-000000000000",
	"49a4c971-0606-4ff5-a604-c6d866a3d5b6",
	'velocity',
	'',
	'',
	'',
	1);
INSERT INTO MSG_EPA
	VALUES ("c74a958c-ed3a-41a5-b062-f2693f5515df",
	"682d8317-4f82-49f7-9eb7-a604575b632b");
INSERT INTO MSG_A
	VALUES ("96b88132-c86b-495f-a9c2-bc7c450d5a0d",
	"00000000-0000-0000-0000-000000000000",
	"49a4c971-0606-4ff5-a604-c6d866a3d5b6",
	'acceleration',
	'',
	'',
	'',
	1);
INSERT INTO MSG_EPA
	VALUES ("96b88132-c86b-495f-a9c2-bc7c450d5a0d",
	"c18aafc1-5eb5-4a68-9f6f-0b38927a281d");
INSERT INTO MSG_A
	VALUES ("023497ec-ac36-4c11-b160-603f10ed401d",
	"00000000-0000-0000-0000-000000000000",
	"49a4c971-0606-4ff5-a604-c6d866a3d5b6",
	'duration = 0',
	'0',
	'',
	'',
	1);
INSERT INTO MSG_EPA
	VALUES ("023497ec-ac36-4c11-b160-603f10ed401d",
	"fda63fab-5fdc-461e-b4af-d3d978cf51e8");
INSERT INTO MSG_M
	VALUES ("83edd643-1a8d-4ab6-82a5-e31444d7cf51",
	"6e403da9-94ae-414c-8ffd-424b37bd3087",
	"3c445a10-5773-4f34-b427-95b76fe24e8f",
	0);
INSERT INTO MSG_AM
	VALUES ("83edd643-1a8d-4ab6-82a5-e31444d7cf51",
	'Informal Message',
	'',
	'',
	'',
	'',
	1,
	'stop',
	'');
INSERT INTO MSG_SIG
	VALUES ("83edd643-1a8d-4ab6-82a5-e31444d7cf51",
	"9241cf5d-2f11-4b22-9139-4bd3137ca986");
INSERT INTO SQ_LS
	VALUES ("3c445a10-5773-4f34-b427-95b76fe24e8f",
	"0dec1776-13f5-4331-8d04-d822cb6f59f5",
	'',
	0);
INSERT INTO SQ_TM
	VALUES ("cc2a216e-fa02-410a-b4b3-b853844b514e",
	'',
	"3c445a10-5773-4f34-b427-95b76fe24e8f",
	'');
INSERT INTO SQ_TS
	VALUES ("eb732c5e-1fa9-4fc0-bbc4-9713fc06ff4c",
	"248fbe1f-f1e2-467e-9a3d-fc0101750ee6",
	"cc2a216e-fa02-410a-b4b3-b853844b514e",
	'Motor Jogging',
	'');
INSERT INTO SQ_TM
	VALUES ("248fbe1f-f1e2-467e-9a3d-fc0101750ee6",
	'',
	"3c445a10-5773-4f34-b427-95b76fe24e8f",
	'');
INSERT INTO PE_PE
	VALUES ("5d53031c-ae20-42d0-8556-864a7ae3e342",
	1,
	"b01f7910-513c-461c-9180-279f10cbebee",
	"00000000-0000-0000-0000-000000000000",
	14);
INSERT INTO SQ_P
	VALUES ("5d53031c-ae20-42d0-8556-864a7ae3e342",
	"00000000-0000-0000-0000-000000000000");
INSERT INTO SQ_COP
	VALUES ("5d53031c-ae20-42d0-8556-864a7ae3e342",
	"27fa8983-0f1d-4798-a8a5-618171014feb",
	'Diverter::Design::Model::Diverter',
	'Informal Component',
	'',
	1);
INSERT INTO PE_PE
	VALUES ("cf735eda-cfd9-4c71-b455-4a4dc8e8fd9f",
	1,
	"b01f7910-513c-461c-9180-279f10cbebee",
	"00000000-0000-0000-0000-000000000000",
	14);
INSERT INTO SQ_P
	VALUES ("cf735eda-cfd9-4c71-b455-4a4dc8e8fd9f",
	"00000000-0000-0000-0000-000000000000");
INSERT INTO MSG_M
	VALUES ("f923abc4-b19d-488f-9e91-5aae4b3905b4",
	"179c0f4d-a2b1-4266-9145-8f561f810e0c",
	"cf735eda-cfd9-4c71-b455-4a4dc8e8fd9f",
	0);
INSERT INTO MSG_AM
	VALUES ("f923abc4-b19d-488f-9e91-5aae4b3905b4",
	'Informal Message',
	'',
	'',
	'',
	'',
	1,
	'xtfr_jog_switch_position_changed',
	'');
INSERT INTO MSG_SIG
	VALUES ("f923abc4-b19d-488f-9e91-5aae4b3905b4",
	"ad786695-010d-4e54-86a6-57e572786231");
INSERT INTO MSG_A
	VALUES ("c48f45bb-e4e3-496c-bf29-f01c77e50819",
	"00000000-0000-0000-0000-000000000000",
	"f923abc4-b19d-488f-9e91-5aae4b3905b4",
	'new_position = JogSwitchPosition::Operator',
	'JogSwitchPosition::Operator',
	'',
	'',
	1);
INSERT INTO MSG_EPA
	VALUES ("c48f45bb-e4e3-496c-bf29-f01c77e50819",
	"08bf01d4-2033-48cc-a3d4-ee8bb4eb9520");
INSERT INTO MSG_M
	VALUES ("837fc8a2-864f-4374-9742-7616132c72ae",
	"3c445a10-5773-4f34-b427-95b76fe24e8f",
	"cf735eda-cfd9-4c71-b455-4a4dc8e8fd9f",
	0);
INSERT INTO MSG_AM
	VALUES ("837fc8a2-864f-4374-9742-7616132c72ae",
	'Informal Message',
	'',
	'',
	'',
	'',
	1,
	'motion_initiated',
	'');
INSERT INTO MSG_SIG
	VALUES ("837fc8a2-864f-4374-9742-7616132c72ae",
	"6959782d-b94d-4525-9720-fcb3ab20776f");
INSERT INTO MSG_M
	VALUES ("c8e79a3a-e8cf-4945-afe8-489e0b95e46a",
	"3c445a10-5773-4f34-b427-95b76fe24e8f",
	"cf735eda-cfd9-4c71-b455-4a4dc8e8fd9f",
	0);
INSERT INTO MSG_AM
	VALUES ("c8e79a3a-e8cf-4945-afe8-489e0b95e46a",
	'Informal Message',
	'',
	'',
	'',
	'',
	1,
	'motion_complete',
	'');
INSERT INTO MSG_SIG
	VALUES ("c8e79a3a-e8cf-4945-afe8-489e0b95e46a",
	"7830f4a2-ff94-4ac8-a5d1-fd897ee6bfaf");
INSERT INTO MSG_M
	VALUES ("e0123832-96a2-47e2-a955-a4f404054f35",
	"179c0f4d-a2b1-4266-9145-8f561f810e0c",
	"cf735eda-cfd9-4c71-b455-4a4dc8e8fd9f",
	0);
INSERT INTO MSG_AM
	VALUES ("e0123832-96a2-47e2-a955-a4f404054f35",
	'Informal Message',
	'',
	'',
	'',
	'',
	1,
	'xtfr_jog_switch_position_changed',
	'');
INSERT INTO MSG_SIG
	VALUES ("e0123832-96a2-47e2-a955-a4f404054f35",
	"ad786695-010d-4e54-86a6-57e572786231");
INSERT INTO MSG_A
	VALUES ("f7cf1143-3df6-4683-8414-b51415168420",
	"00000000-0000-0000-0000-000000000000",
	"e0123832-96a2-47e2-a955-a4f404054f35",
	'new_position = JogSwitchPosition::Stop',
	'JogSwitchPosition::Stop',
	'',
	'',
	1);
INSERT INTO MSG_EPA
	VALUES ("f7cf1143-3df6-4683-8414-b51415168420",
	"08bf01d4-2033-48cc-a3d4-ee8bb4eb9520");
INSERT INTO SQ_LS
	VALUES ("cf735eda-cfd9-4c71-b455-4a4dc8e8fd9f",
	"5d53031c-ae20-42d0-8556-864a7ae3e342",
	'',
	0);
INSERT INTO SQ_TM
	VALUES ("b3eb5a8e-eb3c-4fda-b660-cbb2d75797e2",
	'',
	"cf735eda-cfd9-4c71-b455-4a4dc8e8fd9f",
	'');
INSERT INTO SQ_TS
	VALUES ("4b3c71da-4480-4d91-b1fe-c7523b80da04",
	"8e12ad5a-e2d4-45ed-a8ff-8314c78b5efc",
	"b3eb5a8e-eb3c-4fda-b660-cbb2d75797e2",
	'As long as the user holds the switch.',
	'');
INSERT INTO SQ_TM
	VALUES ("8e12ad5a-e2d4-45ed-a8ff-8314c78b5efc",
	'',
	"cf735eda-cfd9-4c71-b455-4a4dc8e8fd9f",
	'');
INSERT INTO PE_PE
	VALUES ("f8a648c0-58be-4754-b0ca-e0a815f956c6",
	1,
	"b01f7910-513c-461c-9180-279f10cbebee",
	"00000000-0000-0000-0000-000000000000",
	17);
INSERT INTO PE_PE
	VALUES ("3a520feb-f4dd-45cf-b9ee-d7448447bdeb",
	1,
	"b01f7910-513c-461c-9180-279f10cbebee",
	"00000000-0000-0000-0000-000000000000",
	17);
INSERT INTO PE_PE
	VALUES ("2bc324a3-e2e1-4fba-b0d5-d47910cfb06a",
	1,
	"b01f7910-513c-461c-9180-279f10cbebee",
	"00000000-0000-0000-0000-000000000000",
	17);
INSERT INTO PE_PE
	VALUES ("f923abc4-b19d-488f-9e91-5aae4b3905b4",
	1,
	"b01f7910-513c-461c-9180-279f10cbebee",
	"00000000-0000-0000-0000-000000000000",
	17);
INSERT INTO PE_PE
	VALUES ("56d034a7-6560-436f-b13b-6f197cc697b0",
	1,
	"b01f7910-513c-461c-9180-279f10cbebee",
	"00000000-0000-0000-0000-000000000000",
	17);
INSERT INTO PE_PE
	VALUES ("49a4c971-0606-4ff5-a604-c6d866a3d5b6",
	1,
	"b01f7910-513c-461c-9180-279f10cbebee",
	"00000000-0000-0000-0000-000000000000",
	17);
INSERT INTO PE_PE
	VALUES ("83edd643-1a8d-4ab6-82a5-e31444d7cf51",
	1,
	"b01f7910-513c-461c-9180-279f10cbebee",
	"00000000-0000-0000-0000-000000000000",
	17);
INSERT INTO PE_PE
	VALUES ("837fc8a2-864f-4374-9742-7616132c72ae",
	1,
	"b01f7910-513c-461c-9180-279f10cbebee",
	"00000000-0000-0000-0000-000000000000",
	17);
INSERT INTO PE_PE
	VALUES ("2ec6107d-309c-4d60-9d7e-76601a9ff09c",
	1,
	"b01f7910-513c-461c-9180-279f10cbebee",
	"00000000-0000-0000-0000-000000000000",
	17);
INSERT INTO PE_PE
	VALUES ("c8e79a3a-e8cf-4945-afe8-489e0b95e46a",
	1,
	"b01f7910-513c-461c-9180-279f10cbebee",
	"00000000-0000-0000-0000-000000000000",
	17);
INSERT INTO PE_PE
	VALUES ("e0123832-96a2-47e2-a955-a4f404054f35",
	1,
	"b01f7910-513c-461c-9180-279f10cbebee",
	"00000000-0000-0000-0000-000000000000",
	17);
INSERT INTO EP_PKG
	VALUES ("bf615416-0763-4262-8eb6-10dfd1cee710",
	"a4578804-6c2e-4c96-9428-cb3a7061868f",
	"a4578804-6c2e-4c96-9428-cb3a7061868f",
	'Design',
	'',
	0);
INSERT INTO PE_PE
	VALUES ("5eaff348-f9d9-4ab9-8511-b173fdf536cc",
	1,
	"bf615416-0763-4262-8eb6-10dfd1cee710",
	"00000000-0000-0000-0000-000000000000",
	7);
INSERT INTO EP_PKG
	VALUES ("5eaff348-f9d9-4ab9-8511-b173fdf536cc",
	"00000000-0000-0000-0000-000000000000",
	"a4578804-6c2e-4c96-9428-cb3a7061868f",
	'Model',
	'Package description',
	800);
INSERT INTO PE_PE
	VALUES ("27fa8983-0f1d-4798-a8a5-618171014feb",
	1,
	"5eaff348-f9d9-4ab9-8511-b173fdf536cc",
	"00000000-0000-0000-0000-000000000000",
	2);
INSERT INTO C_C
	VALUES ("27fa8983-0f1d-4798-a8a5-618171014feb",
	"00000000-0000-0000-0000-000000000000",
	"00000000-0000-0000-0000-000000000000",
	'Diverter',
	'Where does this show up?',
	0,
	"00000000-0000-0000-0000-000000000000",
	0,
	'');
INSERT INTO C_PO
	VALUES ("32d712d8-2a50-487d-b7cc-54323b5633b0",
	"27fa8983-0f1d-4798-a8a5-618171014feb",
	'Client',
	0,
	0);
INSERT INTO C_IR
	VALUES ("f5f59341-fbe4-406e-8a2b-54fe45194f2b",
	"1c4072df-4470-4866-9416-5fa08e4b28be",
	"00000000-0000-0000-0000-000000000000",
	"32d712d8-2a50-487d-b7cc-54323b5633b0");
INSERT INTO C_P
	VALUES ("f5f59341-fbe4-406e-8a2b-54fe45194f2b",
	'DiverterClient',
	'Unnamed Interface',
	'',
	'Diverter::Client::DiverterClient');
INSERT INTO SPR_PEP
	VALUES ("64790be6-d391-4108-8ef1-1214b0985a56",
	"f057388f-df84-4155-94c4-b3fb64b631d2",
	"f5f59341-fbe4-406e-8a2b-54fe45194f2b");
INSERT INTO SPR_PS
	VALUES ("64790be6-d391-4108-8ef1-1214b0985a56",
	'divert_pending',
	'',
	'/* A divert is approaching.  Get setup to handle it or inform the client if a 
   divert is not possible right now. 
*/

// Check to make sure the diverter can handle this packet


// Diverter can handle the packet, create the packet and sheet classes
create object instance divert_package of DVRTPKT;
divert_package.type = param.divert_type;
divert_package.leading_edge_position = param.packet_start_position;
divert_package.trailing_edge_position = param.packet_start_position - 
      (param.sheet_length * param.number_of_sheets);
divert_package.web_caliper = 0;  // TODO: Where does this come from?

// Create the sheets

// TODO: This is not going to work, relationship may not exist yet.
select any diverter_bay from instances of DVRTBAY;
select one dvrt_package related by diverter_bay->DVRTPKT[R4];
if not_empty dvrt_package;
   // A divert package(s) already exists, find the one farthest upstream
   while not_empty dvrt_package;
      select one dvrt_package related by dvrt_package->DVRTPKT[R1.''next''];
   end while;
   
   relate divert_package to dvrt_package across R1.''next'';
end if;',
	1);
INSERT INTO ACT_PSB
	VALUES ("251e6d08-9719-476c-993a-bb1c10c91293",
	"64790be6-d391-4108-8ef1-1214b0985a56");
INSERT INTO ACT_ACT
	VALUES ("251e6d08-9719-476c-993a-bb1c10c91293",
	'signal',
	0,
	"5e68e58a-2353-4a4d-90d4-4f7459c8d546",
	"00000000-0000-0000-0000-000000000000",
	0,
	'Client::DiverterClient::divert_pending',
	"00000000-0000-0000-0000-000000000000");
INSERT INTO ACT_BLK
	VALUES ("5e68e58a-2353-4a4d-90d4-4f7459c8d546",
	1,
	0,
	0,
	'',
	'',
	'',
	21,
	1,
	20,
	50,
	0,
	0,
	20,
	58,
	0,
	0,
	0,
	0,
	0,
	"251e6d08-9719-476c-993a-bb1c10c91293",
	"00000000-0000-0000-0000-000000000000");
INSERT INTO ACT_SMT
	VALUES ("eabf0460-f45c-4593-9a9c-adecb9330287",
	"5e68e58a-2353-4a4d-90d4-4f7459c8d546",
	"778e04d3-567a-4e98-93b6-fac0984a2537",
	9,
	1,
	'Client::DiverterClient::divert_pending line: 9');
INSERT INTO ACT_CR
	VALUES ("eabf0460-f45c-4593-9a9c-adecb9330287",
	"8cdb2356-d031-4f9e-90ef-e8aa1f4dfb81",
	1,
	"93d48880-4e93-442f-9b69-3063f5dd25d8",
	9,
	42);
INSERT INTO ACT_SMT
	VALUES ("778e04d3-567a-4e98-93b6-fac0984a2537",
	"5e68e58a-2353-4a4d-90d4-4f7459c8d546",
	"72e31c32-ef27-4eb8-a43b-db9e7b474454",
	10,
	1,
	'Client::DiverterClient::divert_pending line: 10');
INSERT INTO ACT_AI
	VALUES ("778e04d3-567a-4e98-93b6-fac0984a2537",
	"2ff6c0f6-dc60-435e-872d-446a51fc7c96",
	"a39784c4-4638-49c3-b29b-7925d016dc29",
	0,
	0);
INSERT INTO ACT_SMT
	VALUES ("72e31c32-ef27-4eb8-a43b-db9e7b474454",
	"5e68e58a-2353-4a4d-90d4-4f7459c8d546",
	"1e0efe62-391e-4323-b4cf-0dabae08826d",
	11,
	1,
	'Client::DiverterClient::divert_pending line: 11');
INSERT INTO ACT_AI
	VALUES ("72e31c32-ef27-4eb8-a43b-db9e7b474454",
	"5ccd05a9-359c-4cdc-a5e4-03c4cd9307ab",
	"3395f37c-2d8e-44c4-9d81-20719fa07229",
	0,
	0);
INSERT INTO ACT_SMT
	VALUES ("1e0efe62-391e-4323-b4cf-0dabae08826d",
	"5e68e58a-2353-4a4d-90d4-4f7459c8d546",
	"019aea1a-bd2f-4728-bae6-8874b547a895",
	12,
	1,
	'Client::DiverterClient::divert_pending line: 12');
INSERT INTO ACT_AI
	VALUES ("1e0efe62-391e-4323-b4cf-0dabae08826d",
	"e9d1a2e2-dcda-4ef2-8ae8-1f828ea866b3",
	"ca0ee49f-e5d3-44f0-b4e7-b8e4bb444163",
	0,
	0);
INSERT INTO ACT_SMT
	VALUES ("019aea1a-bd2f-4728-bae6-8874b547a895",
	"5e68e58a-2353-4a4d-90d4-4f7459c8d546",
	"e3606c9e-ac0c-4a9d-a958-42ec5a907382",
	14,
	1,
	'Client::DiverterClient::divert_pending line: 14');
INSERT INTO ACT_AI
	VALUES ("019aea1a-bd2f-4728-bae6-8874b547a895",
	"a9f7fadd-9eff-4ca2-aefd-cd04cc8eca4c",
	"5e21ba87-0b08-419a-a4b0-14cca8635933",
	0,
	0);
INSERT INTO ACT_SMT
	VALUES ("e3606c9e-ac0c-4a9d-a958-42ec5a907382",
	"5e68e58a-2353-4a4d-90d4-4f7459c8d546",
	"2e15dc5a-484a-4934-b741-7cdc6149cd26",
	19,
	1,
	'Client::DiverterClient::divert_pending line: 19');
INSERT INTO ACT_FIO
	VALUES ("e3606c9e-ac0c-4a9d-a958-42ec5a907382",
	"0fdfe842-2a0d-4e8f-ab33-553c2738b4bc",
	1,
	'any',
	"967dd439-60bd-4f4f-a441-17d4ef22276f",
	19,
	43);
INSERT INTO ACT_SMT
	VALUES ("2e15dc5a-484a-4934-b741-7cdc6149cd26",
	"5e68e58a-2353-4a4d-90d4-4f7459c8d546",
	"3bcb409d-da4a-4bc0-9356-62d8a9c8452c",
	20,
	1,
	'Client::DiverterClient::divert_pending line: 20');
INSERT INTO ACT_SEL
	VALUES ("2e15dc5a-484a-4934-b741-7cdc6149cd26",
	"dad46527-dc6b-4530-b1f1-fae58164b20f",
	1,
	'one',
	"0643ba99-e625-4a8e-b6f5-59e95682c01a");
INSERT INTO ACT_SR
	VALUES ("2e15dc5a-484a-4934-b741-7cdc6149cd26");
INSERT INTO ACT_LNK
	VALUES ("f071c972-55f4-4d7e-b64f-b028839038d9",
	'',
	"2e15dc5a-484a-4934-b741-7cdc6149cd26",
	"c8ee49f6-f3b8-4a4a-afb8-e84bdd63cd6d",
	"00000000-0000-0000-0000-000000000000",
	2,
	"93d48880-4e93-442f-9b69-3063f5dd25d8",
	20,
	50,
	20,
	58,
	0,
	0);
INSERT INTO ACT_SMT
	VALUES ("3bcb409d-da4a-4bc0-9356-62d8a9c8452c",
	"5e68e58a-2353-4a4d-90d4-4f7459c8d546",
	"00000000-0000-0000-0000-000000000000",
	21,
	1,
	'Client::DiverterClient::divert_pending line: 21');
INSERT INTO ACT_IF
	VALUES ("3bcb409d-da4a-4bc0-9356-62d8a9c8452c",
	"a54fe344-e091-4ded-8b59-c8a47e1dd373",
	"29fd2fb7-8863-4a4e-856b-f36028024d7d",
	"00000000-0000-0000-0000-000000000000",
	"00000000-0000-0000-0000-000000000000");
INSERT INTO V_VAL
	VALUES ("21a9dde8-f949-47d0-971b-d285ffbcc006",
	1,
	0,
	10,
	1,
	14,
	0,
	0,
	0,
	0,
	"ba5eda7a-def5-0000-0000-000000000008",
	"5e68e58a-2353-4a4d-90d4-4f7459c8d546");
INSERT INTO V_IRF
	VALUES ("21a9dde8-f949-47d0-971b-d285ffbcc006",
	"8cdb2356-d031-4f9e-90ef-e8aa1f4dfb81");
INSERT INTO V_VAL
	VALUES ("a39784c4-4638-49c3-b29b-7925d016dc29",
	1,
	0,
	10,
	16,
	19,
	0,
	0,
	0,
	0,
	"e637c9ff-a804-4aef-b8eb-e6854f50cc68",
	"5e68e58a-2353-4a4d-90d4-4f7459c8d546");
INSERT INTO V_AVL
	VALUES ("a39784c4-4638-49c3-b29b-7925d016dc29",
	"21a9dde8-f949-47d0-971b-d285ffbcc006",
	"93d48880-4e93-442f-9b69-3063f5dd25d8",
	"979d0353-7ea9-4958-b9b4-260cee8b87f8");
INSERT INTO V_VAL
	VALUES ("2ff6c0f6-dc60-435e-872d-446a51fc7c96",
	0,
	0,
	10,
	29,
	39,
	0,
	0,
	0,
	0,
	"e637c9ff-a804-4aef-b8eb-e6854f50cc68",
	"5e68e58a-2353-4a4d-90d4-4f7459c8d546");
INSERT INTO V_PVL
	VALUES ("2ff6c0f6-dc60-435e-872d-446a51fc7c96",
	"00000000-0000-0000-0000-000000000000",
	"00000000-0000-0000-0000-000000000000",
	"00000000-0000-0000-0000-000000000000",
	"a1d04f96-6866-452c-b1c0-01fc438b7c4c");
INSERT INTO V_VAL
	VALUES ("1dedf9c6-e4c2-457e-84d3-422daedf1537",
	1,
	0,
	11,
	1,
	14,
	0,
	0,
	0,
	0,
	"ba5eda7a-def5-0000-0000-000000000008",
	"5e68e58a-2353-4a4d-90d4-4f7459c8d546");
INSERT INTO V_IRF
	VALUES ("1dedf9c6-e4c2-457e-84d3-422daedf1537",
	"8cdb2356-d031-4f9e-90ef-e8aa1f4dfb81");
INSERT INTO V_VAL
	VALUES ("3395f37c-2d8e-44c4-9d81-20719fa07229",
	1,
	0,
	11,
	16,
	36,
	0,
	0,
	0,
	0,
	"ba5eda7a-def5-0000-0000-000000000002",
	"5e68e58a-2353-4a4d-90d4-4f7459c8d546");
INSERT INTO V_AVL
	VALUES ("3395f37c-2d8e-44c4-9d81-20719fa07229",
	"1dedf9c6-e4c2-457e-84d3-422daedf1537",
	"93d48880-4e93-442f-9b69-3063f5dd25d8",
	"7953ef51-6fda-4c9d-96c6-d72676ecc19a");
INSERT INTO V_VAL
	VALUES ("5ccd05a9-359c-4cdc-a5e4-03c4cd9307ab",
	0,
	0,
	11,
	46,
	66,
	0,
	0,
	0,
	0,
	"ba5eda7a-def5-0000-0000-000000000002",
	"5e68e58a-2353-4a4d-90d4-4f7459c8d546");
INSERT INTO V_PVL
	VALUES ("5ccd05a9-359c-4cdc-a5e4-03c4cd9307ab",
	"00000000-0000-0000-0000-000000000000",
	"00000000-0000-0000-0000-000000000000",
	"00000000-0000-0000-0000-000000000000",
	"7dbd1f14-2ca8-4481-879b-039ebdef131f");
INSERT INTO V_VAL
	VALUES ("3eee14fe-923c-4422-a773-5dc2de6a3333",
	1,
	0,
	12,
	1,
	14,
	0,
	0,
	0,
	0,
	"ba5eda7a-def5-0000-0000-000000000008",
	"5e68e58a-2353-4a4d-90d4-4f7459c8d546");
INSERT INTO V_IRF
	VALUES ("3eee14fe-923c-4422-a773-5dc2de6a3333",
	"8cdb2356-d031-4f9e-90ef-e8aa1f4dfb81");
INSERT INTO V_VAL
	VALUES ("ca0ee49f-e5d3-44f0-b4e7-b8e4bb444163",
	1,
	0,
	12,
	16,
	37,
	0,
	0,
	0,
	0,
	"ba5eda7a-def5-0000-0000-000000000002",
	"5e68e58a-2353-4a4d-90d4-4f7459c8d546");
INSERT INTO V_AVL
	VALUES ("ca0ee49f-e5d3-44f0-b4e7-b8e4bb444163",
	"3eee14fe-923c-4422-a773-5dc2de6a3333",
	"93d48880-4e93-442f-9b69-3063f5dd25d8",
	"8ee6b3d5-9f5f-4c5b-9eec-7bef15e72036");
INSERT INTO V_VAL
	VALUES ("32b9d1ac-4d0d-471e-9248-9853a5196a92",
	0,
	0,
	12,
	47,
	67,
	0,
	0,
	0,
	0,
	"ba5eda7a-def5-0000-0000-000000000002",
	"5e68e58a-2353-4a4d-90d4-4f7459c8d546");
INSERT INTO V_PVL
	VALUES ("32b9d1ac-4d0d-471e-9248-9853a5196a92",
	"00000000-0000-0000-0000-000000000000",
	"00000000-0000-0000-0000-000000000000",
	"00000000-0000-0000-0000-000000000000",
	"7dbd1f14-2ca8-4481-879b-039ebdef131f");
INSERT INTO V_VAL
	VALUES ("e9d1a2e2-dcda-4ef2-8ae8-1f828ea866b3",
	0,
	0,
	-1,
	-1,
	-1,
	0,
	0,
	0,
	0,
	"ba5eda7a-def5-0000-0000-000000000002",
	"5e68e58a-2353-4a4d-90d4-4f7459c8d546");
INSERT INTO V_BIN
	VALUES ("e9d1a2e2-dcda-4ef2-8ae8-1f828ea866b3",
	"cfe00306-e87a-4aa7-9dc9-eef6bbf809a6",
	"32b9d1ac-4d0d-471e-9248-9853a5196a92",
	'-');
INSERT INTO V_VAL
	VALUES ("bc274408-5bb9-42fa-99c1-5b06796a0973",
	0,
	0,
	13,
	14,
	25,
	0,
	0,
	0,
	0,
	"ba5eda7a-def5-0000-0000-000000000002",
	"5e68e58a-2353-4a4d-90d4-4f7459c8d546");
INSERT INTO V_PVL
	VALUES ("bc274408-5bb9-42fa-99c1-5b06796a0973",
	"00000000-0000-0000-0000-000000000000",
	"00000000-0000-0000-0000-000000000000",
	"00000000-0000-0000-0000-000000000000",
	"891e5c83-c654-415c-bf46-9141a327aeb9");
INSERT INTO V_VAL
	VALUES ("cfe00306-e87a-4aa7-9dc9-eef6bbf809a6",
	0,
	0,
	-1,
	-1,
	-1,
	0,
	0,
	0,
	0,
	"ba5eda7a-def5-0000-0000-000000000002",
	"5e68e58a-2353-4a4d-90d4-4f7459c8d546");
INSERT INTO V_BIN
	VALUES ("cfe00306-e87a-4aa7-9dc9-eef6bbf809a6",
	"d9c18962-1886-4e34-b7c0-7d21c8907bc5",
	"bc274408-5bb9-42fa-99c1-5b06796a0973",
	'*');
INSERT INTO V_VAL
	VALUES ("d9c18962-1886-4e34-b7c0-7d21c8907bc5",
	0,
	0,
	13,
	35,
	50,
	0,
	0,
	0,
	0,
	"ba5eda7a-def5-0000-0000-000000000002",
	"5e68e58a-2353-4a4d-90d4-4f7459c8d546");
INSERT INTO V_PVL
	VALUES ("d9c18962-1886-4e34-b7c0-7d21c8907bc5",
	"00000000-0000-0000-0000-000000000000",
	"00000000-0000-0000-0000-000000000000",
	"00000000-0000-0000-0000-000000000000",
	"024af0b9-5d13-4fca-bfec-7c530938e4f6");
INSERT INTO V_VAL
	VALUES ("ca36ec9a-ca4e-43ee-bc61-87aed5a9458e",
	1,
	0,
	14,
	1,
	14,
	0,
	0,
	0,
	0,
	"ba5eda7a-def5-0000-0000-000000000008",
	"5e68e58a-2353-4a4d-90d4-4f7459c8d546");
INSERT INTO V_IRF
	VALUES ("ca36ec9a-ca4e-43ee-bc61-87aed5a9458e",
	"8cdb2356-d031-4f9e-90ef-e8aa1f4dfb81");
INSERT INTO V_VAL
	VALUES ("5e21ba87-0b08-419a-a4b0-14cca8635933",
	1,
	0,
	14,
	16,
	26,
	0,
	0,
	0,
	0,
	"ba5eda7a-def5-0000-0000-000000000002",
	"5e68e58a-2353-4a4d-90d4-4f7459c8d546");
INSERT INTO V_AVL
	VALUES ("5e21ba87-0b08-419a-a4b0-14cca8635933",
	"ca36ec9a-ca4e-43ee-bc61-87aed5a9458e",
	"93d48880-4e93-442f-9b69-3063f5dd25d8",
	"c3c9ecf3-2159-400c-a7b8-9031aca77368");
INSERT INTO V_VAL
	VALUES ("a9f7fadd-9eff-4ca2-aefd-cd04cc8eca4c",
	0,
	0,
	14,
	30,
	30,
	0,
	0,
	0,
	0,
	"ba5eda7a-def5-0000-0000-000000000002",
	"5e68e58a-2353-4a4d-90d4-4f7459c8d546");
INSERT INTO V_LIN
	VALUES ("a9f7fadd-9eff-4ca2-aefd-cd04cc8eca4c",
	'0');
INSERT INTO V_VAL
	VALUES ("0643ba99-e625-4a8e-b6f5-59e95682c01a",
	0,
	0,
	20,
	36,
	47,
	0,
	0,
	0,
	0,
	"ba5eda7a-def5-0000-0000-000000000008",
	"5e68e58a-2353-4a4d-90d4-4f7459c8d546");
INSERT INTO V_IRF
	VALUES ("0643ba99-e625-4a8e-b6f5-59e95682c01a",
	"0fdfe842-2a0d-4e8f-ab33-553c2738b4bc");
INSERT INTO V_VAL
	VALUES ("5609bdf3-7bd5-4b0c-accf-d513add1fae8",
	0,
	0,
	21,
	14,
	25,
	0,
	0,
	0,
	0,
	"ba5eda7a-def5-0000-0000-000000000008",
	"5e68e58a-2353-4a4d-90d4-4f7459c8d546");
INSERT INTO V_IRF
	VALUES ("5609bdf3-7bd5-4b0c-accf-d513add1fae8",
	"dad46527-dc6b-4530-b1f1-fae58164b20f");
INSERT INTO V_VAL
	VALUES ("29fd2fb7-8863-4a4e-856b-f36028024d7d",
	0,
	0,
	-1,
	-1,
	-1,
	0,
	0,
	0,
	0,
	"ba5eda7a-def5-0000-0000-000000000001",
	"5e68e58a-2353-4a4d-90d4-4f7459c8d546");
INSERT INTO V_UNY
	VALUES ("29fd2fb7-8863-4a4e-856b-f36028024d7d",
	"5609bdf3-7bd5-4b0c-accf-d513add1fae8",
	'not_empty');
INSERT INTO V_VAR
	VALUES ("8cdb2356-d031-4f9e-90ef-e8aa1f4dfb81",
	"5e68e58a-2353-4a4d-90d4-4f7459c8d546",
	'divert_package',
	1,
	"ba5eda7a-def5-0000-0000-000000000008");
INSERT INTO V_INT
	VALUES ("8cdb2356-d031-4f9e-90ef-e8aa1f4dfb81",
	0,
	"93d48880-4e93-442f-9b69-3063f5dd25d8");
INSERT INTO V_VAR
	VALUES ("0fdfe842-2a0d-4e8f-ab33-553c2738b4bc",
	"5e68e58a-2353-4a4d-90d4-4f7459c8d546",
	'diverter_bay',
	1,
	"ba5eda7a-def5-0000-0000-000000000008");
INSERT INTO V_INT
	VALUES ("0fdfe842-2a0d-4e8f-ab33-553c2738b4bc",
	0,
	"967dd439-60bd-4f4f-a441-17d4ef22276f");
INSERT INTO V_VAR
	VALUES ("dad46527-dc6b-4530-b1f1-fae58164b20f",
	"5e68e58a-2353-4a4d-90d4-4f7459c8d546",
	'dvrt_package',
	1,
	"ba5eda7a-def5-0000-0000-000000000008");
INSERT INTO V_INT
	VALUES ("dad46527-dc6b-4530-b1f1-fae58164b20f",
	0,
	"93d48880-4e93-442f-9b69-3063f5dd25d8");
INSERT INTO ACT_BLK
	VALUES ("a54fe344-e091-4ded-8b59-c8a47e1dd373",
	0,
	0,
	0,
	'''next''',
	'',
	'',
	27,
	4,
	0,
	0,
	0,
	0,
	27,
	49,
	27,
	52,
	0,
	0,
	0,
	"251e6d08-9719-476c-993a-bb1c10c91293",
	"00000000-0000-0000-0000-000000000000");
INSERT INTO ACT_SMT
	VALUES ("b4d3e67d-985f-4789-9ad8-7ea5c21039cf",
	"a54fe344-e091-4ded-8b59-c8a47e1dd373",
	"696ba542-377f-41f4-a0b6-83a1c220cd0a",
	23,
	4,
	'Client::DiverterClient::divert_pending line: 23');
INSERT INTO ACT_WHL
	VALUES ("b4d3e67d-985f-4789-9ad8-7ea5c21039cf",
	"6c63d328-b39d-445f-bf3b-53e15bc465a8",
	"e5ce948f-2e85-4900-8a00-7157156b1b97");
INSERT INTO ACT_SMT
	VALUES ("696ba542-377f-41f4-a0b6-83a1c220cd0a",
	"a54fe344-e091-4ded-8b59-c8a47e1dd373",
	"00000000-0000-0000-0000-000000000000",
	27,
	4,
	'Client::DiverterClient::divert_pending line: 27');
INSERT INTO ACT_REL
	VALUES ("696ba542-377f-41f4-a0b6-83a1c220cd0a",
	"8cdb2356-d031-4f9e-90ef-e8aa1f4dfb81",
	"dad46527-dc6b-4530-b1f1-fae58164b20f",
	'''next''',
	"bea22427-e4eb-4a38-bc25-113559bf7265",
	27,
	49,
	27,
	52);
INSERT INTO V_VAL
	VALUES ("549ac3bc-eda7-41f8-96ef-20f3f625d01d",
	0,
	0,
	23,
	20,
	31,
	0,
	0,
	0,
	0,
	"ba5eda7a-def5-0000-0000-000000000008",
	"a54fe344-e091-4ded-8b59-c8a47e1dd373");
INSERT INTO V_IRF
	VALUES ("549ac3bc-eda7-41f8-96ef-20f3f625d01d",
	"dad46527-dc6b-4530-b1f1-fae58164b20f");
INSERT INTO V_VAL
	VALUES ("6c63d328-b39d-445f-bf3b-53e15bc465a8",
	0,
	0,
	-1,
	-1,
	-1,
	0,
	0,
	0,
	0,
	"ba5eda7a-def5-0000-0000-000000000001",
	"a54fe344-e091-4ded-8b59-c8a47e1dd373");
INSERT INTO V_UNY
	VALUES ("6c63d328-b39d-445f-bf3b-53e15bc465a8",
	"549ac3bc-eda7-41f8-96ef-20f3f625d01d",
	'not_empty');
INSERT INTO ACT_BLK
	VALUES ("e5ce948f-2e85-4900-8a00-7157156b1b97",
	1,
	0,
	0,
	'',
	'',
	'',
	24,
	7,
	24,
	56,
	0,
	0,
	24,
	64,
	24,
	67,
	0,
	0,
	0,
	"251e6d08-9719-476c-993a-bb1c10c91293",
	"00000000-0000-0000-0000-000000000000");
INSERT INTO ACT_SMT
	VALUES ("6e701455-f9e3-46a9-a8cd-474eda802c40",
	"e5ce948f-2e85-4900-8a00-7157156b1b97",
	"00000000-0000-0000-0000-000000000000",
	24,
	7,
	'Client::DiverterClient::divert_pending line: 24');
INSERT INTO ACT_SEL
	VALUES ("6e701455-f9e3-46a9-a8cd-474eda802c40",
	"dad46527-dc6b-4530-b1f1-fae58164b20f",
	0,
	'one',
	"46a5b38f-f3b9-485e-af9a-1908520d06a9");
INSERT INTO ACT_SR
	VALUES ("6e701455-f9e3-46a9-a8cd-474eda802c40");
INSERT INTO ACT_LNK
	VALUES ("fcbb3dc7-3a0f-41d6-81f6-db4a23becd08",
	'''next''',
	"6e701455-f9e3-46a9-a8cd-474eda802c40",
	"bea22427-e4eb-4a38-bc25-113559bf7265",
	"00000000-0000-0000-0000-000000000000",
	2,
	"93d48880-4e93-442f-9b69-3063f5dd25d8",
	24,
	56,
	24,
	64,
	24,
	67);
INSERT INTO V_VAL
	VALUES ("46a5b38f-f3b9-485e-af9a-1908520d06a9",
	0,
	0,
	24,
	42,
	53,
	0,
	0,
	0,
	0,
	"ba5eda7a-def5-0000-0000-000000000008",
	"e5ce948f-2e85-4900-8a00-7157156b1b97");
INSERT INTO V_IRF
	VALUES ("46a5b38f-f3b9-485e-af9a-1908520d06a9",
	"dad46527-dc6b-4530-b1f1-fae58164b20f");
INSERT INTO SPR_PEP
	VALUES ("18d95402-b928-4512-b927-2ec220c9a5d8",
	"617e5f69-340e-4966-9b58-2ed30ec3c58d",
	"f5f59341-fbe4-406e-8a2b-54fe45194f2b");
INSERT INTO SPR_PO
	VALUES ("18d95402-b928-4512-b927-2ec220c9a5d8",
	'request_status',
	'True - Diverter Ready, False - Diverter Not Ready
Operation returns the current state of the diverter system.  
',
	'return False;
',
	1);
INSERT INTO ACT_POB
	VALUES ("2a065c5d-92b7-4633-9a05-0090e2025065",
	"18d95402-b928-4512-b927-2ec220c9a5d8");
INSERT INTO ACT_ACT
	VALUES ("2a065c5d-92b7-4633-9a05-0090e2025065",
	'interface operation',
	0,
	"2fa27726-4264-4de3-bbf1-fbc6d5f0c508",
	"00000000-0000-0000-0000-000000000000",
	0,
	'Client::DiverterClient::request_status',
	"00000000-0000-0000-0000-000000000000");
INSERT INTO ACT_BLK
	VALUES ("2fa27726-4264-4de3-bbf1-fbc6d5f0c508",
	0,
	0,
	0,
	'',
	'',
	'',
	1,
	1,
	0,
	0,
	0,
	0,
	0,
	0,
	0,
	0,
	0,
	0,
	0,
	"2a065c5d-92b7-4633-9a05-0090e2025065",
	"00000000-0000-0000-0000-000000000000");
INSERT INTO ACT_SMT
	VALUES ("1a38fb8c-a073-4810-a496-72c725c116d4",
	"2fa27726-4264-4de3-bbf1-fbc6d5f0c508",
	"00000000-0000-0000-0000-000000000000",
	1,
	1,
	'Client::DiverterClient::request_status line: 1');
INSERT INTO ACT_RET
	VALUES ("1a38fb8c-a073-4810-a496-72c725c116d4",
	"40b079a8-4f8c-4b86-8fb5-d29fd1d1fe81");
INSERT INTO V_VAL
	VALUES ("40b079a8-4f8c-4b86-8fb5-d29fd1d1fe81",
	0,
	0,
	-1,
	-1,
	-1,
	0,
	0,
	0,
	0,
	"ba5eda7a-def5-0000-0000-000000000001",
	"2fa27726-4264-4de3-bbf1-fbc6d5f0c508");
INSERT INTO V_LBO
	VALUES ("40b079a8-4f8c-4b86-8fb5-d29fd1d1fe81",
	'FALSE');
INSERT INTO SPR_PEP
	VALUES ("8477087d-03ee-4fdf-a230-246ff571c8eb",
	"75c6ef98-13ed-4d3f-af8e-966a6574358b",
	"f5f59341-fbe4-406e-8a2b-54fe45194f2b");
INSERT INTO SPR_PS
	VALUES ("8477087d-03ee-4fdf-a230-246ff571c8eb",
	'diverter_ready',
	'',
	'',
	1);
INSERT INTO ACT_PSB
	VALUES ("e97cf957-3292-4535-8e28-5fc6210ae66f",
	"8477087d-03ee-4fdf-a230-246ff571c8eb");
INSERT INTO ACT_ACT
	VALUES ("e97cf957-3292-4535-8e28-5fc6210ae66f",
	'signal',
	0,
	"8693c65e-00a9-4c3a-955c-f6436fc4b428",
	"00000000-0000-0000-0000-000000000000",
	0,
	'Client::DiverterClient::diverter_ready',
	"00000000-0000-0000-0000-000000000000");
INSERT INTO ACT_BLK
	VALUES ("8693c65e-00a9-4c3a-955c-f6436fc4b428",
	0,
	0,
	0,
	'',
	'',
	'',
	0,
	0,
	0,
	0,
	0,
	0,
	0,
	0,
	0,
	0,
	0,
	0,
	0,
	"e97cf957-3292-4535-8e28-5fc6210ae66f",
	"00000000-0000-0000-0000-000000000000");
INSERT INTO SPR_PEP
	VALUES ("aedee80b-2e64-4c92-acad-67f1ba8a7f73",
	"c9114946-3cdf-4418-98be-3c89197a5f21",
	"f5f59341-fbe4-406e-8a2b-54fe45194f2b");
INSERT INTO SPR_PO
	VALUES ("aedee80b-2e64-4c92-acad-67f1ba8a7f73",
	'get_xtfr_jog_switch_position',
	'',
	'',
	1);
INSERT INTO ACT_POB
	VALUES ("00446753-45ee-4899-bc51-301a63957f85",
	"aedee80b-2e64-4c92-acad-67f1ba8a7f73");
INSERT INTO ACT_ACT
	VALUES ("00446753-45ee-4899-bc51-301a63957f85",
	'interface operation',
	0,
	"18b6ab68-1232-4b50-873d-cfb2bf72e956",
	"00000000-0000-0000-0000-000000000000",
	0,
	'Client::DiverterClient::get_xtfr_jog_switch_position',
	"00000000-0000-0000-0000-000000000000");
INSERT INTO ACT_BLK
	VALUES ("18b6ab68-1232-4b50-873d-cfb2bf72e956",
	0,
	0,
	0,
	'',
	'',
	'',
	0,
	0,
	0,
	0,
	0,
	0,
	0,
	0,
	0,
	0,
	0,
	0,
	0,
	"00446753-45ee-4899-bc51-301a63957f85",
	"00000000-0000-0000-0000-000000000000");
INSERT INTO SPR_PEP
	VALUES ("1288670b-cf11-495e-b846-dfcd4ea7e34a",
	"ad786695-010d-4e54-86a6-57e572786231",
	"f5f59341-fbe4-406e-8a2b-54fe45194f2b");
INSERT INTO SPR_PS
	VALUES ("1288670b-cf11-495e-b846-dfcd4ea7e34a",
	'xtfr_jog_switch_position_changed',
	'',
	'/* The machine operator has changed the position of the cross transfer conveyor
   manual jog switch.  Create the appropriate event to send to the model.
*/

select any xtfr_conveyor from instances of XTFRCNVR;
if param.new_position == Jog_Switch_Position::Stop;
   generate XTFRCNVR4:jog_complete() to xtfr_conveyor;
elif param.new_position == Jog_Switch_Position::Operator;
   generate XTFRCNVR3:jog(direction: Machine_Side::Operator) to xtfr_conveyor;
elif param.new_position == Jog_Switch_Position::Drive;
   generate XTFRCNVR3:jog(direction: Machine_Side::Drive) to xtfr_conveyor;
elif param.new_position == Jog_Switch_Position::Impossible;
   // Log a diagnostic that the switch cannot be in two positions at once.
end if;

',
	1);
INSERT INTO ACT_PSB
	VALUES ("58196ee6-64b8-415b-b252-3a2d4226a78f",
	"1288670b-cf11-495e-b846-dfcd4ea7e34a");
INSERT INTO ACT_ACT
	VALUES ("58196ee6-64b8-415b-b252-3a2d4226a78f",
	'signal',
	0,
	"512849bf-43cf-48a7-af24-20d64fc9bbbc",
	"00000000-0000-0000-0000-000000000000",
	0,
	'Client::DiverterClient::xtfr_jog_switch_position_changed',
	"00000000-0000-0000-0000-000000000000");
INSERT INTO ACT_BLK
	VALUES ("512849bf-43cf-48a7-af24-20d64fc9bbbc",
	1,
	0,
	0,
	'',
	'',
	'',
	12,
	1,
	5,
	44,
	0,
	0,
	0,
	0,
	0,
	0,
	12,
	28,
	0,
	"58196ee6-64b8-415b-b252-3a2d4226a78f",
	"00000000-0000-0000-0000-000000000000");
INSERT INTO ACT_SMT
	VALUES ("fc53227b-0009-45cf-9106-733e88a420b5",
	"512849bf-43cf-48a7-af24-20d64fc9bbbc",
	"64a0d3b4-53ee-4f42-b763-cae072c783c0",
	5,
	1,
	'Client::DiverterClient::xtfr_jog_switch_position_changed line: 5');
INSERT INTO ACT_FIO
	VALUES ("fc53227b-0009-45cf-9106-733e88a420b5",
	"4dfccc0d-fe76-4616-a1c2-27107ceb9aa4",
	1,
	'any',
	"25a7da66-8d4e-40d2-9e48-725b2461dbe9",
	5,
	44);
INSERT INTO ACT_SMT
	VALUES ("64a0d3b4-53ee-4f42-b763-cae072c783c0",
	"512849bf-43cf-48a7-af24-20d64fc9bbbc",
	"00000000-0000-0000-0000-000000000000",
	6,
	1,
	'Client::DiverterClient::xtfr_jog_switch_position_changed line: 6');
INSERT INTO ACT_IF
	VALUES ("64a0d3b4-53ee-4f42-b763-cae072c783c0",
	"0e6dab94-8d46-4478-866e-22d267131881",
	"932e8379-3289-4d8e-8bd4-900af8e53e7e",
	"00000000-0000-0000-0000-000000000000",
	"00000000-0000-0000-0000-000000000000");
INSERT INTO ACT_SMT
	VALUES ("0288c30b-d21a-4c29-b6e3-456c0050e25a",
	"512849bf-43cf-48a7-af24-20d64fc9bbbc",
	"00000000-0000-0000-0000-000000000000",
	8,
	1,
	'Client::DiverterClient::xtfr_jog_switch_position_changed line: 8');
INSERT INTO ACT_EL
	VALUES ("0288c30b-d21a-4c29-b6e3-456c0050e25a",
	"f4a9d830-083a-4af7-bec6-aa1f37d2f809",
	"c7cbc550-bd26-418c-a67a-1e65c800ab78",
	"64a0d3b4-53ee-4f42-b763-cae072c783c0");
INSERT INTO ACT_SMT
	VALUES ("731592de-79ab-4867-b7b3-ad9012835a6a",
	"512849bf-43cf-48a7-af24-20d64fc9bbbc",
	"00000000-0000-0000-0000-000000000000",
	10,
	1,
	'Client::DiverterClient::xtfr_jog_switch_position_changed line: 10');
INSERT INTO ACT_EL
	VALUES ("731592de-79ab-4867-b7b3-ad9012835a6a",
	"333f6329-0581-405e-8b33-77e78fa5dc95",
	"dbe9965f-72fa-4658-bda2-a81aae1e9ab9",
	"64a0d3b4-53ee-4f42-b763-cae072c783c0");
INSERT INTO ACT_SMT
	VALUES ("956994ca-735c-440e-b441-bd7197593eb8",
	"512849bf-43cf-48a7-af24-20d64fc9bbbc",
	"00000000-0000-0000-0000-000000000000",
	12,
	1,
	'Client::DiverterClient::xtfr_jog_switch_position_changed line: 12');
INSERT INTO ACT_EL
	VALUES ("956994ca-735c-440e-b441-bd7197593eb8",
	"2e34142b-d9aa-4e67-a7f9-3261e8aec531",
	"5581241f-f161-45b6-a313-59f68a9e8556",
	"64a0d3b4-53ee-4f42-b763-cae072c783c0");
INSERT INTO V_VAL
	VALUES ("b2a32106-f5a7-4988-ad72-dbdfb9d0ed99",
	0,
	0,
	6,
	10,
	21,
	0,
	0,
	0,
	0,
	"f69263cd-bbf1-4447-ab8c-6ca928791356",
	"512849bf-43cf-48a7-af24-20d64fc9bbbc");
INSERT INTO V_PVL
	VALUES ("b2a32106-f5a7-4988-ad72-dbdfb9d0ed99",
	"00000000-0000-0000-0000-000000000000",
	"00000000-0000-0000-0000-000000000000",
	"00000000-0000-0000-0000-000000000000",
	"08bf01d4-2033-48cc-a3d4-ee8bb4eb9520");
INSERT INTO V_VAL
	VALUES ("932e8379-3289-4d8e-8bd4-900af8e53e7e",
	0,
	0,
	-1,
	-1,
	-1,
	0,
	0,
	0,
	0,
	"ba5eda7a-def5-0000-0000-000000000001",
	"512849bf-43cf-48a7-af24-20d64fc9bbbc");
INSERT INTO V_BIN
	VALUES ("932e8379-3289-4d8e-8bd4-900af8e53e7e",
	"b85fe7f3-6958-4a8d-aacd-73db0132889b",
	"b2a32106-f5a7-4988-ad72-dbdfb9d0ed99",
	'==');
INSERT INTO V_VAL
	VALUES ("b85fe7f3-6958-4a8d-aacd-73db0132889b",
	0,
	0,
	6,
	47,
	50,
	0,
	0,
	0,
	0,
	"f69263cd-bbf1-4447-ab8c-6ca928791356",
	"512849bf-43cf-48a7-af24-20d64fc9bbbc");
INSERT INTO V_LEN
	VALUES ("b85fe7f3-6958-4a8d-aacd-73db0132889b",
	"cc9f160f-a5c8-4fc3-aa88-61d05088ce18",
	6,
	26);
INSERT INTO V_VAL
	VALUES ("89d9c453-6430-48c2-9418-1db508ee5a2a",
	0,
	0,
	8,
	12,
	23,
	0,
	0,
	0,
	0,
	"f69263cd-bbf1-4447-ab8c-6ca928791356",
	"512849bf-43cf-48a7-af24-20d64fc9bbbc");
INSERT INTO V_PVL
	VALUES ("89d9c453-6430-48c2-9418-1db508ee5a2a",
	"00000000-0000-0000-0000-000000000000",
	"00000000-0000-0000-0000-000000000000",
	"00000000-0000-0000-0000-000000000000",
	"08bf01d4-2033-48cc-a3d4-ee8bb4eb9520");
INSERT INTO V_VAL
	VALUES ("c7cbc550-bd26-418c-a67a-1e65c800ab78",
	0,
	0,
	-1,
	-1,
	-1,
	0,
	0,
	0,
	0,
	"ba5eda7a-def5-0000-0000-000000000001",
	"512849bf-43cf-48a7-af24-20d64fc9bbbc");
INSERT INTO V_BIN
	VALUES ("c7cbc550-bd26-418c-a67a-1e65c800ab78",
	"3f9c435c-3087-4d0b-8060-10e90712e84d",
	"89d9c453-6430-48c2-9418-1db508ee5a2a",
	'==');
INSERT INTO V_VAL
	VALUES ("3f9c435c-3087-4d0b-8060-10e90712e84d",
	0,
	0,
	8,
	49,
	56,
	0,
	0,
	0,
	0,
	"f69263cd-bbf1-4447-ab8c-6ca928791356",
	"512849bf-43cf-48a7-af24-20d64fc9bbbc");
INSERT INTO V_LEN
	VALUES ("3f9c435c-3087-4d0b-8060-10e90712e84d",
	"a25ea528-6e48-4c6d-8159-95c1136a228f",
	8,
	28);
INSERT INTO V_VAL
	VALUES ("72a786fb-6188-44d2-9967-b8f63731069d",
	0,
	0,
	10,
	12,
	23,
	0,
	0,
	0,
	0,
	"f69263cd-bbf1-4447-ab8c-6ca928791356",
	"512849bf-43cf-48a7-af24-20d64fc9bbbc");
INSERT INTO V_PVL
	VALUES ("72a786fb-6188-44d2-9967-b8f63731069d",
	"00000000-0000-0000-0000-000000000000",
	"00000000-0000-0000-0000-000000000000",
	"00000000-0000-0000-0000-000000000000",
	"08bf01d4-2033-48cc-a3d4-ee8bb4eb9520");
INSERT INTO V_VAL
	VALUES ("dbe9965f-72fa-4658-bda2-a81aae1e9ab9",
	0,
	0,
	-1,
	-1,
	-1,
	0,
	0,
	0,
	0,
	"ba5eda7a-def5-0000-0000-000000000001",
	"512849bf-43cf-48a7-af24-20d64fc9bbbc");
INSERT INTO V_BIN
	VALUES ("dbe9965f-72fa-4658-bda2-a81aae1e9ab9",
	"210fc9bd-9d4a-4784-acf1-59174b6fb40c",
	"72a786fb-6188-44d2-9967-b8f63731069d",
	'==');
INSERT INTO V_VAL
	VALUES ("210fc9bd-9d4a-4784-acf1-59174b6fb40c",
	0,
	0,
	10,
	49,
	53,
	0,
	0,
	0,
	0,
	"f69263cd-bbf1-4447-ab8c-6ca928791356",
	"512849bf-43cf-48a7-af24-20d64fc9bbbc");
INSERT INTO V_LEN
	VALUES ("210fc9bd-9d4a-4784-acf1-59174b6fb40c",
	"7dc639d1-4772-4dea-abb8-715959ea3b70",
	10,
	28);
INSERT INTO V_VAL
	VALUES ("6a431bc8-10a7-4a4c-9adb-55f7ce719e18",
	0,
	0,
	12,
	12,
	23,
	0,
	0,
	0,
	0,
	"f69263cd-bbf1-4447-ab8c-6ca928791356",
	"512849bf-43cf-48a7-af24-20d64fc9bbbc");
INSERT INTO V_PVL
	VALUES ("6a431bc8-10a7-4a4c-9adb-55f7ce719e18",
	"00000000-0000-0000-0000-000000000000",
	"00000000-0000-0000-0000-000000000000",
	"00000000-0000-0000-0000-000000000000",
	"08bf01d4-2033-48cc-a3d4-ee8bb4eb9520");
INSERT INTO V_VAL
	VALUES ("5581241f-f161-45b6-a313-59f68a9e8556",
	0,
	0,
	-1,
	-1,
	-1,
	0,
	0,
	0,
	0,
	"ba5eda7a-def5-0000-0000-000000000001",
	"512849bf-43cf-48a7-af24-20d64fc9bbbc");
INSERT INTO V_BIN
	VALUES ("5581241f-f161-45b6-a313-59f68a9e8556",
	"645fd844-6af8-4e0b-b890-f1e344e8c704",
	"6a431bc8-10a7-4a4c-9adb-55f7ce719e18",
	'==');
INSERT INTO V_VAL
	VALUES ("645fd844-6af8-4e0b-b890-f1e344e8c704",
	0,
	0,
	12,
	49,
	58,
	0,
	0,
	0,
	0,
	"f69263cd-bbf1-4447-ab8c-6ca928791356",
	"512849bf-43cf-48a7-af24-20d64fc9bbbc");
INSERT INTO V_LEN
	VALUES ("645fd844-6af8-4e0b-b890-f1e344e8c704",
	"21928aeb-3d5b-4c8c-8cdb-d79fa51ecb6d",
	12,
	28);
INSERT INTO V_VAR
	VALUES ("4dfccc0d-fe76-4616-a1c2-27107ceb9aa4",
	"512849bf-43cf-48a7-af24-20d64fc9bbbc",
	'xtfr_conveyor',
	1,
	"ba5eda7a-def5-0000-0000-000000000008");
INSERT INTO V_INT
	VALUES ("4dfccc0d-fe76-4616-a1c2-27107ceb9aa4",
	0,
	"25a7da66-8d4e-40d2-9e48-725b2461dbe9");
INSERT INTO ACT_BLK
	VALUES ("0e6dab94-8d46-4478-866e-22d267131881",
	0,
	0,
	0,
	'V_VAR.Var_ID',
	'',
	'',
	7,
	4,
	0,
	0,
	0,
	0,
	0,
	0,
	0,
	0,
	0,
	0,
	0,
	"58196ee6-64b8-415b-b252-3a2d4226a78f",
	"00000000-0000-0000-0000-000000000000");
INSERT INTO ACT_SMT
	VALUES ("d82c65d0-0cc2-4c71-a951-566d3bc78806",
	"0e6dab94-8d46-4478-866e-22d267131881",
	"00000000-0000-0000-0000-000000000000",
	7,
	4,
	'Client::DiverterClient::xtfr_jog_switch_position_changed line: 7');
INSERT INTO E_ESS
	VALUES ("d82c65d0-0cc2-4c71-a951-566d3bc78806",
	1,
	0,
	7,
	13,
	7,
	23,
	0,
	0,
	0,
	0,
	0,
	0);
INSERT INTO E_GES
	VALUES ("d82c65d0-0cc2-4c71-a951-566d3bc78806");
INSERT INTO E_GSME
	VALUES ("d82c65d0-0cc2-4c71-a951-566d3bc78806",
	"803145dd-9ca6-43a6-bbec-873de6d0d25b");
INSERT INTO E_GEN
	VALUES ("d82c65d0-0cc2-4c71-a951-566d3bc78806",
	"4dfccc0d-fe76-4616-a1c2-27107ceb9aa4");
INSERT INTO ACT_BLK
	VALUES ("f4a9d830-083a-4af7-bec6-aa1f37d2f809",
	0,
	0,
	0,
	'V_VAR.Var_ID',
	'direction',
	'direction',
	9,
	4,
	0,
	0,
	0,
	0,
	0,
	0,
	0,
	0,
	9,
	38,
	0,
	"58196ee6-64b8-415b-b252-3a2d4226a78f",
	"00000000-0000-0000-0000-000000000000");
INSERT INTO ACT_SMT
	VALUES ("d87a117a-a22f-4a34-8d6a-6a630468d968",
	"f4a9d830-083a-4af7-bec6-aa1f37d2f809",
	"00000000-0000-0000-0000-000000000000",
	9,
	4,
	'Client::DiverterClient::xtfr_jog_switch_position_changed line: 9');
INSERT INTO E_ESS
	VALUES ("d87a117a-a22f-4a34-8d6a-6a630468d968",
	1,
	0,
	9,
	13,
	9,
	23,
	0,
	0,
	9,
	27,
	0,
	0);
INSERT INTO V_PAR
	VALUES ("8b59ca68-efb4-4b56-a10a-78daefedcfb7",
	"d87a117a-a22f-4a34-8d6a-6a630468d968",
	"00000000-0000-0000-0000-000000000000",
	'direction',
	"00000000-0000-0000-0000-000000000000",
	9,
	27);
INSERT INTO E_GES
	VALUES ("d87a117a-a22f-4a34-8d6a-6a630468d968");
INSERT INTO E_GSME
	VALUES ("d87a117a-a22f-4a34-8d6a-6a630468d968",
	"2a8c5364-9fd0-4ae0-8afa-525b1d4fc608");
INSERT INTO E_GEN
	VALUES ("d87a117a-a22f-4a34-8d6a-6a630468d968",
	"4dfccc0d-fe76-4616-a1c2-27107ceb9aa4");
INSERT INTO V_VAL
	VALUES ("8b59ca68-efb4-4b56-a10a-78daefedcfb7",
	0,
	0,
	9,
	52,
	59,
	0,
	0,
	0,
	0,
	"0b9c6b49-c1c4-48d3-a888-a76d6461cf1e",
	"f4a9d830-083a-4af7-bec6-aa1f37d2f809");
INSERT INTO V_LEN
	VALUES ("8b59ca68-efb4-4b56-a10a-78daefedcfb7",
	"8a56e473-108a-44f9-b892-c1029d8f5f9c",
	9,
	38);
INSERT INTO ACT_BLK
	VALUES ("333f6329-0581-405e-8b33-77e78fa5dc95",
	0,
	0,
	0,
	'V_VAR.Var_ID',
	'direction',
	'direction',
	11,
	4,
	0,
	0,
	0,
	0,
	0,
	0,
	0,
	0,
	11,
	38,
	0,
	"58196ee6-64b8-415b-b252-3a2d4226a78f",
	"00000000-0000-0000-0000-000000000000");
INSERT INTO ACT_SMT
	VALUES ("d20877a5-2cc4-4e3e-9eb4-59ff6aeaa164",
	"333f6329-0581-405e-8b33-77e78fa5dc95",
	"00000000-0000-0000-0000-000000000000",
	11,
	4,
	'Client::DiverterClient::xtfr_jog_switch_position_changed line: 11');
INSERT INTO E_ESS
	VALUES ("d20877a5-2cc4-4e3e-9eb4-59ff6aeaa164",
	1,
	0,
	11,
	13,
	11,
	23,
	0,
	0,
	11,
	27,
	0,
	0);
INSERT INTO V_PAR
	VALUES ("6100fe7c-7d84-4c43-9f2f-34bb19738dea",
	"d20877a5-2cc4-4e3e-9eb4-59ff6aeaa164",
	"00000000-0000-0000-0000-000000000000",
	'direction',
	"00000000-0000-0000-0000-000000000000",
	11,
	27);
INSERT INTO E_GES
	VALUES ("d20877a5-2cc4-4e3e-9eb4-59ff6aeaa164");
INSERT INTO E_GSME
	VALUES ("d20877a5-2cc4-4e3e-9eb4-59ff6aeaa164",
	"2a8c5364-9fd0-4ae0-8afa-525b1d4fc608");
INSERT INTO E_GEN
	VALUES ("d20877a5-2cc4-4e3e-9eb4-59ff6aeaa164",
	"4dfccc0d-fe76-4616-a1c2-27107ceb9aa4");
INSERT INTO V_VAL
	VALUES ("6100fe7c-7d84-4c43-9f2f-34bb19738dea",
	0,
	0,
	11,
	52,
	56,
	0,
	0,
	0,
	0,
	"0b9c6b49-c1c4-48d3-a888-a76d6461cf1e",
	"333f6329-0581-405e-8b33-77e78fa5dc95");
INSERT INTO V_LEN
	VALUES ("6100fe7c-7d84-4c43-9f2f-34bb19738dea",
	"8a559e7f-3861-46ef-86db-7cb663135af4",
	11,
	38);
INSERT INTO ACT_BLK
	VALUES ("2e34142b-d9aa-4e67-a7f9-3261e8aec531",
	0,
	0,
	0,
	'',
	'',
	'',
	12,
	59,
	0,
	0,
	0,
	0,
	0,
	0,
	0,
	0,
	0,
	0,
	0,
	"58196ee6-64b8-415b-b252-3a2d4226a78f",
	"00000000-0000-0000-0000-000000000000");
INSERT INTO C_PO
	VALUES ("46a3be2b-a4a5-4485-a1a2-77c4b94f9c0b",
	"27fa8983-0f1d-4798-a8a5-618171014feb",
	'fngrs',
	0,
	0);
INSERT INTO C_IR
	VALUES ("f4b6a083-3b5f-4d8e-aea2-4629e239a126",
	"53af1b5f-f2a3-44c3-9e01-551a6dbc7829",
	"00000000-0000-0000-0000-000000000000",
	"46a3be2b-a4a5-4485-a1a2-77c4b94f9c0b");
INSERT INTO C_R
	VALUES ("f4b6a083-3b5f-4d8e-aea2-4629e239a126",
	'PneumaticControlValve',
	'',
	'Unnamed Interface',
	'Diverter::fngrs::PneumaticControlValve');
INSERT INTO C_PO
	VALUES ("8f5f28db-af33-4c1a-9686-95285f5623d2",
	"27fa8983-0f1d-4798-a8a5-618171014feb",
	'xtfrcnvr',
	0,
	0);
INSERT INTO C_IR
	VALUES ("e5862fe2-cd96-42d6-9142-c1253fc1dd17",
	"52db6895-1faf-4f37-903b-e183212300aa",
	"00000000-0000-0000-0000-000000000000",
	"8f5f28db-af33-4c1a-9686-95285f5623d2");
INSERT INTO C_R
	VALUES ("e5862fe2-cd96-42d6-9142-c1253fc1dd17",
	'JogMotor',
	'',
	'Unnamed Interface',
	'Diverter::xtfrcnvr::JogMotor');
INSERT INTO SPR_REP
	VALUES ("578e8329-1413-4bb5-b09d-401bbfb55fc4",
	"5088c18b-e00f-4dd3-b4a9-4f3e6167a4e1",
	"e5862fe2-cd96-42d6-9142-c1253fc1dd17");
INSERT INTO SPR_RS
	VALUES ("578e8329-1413-4bb5-b09d-401bbfb55fc4",
	'jog',
	'',
	'',
	1);
INSERT INTO ACT_RSB
	VALUES ("464a3bc0-5fda-4e38-96f3-b80cab33f191",
	"578e8329-1413-4bb5-b09d-401bbfb55fc4");
INSERT INTO ACT_ACT
	VALUES ("464a3bc0-5fda-4e38-96f3-b80cab33f191",
	'signal',
	0,
	"96efd33a-e934-4114-b679-f6f71ea0b02d",
	"00000000-0000-0000-0000-000000000000",
	0,
	'xtfrcnvr::JogMotor::jog',
	"00000000-0000-0000-0000-000000000000");
INSERT INTO ACT_BLK
	VALUES ("96efd33a-e934-4114-b679-f6f71ea0b02d",
	0,
	0,
	0,
	'',
	'',
	'',
	0,
	0,
	0,
	0,
	0,
	0,
	0,
	0,
	0,
	0,
	0,
	0,
	0,
	"464a3bc0-5fda-4e38-96f3-b80cab33f191",
	"00000000-0000-0000-0000-000000000000");
INSERT INTO SPR_REP
	VALUES ("3d29c089-acbd-4ec5-acfe-63fba344b933",
	"9241cf5d-2f11-4b22-9139-4bd3137ca986",
	"e5862fe2-cd96-42d6-9142-c1253fc1dd17");
INSERT INTO SPR_RS
	VALUES ("3d29c089-acbd-4ec5-acfe-63fba344b933",
	'stop',
	'',
	'',
	1);
INSERT INTO ACT_RSB
	VALUES ("ec7660fe-2c24-48a7-9727-4b8f32d617f7",
	"3d29c089-acbd-4ec5-acfe-63fba344b933");
INSERT INTO ACT_ACT
	VALUES ("ec7660fe-2c24-48a7-9727-4b8f32d617f7",
	'signal',
	0,
	"c276bb41-d79e-41b3-92da-2819a1adabb2",
	"00000000-0000-0000-0000-000000000000",
	0,
	'xtfrcnvr::JogMotor::stop',
	"00000000-0000-0000-0000-000000000000");
INSERT INTO ACT_BLK
	VALUES ("c276bb41-d79e-41b3-92da-2819a1adabb2",
	0,
	0,
	0,
	'',
	'',
	'',
	0,
	0,
	0,
	0,
	0,
	0,
	0,
	0,
	0,
	0,
	0,
	0,
	0,
	"ec7660fe-2c24-48a7-9727-4b8f32d617f7",
	"00000000-0000-0000-0000-000000000000");
INSERT INTO SPR_REP
	VALUES ("4a538438-5b38-49a7-8339-7a8276ea6c54",
	"6959782d-b94d-4525-9720-fcb3ab20776f",
	"e5862fe2-cd96-42d6-9142-c1253fc1dd17");
INSERT INTO SPR_RS
	VALUES ("4a538438-5b38-49a7-8339-7a8276ea6c54",
	'motion_initiated',
	'This signal is an indicator to the client of the interface that the last motion
instruction has been executed.  A new motion instruction can now be send from 
the client.',
	'/* The drive has indicated that it is ready to receive another instruction.
*/

select any xtfr_conveyor from instances of XTFRCNVR;
generate XTFRCNVR5:drive_rdy_for_inst() to xtfr_conveyor;
',
	1);
INSERT INTO ACT_RSB
	VALUES ("82b7fc72-f2e1-4f8c-8779-cbe8ea2080c5",
	"4a538438-5b38-49a7-8339-7a8276ea6c54");
INSERT INTO ACT_ACT
	VALUES ("82b7fc72-f2e1-4f8c-8779-cbe8ea2080c5",
	'signal',
	0,
	"a810b026-eb77-4836-9352-d0fa1a5b86cc",
	"00000000-0000-0000-0000-000000000000",
	0,
	'xtfrcnvr::JogMotor::motion_initiated',
	"00000000-0000-0000-0000-000000000000");
INSERT INTO ACT_BLK
	VALUES ("a810b026-eb77-4836-9352-d0fa1a5b86cc",
	1,
	0,
	0,
	'V_VAR.Var_ID',
	'',
	'',
	5,
	1,
	4,
	44,
	0,
	0,
	0,
	0,
	0,
	0,
	0,
	0,
	0,
	"82b7fc72-f2e1-4f8c-8779-cbe8ea2080c5",
	"00000000-0000-0000-0000-000000000000");
INSERT INTO ACT_SMT
	VALUES ("e10a3a10-9dab-4194-a5f9-1834b45514d2",
	"a810b026-eb77-4836-9352-d0fa1a5b86cc",
	"0b12580a-b037-4594-8076-2beafcbc3f7e",
	4,
	1,
	'xtfrcnvr::JogMotor::motion_initiated line: 4');
INSERT INTO ACT_FIO
	VALUES ("e10a3a10-9dab-4194-a5f9-1834b45514d2",
	"ca930edc-58e7-42ad-b587-3a424218ba9e",
	1,
	'any',
	"25a7da66-8d4e-40d2-9e48-725b2461dbe9",
	4,
	44);
INSERT INTO ACT_SMT
	VALUES ("0b12580a-b037-4594-8076-2beafcbc3f7e",
	"a810b026-eb77-4836-9352-d0fa1a5b86cc",
	"00000000-0000-0000-0000-000000000000",
	5,
	1,
	'xtfrcnvr::JogMotor::motion_initiated line: 5');
INSERT INTO E_ESS
	VALUES ("0b12580a-b037-4594-8076-2beafcbc3f7e",
	1,
	0,
	5,
	10,
	5,
	20,
	4,
	44,
	0,
	0,
	0,
	0);
INSERT INTO E_GES
	VALUES ("0b12580a-b037-4594-8076-2beafcbc3f7e");
INSERT INTO E_GSME
	VALUES ("0b12580a-b037-4594-8076-2beafcbc3f7e",
	"a2442448-f8fb-4a19-883c-8bf885a8c63e");
INSERT INTO E_GEN
	VALUES ("0b12580a-b037-4594-8076-2beafcbc3f7e",
	"ca930edc-58e7-42ad-b587-3a424218ba9e");
INSERT INTO V_VAR
	VALUES ("ca930edc-58e7-42ad-b587-3a424218ba9e",
	"a810b026-eb77-4836-9352-d0fa1a5b86cc",
	'xtfr_conveyor',
	1,
	"ba5eda7a-def5-0000-0000-000000000008");
INSERT INTO V_INT
	VALUES ("ca930edc-58e7-42ad-b587-3a424218ba9e",
	0,
	"25a7da66-8d4e-40d2-9e48-725b2461dbe9");
INSERT INTO SPR_REP
	VALUES ("30c7c066-288c-4a0e-b3cb-40fb2cefe59b",
	"7830f4a2-ff94-4ac8-a5d1-fd897ee6bfaf",
	"e5862fe2-cd96-42d6-9142-c1253fc1dd17");
INSERT INTO SPR_RS
	VALUES ("30c7c066-288c-4a0e-b3cb-40fb2cefe59b",
	'motion_complete',
	'This signal informs the client that the motor is no longer rotating and the 
drive is about to be disabled.  This signal will only occur after a stop has
been issued by the client of the interface or after a timed velocity move is
finished.',
	'/* The drive is signaling the motor has been brought to a complete stop.
*/

select any xtfr_conveyor from instances of XTFRCNVR;
generate XTFRCNVR9:motor_stopped() to xtfr_conveyor;
',
	1);
INSERT INTO ACT_RSB
	VALUES ("916375a7-d7e4-4400-8f07-64f5c2604591",
	"30c7c066-288c-4a0e-b3cb-40fb2cefe59b");
INSERT INTO ACT_ACT
	VALUES ("916375a7-d7e4-4400-8f07-64f5c2604591",
	'signal',
	0,
	"9b99830a-57e1-4ea1-bf90-0e781be6f938",
	"00000000-0000-0000-0000-000000000000",
	0,
	'xtfrcnvr::JogMotor::motion_complete',
	"00000000-0000-0000-0000-000000000000");
INSERT INTO ACT_BLK
	VALUES ("9b99830a-57e1-4ea1-bf90-0e781be6f938",
	1,
	0,
	0,
	'V_VAR.Var_ID',
	'',
	'',
	5,
	1,
	4,
	44,
	0,
	0,
	0,
	0,
	0,
	0,
	0,
	0,
	0,
	"916375a7-d7e4-4400-8f07-64f5c2604591",
	"00000000-0000-0000-0000-000000000000");
INSERT INTO ACT_SMT
	VALUES ("0099bc98-3486-4d95-ad3f-d1082e13fd74",
	"9b99830a-57e1-4ea1-bf90-0e781be6f938",
	"44d4690e-fa3e-4adb-be03-a66ce0377327",
	4,
	1,
	'xtfrcnvr::JogMotor::motion_complete line: 4');
INSERT INTO ACT_FIO
	VALUES ("0099bc98-3486-4d95-ad3f-d1082e13fd74",
	"8e4c8898-afd9-4cee-b9cf-3a123dfd3419",
	1,
	'any',
	"25a7da66-8d4e-40d2-9e48-725b2461dbe9",
	4,
	44);
INSERT INTO ACT_SMT
	VALUES ("44d4690e-fa3e-4adb-be03-a66ce0377327",
	"9b99830a-57e1-4ea1-bf90-0e781be6f938",
	"00000000-0000-0000-0000-000000000000",
	5,
	1,
	'xtfrcnvr::JogMotor::motion_complete line: 5');
INSERT INTO E_ESS
	VALUES ("44d4690e-fa3e-4adb-be03-a66ce0377327",
	1,
	0,
	5,
	10,
	5,
	20,
	4,
	44,
	0,
	0,
	0,
	0);
INSERT INTO E_GES
	VALUES ("44d4690e-fa3e-4adb-be03-a66ce0377327");
INSERT INTO E_GSME
	VALUES ("44d4690e-fa3e-4adb-be03-a66ce0377327",
	"6d6d4e70-a53a-43ec-9b74-154652e68560");
INSERT INTO E_GEN
	VALUES ("44d4690e-fa3e-4adb-be03-a66ce0377327",
	"8e4c8898-afd9-4cee-b9cf-3a123dfd3419");
INSERT INTO V_VAR
	VALUES ("8e4c8898-afd9-4cee-b9cf-3a123dfd3419",
	"9b99830a-57e1-4ea1-bf90-0e781be6f938",
	'xtfr_conveyor',
	1,
	"ba5eda7a-def5-0000-0000-000000000008");
INSERT INTO V_INT
	VALUES ("8e4c8898-afd9-4cee-b9cf-3a123dfd3419",
	0,
	"25a7da66-8d4e-40d2-9e48-725b2461dbe9");
INSERT INTO C_PO
	VALUES ("6aa06c4e-c551-4a7b-b297-9d4a4d5bac68",
	"27fa8983-0f1d-4798-a8a5-618171014feb",
	'dvtpan',
	0,
	0);
INSERT INTO C_IR
	VALUES ("0d774757-d178-4db2-98e4-c04594aaf25f",
	"c05eb167-3bf3-4c2f-8a02-681482983586",
	"00000000-0000-0000-0000-000000000000",
	"6aa06c4e-c551-4a7b-b297-9d4a4d5bac68");
INSERT INTO C_R
	VALUES ("0d774757-d178-4db2-98e4-c04594aaf25f",
	'DivertMotor',
	'',
	'Unnamed Interface',
	'Diverter::dvtpan::DivertMotor');
INSERT INTO C_PO
	VALUES ("77787fa9-43e5-4652-a4a9-e18886d5da32",
	"27fa8983-0f1d-4798-a8a5-618171014feb",
	'speed_ref',
	0,
	0);
INSERT INTO C_IR
	VALUES ("ce9a8dd4-c5ef-411d-89e4-9ac0dcfb69cc",
	"6585f459-e4e1-4bcf-a79d-20860fa3054a",
	"00000000-0000-0000-0000-000000000000",
	"77787fa9-43e5-4652-a4a9-e18886d5da32");
INSERT INTO C_R
	VALUES ("ce9a8dd4-c5ef-411d-89e4-9ac0dcfb69cc",
	'SpeedSignal',
	'',
	'Unnamed Interface',
	'Diverter::speed_ref::SpeedSignal');
INSERT INTO SPR_REP
	VALUES ("bccb2953-abc1-4899-bced-6fdafcff7e3a",
	"8ee99fda-5497-4931-a625-3fdc9793c2e9",
	"ce9a8dd4-c5ef-411d-89e4-9ac0dcfb69cc");
INSERT INTO SPR_RS
	VALUES ("bccb2953-abc1-4899-bced-6fdafcff7e3a",
	'CutPulse',
	'',
	'',
	1);
INSERT INTO ACT_RSB
	VALUES ("e3b0c9b9-a65a-44d4-8928-573c84b2665f",
	"bccb2953-abc1-4899-bced-6fdafcff7e3a");
INSERT INTO ACT_ACT
	VALUES ("e3b0c9b9-a65a-44d4-8928-573c84b2665f",
	'signal',
	0,
	"e6a99b3d-8f06-4bc1-81f3-4d2bdfb34f72",
	"00000000-0000-0000-0000-000000000000",
	0,
	'speed_ref::SpeedSignal::CutPulse',
	"00000000-0000-0000-0000-000000000000");
INSERT INTO ACT_BLK
	VALUES ("e6a99b3d-8f06-4bc1-81f3-4d2bdfb34f72",
	0,
	0,
	0,
	'',
	'',
	'',
	0,
	0,
	0,
	0,
	0,
	0,
	0,
	0,
	0,
	0,
	0,
	0,
	0,
	"e3b0c9b9-a65a-44d4-8928-573c84b2665f",
	"00000000-0000-0000-0000-000000000000");
INSERT INTO C_PO
	VALUES ("114bcab6-412a-4f18-b97c-d4c5cc931ff2",
	"27fa8983-0f1d-4798-a8a5-618171014feb",
	'arblst',
	0,
	0);
INSERT INTO C_IR
	VALUES ("e8885297-dc2e-4e43-b911-6b85ff1ffbdb",
	"53af1b5f-f2a3-44c3-9e01-551a6dbc7829",
	"00000000-0000-0000-0000-000000000000",
	"114bcab6-412a-4f18-b97c-d4c5cc931ff2");
INSERT INTO C_R
	VALUES ("e8885297-dc2e-4e43-b911-6b85ff1ffbdb",
	'PneumaticControlValve',
	'',
	'Unnamed Interface',
	'Diverter::arblst::PneumaticControlValve');
INSERT INTO C_PO
	VALUES ("2330c59c-7842-4f33-b2fe-a06f0289fb08",
	"27fa8983-0f1d-4798-a8a5-618171014feb",
	'Port1',
	0,
	0);
INSERT INTO C_IR
	VALUES ("ae911d3c-ae2d-4552-bbd5-01441980e9cf",
	"52db6895-1faf-4f37-903b-e183212300aa",
	"00000000-0000-0000-0000-000000000000",
	"2330c59c-7842-4f33-b2fe-a06f0289fb08");
INSERT INTO C_R
	VALUES ("ae911d3c-ae2d-4552-bbd5-01441980e9cf",
	'JogMotor',
	'',
	'Unnamed Interface',
	'Diverter::Port1::JogMotor');
INSERT INTO SPR_REP
	VALUES ("3e213983-e844-4ac6-9db5-7e1734f17f94",
	"5088c18b-e00f-4dd3-b4a9-4f3e6167a4e1",
	"ae911d3c-ae2d-4552-bbd5-01441980e9cf");
INSERT INTO SPR_RS
	VALUES ("3e213983-e844-4ac6-9db5-7e1734f17f94",
	'jog',
	'',
	'',
	1);
INSERT INTO ACT_RSB
	VALUES ("01c1ee98-b68e-4c8d-9b23-3ed50d8837e5",
	"3e213983-e844-4ac6-9db5-7e1734f17f94");
INSERT INTO ACT_ACT
	VALUES ("01c1ee98-b68e-4c8d-9b23-3ed50d8837e5",
	'signal',
	0,
	"be487aa4-a0cd-483c-8c17-5e94cde5298a",
	"00000000-0000-0000-0000-000000000000",
	0,
	'Port1::JogMotor::jog',
	"00000000-0000-0000-0000-000000000000");
INSERT INTO ACT_BLK
	VALUES ("be487aa4-a0cd-483c-8c17-5e94cde5298a",
	0,
	0,
	0,
	'',
	'',
	'',
	0,
	0,
	0,
	0,
	0,
	0,
	0,
	0,
	0,
	0,
	0,
	0,
	0,
	"01c1ee98-b68e-4c8d-9b23-3ed50d8837e5",
	"00000000-0000-0000-0000-000000000000");
INSERT INTO SPR_REP
	VALUES ("ec8e18b9-7dd6-4675-840a-902159d2d798",
	"9241cf5d-2f11-4b22-9139-4bd3137ca986",
	"ae911d3c-ae2d-4552-bbd5-01441980e9cf");
INSERT INTO SPR_RS
	VALUES ("ec8e18b9-7dd6-4675-840a-902159d2d798",
	'stop',
	'',
	'',
	1);
INSERT INTO ACT_RSB
	VALUES ("d4bf1f21-6991-4d53-90ca-a60af5cfbd7b",
	"ec8e18b9-7dd6-4675-840a-902159d2d798");
INSERT INTO ACT_ACT
	VALUES ("d4bf1f21-6991-4d53-90ca-a60af5cfbd7b",
	'signal',
	0,
	"daef5314-2e87-4134-bfd4-fa03be61e7ea",
	"00000000-0000-0000-0000-000000000000",
	0,
	'Port1::JogMotor::stop',
	"00000000-0000-0000-0000-000000000000");
INSERT INTO ACT_BLK
	VALUES ("daef5314-2e87-4134-bfd4-fa03be61e7ea",
	0,
	0,
	0,
	'',
	'',
	'',
	0,
	0,
	0,
	0,
	0,
	0,
	0,
	0,
	0,
	0,
	0,
	0,
	0,
	"d4bf1f21-6991-4d53-90ca-a60af5cfbd7b",
	"00000000-0000-0000-0000-000000000000");
INSERT INTO SPR_REP
	VALUES ("813b4e48-6fef-4e93-8ae3-ea12d286365e",
	"6959782d-b94d-4525-9720-fcb3ab20776f",
	"ae911d3c-ae2d-4552-bbd5-01441980e9cf");
INSERT INTO SPR_RS
	VALUES ("813b4e48-6fef-4e93-8ae3-ea12d286365e",
	'motion_initiated',
	'This signal is an indicator to the client of the interface that the last motion
instruction has been executed.  A new motion instruction can now be send from 
the client.',
	'',
	1);
INSERT INTO ACT_RSB
	VALUES ("9fbfac5d-99f3-4263-aeb9-ba0cb9a15c95",
	"813b4e48-6fef-4e93-8ae3-ea12d286365e");
INSERT INTO ACT_ACT
	VALUES ("9fbfac5d-99f3-4263-aeb9-ba0cb9a15c95",
	'signal',
	0,
	"2ed25c71-18d4-4a5c-959d-860c98f65504",
	"00000000-0000-0000-0000-000000000000",
	0,
	'Port1::JogMotor::motion_initiated',
	"00000000-0000-0000-0000-000000000000");
INSERT INTO ACT_BLK
	VALUES ("2ed25c71-18d4-4a5c-959d-860c98f65504",
	0,
	0,
	0,
	'',
	'',
	'',
	0,
	0,
	0,
	0,
	0,
	0,
	0,
	0,
	0,
	0,
	0,
	0,
	0,
	"9fbfac5d-99f3-4263-aeb9-ba0cb9a15c95",
	"00000000-0000-0000-0000-000000000000");
INSERT INTO SPR_REP
	VALUES ("60cce647-0849-43d3-8faf-1a5b6a92ce22",
	"7830f4a2-ff94-4ac8-a5d1-fd897ee6bfaf",
	"ae911d3c-ae2d-4552-bbd5-01441980e9cf");
INSERT INTO SPR_RS
	VALUES ("60cce647-0849-43d3-8faf-1a5b6a92ce22",
	'motion_complete',
	'This signal informs the client that the motor is no longer rotating and the 
drive is about to be disabled.  This signal will only occur after a stop has
been issued by the client of the interface or after a timed velocity move is
finished.',
	'',
	1);
INSERT INTO ACT_RSB
	VALUES ("451d89d7-badd-40fb-961b-c1c5a0d9a28a",
	"60cce647-0849-43d3-8faf-1a5b6a92ce22");
INSERT INTO ACT_ACT
	VALUES ("451d89d7-badd-40fb-961b-c1c5a0d9a28a",
	'signal',
	0,
	"902f3243-037a-449f-9544-6e300dce147c",
	"00000000-0000-0000-0000-000000000000",
	0,
	'Port1::JogMotor::motion_complete',
	"00000000-0000-0000-0000-000000000000");
INSERT INTO ACT_BLK
	VALUES ("902f3243-037a-449f-9544-6e300dce147c",
	0,
	0,
	0,
	'',
	'',
	'',
	0,
	0,
	0,
	0,
	0,
	0,
	0,
	0,
	0,
	0,
	0,
	0,
	0,
	"451d89d7-badd-40fb-961b-c1c5a0d9a28a",
	"00000000-0000-0000-0000-000000000000");
INSERT INTO PE_PE
	VALUES ("c3d6024b-ab3a-4992-8717-15d3939342da",
	1,
	"00000000-0000-0000-0000-000000000000",
	"27fa8983-0f1d-4798-a8a5-618171014feb",
	7);
INSERT INTO EP_PKG
	VALUES ("c3d6024b-ab3a-4992-8717-15d3939342da",
	"00000000-0000-0000-0000-000000000000",
	"a4578804-6c2e-4c96-9428-cb3a7061868f",
	'CrossTransferConveyorControl',
	'',
	0);
INSERT INTO PE_PE
	VALUES ("5dc0b121-a9de-471b-9f21-50903e19c6ee",
	1,
	"c3d6024b-ab3a-4992-8717-15d3939342da",
	"00000000-0000-0000-0000-000000000000",
	9);
INSERT INTO R_REL
	VALUES ("5dc0b121-a9de-471b-9f21-50903e19c6ee",
	8,
	'This relationship formalizes a migrating sub-type class relationship.  The
sub-type classes provide different sequencing logic for the Cross 
Transfer Conveyor super-type.  The Cross Transfer Conveyor super-type class
doesn''t change but displays different behavior based on the current sub-type.

Polymorphic events directed to the Cross Transfer Conveyor are seamlessly passed
to the sub-types for interaction with the sub-type state machine. 


',
	"00000000-0000-0000-0000-000000000000");
INSERT INTO R_SUBSUP
	VALUES ("5dc0b121-a9de-471b-9f21-50903e19c6ee");
INSERT INTO R_SUPER
	VALUES ("25a7da66-8d4e-40d2-9e48-725b2461dbe9",
	"5dc0b121-a9de-471b-9f21-50903e19c6ee",
	"022f432a-ea3d-451e-bd4b-83a22237bc3b");
INSERT INTO O_RTIDA
	VALUES ("b6b14f55-78eb-47f4-81c0-283fbbe875c3",
	"25a7da66-8d4e-40d2-9e48-725b2461dbe9",
	0,
	"5dc0b121-a9de-471b-9f21-50903e19c6ee",
	"022f432a-ea3d-451e-bd4b-83a22237bc3b");
INSERT INTO R_RTO
	VALUES ("25a7da66-8d4e-40d2-9e48-725b2461dbe9",
	"5dc0b121-a9de-471b-9f21-50903e19c6ee",
	"022f432a-ea3d-451e-bd4b-83a22237bc3b",
	0);
INSERT INTO R_OIR
	VALUES ("25a7da66-8d4e-40d2-9e48-725b2461dbe9",
	"5dc0b121-a9de-471b-9f21-50903e19c6ee",
	"022f432a-ea3d-451e-bd4b-83a22237bc3b",
	"00000000-0000-0000-0000-000000000000");
INSERT INTO R_SUB
	VALUES ("5d77175d-d671-463d-974e-4471bcb408f5",
	"5dc0b121-a9de-471b-9f21-50903e19c6ee",
	"faf0e819-e1f0-4bc9-90b6-f66c6226aac2");
INSERT INTO R_RGO
	VALUES ("5d77175d-d671-463d-974e-4471bcb408f5",
	"5dc0b121-a9de-471b-9f21-50903e19c6ee",
	"faf0e819-e1f0-4bc9-90b6-f66c6226aac2");
INSERT INTO R_OIR
	VALUES ("5d77175d-d671-463d-974e-4471bcb408f5",
	"5dc0b121-a9de-471b-9f21-50903e19c6ee",
	"faf0e819-e1f0-4bc9-90b6-f66c6226aac2",
	"00000000-0000-0000-0000-000000000000");
INSERT INTO R_SUB
	VALUES ("fe5c048c-e29b-4151-9315-f458dfaaea1e",
	"5dc0b121-a9de-471b-9f21-50903e19c6ee",
	"392ddbc6-b1e8-41dd-8a19-50693823e343");
INSERT INTO R_RGO
	VALUES ("fe5c048c-e29b-4151-9315-f458dfaaea1e",
	"5dc0b121-a9de-471b-9f21-50903e19c6ee",
	"392ddbc6-b1e8-41dd-8a19-50693823e343");
INSERT INTO R_OIR
	VALUES ("fe5c048c-e29b-4151-9315-f458dfaaea1e",
	"5dc0b121-a9de-471b-9f21-50903e19c6ee",
	"392ddbc6-b1e8-41dd-8a19-50693823e343",
	"00000000-0000-0000-0000-000000000000");
INSERT INTO R_SUB
	VALUES ("9f6dbe02-e6f1-41f0-aef7-eee6afd06d7a",
	"5dc0b121-a9de-471b-9f21-50903e19c6ee",
	"db11fd87-e639-4c2b-b508-b25e7c0c8005");
INSERT INTO R_RGO
	VALUES ("9f6dbe02-e6f1-41f0-aef7-eee6afd06d7a",
	"5dc0b121-a9de-471b-9f21-50903e19c6ee",
	"db11fd87-e639-4c2b-b508-b25e7c0c8005");
INSERT INTO R_OIR
	VALUES ("9f6dbe02-e6f1-41f0-aef7-eee6afd06d7a",
	"5dc0b121-a9de-471b-9f21-50903e19c6ee",
	"db11fd87-e639-4c2b-b508-b25e7c0c8005",
	"00000000-0000-0000-0000-000000000000");
INSERT INTO PE_PE
	VALUES ("a3254b7e-9a7f-4822-b458-095dfd530db7",
	1,
	"c3d6024b-ab3a-4992-8717-15d3939342da",
	"00000000-0000-0000-0000-000000000000",
	9);
INSERT INTO R_REL
	VALUES ("a3254b7e-9a7f-4822-b458-095dfd530db7",
	9,
	'

',
	"00000000-0000-0000-0000-000000000000");
INSERT INTO R_SUBSUP
	VALUES ("a3254b7e-9a7f-4822-b458-095dfd530db7");
INSERT INTO R_SUPER
	VALUES ("fe5c048c-e29b-4151-9315-f458dfaaea1e",
	"a3254b7e-9a7f-4822-b458-095dfd530db7",
	"ccb2eaa9-f01c-4dbd-9d62-4af8c39a7876");
INSERT INTO O_RTIDA
	VALUES ("be7c7815-8d48-4eaf-891a-9807a7a7fae1",
	"fe5c048c-e29b-4151-9315-f458dfaaea1e",
	0,
	"a3254b7e-9a7f-4822-b458-095dfd530db7",
	"ccb2eaa9-f01c-4dbd-9d62-4af8c39a7876");
INSERT INTO R_RTO
	VALUES ("fe5c048c-e29b-4151-9315-f458dfaaea1e",
	"a3254b7e-9a7f-4822-b458-095dfd530db7",
	"ccb2eaa9-f01c-4dbd-9d62-4af8c39a7876",
	0);
INSERT INTO R_OIR
	VALUES ("fe5c048c-e29b-4151-9315-f458dfaaea1e",
	"a3254b7e-9a7f-4822-b458-095dfd530db7",
	"ccb2eaa9-f01c-4dbd-9d62-4af8c39a7876",
	"00000000-0000-0000-0000-000000000000");
INSERT INTO R_SUB
	VALUES ("a4692583-c022-4a6a-ab63-a4844989f57c",
	"a3254b7e-9a7f-4822-b458-095dfd530db7",
	"551d7f42-04e5-4a1f-82da-3523c184fc14");
INSERT INTO R_RGO
	VALUES ("a4692583-c022-4a6a-ab63-a4844989f57c",
	"a3254b7e-9a7f-4822-b458-095dfd530db7",
	"551d7f42-04e5-4a1f-82da-3523c184fc14");
INSERT INTO R_OIR
	VALUES ("a4692583-c022-4a6a-ab63-a4844989f57c",
	"a3254b7e-9a7f-4822-b458-095dfd530db7",
	"551d7f42-04e5-4a1f-82da-3523c184fc14",
	"00000000-0000-0000-0000-000000000000");
INSERT INTO R_SUB
	VALUES ("68b26804-eac9-4cfe-9193-cd41226d7f08",
	"a3254b7e-9a7f-4822-b458-095dfd530db7",
	"d8c076b6-98c1-4cc2-b9d0-50cc34a81561");
INSERT INTO R_RGO
	VALUES ("68b26804-eac9-4cfe-9193-cd41226d7f08",
	"a3254b7e-9a7f-4822-b458-095dfd530db7",
	"d8c076b6-98c1-4cc2-b9d0-50cc34a81561");
INSERT INTO R_OIR
	VALUES ("68b26804-eac9-4cfe-9193-cd41226d7f08",
	"a3254b7e-9a7f-4822-b458-095dfd530db7",
	"d8c076b6-98c1-4cc2-b9d0-50cc34a81561",
	"00000000-0000-0000-0000-000000000000");
INSERT INTO PE_PE
	VALUES ("fe5c048c-e29b-4151-9315-f458dfaaea1e",
	1,
	"c3d6024b-ab3a-4992-8717-15d3939342da",
	"00000000-0000-0000-0000-000000000000",
	4);
INSERT INTO O_OBJ
	VALUES ("fe5c048c-e29b-4151-9315-f458dfaaea1e",
	'Automatic Sequence',
	13,
	'AUTOSEQ',
	'',
	"00000000-0000-0000-0000-000000000000");
INSERT INTO O_REF
	VALUES ("fe5c048c-e29b-4151-9315-f458dfaaea1e",
	"25a7da66-8d4e-40d2-9e48-725b2461dbe9",
	0,
	"b6b14f55-78eb-47f4-81c0-283fbbe875c3",
	"5dc0b121-a9de-471b-9f21-50903e19c6ee",
	"392ddbc6-b1e8-41dd-8a19-50693823e343",
	"022f432a-ea3d-451e-bd4b-83a22237bc3b",
	"be7c7815-8d48-4eaf-891a-9807a7a7fae1",
	"b17e2fef-4d15-4075-9814-b6ceb120d6f4",
	"00000000-0000-0000-0000-000000000000",
	0,
	'',
	'Cross Transfer Conveyor',
	'Id',
	'R8');
INSERT INTO O_RATTR
	VALUES ("be7c7815-8d48-4eaf-891a-9807a7a7fae1",
	"fe5c048c-e29b-4151-9315-f458dfaaea1e",
	"b6b14f55-78eb-47f4-81c0-283fbbe875c3",
	"25a7da66-8d4e-40d2-9e48-725b2461dbe9",
	1,
	'Id');
INSERT INTO O_ATTR
	VALUES ("be7c7815-8d48-4eaf-891a-9807a7a7fae1",
	"fe5c048c-e29b-4151-9315-f458dfaaea1e",
	"00000000-0000-0000-0000-000000000000",
	'Id',
	'',
	'',
	'Id',
	0,
	"ba5eda7a-def5-0000-0000-000000000007",
	'',
	'');
INSERT INTO O_NBATTR
	VALUES ("0cfdb53b-7727-4625-9fb8-6a5a1b67e27c",
	"fe5c048c-e29b-4151-9315-f458dfaaea1e");
INSERT INTO O_BATTR
	VALUES ("0cfdb53b-7727-4625-9fb8-6a5a1b67e27c",
	"fe5c048c-e29b-4151-9315-f458dfaaea1e");
INSERT INTO O_ATTR
	VALUES ("0cfdb53b-7727-4625-9fb8-6a5a1b67e27c",
	"fe5c048c-e29b-4151-9315-f458dfaaea1e",
	"be8fcf75-a089-47e1-9134-ec51da4bfd36",
	'current_state',
	'',
	'',
	'current_state',
	0,
	"ba5eda7a-def5-0000-0000-000000000006",
	'',
	'');
INSERT INTO O_NBATTR
	VALUES ("e68e9526-4818-4b2b-b1c3-179dc25f69db",
	"fe5c048c-e29b-4151-9315-f458dfaaea1e");
INSERT INTO O_BATTR
	VALUES ("e68e9526-4818-4b2b-b1c3-179dc25f69db",
	"fe5c048c-e29b-4151-9315-f458dfaaea1e");
INSERT INTO O_ATTR
	VALUES ("e68e9526-4818-4b2b-b1c3-179dc25f69db",
	"fe5c048c-e29b-4151-9315-f458dfaaea1e",
	"be7c7815-8d48-4eaf-891a-9807a7a7fae1",
	'time_to_run',
	'',
	'',
	'time_to_run',
	0,
	"ba5eda7a-def5-0000-0000-000000000002",
	'',
	'');
INSERT INTO O_NBATTR
	VALUES ("be8fcf75-a089-47e1-9134-ec51da4bfd36",
	"fe5c048c-e29b-4151-9315-f458dfaaea1e");
INSERT INTO O_BATTR
	VALUES ("be8fcf75-a089-47e1-9134-ec51da4bfd36",
	"fe5c048c-e29b-4151-9315-f458dfaaea1e");
INSERT INTO O_ATTR
	VALUES ("be8fcf75-a089-47e1-9134-ec51da4bfd36",
	"fe5c048c-e29b-4151-9315-f458dfaaea1e",
	"e68e9526-4818-4b2b-b1c3-179dc25f69db",
	'motor_direction',
	'',
	'',
	'motor_direction',
	0,
	"10a457d6-e25e-4dbe-a48f-0682e976c4bf",
	'',
	'');
INSERT INTO O_ID
	VALUES (0,
	"fe5c048c-e29b-4151-9315-f458dfaaea1e");
INSERT INTO O_OIDA
	VALUES ("be7c7815-8d48-4eaf-891a-9807a7a7fae1",
	"fe5c048c-e29b-4151-9315-f458dfaaea1e",
	0,
	'Id');
INSERT INTO O_ID
	VALUES (1,
	"fe5c048c-e29b-4151-9315-f458dfaaea1e");
INSERT INTO O_ID
	VALUES (2,
	"fe5c048c-e29b-4151-9315-f458dfaaea1e");
INSERT INTO SM_ISM
	VALUES ("3885572d-7ef9-4b8f-b1a1-4aee8b0d092d",
	"fe5c048c-e29b-4151-9315-f458dfaaea1e");
INSERT INTO SM_SM
	VALUES ("3885572d-7ef9-4b8f-b1a1-4aee8b0d092d",
	'',
	0);
INSERT INTO SM_MOORE
	VALUES ("3885572d-7ef9-4b8f-b1a1-4aee8b0d092d");
INSERT INTO SM_PEVT
	VALUES ("3357b94a-c8eb-49a3-a7f0-e8dc85ede7c4",
	"3885572d-7ef9-4b8f-b1a1-4aee8b0d092d",
	"00000000-0000-0000-0000-000000000000",
	'Automatic Sequence',
	'AUTOSEQ',
	'initiate_auto_seq');
INSERT INTO SM_EVT
	VALUES ("3357b94a-c8eb-49a3-a7f0-e8dc85ede7c4",
	"3885572d-7ef9-4b8f-b1a1-4aee8b0d092d",
	"00000000-0000-0000-0000-000000000000",
	11,
	'initiate_auto_seq',
	0,
	'',
	'AUTOSEQ11',
	'');
INSERT INTO PE_PE
	VALUES ("a4692583-c022-4a6a-ab63-a4844989f57c",
	1,
	"c3d6024b-ab3a-4992-8717-15d3939342da",
	"00000000-0000-0000-0000-000000000000",
	4);
INSERT INTO O_OBJ
	VALUES ("a4692583-c022-4a6a-ab63-a4844989f57c",
	'Conveyor Length Rollout',
	15,
	'CLX1DCGSEQ',
	'',
	"00000000-0000-0000-0000-000000000000");
INSERT INTO O_NBATTR
	VALUES ("50deb25c-2ba9-4c15-81e6-7c5388e14b29",
	"a4692583-c022-4a6a-ab63-a4844989f57c");
INSERT INTO O_BATTR
	VALUES ("50deb25c-2ba9-4c15-81e6-7c5388e14b29",
	"a4692583-c022-4a6a-ab63-a4844989f57c");
INSERT INTO O_ATTR
	VALUES ("50deb25c-2ba9-4c15-81e6-7c5388e14b29",
	"a4692583-c022-4a6a-ab63-a4844989f57c",
	"1f899b16-5084-45f4-8253-09fe243426a1",
	'current_state',
	'',
	'',
	'current_state',
	0,
	"ba5eda7a-def5-0000-0000-000000000006",
	'',
	'');
INSERT INTO O_REF
	VALUES ("a4692583-c022-4a6a-ab63-a4844989f57c",
	"fe5c048c-e29b-4151-9315-f458dfaaea1e",
	0,
	"be7c7815-8d48-4eaf-891a-9807a7a7fae1",
	"a3254b7e-9a7f-4822-b458-095dfd530db7",
	"551d7f42-04e5-4a1f-82da-3523c184fc14",
	"ccb2eaa9-f01c-4dbd-9d62-4af8c39a7876",
	"1f899b16-5084-45f4-8253-09fe243426a1",
	"377298cd-2c0b-42aa-a093-dc0f8b61265a",
	"00000000-0000-0000-0000-000000000000",
	0,
	'',
	'Automatic Sequence',
	'Id',
	'R9');
INSERT INTO O_RATTR
	VALUES ("1f899b16-5084-45f4-8253-09fe243426a1",
	"a4692583-c022-4a6a-ab63-a4844989f57c",
	"b6b14f55-78eb-47f4-81c0-283fbbe875c3",
	"25a7da66-8d4e-40d2-9e48-725b2461dbe9",
	1,
	'Id');
INSERT INTO O_ATTR
	VALUES ("1f899b16-5084-45f4-8253-09fe243426a1",
	"a4692583-c022-4a6a-ab63-a4844989f57c",
	"00000000-0000-0000-0000-000000000000",
	'Id',
	'',
	'',
	'Id',
	0,
	"ba5eda7a-def5-0000-0000-000000000007",
	'',
	'');
INSERT INTO O_ID
	VALUES (0,
	"a4692583-c022-4a6a-ab63-a4844989f57c");
INSERT INTO O_OIDA
	VALUES ("1f899b16-5084-45f4-8253-09fe243426a1",
	"a4692583-c022-4a6a-ab63-a4844989f57c",
	0,
	'Id');
INSERT INTO O_ID
	VALUES (1,
	"a4692583-c022-4a6a-ab63-a4844989f57c");
INSERT INTO O_ID
	VALUES (2,
	"a4692583-c022-4a6a-ab63-a4844989f57c");
INSERT INTO SM_ISM
	VALUES ("d22c5ecd-f5ac-4199-9ab0-0dfdb46dbec0",
	"a4692583-c022-4a6a-ab63-a4844989f57c");
INSERT INTO SM_SM
	VALUES ("d22c5ecd-f5ac-4199-9ab0-0dfdb46dbec0",
	'',
	0);
INSERT INTO SM_MOORE
	VALUES ("d22c5ecd-f5ac-4199-9ab0-0dfdb46dbec0");
INSERT INTO SM_LEVT
	VALUES ("43a1ca7d-d936-45fb-92a1-4d10614c1893",
	"d22c5ecd-f5ac-4199-9ab0-0dfdb46dbec0",
	"00000000-0000-0000-0000-000000000000");
INSERT INTO SM_SEVT
	VALUES ("43a1ca7d-d936-45fb-92a1-4d10614c1893",
	"d22c5ecd-f5ac-4199-9ab0-0dfdb46dbec0",
	"00000000-0000-0000-0000-000000000000");
INSERT INTO SM_EVT
	VALUES ("43a1ca7d-d936-45fb-92a1-4d10614c1893",
	"d22c5ecd-f5ac-4199-9ab0-0dfdb46dbec0",
	"00000000-0000-0000-0000-000000000000",
	3,
	'jog_time_expired',
	0,
	'',
	'CLX1DCGSEQ3',
	'');
INSERT INTO SM_NLEVT
	VALUES ("a9361a9f-c891-4d92-9418-c60a53ceceec",
	"d22c5ecd-f5ac-4199-9ab0-0dfdb46dbec0",
	"00000000-0000-0000-0000-000000000000",
	"3357b94a-c8eb-49a3-a7f0-e8dc85ede7c4",
	"3885572d-7ef9-4b8f-b1a1-4aee8b0d092d",
	"00000000-0000-0000-0000-000000000000",
	'');
INSERT INTO SM_SEVT
	VALUES ("a9361a9f-c891-4d92-9418-c60a53ceceec",
	"d22c5ecd-f5ac-4199-9ab0-0dfdb46dbec0",
	"00000000-0000-0000-0000-000000000000");
INSERT INTO SM_EVT
	VALUES ("a9361a9f-c891-4d92-9418-c60a53ceceec",
	"d22c5ecd-f5ac-4199-9ab0-0dfdb46dbec0",
	"00000000-0000-0000-0000-000000000000",
	11,
	'initiate_auto_seq',
	0,
	'',
	'AUTOSEQ11*',
	'');
INSERT INTO SM_NLEVT
	VALUES ("ac7f6d43-669f-4a52-a839-fa055171af5d",
	"d22c5ecd-f5ac-4199-9ab0-0dfdb46dbec0",
	"00000000-0000-0000-0000-000000000000",
	"803145dd-9ca6-43a6-bbec-873de6d0d25b",
	"66632603-6b22-4087-a83c-d2f87d4fdaa9",
	"00000000-0000-0000-0000-000000000000",
	'');
INSERT INTO SM_SEVT
	VALUES ("ac7f6d43-669f-4a52-a839-fa055171af5d",
	"d22c5ecd-f5ac-4199-9ab0-0dfdb46dbec0",
	"00000000-0000-0000-0000-000000000000");
INSERT INTO SM_EVT
	VALUES ("ac7f6d43-669f-4a52-a839-fa055171af5d",
	"d22c5ecd-f5ac-4199-9ab0-0dfdb46dbec0",
	"00000000-0000-0000-0000-000000000000",
	4,
	'jog_complete',
	0,
	'',
	'XTFRCNVR4*',
	'');
INSERT INTO SM_NLEVT
	VALUES ("82ce9758-7f21-408c-a61d-2c3d8bfb7c4e",
	"d22c5ecd-f5ac-4199-9ab0-0dfdb46dbec0",
	"00000000-0000-0000-0000-000000000000",
	"6d6d4e70-a53a-43ec-9b74-154652e68560",
	"66632603-6b22-4087-a83c-d2f87d4fdaa9",
	"00000000-0000-0000-0000-000000000000",
	'');
INSERT INTO SM_SEVT
	VALUES ("82ce9758-7f21-408c-a61d-2c3d8bfb7c4e",
	"d22c5ecd-f5ac-4199-9ab0-0dfdb46dbec0",
	"00000000-0000-0000-0000-000000000000");
INSERT INTO SM_EVT
	VALUES ("82ce9758-7f21-408c-a61d-2c3d8bfb7c4e",
	"d22c5ecd-f5ac-4199-9ab0-0dfdb46dbec0",
	"00000000-0000-0000-0000-000000000000",
	9,
	'motor_stopped',
	0,
	'',
	'XTFRCNVR9*',
	'');
INSERT INTO SM_STATE
	VALUES ("58457f33-cd66-499e-8add-9906cef274ba",
	"d22c5ecd-f5ac-4199-9ab0-0dfdb46dbec0",
	"00000000-0000-0000-0000-000000000000",
	'Waiting',
	1,
	0);
INSERT INTO SM_CH
	VALUES ("58457f33-cd66-499e-8add-9906cef274ba",
	"43a1ca7d-d936-45fb-92a1-4d10614c1893",
	"d22c5ecd-f5ac-4199-9ab0-0dfdb46dbec0",
	"00000000-0000-0000-0000-000000000000",
	'');
INSERT INTO SM_SEME
	VALUES ("58457f33-cd66-499e-8add-9906cef274ba",
	"43a1ca7d-d936-45fb-92a1-4d10614c1893",
	"d22c5ecd-f5ac-4199-9ab0-0dfdb46dbec0",
	"00000000-0000-0000-0000-000000000000");
INSERT INTO SM_SEME
	VALUES ("58457f33-cd66-499e-8add-9906cef274ba",
	"a9361a9f-c891-4d92-9418-c60a53ceceec",
	"d22c5ecd-f5ac-4199-9ab0-0dfdb46dbec0",
	"00000000-0000-0000-0000-000000000000");
INSERT INTO SM_CH
	VALUES ("58457f33-cd66-499e-8add-9906cef274ba",
	"ac7f6d43-669f-4a52-a839-fa055171af5d",
	"d22c5ecd-f5ac-4199-9ab0-0dfdb46dbec0",
	"00000000-0000-0000-0000-000000000000",
	'');
INSERT INTO SM_SEME
	VALUES ("58457f33-cd66-499e-8add-9906cef274ba",
	"ac7f6d43-669f-4a52-a839-fa055171af5d",
	"d22c5ecd-f5ac-4199-9ab0-0dfdb46dbec0",
	"00000000-0000-0000-0000-000000000000");
INSERT INTO SM_CH
	VALUES ("58457f33-cd66-499e-8add-9906cef274ba",
	"82ce9758-7f21-408c-a61d-2c3d8bfb7c4e",
	"d22c5ecd-f5ac-4199-9ab0-0dfdb46dbec0",
	"00000000-0000-0000-0000-000000000000",
	'');
INSERT INTO SM_SEME
	VALUES ("58457f33-cd66-499e-8add-9906cef274ba",
	"82ce9758-7f21-408c-a61d-2c3d8bfb7c4e",
	"d22c5ecd-f5ac-4199-9ab0-0dfdb46dbec0",
	"00000000-0000-0000-0000-000000000000");
INSERT INTO SM_MOAH
	VALUES ("56eddd20-68c3-4434-ab6a-4b1c465e392e",
	"d22c5ecd-f5ac-4199-9ab0-0dfdb46dbec0",
	"58457f33-cd66-499e-8add-9906cef274ba");
INSERT INTO SM_AH
	VALUES ("56eddd20-68c3-4434-ab6a-4b1c465e392e",
	"d22c5ecd-f5ac-4199-9ab0-0dfdb46dbec0");
INSERT INTO SM_ACT
	VALUES ("56eddd20-68c3-4434-ab6a-4b1c465e392e",
	"d22c5ecd-f5ac-4199-9ab0-0dfdb46dbec0",
	1,
	'',
	'');
INSERT INTO ACT_SAB
	VALUES ("fcf29289-9afe-4f86-b7e9-f7ee522dde02",
	"d22c5ecd-f5ac-4199-9ab0-0dfdb46dbec0",
	"56eddd20-68c3-4434-ab6a-4b1c465e392e");
INSERT INTO ACT_ACT
	VALUES ("fcf29289-9afe-4f86-b7e9-f7ee522dde02",
	'state',
	0,
	"103e2846-26ca-4871-a641-9af7c627ea2e",
	"00000000-0000-0000-0000-000000000000",
	0,
	'Conveyor Length Rollout::Waiting',
	"00000000-0000-0000-0000-000000000000");
INSERT INTO ACT_BLK
	VALUES ("103e2846-26ca-4871-a641-9af7c627ea2e",
	0,
	0,
	0,
	'',
	'',
	'',
	0,
	0,
	0,
	0,
	0,
	0,
	0,
	0,
	0,
	0,
	0,
	0,
	0,
	"fcf29289-9afe-4f86-b7e9-f7ee522dde02",
	"00000000-0000-0000-0000-000000000000");
INSERT INTO SM_STATE
	VALUES ("7b458207-0189-462b-a900-04a7ff65a6a8",
	"d22c5ecd-f5ac-4199-9ab0-0dfdb46dbec0",
	"00000000-0000-0000-0000-000000000000",
	'InitiatingConveyorJog',
	2,
	0);
INSERT INTO SM_CH
	VALUES ("7b458207-0189-462b-a900-04a7ff65a6a8",
	"43a1ca7d-d936-45fb-92a1-4d10614c1893",
	"d22c5ecd-f5ac-4199-9ab0-0dfdb46dbec0",
	"00000000-0000-0000-0000-000000000000",
	'');
INSERT INTO SM_SEME
	VALUES ("7b458207-0189-462b-a900-04a7ff65a6a8",
	"43a1ca7d-d936-45fb-92a1-4d10614c1893",
	"d22c5ecd-f5ac-4199-9ab0-0dfdb46dbec0",
	"00000000-0000-0000-0000-000000000000");
INSERT INTO SM_CH
	VALUES ("7b458207-0189-462b-a900-04a7ff65a6a8",
	"a9361a9f-c891-4d92-9418-c60a53ceceec",
	"d22c5ecd-f5ac-4199-9ab0-0dfdb46dbec0",
	"00000000-0000-0000-0000-000000000000",
	'');
INSERT INTO SM_SEME
	VALUES ("7b458207-0189-462b-a900-04a7ff65a6a8",
	"a9361a9f-c891-4d92-9418-c60a53ceceec",
	"d22c5ecd-f5ac-4199-9ab0-0dfdb46dbec0",
	"00000000-0000-0000-0000-000000000000");
INSERT INTO SM_CH
	VALUES ("7b458207-0189-462b-a900-04a7ff65a6a8",
	"ac7f6d43-669f-4a52-a839-fa055171af5d",
	"d22c5ecd-f5ac-4199-9ab0-0dfdb46dbec0",
	"00000000-0000-0000-0000-000000000000",
	'');
INSERT INTO SM_SEME
	VALUES ("7b458207-0189-462b-a900-04a7ff65a6a8",
	"ac7f6d43-669f-4a52-a839-fa055171af5d",
	"d22c5ecd-f5ac-4199-9ab0-0dfdb46dbec0",
	"00000000-0000-0000-0000-000000000000");
INSERT INTO SM_SEME
	VALUES ("7b458207-0189-462b-a900-04a7ff65a6a8",
	"82ce9758-7f21-408c-a61d-2c3d8bfb7c4e",
	"d22c5ecd-f5ac-4199-9ab0-0dfdb46dbec0",
	"00000000-0000-0000-0000-000000000000");
INSERT INTO SM_MOAH
	VALUES ("a638aaf7-9743-40b8-94bf-78b2307b9900",
	"d22c5ecd-f5ac-4199-9ab0-0dfdb46dbec0",
	"7b458207-0189-462b-a900-04a7ff65a6a8");
INSERT INTO SM_AH
	VALUES ("a638aaf7-9743-40b8-94bf-78b2307b9900",
	"d22c5ecd-f5ac-4199-9ab0-0dfdb46dbec0");
INSERT INTO SM_ACT
	VALUES ("a638aaf7-9743-40b8-94bf-78b2307b9900",
	"d22c5ecd-f5ac-4199-9ab0-0dfdb46dbec0",
	1,
	'// Run the conveyor long enough for it to clear it''s length

select one auto_seq related by self->AUTOSEQ[R9];
xtfrcnvr::jog(direction: auto_seq.motor_direction, 
               velocity: -1, 
           acceleration: -1, 
               duration: auto_seq.time_to_run);

',
	'');
INSERT INTO ACT_SAB
	VALUES ("cd693486-adc6-4952-b865-04468122301d",
	"d22c5ecd-f5ac-4199-9ab0-0dfdb46dbec0",
	"a638aaf7-9743-40b8-94bf-78b2307b9900");
INSERT INTO ACT_ACT
	VALUES ("cd693486-adc6-4952-b865-04468122301d",
	'state',
	0,
	"8c75888e-6496-471e-9cda-57fcbe3438aa",
	"00000000-0000-0000-0000-000000000000",
	0,
	'Conveyor Length Rollout::InitiatingConveyorJog',
	"00000000-0000-0000-0000-000000000000");
INSERT INTO ACT_BLK
	VALUES ("8c75888e-6496-471e-9cda-57fcbe3438aa",
	1,
	0,
	0,
	'xtfrcnvr',
	'',
	'',
	4,
	1,
	4,
	1,
	0,
	0,
	3,
	46,
	0,
	0,
	0,
	0,
	0,
	"cd693486-adc6-4952-b865-04468122301d",
	"00000000-0000-0000-0000-000000000000");
INSERT INTO ACT_SMT
	VALUES ("e871800c-0bd1-4b11-833f-55fea1dd4465",
	"8c75888e-6496-471e-9cda-57fcbe3438aa",
	"ceb83520-7eeb-4d8e-83bb-1781556db1f6",
	3,
	1,
	'Conveyor Length Rollout::InitiatingConveyorJog line: 3');
INSERT INTO ACT_SEL
	VALUES ("e871800c-0bd1-4b11-833f-55fea1dd4465",
	"4a738390-a281-4070-86c1-86f3654b1c29",
	1,
	'one',
	"c8fda0ea-1c6f-4fe3-9800-10510d63b612");
INSERT INTO ACT_SR
	VALUES ("e871800c-0bd1-4b11-833f-55fea1dd4465");
INSERT INTO ACT_LNK
	VALUES ("b7a53007-9048-4c76-b06e-b763c928aadb",
	'',
	"e871800c-0bd1-4b11-833f-55fea1dd4465",
	"a3254b7e-9a7f-4822-b458-095dfd530db7",
	"00000000-0000-0000-0000-000000000000",
	2,
	"fe5c048c-e29b-4151-9315-f458dfaaea1e",
	3,
	38,
	3,
	46,
	0,
	0);
INSERT INTO ACT_SMT
	VALUES ("ceb83520-7eeb-4d8e-83bb-1781556db1f6",
	"8c75888e-6496-471e-9cda-57fcbe3438aa",
	"00000000-0000-0000-0000-000000000000",
	4,
	1,
	'Conveyor Length Rollout::InitiatingConveyorJog line: 4');
INSERT INTO ACT_SGN
	VALUES ("ceb83520-7eeb-4d8e-83bb-1781556db1f6",
	4,
	11,
	4,
	1,
	"00000000-0000-0000-0000-000000000000",
	"578e8329-1413-4bb5-b09d-401bbfb55fc4",
	"00000000-0000-0000-0000-000000000000");
INSERT INTO V_VAL
	VALUES ("c8fda0ea-1c6f-4fe3-9800-10510d63b612",
	0,
	0,
	3,
	32,
	35,
	0,
	0,
	0,
	0,
	"ba5eda7a-def5-0000-0000-000000000008",
	"8c75888e-6496-471e-9cda-57fcbe3438aa");
INSERT INTO V_IRF
	VALUES ("c8fda0ea-1c6f-4fe3-9800-10510d63b612",
	"3364b82e-8c97-46ff-958b-b659037931af");
INSERT INTO V_VAL
	VALUES ("1585b8ff-bf2b-4be3-9cf7-c1e1142b618b",
	0,
	0,
	4,
	26,
	33,
	0,
	0,
	0,
	0,
	"ba5eda7a-def5-0000-0000-000000000008",
	"8c75888e-6496-471e-9cda-57fcbe3438aa");
INSERT INTO V_IRF
	VALUES ("1585b8ff-bf2b-4be3-9cf7-c1e1142b618b",
	"4a738390-a281-4070-86c1-86f3654b1c29");
INSERT INTO V_VAL
	VALUES ("e2534c80-9751-4cf7-88c7-93bd174994fa",
	0,
	0,
	4,
	35,
	49,
	0,
	0,
	0,
	0,
	"10a457d6-e25e-4dbe-a48f-0682e976c4bf",
	"8c75888e-6496-471e-9cda-57fcbe3438aa");
INSERT INTO V_AVL
	VALUES ("e2534c80-9751-4cf7-88c7-93bd174994fa",
	"1585b8ff-bf2b-4be3-9cf7-c1e1142b618b",
	"fe5c048c-e29b-4151-9315-f458dfaaea1e",
	"be8fcf75-a089-47e1-9134-ec51da4bfd36");
INSERT INTO V_PAR
	VALUES ("e2534c80-9751-4cf7-88c7-93bd174994fa",
	"ceb83520-7eeb-4d8e-83bb-1781556db1f6",
	"00000000-0000-0000-0000-000000000000",
	'direction',
	"f9ca625f-494d-4aeb-9a9e-168c38364710",
	4,
	15);
INSERT INTO V_VAL
	VALUES ("f9ca625f-494d-4aeb-9a9e-168c38364710",
	0,
	0,
	-1,
	-1,
	-1,
	0,
	0,
	0,
	0,
	"ba5eda7a-def5-0000-0000-000000000002",
	"8c75888e-6496-471e-9cda-57fcbe3438aa");
INSERT INTO V_UNY
	VALUES ("f9ca625f-494d-4aeb-9a9e-168c38364710",
	"f27c0a23-fdbd-4f74-bd1b-7a42d47a9a36",
	'-');
INSERT INTO V_PAR
	VALUES ("f9ca625f-494d-4aeb-9a9e-168c38364710",
	"ceb83520-7eeb-4d8e-83bb-1781556db1f6",
	"00000000-0000-0000-0000-000000000000",
	'velocity',
	"1f198bda-6aa9-493b-a820-2d8ce5914f9b",
	5,
	16);
INSERT INTO V_VAL
	VALUES ("f27c0a23-fdbd-4f74-bd1b-7a42d47a9a36",
	0,
	0,
	5,
	27,
	27,
	0,
	0,
	0,
	0,
	"ba5eda7a-def5-0000-0000-000000000002",
	"8c75888e-6496-471e-9cda-57fcbe3438aa");
INSERT INTO V_LIN
	VALUES ("f27c0a23-fdbd-4f74-bd1b-7a42d47a9a36",
	'1');
INSERT INTO V_VAL
	VALUES ("1f198bda-6aa9-493b-a820-2d8ce5914f9b",
	0,
	0,
	-1,
	-1,
	-1,
	0,
	0,
	0,
	0,
	"ba5eda7a-def5-0000-0000-000000000002",
	"8c75888e-6496-471e-9cda-57fcbe3438aa");
INSERT INTO V_UNY
	VALUES ("1f198bda-6aa9-493b-a820-2d8ce5914f9b",
	"7d58a35f-4596-410b-9d05-48df5d9e6157",
	'-');
INSERT INTO V_PAR
	VALUES ("1f198bda-6aa9-493b-a820-2d8ce5914f9b",
	"ceb83520-7eeb-4d8e-83bb-1781556db1f6",
	"00000000-0000-0000-0000-000000000000",
	'acceleration',
	"9dc1fb8c-bb55-4c19-b438-6b484e25b2ad",
	6,
	12);
INSERT INTO V_VAL
	VALUES ("7d58a35f-4596-410b-9d05-48df5d9e6157",
	0,
	0,
	6,
	27,
	27,
	0,
	0,
	0,
	0,
	"ba5eda7a-def5-0000-0000-000000000002",
	"8c75888e-6496-471e-9cda-57fcbe3438aa");
INSERT INTO V_LIN
	VALUES ("7d58a35f-4596-410b-9d05-48df5d9e6157",
	'1');
INSERT INTO V_VAL
	VALUES ("cca4f752-d2ba-4611-8e26-922f3fb7277a",
	0,
	0,
	7,
	26,
	33,
	0,
	0,
	0,
	0,
	"ba5eda7a-def5-0000-0000-000000000008",
	"8c75888e-6496-471e-9cda-57fcbe3438aa");
INSERT INTO V_IRF
	VALUES ("cca4f752-d2ba-4611-8e26-922f3fb7277a",
	"4a738390-a281-4070-86c1-86f3654b1c29");
INSERT INTO V_VAL
	VALUES ("9dc1fb8c-bb55-4c19-b438-6b484e25b2ad",
	0,
	0,
	7,
	35,
	45,
	0,
	0,
	0,
	0,
	"ba5eda7a-def5-0000-0000-000000000002",
	"8c75888e-6496-471e-9cda-57fcbe3438aa");
INSERT INTO V_AVL
	VALUES ("9dc1fb8c-bb55-4c19-b438-6b484e25b2ad",
	"cca4f752-d2ba-4611-8e26-922f3fb7277a",
	"fe5c048c-e29b-4151-9315-f458dfaaea1e",
	"e68e9526-4818-4b2b-b1c3-179dc25f69db");
INSERT INTO V_PAR
	VALUES ("9dc1fb8c-bb55-4c19-b438-6b484e25b2ad",
	"ceb83520-7eeb-4d8e-83bb-1781556db1f6",
	"00000000-0000-0000-0000-000000000000",
	'duration',
	"00000000-0000-0000-0000-000000000000",
	7,
	16);
INSERT INTO V_VAR
	VALUES ("4a738390-a281-4070-86c1-86f3654b1c29",
	"8c75888e-6496-471e-9cda-57fcbe3438aa",
	'auto_seq',
	1,
	"ba5eda7a-def5-0000-0000-000000000008");
INSERT INTO V_INT
	VALUES ("4a738390-a281-4070-86c1-86f3654b1c29",
	0,
	"fe5c048c-e29b-4151-9315-f458dfaaea1e");
INSERT INTO V_VAR
	VALUES ("3364b82e-8c97-46ff-958b-b659037931af",
	"8c75888e-6496-471e-9cda-57fcbe3438aa",
	'self',
	1,
	"ba5eda7a-def5-0000-0000-000000000008");
INSERT INTO V_INT
	VALUES ("3364b82e-8c97-46ff-958b-b659037931af",
	0,
	"a4692583-c022-4a6a-ab63-a4844989f57c");
INSERT INTO SM_STATE
	VALUES ("a62e487e-f35a-415b-aeb3-e17f7b0a4d2c",
	"d22c5ecd-f5ac-4199-9ab0-0dfdb46dbec0",
	"00000000-0000-0000-0000-000000000000",
	'MotorStopConfirmed',
	3,
	0);
INSERT INTO SM_CH
	VALUES ("a62e487e-f35a-415b-aeb3-e17f7b0a4d2c",
	"43a1ca7d-d936-45fb-92a1-4d10614c1893",
	"d22c5ecd-f5ac-4199-9ab0-0dfdb46dbec0",
	"00000000-0000-0000-0000-000000000000",
	'');
INSERT INTO SM_SEME
	VALUES ("a62e487e-f35a-415b-aeb3-e17f7b0a4d2c",
	"43a1ca7d-d936-45fb-92a1-4d10614c1893",
	"d22c5ecd-f5ac-4199-9ab0-0dfdb46dbec0",
	"00000000-0000-0000-0000-000000000000");
INSERT INTO SM_CH
	VALUES ("a62e487e-f35a-415b-aeb3-e17f7b0a4d2c",
	"a9361a9f-c891-4d92-9418-c60a53ceceec",
	"d22c5ecd-f5ac-4199-9ab0-0dfdb46dbec0",
	"00000000-0000-0000-0000-000000000000",
	'');
INSERT INTO SM_SEME
	VALUES ("a62e487e-f35a-415b-aeb3-e17f7b0a4d2c",
	"a9361a9f-c891-4d92-9418-c60a53ceceec",
	"d22c5ecd-f5ac-4199-9ab0-0dfdb46dbec0",
	"00000000-0000-0000-0000-000000000000");
INSERT INTO SM_CH
	VALUES ("a62e487e-f35a-415b-aeb3-e17f7b0a4d2c",
	"ac7f6d43-669f-4a52-a839-fa055171af5d",
	"d22c5ecd-f5ac-4199-9ab0-0dfdb46dbec0",
	"00000000-0000-0000-0000-000000000000",
	'');
INSERT INTO SM_SEME
	VALUES ("a62e487e-f35a-415b-aeb3-e17f7b0a4d2c",
	"ac7f6d43-669f-4a52-a839-fa055171af5d",
	"d22c5ecd-f5ac-4199-9ab0-0dfdb46dbec0",
	"00000000-0000-0000-0000-000000000000");
INSERT INTO SM_CH
	VALUES ("a62e487e-f35a-415b-aeb3-e17f7b0a4d2c",
	"82ce9758-7f21-408c-a61d-2c3d8bfb7c4e",
	"d22c5ecd-f5ac-4199-9ab0-0dfdb46dbec0",
	"00000000-0000-0000-0000-000000000000",
	'');
INSERT INTO SM_SEME
	VALUES ("a62e487e-f35a-415b-aeb3-e17f7b0a4d2c",
	"82ce9758-7f21-408c-a61d-2c3d8bfb7c4e",
	"d22c5ecd-f5ac-4199-9ab0-0dfdb46dbec0",
	"00000000-0000-0000-0000-000000000000");
INSERT INTO SM_MOAH
	VALUES ("6b1b1fc8-b2e0-44d1-8820-ab3bfe93caa8",
	"d22c5ecd-f5ac-4199-9ab0-0dfdb46dbec0",
	"a62e487e-f35a-415b-aeb3-e17f7b0a4d2c");
INSERT INTO SM_AH
	VALUES ("6b1b1fc8-b2e0-44d1-8820-ab3bfe93caa8",
	"d22c5ecd-f5ac-4199-9ab0-0dfdb46dbec0");
INSERT INTO SM_ACT
	VALUES ("6b1b1fc8-b2e0-44d1-8820-ab3bfe93caa8",
	"d22c5ecd-f5ac-4199-9ab0-0dfdb46dbec0",
	1,
	'// The move is complete, clean up and notify Cross Transfer Conveyor
select one auto_seq related by self->AUTOSEQ[R9];
select one xtfr_conveyor related by auto_seq->XTFRCNVR[R8];

unrelate auto_seq from xtfr_conveyor across R8;
unrelate self from auto_seq across R9;

generate XTFRCNVR7:automatic_sequence_cmplt() to xtfr_conveyor;

delete object instance self;
',
	'');
INSERT INTO ACT_SAB
	VALUES ("d8aac355-42a9-400d-bf1d-4670c0afa91e",
	"d22c5ecd-f5ac-4199-9ab0-0dfdb46dbec0",
	"6b1b1fc8-b2e0-44d1-8820-ab3bfe93caa8");
INSERT INTO ACT_ACT
	VALUES ("d8aac355-42a9-400d-bf1d-4670c0afa91e",
	'state',
	0,
	"31b5b1d4-dca0-4881-969f-1f8fe451f0c5",
	"00000000-0000-0000-0000-000000000000",
	0,
	'Conveyor Length Rollout::MotorStopConfirmed',
	"00000000-0000-0000-0000-000000000000");
INSERT INTO ACT_BLK
	VALUES ("31b5b1d4-dca0-4881-969f-1f8fe451f0c5",
	1,
	0,
	0,
	'V_VAR.Var_ID',
	'',
	'',
	10,
	1,
	3,
	47,
	0,
	0,
	6,
	36,
	0,
	0,
	0,
	0,
	0,
	"d8aac355-42a9-400d-bf1d-4670c0afa91e",
	"00000000-0000-0000-0000-000000000000");
INSERT INTO ACT_SMT
	VALUES ("fc7e4f87-5c6f-4839-b7fa-87a173959f10",
	"31b5b1d4-dca0-4881-969f-1f8fe451f0c5",
	"a8c6f603-de63-4b61-929d-728e4b53875b",
	2,
	1,
	'Conveyor Length Rollout::MotorStopConfirmed line: 2');
INSERT INTO ACT_SEL
	VALUES ("fc7e4f87-5c6f-4839-b7fa-87a173959f10",
	"ac5190de-3e42-44f1-b658-bcd4a1fb3621",
	1,
	'one',
	"e89aa375-5f0b-4f89-876f-6f662bfa7b2c");
INSERT INTO ACT_SR
	VALUES ("fc7e4f87-5c6f-4839-b7fa-87a173959f10");
INSERT INTO ACT_LNK
	VALUES ("b51ed6a2-5d50-495c-9b8c-fbbe8439857e",
	'',
	"fc7e4f87-5c6f-4839-b7fa-87a173959f10",
	"a3254b7e-9a7f-4822-b458-095dfd530db7",
	"00000000-0000-0000-0000-000000000000",
	2,
	"fe5c048c-e29b-4151-9315-f458dfaaea1e",
	2,
	38,
	2,
	46,
	0,
	0);
INSERT INTO ACT_SMT
	VALUES ("a8c6f603-de63-4b61-929d-728e4b53875b",
	"31b5b1d4-dca0-4881-969f-1f8fe451f0c5",
	"e897dde2-1d2f-496d-835c-3ae259ef1c06",
	3,
	1,
	'Conveyor Length Rollout::MotorStopConfirmed line: 3');
INSERT INTO ACT_SEL
	VALUES ("a8c6f603-de63-4b61-929d-728e4b53875b",
	"78024e66-c24b-4d69-b803-f6aabefb9098",
	1,
	'one',
	"ce10f321-0669-4a79-abdb-fe8e882aa9e0");
INSERT INTO ACT_SR
	VALUES ("a8c6f603-de63-4b61-929d-728e4b53875b");
INSERT INTO ACT_LNK
	VALUES ("701e9b71-b7fc-4ebe-b8d1-f98f6623b05d",
	'',
	"a8c6f603-de63-4b61-929d-728e4b53875b",
	"5dc0b121-a9de-471b-9f21-50903e19c6ee",
	"00000000-0000-0000-0000-000000000000",
	2,
	"25a7da66-8d4e-40d2-9e48-725b2461dbe9",
	3,
	47,
	3,
	56,
	0,
	0);
INSERT INTO ACT_SMT
	VALUES ("e897dde2-1d2f-496d-835c-3ae259ef1c06",
	"31b5b1d4-dca0-4881-969f-1f8fe451f0c5",
	"e177da75-c30c-46b7-b68b-161581957637",
	5,
	1,
	'Conveyor Length Rollout::MotorStopConfirmed line: 5');
INSERT INTO ACT_UNR
	VALUES ("e897dde2-1d2f-496d-835c-3ae259ef1c06",
	"ac5190de-3e42-44f1-b658-bcd4a1fb3621",
	"78024e66-c24b-4d69-b803-f6aabefb9098",
	'',
	"5dc0b121-a9de-471b-9f21-50903e19c6ee",
	5,
	45,
	0,
	0);
INSERT INTO ACT_SMT
	VALUES ("e177da75-c30c-46b7-b68b-161581957637",
	"31b5b1d4-dca0-4881-969f-1f8fe451f0c5",
	"ea81c3e5-474e-4f83-baeb-1bd8864098df",
	6,
	1,
	'Conveyor Length Rollout::MotorStopConfirmed line: 6');
INSERT INTO ACT_UNR
	VALUES ("e177da75-c30c-46b7-b68b-161581957637",
	"468f2f56-2c4b-4930-a873-d820a4ac5272",
	"ac5190de-3e42-44f1-b658-bcd4a1fb3621",
	'',
	"a3254b7e-9a7f-4822-b458-095dfd530db7",
	6,
	36,
	0,
	0);
INSERT INTO ACT_SMT
	VALUES ("ea81c3e5-474e-4f83-baeb-1bd8864098df",
	"31b5b1d4-dca0-4881-969f-1f8fe451f0c5",
	"ebb8903b-8752-49ed-9612-6c05a9f99bcd",
	8,
	1,
	'Conveyor Length Rollout::MotorStopConfirmed line: 8');
INSERT INTO E_ESS
	VALUES ("ea81c3e5-474e-4f83-baeb-1bd8864098df",
	1,
	0,
	8,
	10,
	8,
	20,
	3,
	47,
	0,
	0,
	0,
	0);
INSERT INTO E_GES
	VALUES ("ea81c3e5-474e-4f83-baeb-1bd8864098df");
INSERT INTO E_GSME
	VALUES ("ea81c3e5-474e-4f83-baeb-1bd8864098df",
	"daa0fd3d-7270-4919-a93a-6846dd45d0a2");
INSERT INTO E_GEN
	VALUES ("ea81c3e5-474e-4f83-baeb-1bd8864098df",
	"78024e66-c24b-4d69-b803-f6aabefb9098");
INSERT INTO ACT_SMT
	VALUES ("ebb8903b-8752-49ed-9612-6c05a9f99bcd",
	"31b5b1d4-dca0-4881-969f-1f8fe451f0c5",
	"00000000-0000-0000-0000-000000000000",
	10,
	1,
	'Conveyor Length Rollout::MotorStopConfirmed line: 10');
INSERT INTO ACT_DEL
	VALUES ("ebb8903b-8752-49ed-9612-6c05a9f99bcd",
	"468f2f56-2c4b-4930-a873-d820a4ac5272");
INSERT INTO V_VAL
	VALUES ("e89aa375-5f0b-4f89-876f-6f662bfa7b2c",
	0,
	0,
	2,
	32,
	35,
	0,
	0,
	0,
	0,
	"ba5eda7a-def5-0000-0000-000000000008",
	"31b5b1d4-dca0-4881-969f-1f8fe451f0c5");
INSERT INTO V_IRF
	VALUES ("e89aa375-5f0b-4f89-876f-6f662bfa7b2c",
	"468f2f56-2c4b-4930-a873-d820a4ac5272");
INSERT INTO V_VAL
	VALUES ("ce10f321-0669-4a79-abdb-fe8e882aa9e0",
	0,
	0,
	3,
	37,
	44,
	0,
	0,
	0,
	0,
	"ba5eda7a-def5-0000-0000-000000000008",
	"31b5b1d4-dca0-4881-969f-1f8fe451f0c5");
INSERT INTO V_IRF
	VALUES ("ce10f321-0669-4a79-abdb-fe8e882aa9e0",
	"ac5190de-3e42-44f1-b658-bcd4a1fb3621");
INSERT INTO V_VAR
	VALUES ("ac5190de-3e42-44f1-b658-bcd4a1fb3621",
	"31b5b1d4-dca0-4881-969f-1f8fe451f0c5",
	'auto_seq',
	1,
	"ba5eda7a-def5-0000-0000-000000000008");
INSERT INTO V_INT
	VALUES ("ac5190de-3e42-44f1-b658-bcd4a1fb3621",
	0,
	"fe5c048c-e29b-4151-9315-f458dfaaea1e");
INSERT INTO V_VAR
	VALUES ("468f2f56-2c4b-4930-a873-d820a4ac5272",
	"31b5b1d4-dca0-4881-969f-1f8fe451f0c5",
	'self',
	1,
	"ba5eda7a-def5-0000-0000-000000000008");
INSERT INTO V_INT
	VALUES ("468f2f56-2c4b-4930-a873-d820a4ac5272",
	0,
	"a4692583-c022-4a6a-ab63-a4844989f57c");
INSERT INTO V_VAR
	VALUES ("78024e66-c24b-4d69-b803-f6aabefb9098",
	"31b5b1d4-dca0-4881-969f-1f8fe451f0c5",
	'xtfr_conveyor',
	1,
	"ba5eda7a-def5-0000-0000-000000000008");
INSERT INTO V_INT
	VALUES ("78024e66-c24b-4d69-b803-f6aabefb9098",
	0,
	"25a7da66-8d4e-40d2-9e48-725b2461dbe9");
INSERT INTO SM_NSTXN
	VALUES ("1eddb50e-4c39-4d90-831a-625ed44076a1",
	"d22c5ecd-f5ac-4199-9ab0-0dfdb46dbec0",
	"58457f33-cd66-499e-8add-9906cef274ba",
	"a9361a9f-c891-4d92-9418-c60a53ceceec",
	"00000000-0000-0000-0000-000000000000");
INSERT INTO SM_TAH
	VALUES ("f1232e6f-d0e2-44f6-9b43-42312db39366",
	"d22c5ecd-f5ac-4199-9ab0-0dfdb46dbec0",
	"1eddb50e-4c39-4d90-831a-625ed44076a1");
INSERT INTO SM_AH
	VALUES ("f1232e6f-d0e2-44f6-9b43-42312db39366",
	"d22c5ecd-f5ac-4199-9ab0-0dfdb46dbec0");
INSERT INTO SM_ACT
	VALUES ("f1232e6f-d0e2-44f6-9b43-42312db39366",
	"d22c5ecd-f5ac-4199-9ab0-0dfdb46dbec0",
	1,
	'',
	'');
INSERT INTO ACT_TAB
	VALUES ("7dee15d5-a5c2-44b0-9457-1efca028391e",
	"d22c5ecd-f5ac-4199-9ab0-0dfdb46dbec0",
	"f1232e6f-d0e2-44f6-9b43-42312db39366");
INSERT INTO ACT_ACT
	VALUES ("7dee15d5-a5c2-44b0-9457-1efca028391e",
	'transition',
	0,
	"5ea85b6d-ad81-472b-a243-7e590a119e33",
	"00000000-0000-0000-0000-000000000000",
	0,
	'initiate_auto_seq::Automatic Sequence',
	"00000000-0000-0000-0000-000000000000");
INSERT INTO ACT_BLK
	VALUES ("5ea85b6d-ad81-472b-a243-7e590a119e33",
	0,
	0,
	0,
	'',
	'',
	'',
	0,
	0,
	0,
	0,
	0,
	0,
	0,
	0,
	0,
	0,
	0,
	0,
	0,
	"7dee15d5-a5c2-44b0-9457-1efca028391e",
	"00000000-0000-0000-0000-000000000000");
INSERT INTO SM_TXN
	VALUES ("1eddb50e-4c39-4d90-831a-625ed44076a1",
	"d22c5ecd-f5ac-4199-9ab0-0dfdb46dbec0",
	"7b458207-0189-462b-a900-04a7ff65a6a8",
	"00000000-0000-0000-0000-000000000000");
INSERT INTO SM_NSTXN
	VALUES ("0791435a-c5a3-4161-9ed5-190b77b844b5",
	"d22c5ecd-f5ac-4199-9ab0-0dfdb46dbec0",
	"7b458207-0189-462b-a900-04a7ff65a6a8",
	"82ce9758-7f21-408c-a61d-2c3d8bfb7c4e",
	"00000000-0000-0000-0000-000000000000");
INSERT INTO SM_TAH
	VALUES ("80bf9e81-5ff5-48c4-a133-25cd781aee73",
	"d22c5ecd-f5ac-4199-9ab0-0dfdb46dbec0",
	"0791435a-c5a3-4161-9ed5-190b77b844b5");
INSERT INTO SM_AH
	VALUES ("80bf9e81-5ff5-48c4-a133-25cd781aee73",
	"d22c5ecd-f5ac-4199-9ab0-0dfdb46dbec0");
INSERT INTO SM_ACT
	VALUES ("80bf9e81-5ff5-48c4-a133-25cd781aee73",
	"d22c5ecd-f5ac-4199-9ab0-0dfdb46dbec0",
	1,
	'',
	'');
INSERT INTO ACT_TAB
	VALUES ("29b57976-2ee8-4f64-8bba-9f36afa99f67",
	"d22c5ecd-f5ac-4199-9ab0-0dfdb46dbec0",
	"80bf9e81-5ff5-48c4-a133-25cd781aee73");
INSERT INTO ACT_ACT
	VALUES ("29b57976-2ee8-4f64-8bba-9f36afa99f67",
	'transition',
	0,
	"4a5d9949-3e29-4799-ad74-0cc10f79653b",
	"00000000-0000-0000-0000-000000000000",
	0,
	'motor_stopped::Cross Transfer Conveyor',
	"00000000-0000-0000-0000-000000000000");
INSERT INTO ACT_BLK
	VALUES ("4a5d9949-3e29-4799-ad74-0cc10f79653b",
	0,
	0,
	0,
	'',
	'',
	'',
	0,
	0,
	0,
	0,
	0,
	0,
	0,
	0,
	0,
	0,
	0,
	0,
	0,
	"29b57976-2ee8-4f64-8bba-9f36afa99f67",
	"00000000-0000-0000-0000-000000000000");
INSERT INTO SM_TXN
	VALUES ("0791435a-c5a3-4161-9ed5-190b77b844b5",
	"d22c5ecd-f5ac-4199-9ab0-0dfdb46dbec0",
	"a62e487e-f35a-415b-aeb3-e17f7b0a4d2c",
	"00000000-0000-0000-0000-000000000000");
INSERT INTO PE_PE
	VALUES ("25a7da66-8d4e-40d2-9e48-725b2461dbe9",
	1,
	"c3d6024b-ab3a-4992-8717-15d3939342da",
	"00000000-0000-0000-0000-000000000000",
	4);
INSERT INTO O_OBJ
	VALUES ("25a7da66-8d4e-40d2-9e48-725b2461dbe9",
	'Cross Transfer Conveyor',
	7,
	'XTFRCNVR',
	'',
	"00000000-0000-0000-0000-000000000000");
INSERT INTO O_TFR
	VALUES ("688972dd-f628-4d10-9d26-640e6ab486aa",
	"25a7da66-8d4e-40d2-9e48-725b2461dbe9",
	'GetMotorDirection',
	'Converts a machine side into a motor direction to run the conveyor in the correct
direction.  ',
	"10a457d6-e25e-4dbe-a48f-0682e976c4bf",
	1,
	'motor_dir = self.drive_side;
if param.machine_side == Machine_Side::Operator;
   motor_dir = Motor_Direction::Forward;
   if self.drive_side == Motor_Direction::Forward;
      motor_dir = Motor_Direction::Reverse;
   end if;
end if;

return motor_dir;

',
	1,
	'',
	"00000000-0000-0000-0000-000000000000");
INSERT INTO O_TPARM
	VALUES ("41e9722c-a510-4e7d-bbf6-d778f8fb5913",
	"688972dd-f628-4d10-9d26-640e6ab486aa",
	'machine_side',
	"0b9c6b49-c1c4-48d3-a888-a76d6461cf1e",
	0,
	'',
	"00000000-0000-0000-0000-000000000000",
	'');
INSERT INTO ACT_OPB
	VALUES ("ccb9a575-15c4-4739-9578-d89f3b43b7dd",
	"688972dd-f628-4d10-9d26-640e6ab486aa");
INSERT INTO ACT_ACT
	VALUES ("ccb9a575-15c4-4739-9578-d89f3b43b7dd",
	'operation',
	0,
	"4b2e1746-cd1f-4c50-b452-5afd0a940cc6",
	"00000000-0000-0000-0000-000000000000",
	0,
	'Cross Transfer Conveyor::GetMotorDirection',
	"00000000-0000-0000-0000-000000000000");
INSERT INTO ACT_BLK
	VALUES ("4b2e1746-cd1f-4c50-b452-5afd0a940cc6",
	0,
	0,
	0,
	'',
	'',
	'',
	9,
	1,
	0,
	0,
	0,
	0,
	0,
	0,
	0,
	0,
	2,
	26,
	0,
	"ccb9a575-15c4-4739-9578-d89f3b43b7dd",
	"00000000-0000-0000-0000-000000000000");
INSERT INTO ACT_SMT
	VALUES ("0559dfd1-40ae-4973-abeb-1802a6ad7cfe",
	"4b2e1746-cd1f-4c50-b452-5afd0a940cc6",
	"e325160f-2c81-4fa0-9717-2ccf1a97ae2a",
	1,
	1,
	'Cross Transfer Conveyor::GetMotorDirection line: 1');
INSERT INTO ACT_AI
	VALUES ("0559dfd1-40ae-4973-abeb-1802a6ad7cfe",
	"705ec1f2-dd6f-4cc9-89cb-2c0c97b60218",
	"1e2c4f0b-657c-440c-9d12-13ec03002100",
	0,
	0);
INSERT INTO ACT_SMT
	VALUES ("e325160f-2c81-4fa0-9717-2ccf1a97ae2a",
	"4b2e1746-cd1f-4c50-b452-5afd0a940cc6",
	"0d1b6001-af8e-48b8-82d2-a3177f9872ff",
	2,
	1,
	'Cross Transfer Conveyor::GetMotorDirection line: 2');
INSERT INTO ACT_IF
	VALUES ("e325160f-2c81-4fa0-9717-2ccf1a97ae2a",
	"339d75c7-be14-46a1-aef3-9535381e1c5d",
	"47293188-9bad-4c98-87e4-af691ad6a006",
	"00000000-0000-0000-0000-000000000000",
	"00000000-0000-0000-0000-000000000000");
INSERT INTO ACT_SMT
	VALUES ("0d1b6001-af8e-48b8-82d2-a3177f9872ff",
	"4b2e1746-cd1f-4c50-b452-5afd0a940cc6",
	"00000000-0000-0000-0000-000000000000",
	9,
	1,
	'Cross Transfer Conveyor::GetMotorDirection line: 9');
INSERT INTO ACT_RET
	VALUES ("0d1b6001-af8e-48b8-82d2-a3177f9872ff",
	"279f0e67-12c4-4ae5-853c-e1be1beee926");
INSERT INTO V_VAL
	VALUES ("1e2c4f0b-657c-440c-9d12-13ec03002100",
	1,
	1,
	1,
	1,
	9,
	0,
	0,
	0,
	0,
	"10a457d6-e25e-4dbe-a48f-0682e976c4bf",
	"4b2e1746-cd1f-4c50-b452-5afd0a940cc6");
INSERT INTO V_TVL
	VALUES ("1e2c4f0b-657c-440c-9d12-13ec03002100",
	"9e2765fa-6ff8-45ca-a97f-d4a8f529b1e5");
INSERT INTO V_VAL
	VALUES ("a7b33ace-3363-4c68-b99b-eded419d99ff",
	0,
	0,
	1,
	13,
	16,
	0,
	0,
	0,
	0,
	"ba5eda7a-def5-0000-0000-000000000008",
	"4b2e1746-cd1f-4c50-b452-5afd0a940cc6");
INSERT INTO V_IRF
	VALUES ("a7b33ace-3363-4c68-b99b-eded419d99ff",
	"cff076f0-9bf5-43fc-a692-6a47efe6f7ba");
INSERT INTO V_VAL
	VALUES ("705ec1f2-dd6f-4cc9-89cb-2c0c97b60218",
	0,
	0,
	1,
	18,
	27,
	0,
	0,
	0,
	0,
	"10a457d6-e25e-4dbe-a48f-0682e976c4bf",
	"4b2e1746-cd1f-4c50-b452-5afd0a940cc6");
INSERT INTO V_AVL
	VALUES ("705ec1f2-dd6f-4cc9-89cb-2c0c97b60218",
	"a7b33ace-3363-4c68-b99b-eded419d99ff",
	"25a7da66-8d4e-40d2-9e48-725b2461dbe9",
	"57e37dd5-1173-4754-bf8f-adcf1b403949");
INSERT INTO V_VAL
	VALUES ("e5c7c27d-157c-4488-b3c3-08a86ada3767",
	0,
	0,
	2,
	10,
	21,
	0,
	0,
	0,
	0,
	"0b9c6b49-c1c4-48d3-a888-a76d6461cf1e",
	"4b2e1746-cd1f-4c50-b452-5afd0a940cc6");
INSERT INTO V_PVL
	VALUES ("e5c7c27d-157c-4488-b3c3-08a86ada3767",
	"00000000-0000-0000-0000-000000000000",
	"00000000-0000-0000-0000-000000000000",
	"41e9722c-a510-4e7d-bbf6-d778f8fb5913",
	"00000000-0000-0000-0000-000000000000");
INSERT INTO V_VAL
	VALUES ("47293188-9bad-4c98-87e4-af691ad6a006",
	0,
	0,
	-1,
	-1,
	-1,
	0,
	0,
	0,
	0,
	"ba5eda7a-def5-0000-0000-000000000001",
	"4b2e1746-cd1f-4c50-b452-5afd0a940cc6");
INSERT INTO V_BIN
	VALUES ("47293188-9bad-4c98-87e4-af691ad6a006",
	"922854e8-6f0a-4714-a194-5a1ec17c3507",
	"e5c7c27d-157c-4488-b3c3-08a86ada3767",
	'==');
INSERT INTO V_VAL
	VALUES ("922854e8-6f0a-4714-a194-5a1ec17c3507",
	0,
	0,
	2,
	40,
	47,
	0,
	0,
	0,
	0,
	"0b9c6b49-c1c4-48d3-a888-a76d6461cf1e",
	"4b2e1746-cd1f-4c50-b452-5afd0a940cc6");
INSERT INTO V_LEN
	VALUES ("922854e8-6f0a-4714-a194-5a1ec17c3507",
	"8a56e473-108a-44f9-b892-c1029d8f5f9c",
	2,
	26);
INSERT INTO V_VAL
	VALUES ("279f0e67-12c4-4ae5-853c-e1be1beee926",
	0,
	0,
	9,
	8,
	16,
	0,
	0,
	0,
	0,
	"10a457d6-e25e-4dbe-a48f-0682e976c4bf",
	"4b2e1746-cd1f-4c50-b452-5afd0a940cc6");
INSERT INTO V_TVL
	VALUES ("279f0e67-12c4-4ae5-853c-e1be1beee926",
	"9e2765fa-6ff8-45ca-a97f-d4a8f529b1e5");
INSERT INTO V_VAR
	VALUES ("9e2765fa-6ff8-45ca-a97f-d4a8f529b1e5",
	"4b2e1746-cd1f-4c50-b452-5afd0a940cc6",
	'motor_dir',
	1,
	"10a457d6-e25e-4dbe-a48f-0682e976c4bf");
INSERT INTO V_TRN
	VALUES ("9e2765fa-6ff8-45ca-a97f-d4a8f529b1e5",
	"00000000-0000-0000-0000-000000000000",
	'');
INSERT INTO V_VAR
	VALUES ("cff076f0-9bf5-43fc-a692-6a47efe6f7ba",
	"4b2e1746-cd1f-4c50-b452-5afd0a940cc6",
	'self',
	1,
	"ba5eda7a-def5-0000-0000-000000000008");
INSERT INTO V_INT
	VALUES ("cff076f0-9bf5-43fc-a692-6a47efe6f7ba",
	0,
	"25a7da66-8d4e-40d2-9e48-725b2461dbe9");
INSERT INTO ACT_BLK
	VALUES ("339d75c7-be14-46a1-aef3-9535381e1c5d",
	0,
	0,
	0,
	'',
	'',
	'',
	4,
	4,
	0,
	0,
	0,
	0,
	0,
	0,
	0,
	0,
	4,
	26,
	0,
	"ccb9a575-15c4-4739-9578-d89f3b43b7dd",
	"00000000-0000-0000-0000-000000000000");
INSERT INTO ACT_SMT
	VALUES ("e4f7331e-2ef8-4a67-91ca-adec37d6b573",
	"339d75c7-be14-46a1-aef3-9535381e1c5d",
	"437e159b-f809-4263-bfd5-0952b853e380",
	3,
	4,
	'Cross Transfer Conveyor::GetMotorDirection line: 3');
INSERT INTO ACT_AI
	VALUES ("e4f7331e-2ef8-4a67-91ca-adec37d6b573",
	"9940bcd7-5ca4-42cf-8e0c-f532f54e971a",
	"0dc651f0-7583-4791-ae8f-76764e425d98",
	0,
	0);
INSERT INTO ACT_SMT
	VALUES ("437e159b-f809-4263-bfd5-0952b853e380",
	"339d75c7-be14-46a1-aef3-9535381e1c5d",
	"00000000-0000-0000-0000-000000000000",
	4,
	4,
	'Cross Transfer Conveyor::GetMotorDirection line: 4');
INSERT INTO ACT_IF
	VALUES ("437e159b-f809-4263-bfd5-0952b853e380",
	"99977387-9025-4d9b-961c-1abfdf56f3fe",
	"97bfedb1-6134-4f9a-9101-24fcbcd274a3",
	"00000000-0000-0000-0000-000000000000",
	"00000000-0000-0000-0000-000000000000");
INSERT INTO V_VAL
	VALUES ("0dc651f0-7583-4791-ae8f-76764e425d98",
	1,
	0,
	3,
	4,
	12,
	0,
	0,
	0,
	0,
	"10a457d6-e25e-4dbe-a48f-0682e976c4bf",
	"339d75c7-be14-46a1-aef3-9535381e1c5d");
INSERT INTO V_TVL
	VALUES ("0dc651f0-7583-4791-ae8f-76764e425d98",
	"9e2765fa-6ff8-45ca-a97f-d4a8f529b1e5");
INSERT INTO V_VAL
	VALUES ("9940bcd7-5ca4-42cf-8e0c-f532f54e971a",
	0,
	0,
	3,
	33,
	39,
	0,
	0,
	0,
	0,
	"10a457d6-e25e-4dbe-a48f-0682e976c4bf",
	"339d75c7-be14-46a1-aef3-9535381e1c5d");
INSERT INTO V_LEN
	VALUES ("9940bcd7-5ca4-42cf-8e0c-f532f54e971a",
	"a14e5643-f258-49e7-8187-18b88e03990f",
	3,
	16);
INSERT INTO V_VAL
	VALUES ("388d2d05-7d32-4057-8878-220b4d981063",
	0,
	0,
	4,
	7,
	10,
	0,
	0,
	0,
	0,
	"ba5eda7a-def5-0000-0000-000000000008",
	"339d75c7-be14-46a1-aef3-9535381e1c5d");
INSERT INTO V_IRF
	VALUES ("388d2d05-7d32-4057-8878-220b4d981063",
	"cff076f0-9bf5-43fc-a692-6a47efe6f7ba");
INSERT INTO V_VAL
	VALUES ("b8c36734-989e-4f74-87bc-630fd01e2850",
	0,
	0,
	4,
	12,
	21,
	0,
	0,
	0,
	0,
	"10a457d6-e25e-4dbe-a48f-0682e976c4bf",
	"339d75c7-be14-46a1-aef3-9535381e1c5d");
INSERT INTO V_AVL
	VALUES ("b8c36734-989e-4f74-87bc-630fd01e2850",
	"388d2d05-7d32-4057-8878-220b4d981063",
	"25a7da66-8d4e-40d2-9e48-725b2461dbe9",
	"57e37dd5-1173-4754-bf8f-adcf1b403949");
INSERT INTO V_VAL
	VALUES ("97bfedb1-6134-4f9a-9101-24fcbcd274a3",
	0,
	0,
	-1,
	-1,
	-1,
	0,
	0,
	0,
	0,
	"ba5eda7a-def5-0000-0000-000000000001",
	"339d75c7-be14-46a1-aef3-9535381e1c5d");
INSERT INTO V_BIN
	VALUES ("97bfedb1-6134-4f9a-9101-24fcbcd274a3",
	"fe32ec35-4213-493c-9b17-f12ab34ab0ca",
	"b8c36734-989e-4f74-87bc-630fd01e2850",
	'==');
INSERT INTO V_VAL
	VALUES ("fe32ec35-4213-493c-9b17-f12ab34ab0ca",
	0,
	0,
	4,
	43,
	49,
	0,
	0,
	0,
	0,
	"10a457d6-e25e-4dbe-a48f-0682e976c4bf",
	"339d75c7-be14-46a1-aef3-9535381e1c5d");
INSERT INTO V_LEN
	VALUES ("fe32ec35-4213-493c-9b17-f12ab34ab0ca",
	"a14e5643-f258-49e7-8187-18b88e03990f",
	4,
	26);
INSERT INTO ACT_BLK
	VALUES ("99977387-9025-4d9b-961c-1abfdf56f3fe",
	0,
	0,
	0,
	'',
	'',
	'',
	5,
	7,
	0,
	0,
	0,
	0,
	0,
	0,
	0,
	0,
	5,
	19,
	0,
	"ccb9a575-15c4-4739-9578-d89f3b43b7dd",
	"00000000-0000-0000-0000-000000000000");
INSERT INTO ACT_SMT
	VALUES ("dfd9599a-7530-4383-a04b-08e892fa6a3b",
	"99977387-9025-4d9b-961c-1abfdf56f3fe",
	"00000000-0000-0000-0000-000000000000",
	5,
	7,
	'Cross Transfer Conveyor::GetMotorDirection line: 5');
INSERT INTO ACT_AI
	VALUES ("dfd9599a-7530-4383-a04b-08e892fa6a3b",
	"79ab8cda-0c8f-471f-8033-64debf439b9c",
	"9b16b018-6362-4c4e-ac8f-6d9b05e4ecb2",
	0,
	0);
INSERT INTO V_VAL
	VALUES ("9b16b018-6362-4c4e-ac8f-6d9b05e4ecb2",
	1,
	0,
	5,
	7,
	15,
	0,
	0,
	0,
	0,
	"10a457d6-e25e-4dbe-a48f-0682e976c4bf",
	"99977387-9025-4d9b-961c-1abfdf56f3fe");
INSERT INTO V_TVL
	VALUES ("9b16b018-6362-4c4e-ac8f-6d9b05e4ecb2",
	"9e2765fa-6ff8-45ca-a97f-d4a8f529b1e5");
INSERT INTO V_VAL
	VALUES ("79ab8cda-0c8f-471f-8033-64debf439b9c",
	0,
	0,
	5,
	36,
	42,
	0,
	0,
	0,
	0,
	"10a457d6-e25e-4dbe-a48f-0682e976c4bf",
	"99977387-9025-4d9b-961c-1abfdf56f3fe");
INSERT INTO V_LEN
	VALUES ("79ab8cda-0c8f-471f-8033-64debf439b9c",
	"882fef21-352d-4904-b937-58432d0a9513",
	5,
	19);
INSERT INTO O_NBATTR
	VALUES ("afd5c3ce-e509-41c3-9874-eaf5da2f7323",
	"25a7da66-8d4e-40d2-9e48-725b2461dbe9");
INSERT INTO O_BATTR
	VALUES ("afd5c3ce-e509-41c3-9874-eaf5da2f7323",
	"25a7da66-8d4e-40d2-9e48-725b2461dbe9");
INSERT INTO O_ATTR
	VALUES ("afd5c3ce-e509-41c3-9874-eaf5da2f7323",
	"25a7da66-8d4e-40d2-9e48-725b2461dbe9",
	"57e37dd5-1173-4754-bf8f-adcf1b403949",
	'current_state',
	'',
	'',
	'current_state',
	0,
	"ba5eda7a-def5-0000-0000-000000000006",
	'',
	'');
INSERT INTO O_NBATTR
	VALUES ("e1bbe36a-4341-4c7d-8147-95a403d8ceb6",
	"25a7da66-8d4e-40d2-9e48-725b2461dbe9");
INSERT INTO O_BATTR
	VALUES ("e1bbe36a-4341-4c7d-8147-95a403d8ceb6",
	"25a7da66-8d4e-40d2-9e48-725b2461dbe9");
INSERT INTO O_ATTR
	VALUES ("e1bbe36a-4341-4c7d-8147-95a403d8ceb6",
	"25a7da66-8d4e-40d2-9e48-725b2461dbe9",
	"b6b14f55-78eb-47f4-81c0-283fbbe875c3",
	'stopping_time',
	'Units = mSec
Time required for the conveyor to come to a complete stop from its maximum velocity.',
	'',
	'stopping_time',
	0,
	"ba5eda7a-def5-0000-0000-000000000002",
	'',
	'');
INSERT INTO O_NBATTR
	VALUES ("b6b14f55-78eb-47f4-81c0-283fbbe875c3",
	"25a7da66-8d4e-40d2-9e48-725b2461dbe9");
INSERT INTO O_BATTR
	VALUES ("b6b14f55-78eb-47f4-81c0-283fbbe875c3",
	"25a7da66-8d4e-40d2-9e48-725b2461dbe9");
INSERT INTO O_ATTR
	VALUES ("b6b14f55-78eb-47f4-81c0-283fbbe875c3",
	"25a7da66-8d4e-40d2-9e48-725b2461dbe9",
	"00000000-0000-0000-0000-000000000000",
	'Id',
	'',
	'',
	'Id',
	0,
	"ba5eda7a-def5-0000-0000-000000000002",
	'',
	'');
INSERT INTO O_NBATTR
	VALUES ("57e37dd5-1173-4754-bf8f-adcf1b403949",
	"25a7da66-8d4e-40d2-9e48-725b2461dbe9");
INSERT INTO O_BATTR
	VALUES ("57e37dd5-1173-4754-bf8f-adcf1b403949",
	"25a7da66-8d4e-40d2-9e48-725b2461dbe9");
INSERT INTO O_ATTR
	VALUES ("57e37dd5-1173-4754-bf8f-adcf1b403949",
	"25a7da66-8d4e-40d2-9e48-725b2461dbe9",
	"e1bbe36a-4341-4c7d-8147-95a403d8ceb6",
	'drive_side',
	'This attribute defines the required motor direction for the conveyor to run
toward the drive side of the machine.',
	'',
	'drive_side',
	0,
	"10a457d6-e25e-4dbe-a48f-0682e976c4bf",
	'',
	'');
INSERT INTO O_ID
	VALUES (0,
	"25a7da66-8d4e-40d2-9e48-725b2461dbe9");
INSERT INTO O_OIDA
	VALUES ("b6b14f55-78eb-47f4-81c0-283fbbe875c3",
	"25a7da66-8d4e-40d2-9e48-725b2461dbe9",
	0,
	'Id');
INSERT INTO O_ID
	VALUES (1,
	"25a7da66-8d4e-40d2-9e48-725b2461dbe9");
INSERT INTO O_ID
	VALUES (2,
	"25a7da66-8d4e-40d2-9e48-725b2461dbe9");
INSERT INTO SM_ISM
	VALUES ("66632603-6b22-4087-a83c-d2f87d4fdaa9",
	"25a7da66-8d4e-40d2-9e48-725b2461dbe9");
INSERT INTO SM_SM
	VALUES ("66632603-6b22-4087-a83c-d2f87d4fdaa9",
	'',
	0);
INSERT INTO SM_MOORE
	VALUES ("66632603-6b22-4087-a83c-d2f87d4fdaa9");
INSERT INTO SM_EVTDI
	VALUES ("f82b477b-5408-4420-9e41-8d67968f6a8b",
	"66632603-6b22-4087-a83c-d2f87d4fdaa9",
	'direction',
	'',
	"0b9c6b49-c1c4-48d3-a888-a76d6461cf1e",
	'',
	"2a8c5364-9fd0-4ae0-8afa-525b1d4fc608",
	"00000000-0000-0000-0000-000000000000");
INSERT INTO SM_EVTDI
	VALUES ("5d066a41-a330-40ac-a34d-52ec44d93e03",
	"66632603-6b22-4087-a83c-d2f87d4fdaa9",
	'direction',
	'',
	"0b9c6b49-c1c4-48d3-a888-a76d6461cf1e",
	'',
	"0cf712e1-9045-4a7a-8a93-33c8e994e52c",
	"00000000-0000-0000-0000-000000000000");
INSERT INTO SM_EVTDI
	VALUES ("bef48d14-fca8-4f22-b0bf-20077b03030e",
	"66632603-6b22-4087-a83c-d2f87d4fdaa9",
	'control_alg',
	'',
	"4acd14f2-8833-4e55-b0ec-4fb57786f07d",
	'',
	"0cf712e1-9045-4a7a-8a93-33c8e994e52c",
	"5d066a41-a330-40ac-a34d-52ec44d93e03");
INSERT INTO SM_PEVT
	VALUES ("2a8c5364-9fd0-4ae0-8afa-525b1d4fc608",
	"66632603-6b22-4087-a83c-d2f87d4fdaa9",
	"00000000-0000-0000-0000-000000000000",
	'Cross Transfer Conveyor',
	'XTFRCNVR',
	'jog');
INSERT INTO SM_EVT
	VALUES ("2a8c5364-9fd0-4ae0-8afa-525b1d4fc608",
	"66632603-6b22-4087-a83c-d2f87d4fdaa9",
	"00000000-0000-0000-0000-000000000000",
	3,
	'jog',
	0,
	'',
	'XTFRCNVR3',
	'');
INSERT INTO SM_PEVT
	VALUES ("803145dd-9ca6-43a6-bbec-873de6d0d25b",
	"66632603-6b22-4087-a83c-d2f87d4fdaa9",
	"00000000-0000-0000-0000-000000000000",
	'Cross Transfer Conveyor',
	'XTFRCNVR',
	'jog_complete');
INSERT INTO SM_EVT
	VALUES ("803145dd-9ca6-43a6-bbec-873de6d0d25b",
	"66632603-6b22-4087-a83c-d2f87d4fdaa9",
	"00000000-0000-0000-0000-000000000000",
	4,
	'jog_complete',
	0,
	'',
	'XTFRCNVR4',
	'');
INSERT INTO SM_LEVT
	VALUES ("daa0fd3d-7270-4919-a93a-6846dd45d0a2",
	"66632603-6b22-4087-a83c-d2f87d4fdaa9",
	"00000000-0000-0000-0000-000000000000");
INSERT INTO SM_SEVT
	VALUES ("daa0fd3d-7270-4919-a93a-6846dd45d0a2",
	"66632603-6b22-4087-a83c-d2f87d4fdaa9",
	"00000000-0000-0000-0000-000000000000");
INSERT INTO SM_EVT
	VALUES ("daa0fd3d-7270-4919-a93a-6846dd45d0a2",
	"66632603-6b22-4087-a83c-d2f87d4fdaa9",
	"00000000-0000-0000-0000-000000000000",
	7,
	'automatic_sequence_cmplt',
	0,
	'',
	'XTFRCNVR7',
	'');
INSERT INTO SM_LEVT
	VALUES ("0cf712e1-9045-4a7a-8a93-33c8e994e52c",
	"66632603-6b22-4087-a83c-d2f87d4fdaa9",
	"00000000-0000-0000-0000-000000000000");
INSERT INTO SM_SEVT
	VALUES ("0cf712e1-9045-4a7a-8a93-33c8e994e52c",
	"66632603-6b22-4087-a83c-d2f87d4fdaa9",
	"00000000-0000-0000-0000-000000000000");
INSERT INTO SM_EVT
	VALUES ("0cf712e1-9045-4a7a-8a93-33c8e994e52c",
	"66632603-6b22-4087-a83c-d2f87d4fdaa9",
	"00000000-0000-0000-0000-000000000000",
	6,
	'discharge',
	0,
	'',
	'XTFRCNVR6',
	'');
INSERT INTO SM_NLEVT
	VALUES ("69cad7aa-a215-4550-8727-491d6a07abcc",
	"66632603-6b22-4087-a83c-d2f87d4fdaa9",
	"00000000-0000-0000-0000-000000000000",
	"fe8564b3-1381-4481-8f71-eacda34d89ea",
	"6110756b-f976-4fd3-bf1e-c88222878dbd",
	"00000000-0000-0000-0000-000000000000",
	'');
INSERT INTO SM_SEVT
	VALUES ("69cad7aa-a215-4550-8727-491d6a07abcc",
	"66632603-6b22-4087-a83c-d2f87d4fdaa9",
	"00000000-0000-0000-0000-000000000000");
INSERT INTO SM_EVT
	VALUES ("69cad7aa-a215-4550-8727-491d6a07abcc",
	"66632603-6b22-4087-a83c-d2f87d4fdaa9",
	"00000000-0000-0000-0000-000000000000",
	1,
	'activate',
	0,
	'',
	'ACTR1*',
	'');
INSERT INTO SM_PEVT
	VALUES ("a2442448-f8fb-4a19-883c-8bf885a8c63e",
	"66632603-6b22-4087-a83c-d2f87d4fdaa9",
	"00000000-0000-0000-0000-000000000000",
	'Cross Transfer Conveyor',
	'XTFRCNVR',
	'drive_rdy_for_inst');
INSERT INTO SM_EVT
	VALUES ("a2442448-f8fb-4a19-883c-8bf885a8c63e",
	"66632603-6b22-4087-a83c-d2f87d4fdaa9",
	"00000000-0000-0000-0000-000000000000",
	5,
	'drive_rdy_for_inst',
	0,
	'',
	'XTFRCNVR5',
	'');
INSERT INTO SM_LEVT
	VALUES ("0ff6a046-c84d-47e8-b49c-0a34d1dc565a",
	"66632603-6b22-4087-a83c-d2f87d4fdaa9",
	"00000000-0000-0000-0000-000000000000");
INSERT INTO SM_SEVT
	VALUES ("0ff6a046-c84d-47e8-b49c-0a34d1dc565a",
	"66632603-6b22-4087-a83c-d2f87d4fdaa9",
	"00000000-0000-0000-0000-000000000000");
INSERT INTO SM_EVT
	VALUES ("0ff6a046-c84d-47e8-b49c-0a34d1dc565a",
	"66632603-6b22-4087-a83c-d2f87d4fdaa9",
	"00000000-0000-0000-0000-000000000000",
	8,
	'sequence_aborted',
	0,
	'',
	'XTFRCNVR8',
	'');
INSERT INTO SM_PEVT
	VALUES ("6d6d4e70-a53a-43ec-9b74-154652e68560",
	"66632603-6b22-4087-a83c-d2f87d4fdaa9",
	"00000000-0000-0000-0000-000000000000",
	'Cross Transfer Conveyor',
	'XTFRCNVR',
	'motor_stopped');
INSERT INTO SM_EVT
	VALUES ("6d6d4e70-a53a-43ec-9b74-154652e68560",
	"66632603-6b22-4087-a83c-d2f87d4fdaa9",
	"00000000-0000-0000-0000-000000000000",
	9,
	'motor_stopped',
	0,
	'',
	'XTFRCNVR9',
	'');
INSERT INTO SM_PEVT
	VALUES ("2cf88141-724c-421f-863b-848ab93217d0",
	"66632603-6b22-4087-a83c-d2f87d4fdaa9",
	"00000000-0000-0000-0000-000000000000",
	'Cross Transfer Conveyor',
	'XTFRCNVR',
	'enable_control');
INSERT INTO SM_EVT
	VALUES ("2cf88141-724c-421f-863b-848ab93217d0",
	"66632603-6b22-4087-a83c-d2f87d4fdaa9",
	"00000000-0000-0000-0000-000000000000",
	10,
	'enable_control',
	0,
	'',
	'XTFRCNVR10',
	'');
INSERT INTO SM_STATE
	VALUES ("cdb8cf2e-1dd5-42a2-994a-635bf63b3f72",
	"66632603-6b22-4087-a83c-d2f87d4fdaa9",
	"00000000-0000-0000-0000-000000000000",
	'ManualControl',
	1,
	0);
INSERT INTO SM_CH
	VALUES ("cdb8cf2e-1dd5-42a2-994a-635bf63b3f72",
	"daa0fd3d-7270-4919-a93a-6846dd45d0a2",
	"66632603-6b22-4087-a83c-d2f87d4fdaa9",
	"00000000-0000-0000-0000-000000000000",
	'');
INSERT INTO SM_SEME
	VALUES ("cdb8cf2e-1dd5-42a2-994a-635bf63b3f72",
	"daa0fd3d-7270-4919-a93a-6846dd45d0a2",
	"66632603-6b22-4087-a83c-d2f87d4fdaa9",
	"00000000-0000-0000-0000-000000000000");
INSERT INTO SM_SEME
	VALUES ("cdb8cf2e-1dd5-42a2-994a-635bf63b3f72",
	"69cad7aa-a215-4550-8727-491d6a07abcc",
	"66632603-6b22-4087-a83c-d2f87d4fdaa9",
	"00000000-0000-0000-0000-000000000000");
INSERT INTO SM_CH
	VALUES ("cdb8cf2e-1dd5-42a2-994a-635bf63b3f72",
	"0cf712e1-9045-4a7a-8a93-33c8e994e52c",
	"66632603-6b22-4087-a83c-d2f87d4fdaa9",
	"00000000-0000-0000-0000-000000000000",
	'');
INSERT INTO SM_SEME
	VALUES ("cdb8cf2e-1dd5-42a2-994a-635bf63b3f72",
	"0cf712e1-9045-4a7a-8a93-33c8e994e52c",
	"66632603-6b22-4087-a83c-d2f87d4fdaa9",
	"00000000-0000-0000-0000-000000000000");
INSERT INTO SM_CH
	VALUES ("cdb8cf2e-1dd5-42a2-994a-635bf63b3f72",
	"0ff6a046-c84d-47e8-b49c-0a34d1dc565a",
	"66632603-6b22-4087-a83c-d2f87d4fdaa9",
	"00000000-0000-0000-0000-000000000000",
	'');
INSERT INTO SM_SEME
	VALUES ("cdb8cf2e-1dd5-42a2-994a-635bf63b3f72",
	"0ff6a046-c84d-47e8-b49c-0a34d1dc565a",
	"66632603-6b22-4087-a83c-d2f87d4fdaa9",
	"00000000-0000-0000-0000-000000000000");
INSERT INTO SM_MOAH
	VALUES ("22a0348f-a5e4-436a-86f4-69805cdffd1a",
	"66632603-6b22-4087-a83c-d2f87d4fdaa9",
	"cdb8cf2e-1dd5-42a2-994a-635bf63b3f72");
INSERT INTO SM_AH
	VALUES ("22a0348f-a5e4-436a-86f4-69805cdffd1a",
	"66632603-6b22-4087-a83c-d2f87d4fdaa9");
INSERT INTO SM_ACT
	VALUES ("22a0348f-a5e4-436a-86f4-69805cdffd1a",
	"66632603-6b22-4087-a83c-d2f87d4fdaa9",
	1,
	'// Create the manual sequence
create object instance man_seq of MANSEQ;
relate man_seq to self across R8;

generate XTFRCNVR10:enable_control() to man_seq;

',
	'');
INSERT INTO ACT_SAB
	VALUES ("e25f40a5-2327-470c-9adb-b961cbadf8d1",
	"66632603-6b22-4087-a83c-d2f87d4fdaa9",
	"22a0348f-a5e4-436a-86f4-69805cdffd1a");
INSERT INTO ACT_ACT
	VALUES ("e25f40a5-2327-470c-9adb-b961cbadf8d1",
	'state',
	0,
	"44dc20f4-04a3-4160-a891-2adc6295bda6",
	"00000000-0000-0000-0000-000000000000",
	0,
	'Cross Transfer Conveyor::ManualControl',
	"00000000-0000-0000-0000-000000000000");
INSERT INTO ACT_BLK
	VALUES ("44dc20f4-04a3-4160-a891-2adc6295bda6",
	0,
	0,
	0,
	'V_VAR.Var_ID',
	'',
	'',
	5,
	1,
	2,
	35,
	0,
	0,
	3,
	31,
	0,
	0,
	0,
	0,
	0,
	"e25f40a5-2327-470c-9adb-b961cbadf8d1",
	"00000000-0000-0000-0000-000000000000");
INSERT INTO ACT_SMT
	VALUES ("8cd85cec-adec-4d0d-9f35-367be234512d",
	"44dc20f4-04a3-4160-a891-2adc6295bda6",
	"b38e5b26-ea66-4537-a1e5-60b8e74ae662",
	2,
	1,
	'Cross Transfer Conveyor::ManualControl line: 2');
INSERT INTO ACT_CR
	VALUES ("8cd85cec-adec-4d0d-9f35-367be234512d",
	"312ce4c6-8527-4305-88ff-5bc775b5d185",
	1,
	"5d77175d-d671-463d-974e-4471bcb408f5",
	2,
	35);
INSERT INTO ACT_SMT
	VALUES ("b38e5b26-ea66-4537-a1e5-60b8e74ae662",
	"44dc20f4-04a3-4160-a891-2adc6295bda6",
	"d7414984-8afc-45a5-9974-df7005c317f4",
	3,
	1,
	'Cross Transfer Conveyor::ManualControl line: 3');
INSERT INTO ACT_REL
	VALUES ("b38e5b26-ea66-4537-a1e5-60b8e74ae662",
	"312ce4c6-8527-4305-88ff-5bc775b5d185",
	"fb5dc31f-290a-48c5-8772-6463d5e6a17c",
	'',
	"5dc0b121-a9de-471b-9f21-50903e19c6ee",
	3,
	31,
	0,
	0);
INSERT INTO ACT_SMT
	VALUES ("d7414984-8afc-45a5-9974-df7005c317f4",
	"44dc20f4-04a3-4160-a891-2adc6295bda6",
	"00000000-0000-0000-0000-000000000000",
	5,
	1,
	'Cross Transfer Conveyor::ManualControl line: 5');
INSERT INTO E_ESS
	VALUES ("d7414984-8afc-45a5-9974-df7005c317f4",
	1,
	0,
	5,
	10,
	5,
	21,
	2,
	35,
	0,
	0,
	0,
	0);
INSERT INTO E_GES
	VALUES ("d7414984-8afc-45a5-9974-df7005c317f4");
INSERT INTO E_GSME
	VALUES ("d7414984-8afc-45a5-9974-df7005c317f4",
	"2cf88141-724c-421f-863b-848ab93217d0");
INSERT INTO E_GEN
	VALUES ("d7414984-8afc-45a5-9974-df7005c317f4",
	"312ce4c6-8527-4305-88ff-5bc775b5d185");
INSERT INTO V_VAR
	VALUES ("312ce4c6-8527-4305-88ff-5bc775b5d185",
	"44dc20f4-04a3-4160-a891-2adc6295bda6",
	'man_seq',
	1,
	"ba5eda7a-def5-0000-0000-000000000008");
INSERT INTO V_INT
	VALUES ("312ce4c6-8527-4305-88ff-5bc775b5d185",
	0,
	"5d77175d-d671-463d-974e-4471bcb408f5");
INSERT INTO V_VAR
	VALUES ("fb5dc31f-290a-48c5-8772-6463d5e6a17c",
	"44dc20f4-04a3-4160-a891-2adc6295bda6",
	'self',
	1,
	"ba5eda7a-def5-0000-0000-000000000008");
INSERT INTO V_INT
	VALUES ("fb5dc31f-290a-48c5-8772-6463d5e6a17c",
	0,
	"25a7da66-8d4e-40d2-9e48-725b2461dbe9");
INSERT INTO SM_STATE
	VALUES ("40681cad-dd84-499c-8f29-99c0b8eeadad",
	"66632603-6b22-4087-a83c-d2f87d4fdaa9",
	"00000000-0000-0000-0000-000000000000",
	'MotionInhibited',
	2,
	0);
INSERT INTO SM_CH
	VALUES ("40681cad-dd84-499c-8f29-99c0b8eeadad",
	"daa0fd3d-7270-4919-a93a-6846dd45d0a2",
	"66632603-6b22-4087-a83c-d2f87d4fdaa9",
	"00000000-0000-0000-0000-000000000000",
	'');
INSERT INTO SM_SEME
	VALUES ("40681cad-dd84-499c-8f29-99c0b8eeadad",
	"daa0fd3d-7270-4919-a93a-6846dd45d0a2",
	"66632603-6b22-4087-a83c-d2f87d4fdaa9",
	"00000000-0000-0000-0000-000000000000");
INSERT INTO SM_CH
	VALUES ("40681cad-dd84-499c-8f29-99c0b8eeadad",
	"69cad7aa-a215-4550-8727-491d6a07abcc",
	"66632603-6b22-4087-a83c-d2f87d4fdaa9",
	"00000000-0000-0000-0000-000000000000",
	'');
INSERT INTO SM_SEME
	VALUES ("40681cad-dd84-499c-8f29-99c0b8eeadad",
	"69cad7aa-a215-4550-8727-491d6a07abcc",
	"66632603-6b22-4087-a83c-d2f87d4fdaa9",
	"00000000-0000-0000-0000-000000000000");
INSERT INTO SM_SEME
	VALUES ("40681cad-dd84-499c-8f29-99c0b8eeadad",
	"0cf712e1-9045-4a7a-8a93-33c8e994e52c",
	"66632603-6b22-4087-a83c-d2f87d4fdaa9",
	"00000000-0000-0000-0000-000000000000");
INSERT INTO SM_SEME
	VALUES ("40681cad-dd84-499c-8f29-99c0b8eeadad",
	"0ff6a046-c84d-47e8-b49c-0a34d1dc565a",
	"66632603-6b22-4087-a83c-d2f87d4fdaa9",
	"00000000-0000-0000-0000-000000000000");
INSERT INTO SM_MOAH
	VALUES ("4dbe40c0-d9cc-4c11-8360-b560e61d4486",
	"66632603-6b22-4087-a83c-d2f87d4fdaa9",
	"40681cad-dd84-499c-8f29-99c0b8eeadad");
INSERT INTO SM_AH
	VALUES ("4dbe40c0-d9cc-4c11-8360-b560e61d4486",
	"66632603-6b22-4087-a83c-d2f87d4fdaa9");
INSERT INTO SM_ACT
	VALUES ("4dbe40c0-d9cc-4c11-8360-b560e61d4486",
	"66632603-6b22-4087-a83c-d2f87d4fdaa9",
	1,
	'/* Stop the conveyor while sheets are being diverted into the bay.
*/

// Create the motion inhibited sub-type class
create object instance motion_inh of MOTINH;
relate motion_inh to self across R8;

xtfrcnvr::stop();
',
	'');
INSERT INTO ACT_SAB
	VALUES ("afb2ab1e-0378-4b64-a1e0-aff02a5ec5fe",
	"66632603-6b22-4087-a83c-d2f87d4fdaa9",
	"4dbe40c0-d9cc-4c11-8360-b560e61d4486");
INSERT INTO ACT_ACT
	VALUES ("afb2ab1e-0378-4b64-a1e0-aff02a5ec5fe",
	'state',
	0,
	"e1895fa8-8035-4c11-9aec-52883c995f29",
	"00000000-0000-0000-0000-000000000000",
	0,
	'Cross Transfer Conveyor::MotionInhibited',
	"00000000-0000-0000-0000-000000000000");
INSERT INTO ACT_BLK
	VALUES ("e1895fa8-8035-4c11-9aec-52883c995f29",
	0,
	0,
	0,
	'xtfrcnvr',
	'',
	'',
	8,
	1,
	8,
	1,
	0,
	0,
	6,
	34,
	0,
	0,
	0,
	0,
	0,
	"afb2ab1e-0378-4b64-a1e0-aff02a5ec5fe",
	"00000000-0000-0000-0000-000000000000");
INSERT INTO ACT_SMT
	VALUES ("c30be920-a473-4223-bde6-cc8f8c8cbddc",
	"e1895fa8-8035-4c11-9aec-52883c995f29",
	"0aa4d694-226d-4738-b65d-c0a78e1a0024",
	5,
	1,
	'Cross Transfer Conveyor::MotionInhibited line: 5');
INSERT INTO ACT_CR
	VALUES ("c30be920-a473-4223-bde6-cc8f8c8cbddc",
	"624b4ff5-095c-4688-be8b-2f90734eb50a",
	1,
	"9f6dbe02-e6f1-41f0-aef7-eee6afd06d7a",
	5,
	38);
INSERT INTO ACT_SMT
	VALUES ("0aa4d694-226d-4738-b65d-c0a78e1a0024",
	"e1895fa8-8035-4c11-9aec-52883c995f29",
	"7834712e-1454-4fbd-9cd1-b4d97cce1bdd",
	6,
	1,
	'Cross Transfer Conveyor::MotionInhibited line: 6');
INSERT INTO ACT_REL
	VALUES ("0aa4d694-226d-4738-b65d-c0a78e1a0024",
	"624b4ff5-095c-4688-be8b-2f90734eb50a",
	"7d8f0767-fea7-43c8-8432-0633a7aa7c79",
	'',
	"5dc0b121-a9de-471b-9f21-50903e19c6ee",
	6,
	34,
	0,
	0);
INSERT INTO ACT_SMT
	VALUES ("7834712e-1454-4fbd-9cd1-b4d97cce1bdd",
	"e1895fa8-8035-4c11-9aec-52883c995f29",
	"00000000-0000-0000-0000-000000000000",
	8,
	1,
	'Cross Transfer Conveyor::MotionInhibited line: 8');
INSERT INTO ACT_SGN
	VALUES ("7834712e-1454-4fbd-9cd1-b4d97cce1bdd",
	8,
	11,
	8,
	1,
	"00000000-0000-0000-0000-000000000000",
	"3d29c089-acbd-4ec5-acfe-63fba344b933",
	"00000000-0000-0000-0000-000000000000");
INSERT INTO V_VAR
	VALUES ("624b4ff5-095c-4688-be8b-2f90734eb50a",
	"e1895fa8-8035-4c11-9aec-52883c995f29",
	'motion_inh',
	1,
	"ba5eda7a-def5-0000-0000-000000000008");
INSERT INTO V_INT
	VALUES ("624b4ff5-095c-4688-be8b-2f90734eb50a",
	0,
	"9f6dbe02-e6f1-41f0-aef7-eee6afd06d7a");
INSERT INTO V_VAR
	VALUES ("7d8f0767-fea7-43c8-8432-0633a7aa7c79",
	"e1895fa8-8035-4c11-9aec-52883c995f29",
	'self',
	1,
	"ba5eda7a-def5-0000-0000-000000000008");
INSERT INTO V_INT
	VALUES ("7d8f0767-fea7-43c8-8432-0633a7aa7c79",
	0,
	"25a7da66-8d4e-40d2-9e48-725b2461dbe9");
INSERT INTO SM_STATE
	VALUES ("7e78827f-3ce2-468f-a230-4347b701b42e",
	"66632603-6b22-4087-a83c-d2f87d4fdaa9",
	"00000000-0000-0000-0000-000000000000",
	'AutomaticControl',
	3,
	0);
INSERT INTO SM_SEME
	VALUES ("7e78827f-3ce2-468f-a230-4347b701b42e",
	"daa0fd3d-7270-4919-a93a-6846dd45d0a2",
	"66632603-6b22-4087-a83c-d2f87d4fdaa9",
	"00000000-0000-0000-0000-000000000000");
INSERT INTO SM_CH
	VALUES ("7e78827f-3ce2-468f-a230-4347b701b42e",
	"0cf712e1-9045-4a7a-8a93-33c8e994e52c",
	"66632603-6b22-4087-a83c-d2f87d4fdaa9",
	"00000000-0000-0000-0000-000000000000",
	'');
INSERT INTO SM_SEME
	VALUES ("7e78827f-3ce2-468f-a230-4347b701b42e",
	"0cf712e1-9045-4a7a-8a93-33c8e994e52c",
	"66632603-6b22-4087-a83c-d2f87d4fdaa9",
	"00000000-0000-0000-0000-000000000000");
INSERT INTO SM_CH
	VALUES ("7e78827f-3ce2-468f-a230-4347b701b42e",
	"69cad7aa-a215-4550-8727-491d6a07abcc",
	"66632603-6b22-4087-a83c-d2f87d4fdaa9",
	"00000000-0000-0000-0000-000000000000",
	'');
INSERT INTO SM_SEME
	VALUES ("7e78827f-3ce2-468f-a230-4347b701b42e",
	"69cad7aa-a215-4550-8727-491d6a07abcc",
	"66632603-6b22-4087-a83c-d2f87d4fdaa9",
	"00000000-0000-0000-0000-000000000000");
INSERT INTO SM_CH
	VALUES ("7e78827f-3ce2-468f-a230-4347b701b42e",
	"0ff6a046-c84d-47e8-b49c-0a34d1dc565a",
	"66632603-6b22-4087-a83c-d2f87d4fdaa9",
	"00000000-0000-0000-0000-000000000000",
	'');
INSERT INTO SM_SEME
	VALUES ("7e78827f-3ce2-468f-a230-4347b701b42e",
	"0ff6a046-c84d-47e8-b49c-0a34d1dc565a",
	"66632603-6b22-4087-a83c-d2f87d4fdaa9",
	"00000000-0000-0000-0000-000000000000");
INSERT INTO SM_MOAH
	VALUES ("16e61e4a-959f-4346-965f-2f78bfccb3b2",
	"66632603-6b22-4087-a83c-d2f87d4fdaa9",
	"7e78827f-3ce2-468f-a230-4347b701b42e");
INSERT INTO SM_AH
	VALUES ("16e61e4a-959f-4346-965f-2f78bfccb3b2",
	"66632603-6b22-4087-a83c-d2f87d4fdaa9");
INSERT INTO SM_ACT
	VALUES ("16e61e4a-959f-4346-965f-2f78bfccb3b2",
	"66632603-6b22-4087-a83c-d2f87d4fdaa9",
	1,
	'/* A scrap or inspection divert is starting.  
*/


// Switch to the AutomaticSequence sub-type

// Create the automatic sequence
create object instance auto_seq of AUTOSEQ;
relate auto_seq to self across R8;

// Create the automatic sequence initial sub-type
select one xtfr_cnvr related by auto_seq->XTFRCNVR[R8];
auto_seq.motor_direction = xtfr_cnvr.GetMotorDirection(machine_side: rcvd_evt.direction);

if rcvd_evt.control_alg == Divert_Conv_Discharge_Alg::Dist_x1_Rollout;
   // Create the single length rollout jog
   create object instance conv_len_rollout of CLX1DCGSEQ;
   relate conv_len_rollout to auto_seq across R9;
   auto_seq.time_to_run = 90;   
   
elif rcvd_evt.control_alg == Divert_Conv_Discharge_Alg::Dist_x2_Hesitating_Rollout;
   // Create the hesitating rollout jog
   create object instance hesitate_rollout of CLX2HRDCGSEQ;
   relate hesitate_rollout to auto_seq across R9;
   auto_seq.time_to_run = 180;

end if;

generate AUTOSEQ11:initiate_auto_seq() to auto_seq;
',
	'');
INSERT INTO ACT_SAB
	VALUES ("18fdd60d-6514-4106-a97e-968232c24dbc",
	"66632603-6b22-4087-a83c-d2f87d4fdaa9",
	"16e61e4a-959f-4346-965f-2f78bfccb3b2");
INSERT INTO ACT_ACT
	VALUES ("18fdd60d-6514-4106-a97e-968232c24dbc",
	'state',
	0,
	"7c71023a-ae4c-44fb-81ce-8f146de435d4",
	"00000000-0000-0000-0000-000000000000",
	0,
	'Cross Transfer Conveyor::AutomaticControl',
	"00000000-0000-0000-0000-000000000000");
INSERT INTO ACT_BLK
	VALUES ("7c71023a-ae4c-44fb-81ce-8f146de435d4",
	1,
	0,
	0,
	'V_VAR.Var_ID',
	'',
	'',
	29,
	1,
	12,
	43,
	0,
	0,
	12,
	52,
	0,
	0,
	21,
	30,
	0,
	"18fdd60d-6514-4106-a97e-968232c24dbc",
	"00000000-0000-0000-0000-000000000000");
INSERT INTO ACT_SMT
	VALUES ("a30aee33-4762-49c2-a117-e1c6a74373ff",
	"7c71023a-ae4c-44fb-81ce-8f146de435d4",
	"964f79e8-c519-4a85-abd9-4804934ee8dc",
	8,
	1,
	'Cross Transfer Conveyor::AutomaticControl line: 8');
INSERT INTO ACT_CR
	VALUES ("a30aee33-4762-49c2-a117-e1c6a74373ff",
	"f821bf34-9bb1-49dc-a233-eed46792366d",
	1,
	"fe5c048c-e29b-4151-9315-f458dfaaea1e",
	8,
	36);
INSERT INTO ACT_SMT
	VALUES ("964f79e8-c519-4a85-abd9-4804934ee8dc",
	"7c71023a-ae4c-44fb-81ce-8f146de435d4",
	"a9faf2ed-1130-4c2f-ac09-d3340b1daf9d",
	9,
	1,
	'Cross Transfer Conveyor::AutomaticControl line: 9');
INSERT INTO ACT_REL
	VALUES ("964f79e8-c519-4a85-abd9-4804934ee8dc",
	"f821bf34-9bb1-49dc-a233-eed46792366d",
	"300c9ae4-427e-43ef-abdd-50f39a4378ca",
	'',
	"5dc0b121-a9de-471b-9f21-50903e19c6ee",
	9,
	32,
	0,
	0);
INSERT INTO ACT_SMT
	VALUES ("a9faf2ed-1130-4c2f-ac09-d3340b1daf9d",
	"7c71023a-ae4c-44fb-81ce-8f146de435d4",
	"d29f413d-2467-467d-b56b-1f7b7c85e373",
	12,
	1,
	'Cross Transfer Conveyor::AutomaticControl line: 12');
INSERT INTO ACT_SEL
	VALUES ("a9faf2ed-1130-4c2f-ac09-d3340b1daf9d",
	"072e2a26-9aa7-41cc-bc3c-a3be56925c1c",
	1,
	'one',
	"19994c4e-2f20-47f5-ad83-5f91232c0eca");
INSERT INTO ACT_SR
	VALUES ("a9faf2ed-1130-4c2f-ac09-d3340b1daf9d");
INSERT INTO ACT_LNK
	VALUES ("d61576af-8614-493f-b8c1-7be7f1d56245",
	'',
	"a9faf2ed-1130-4c2f-ac09-d3340b1daf9d",
	"5dc0b121-a9de-471b-9f21-50903e19c6ee",
	"00000000-0000-0000-0000-000000000000",
	2,
	"25a7da66-8d4e-40d2-9e48-725b2461dbe9",
	12,
	43,
	12,
	52,
	0,
	0);
INSERT INTO ACT_SMT
	VALUES ("d29f413d-2467-467d-b56b-1f7b7c85e373",
	"7c71023a-ae4c-44fb-81ce-8f146de435d4",
	"669b1f54-f488-44dc-a187-894fd63c102f",
	13,
	1,
	'Cross Transfer Conveyor::AutomaticControl line: 13');
INSERT INTO ACT_AI
	VALUES ("d29f413d-2467-467d-b56b-1f7b7c85e373",
	"2441b2e7-5015-4aa7-8cdf-b552ae16610e",
	"13b18f1d-35d6-46f1-82e8-733c41f03962",
	0,
	0);
INSERT INTO ACT_SMT
	VALUES ("669b1f54-f488-44dc-a187-894fd63c102f",
	"7c71023a-ae4c-44fb-81ce-8f146de435d4",
	"dfd593cd-b9e3-45f4-81ed-07421b317950",
	15,
	1,
	'Cross Transfer Conveyor::AutomaticControl line: 15');
INSERT INTO ACT_IF
	VALUES ("669b1f54-f488-44dc-a187-894fd63c102f",
	"3f315a3c-0f3e-44e2-a9b2-99f9da13a0e5",
	"c2727f0b-8244-42c9-9f9c-fa29e90a7b03",
	"00000000-0000-0000-0000-000000000000",
	"00000000-0000-0000-0000-000000000000");
INSERT INTO ACT_SMT
	VALUES ("e42ca708-ea43-4caa-955e-8d39ce6798c7",
	"7c71023a-ae4c-44fb-81ce-8f146de435d4",
	"00000000-0000-0000-0000-000000000000",
	21,
	1,
	'Cross Transfer Conveyor::AutomaticControl line: 21');
INSERT INTO ACT_EL
	VALUES ("e42ca708-ea43-4caa-955e-8d39ce6798c7",
	"92a42ee0-7121-480d-a083-8de56ce4d7d5",
	"8832f638-296c-4e84-b0aa-372ecf9760e8",
	"669b1f54-f488-44dc-a187-894fd63c102f");
INSERT INTO ACT_SMT
	VALUES ("dfd593cd-b9e3-45f4-81ed-07421b317950",
	"7c71023a-ae4c-44fb-81ce-8f146de435d4",
	"00000000-0000-0000-0000-000000000000",
	29,
	1,
	'Cross Transfer Conveyor::AutomaticControl line: 29');
INSERT INTO E_ESS
	VALUES ("dfd593cd-b9e3-45f4-81ed-07421b317950",
	1,
	0,
	29,
	10,
	29,
	20,
	12,
	43,
	0,
	0,
	0,
	0);
INSERT INTO E_GES
	VALUES ("dfd593cd-b9e3-45f4-81ed-07421b317950");
INSERT INTO E_GSME
	VALUES ("dfd593cd-b9e3-45f4-81ed-07421b317950",
	"3357b94a-c8eb-49a3-a7f0-e8dc85ede7c4");
INSERT INTO E_GEN
	VALUES ("dfd593cd-b9e3-45f4-81ed-07421b317950",
	"f821bf34-9bb1-49dc-a233-eed46792366d");
INSERT INTO V_VAL
	VALUES ("19994c4e-2f20-47f5-ad83-5f91232c0eca",
	0,
	0,
	12,
	33,
	40,
	0,
	0,
	0,
	0,
	"ba5eda7a-def5-0000-0000-000000000008",
	"7c71023a-ae4c-44fb-81ce-8f146de435d4");
INSERT INTO V_IRF
	VALUES ("19994c4e-2f20-47f5-ad83-5f91232c0eca",
	"f821bf34-9bb1-49dc-a233-eed46792366d");
INSERT INTO V_VAL
	VALUES ("d39e7f66-d5ca-44d5-98ca-6b65b0a3fc30",
	1,
	0,
	13,
	1,
	8,
	0,
	0,
	0,
	0,
	"ba5eda7a-def5-0000-0000-000000000008",
	"7c71023a-ae4c-44fb-81ce-8f146de435d4");
INSERT INTO V_IRF
	VALUES ("d39e7f66-d5ca-44d5-98ca-6b65b0a3fc30",
	"f821bf34-9bb1-49dc-a233-eed46792366d");
INSERT INTO V_VAL
	VALUES ("13b18f1d-35d6-46f1-82e8-733c41f03962",
	1,
	0,
	13,
	10,
	24,
	0,
	0,
	0,
	0,
	"10a457d6-e25e-4dbe-a48f-0682e976c4bf",
	"7c71023a-ae4c-44fb-81ce-8f146de435d4");
INSERT INTO V_AVL
	VALUES ("13b18f1d-35d6-46f1-82e8-733c41f03962",
	"d39e7f66-d5ca-44d5-98ca-6b65b0a3fc30",
	"fe5c048c-e29b-4151-9315-f458dfaaea1e",
	"be8fcf75-a089-47e1-9134-ec51da4bfd36");
INSERT INTO V_VAL
	VALUES ("2441b2e7-5015-4aa7-8cdf-b552ae16610e",
	0,
	0,
	13,
	38,
	-1,
	13,
	56,
	0,
	0,
	"10a457d6-e25e-4dbe-a48f-0682e976c4bf",
	"7c71023a-ae4c-44fb-81ce-8f146de435d4");
INSERT INTO V_TRV
	VALUES ("2441b2e7-5015-4aa7-8cdf-b552ae16610e",
	"688972dd-f628-4d10-9d26-640e6ab486aa",
	"072e2a26-9aa7-41cc-bc3c-a3be56925c1c",
	1,
	0,
	0);
INSERT INTO V_VAL
	VALUES ("457e02d8-acd3-4ca7-a32f-291916368a04",
	0,
	0,
	13,
	79,
	87,
	0,
	0,
	0,
	0,
	"0b9c6b49-c1c4-48d3-a888-a76d6461cf1e",
	"7c71023a-ae4c-44fb-81ce-8f146de435d4");
INSERT INTO V_EDV
	VALUES ("457e02d8-acd3-4ca7-a32f-291916368a04");
INSERT INTO V_EPR
	VALUES ("457e02d8-acd3-4ca7-a32f-291916368a04",
	"66632603-6b22-4087-a83c-d2f87d4fdaa9",
	"5d066a41-a330-40ac-a34d-52ec44d93e03",
	"00000000-0000-0000-0000-000000000000");
INSERT INTO V_PAR
	VALUES ("457e02d8-acd3-4ca7-a32f-291916368a04",
	"00000000-0000-0000-0000-000000000000",
	"2441b2e7-5015-4aa7-8cdf-b552ae16610e",
	'machine_side',
	"00000000-0000-0000-0000-000000000000",
	13,
	56);
INSERT INTO V_VAL
	VALUES ("091446a6-1be2-4a62-aa97-2b531157f3d4",
	0,
	0,
	15,
	13,
	23,
	0,
	0,
	0,
	0,
	"4acd14f2-8833-4e55-b0ec-4fb57786f07d",
	"7c71023a-ae4c-44fb-81ce-8f146de435d4");
INSERT INTO V_EDV
	VALUES ("091446a6-1be2-4a62-aa97-2b531157f3d4");
INSERT INTO V_EPR
	VALUES ("091446a6-1be2-4a62-aa97-2b531157f3d4",
	"66632603-6b22-4087-a83c-d2f87d4fdaa9",
	"bef48d14-fca8-4f22-b0bf-20077b03030e",
	"00000000-0000-0000-0000-000000000000");
INSERT INTO V_VAL
	VALUES ("c2727f0b-8244-42c9-9f9c-fa29e90a7b03",
	0,
	0,
	-1,
	-1,
	-1,
	0,
	0,
	0,
	0,
	"ba5eda7a-def5-0000-0000-000000000001",
	"7c71023a-ae4c-44fb-81ce-8f146de435d4");
INSERT INTO V_BIN
	VALUES ("c2727f0b-8244-42c9-9f9c-fa29e90a7b03",
	"cc281d54-489d-4871-9389-851f92452563",
	"091446a6-1be2-4a62-aa97-2b531157f3d4",
	'==');
INSERT INTO V_VAL
	VALUES ("cc281d54-489d-4871-9389-851f92452563",
	0,
	0,
	15,
	55,
	69,
	0,
	0,
	0,
	0,
	"4acd14f2-8833-4e55-b0ec-4fb57786f07d",
	"7c71023a-ae4c-44fb-81ce-8f146de435d4");
INSERT INTO V_LEN
	VALUES ("cc281d54-489d-4871-9389-851f92452563",
	"e0a20419-84a9-4652-8def-8ee8303789e3",
	15,
	28);
INSERT INTO V_VAL
	VALUES ("70844c98-8c4b-4747-a52a-37255377614b",
	0,
	0,
	21,
	15,
	25,
	0,
	0,
	0,
	0,
	"4acd14f2-8833-4e55-b0ec-4fb57786f07d",
	"7c71023a-ae4c-44fb-81ce-8f146de435d4");
INSERT INTO V_EDV
	VALUES ("70844c98-8c4b-4747-a52a-37255377614b");
INSERT INTO V_EPR
	VALUES ("70844c98-8c4b-4747-a52a-37255377614b",
	"66632603-6b22-4087-a83c-d2f87d4fdaa9",
	"bef48d14-fca8-4f22-b0bf-20077b03030e",
	"00000000-0000-0000-0000-000000000000");
INSERT INTO V_VAL
	VALUES ("8832f638-296c-4e84-b0aa-372ecf9760e8",
	0,
	0,
	-1,
	-1,
	-1,
	0,
	0,
	0,
	0,
	"ba5eda7a-def5-0000-0000-000000000001",
	"7c71023a-ae4c-44fb-81ce-8f146de435d4");
INSERT INTO V_BIN
	VALUES ("8832f638-296c-4e84-b0aa-372ecf9760e8",
	"512d558a-48c5-4134-8e30-beafc7ccf332",
	"70844c98-8c4b-4747-a52a-37255377614b",
	'==');
INSERT INTO V_VAL
	VALUES ("512d558a-48c5-4134-8e30-beafc7ccf332",
	0,
	0,
	21,
	57,
	82,
	0,
	0,
	0,
	0,
	"4acd14f2-8833-4e55-b0ec-4fb57786f07d",
	"7c71023a-ae4c-44fb-81ce-8f146de435d4");
INSERT INTO V_LEN
	VALUES ("512d558a-48c5-4134-8e30-beafc7ccf332",
	"f9f51b3d-ae4a-491f-b3e7-cd479ef199e7",
	21,
	30);
INSERT INTO V_VAR
	VALUES ("f821bf34-9bb1-49dc-a233-eed46792366d",
	"7c71023a-ae4c-44fb-81ce-8f146de435d4",
	'auto_seq',
	1,
	"ba5eda7a-def5-0000-0000-000000000008");
INSERT INTO V_INT
	VALUES ("f821bf34-9bb1-49dc-a233-eed46792366d",
	0,
	"fe5c048c-e29b-4151-9315-f458dfaaea1e");
INSERT INTO V_VAR
	VALUES ("300c9ae4-427e-43ef-abdd-50f39a4378ca",
	"7c71023a-ae4c-44fb-81ce-8f146de435d4",
	'self',
	1,
	"ba5eda7a-def5-0000-0000-000000000008");
INSERT INTO V_INT
	VALUES ("300c9ae4-427e-43ef-abdd-50f39a4378ca",
	0,
	"25a7da66-8d4e-40d2-9e48-725b2461dbe9");
INSERT INTO V_VAR
	VALUES ("072e2a26-9aa7-41cc-bc3c-a3be56925c1c",
	"7c71023a-ae4c-44fb-81ce-8f146de435d4",
	'xtfr_cnvr',
	1,
	"ba5eda7a-def5-0000-0000-000000000008");
INSERT INTO V_INT
	VALUES ("072e2a26-9aa7-41cc-bc3c-a3be56925c1c",
	0,
	"25a7da66-8d4e-40d2-9e48-725b2461dbe9");
INSERT INTO ACT_BLK
	VALUES ("3f315a3c-0f3e-44e2-a9b2-99f9da13a0e5",
	0,
	0,
	0,
	'',
	'',
	'',
	19,
	4,
	17,
	47,
	0,
	0,
	18,
	47,
	0,
	0,
	0,
	0,
	0,
	"18fdd60d-6514-4106-a97e-968232c24dbc",
	"00000000-0000-0000-0000-000000000000");
INSERT INTO ACT_SMT
	VALUES ("05d9932c-5699-4899-a633-0fcda164dc63",
	"3f315a3c-0f3e-44e2-a9b2-99f9da13a0e5",
	"b80ff70c-a70d-4b10-8559-4e0ff6d60633",
	17,
	4,
	'Cross Transfer Conveyor::AutomaticControl line: 17');
INSERT INTO ACT_CR
	VALUES ("05d9932c-5699-4899-a633-0fcda164dc63",
	"4bfdcfb4-bff5-4578-926b-4bb0edda57dd",
	1,
	"a4692583-c022-4a6a-ab63-a4844989f57c",
	17,
	47);
INSERT INTO ACT_SMT
	VALUES ("b80ff70c-a70d-4b10-8559-4e0ff6d60633",
	"3f315a3c-0f3e-44e2-a9b2-99f9da13a0e5",
	"a8670ce7-97ba-49e1-be64-fb00b6d34d51",
	18,
	4,
	'Cross Transfer Conveyor::AutomaticControl line: 18');
INSERT INTO ACT_REL
	VALUES ("b80ff70c-a70d-4b10-8559-4e0ff6d60633",
	"4bfdcfb4-bff5-4578-926b-4bb0edda57dd",
	"f821bf34-9bb1-49dc-a233-eed46792366d",
	'',
	"a3254b7e-9a7f-4822-b458-095dfd530db7",
	18,
	47,
	0,
	0);
INSERT INTO ACT_SMT
	VALUES ("a8670ce7-97ba-49e1-be64-fb00b6d34d51",
	"3f315a3c-0f3e-44e2-a9b2-99f9da13a0e5",
	"00000000-0000-0000-0000-000000000000",
	19,
	4,
	'Cross Transfer Conveyor::AutomaticControl line: 19');
INSERT INTO ACT_AI
	VALUES ("a8670ce7-97ba-49e1-be64-fb00b6d34d51",
	"db9a6c85-3ac5-4089-95a1-62927e3c593c",
	"f4198470-1848-4c1b-b823-13f99c280ffd",
	0,
	0);
INSERT INTO V_VAL
	VALUES ("8313f757-463b-4dcd-a087-50aa6fb5132b",
	1,
	0,
	19,
	4,
	11,
	0,
	0,
	0,
	0,
	"ba5eda7a-def5-0000-0000-000000000008",
	"3f315a3c-0f3e-44e2-a9b2-99f9da13a0e5");
INSERT INTO V_IRF
	VALUES ("8313f757-463b-4dcd-a087-50aa6fb5132b",
	"f821bf34-9bb1-49dc-a233-eed46792366d");
INSERT INTO V_VAL
	VALUES ("f4198470-1848-4c1b-b823-13f99c280ffd",
	1,
	0,
	19,
	13,
	23,
	0,
	0,
	0,
	0,
	"ba5eda7a-def5-0000-0000-000000000002",
	"3f315a3c-0f3e-44e2-a9b2-99f9da13a0e5");
INSERT INTO V_AVL
	VALUES ("f4198470-1848-4c1b-b823-13f99c280ffd",
	"8313f757-463b-4dcd-a087-50aa6fb5132b",
	"fe5c048c-e29b-4151-9315-f458dfaaea1e",
	"e68e9526-4818-4b2b-b1c3-179dc25f69db");
INSERT INTO V_VAL
	VALUES ("db9a6c85-3ac5-4089-95a1-62927e3c593c",
	0,
	0,
	19,
	27,
	28,
	0,
	0,
	0,
	0,
	"ba5eda7a-def5-0000-0000-000000000002",
	"3f315a3c-0f3e-44e2-a9b2-99f9da13a0e5");
INSERT INTO V_LIN
	VALUES ("db9a6c85-3ac5-4089-95a1-62927e3c593c",
	'90');
INSERT INTO V_VAR
	VALUES ("4bfdcfb4-bff5-4578-926b-4bb0edda57dd",
	"3f315a3c-0f3e-44e2-a9b2-99f9da13a0e5",
	'conv_len_rollout',
	1,
	"ba5eda7a-def5-0000-0000-000000000008");
INSERT INTO V_INT
	VALUES ("4bfdcfb4-bff5-4578-926b-4bb0edda57dd",
	0,
	"a4692583-c022-4a6a-ab63-a4844989f57c");
INSERT INTO ACT_BLK
	VALUES ("92a42ee0-7121-480d-a083-8de56ce4d7d5",
	0,
	0,
	0,
	'',
	'',
	'',
	25,
	4,
	23,
	47,
	0,
	0,
	24,
	47,
	0,
	0,
	0,
	0,
	0,
	"18fdd60d-6514-4106-a97e-968232c24dbc",
	"00000000-0000-0000-0000-000000000000");
INSERT INTO ACT_SMT
	VALUES ("3f1e8779-73e1-4956-abdf-ff34d060322b",
	"92a42ee0-7121-480d-a083-8de56ce4d7d5",
	"1b5929d7-dd65-41b9-8342-ec2d7d4f3234",
	23,
	4,
	'Cross Transfer Conveyor::AutomaticControl line: 23');
INSERT INTO ACT_CR
	VALUES ("3f1e8779-73e1-4956-abdf-ff34d060322b",
	"1975df35-6adc-42f9-89d8-f433d0a27a83",
	1,
	"68b26804-eac9-4cfe-9193-cd41226d7f08",
	23,
	47);
INSERT INTO ACT_SMT
	VALUES ("1b5929d7-dd65-41b9-8342-ec2d7d4f3234",
	"92a42ee0-7121-480d-a083-8de56ce4d7d5",
	"80d5c261-5e47-4eed-b57d-8dc140117a6c",
	24,
	4,
	'Cross Transfer Conveyor::AutomaticControl line: 24');
INSERT INTO ACT_REL
	VALUES ("1b5929d7-dd65-41b9-8342-ec2d7d4f3234",
	"1975df35-6adc-42f9-89d8-f433d0a27a83",
	"f821bf34-9bb1-49dc-a233-eed46792366d",
	'',
	"a3254b7e-9a7f-4822-b458-095dfd530db7",
	24,
	47,
	0,
	0);
INSERT INTO ACT_SMT
	VALUES ("80d5c261-5e47-4eed-b57d-8dc140117a6c",
	"92a42ee0-7121-480d-a083-8de56ce4d7d5",
	"00000000-0000-0000-0000-000000000000",
	25,
	4,
	'Cross Transfer Conveyor::AutomaticControl line: 25');
INSERT INTO ACT_AI
	VALUES ("80d5c261-5e47-4eed-b57d-8dc140117a6c",
	"0b12372b-c53c-4178-9d58-1b33b235bbfa",
	"8ad453ee-6fd3-4d65-97ff-47a358d675bf",
	0,
	0);
INSERT INTO V_VAL
	VALUES ("f0063d65-ff58-4f81-a9a1-ce3b6a04c0c4",
	1,
	0,
	25,
	4,
	11,
	0,
	0,
	0,
	0,
	"ba5eda7a-def5-0000-0000-000000000008",
	"92a42ee0-7121-480d-a083-8de56ce4d7d5");
INSERT INTO V_IRF
	VALUES ("f0063d65-ff58-4f81-a9a1-ce3b6a04c0c4",
	"f821bf34-9bb1-49dc-a233-eed46792366d");
INSERT INTO V_VAL
	VALUES ("8ad453ee-6fd3-4d65-97ff-47a358d675bf",
	1,
	0,
	25,
	13,
	23,
	0,
	0,
	0,
	0,
	"ba5eda7a-def5-0000-0000-000000000002",
	"92a42ee0-7121-480d-a083-8de56ce4d7d5");
INSERT INTO V_AVL
	VALUES ("8ad453ee-6fd3-4d65-97ff-47a358d675bf",
	"f0063d65-ff58-4f81-a9a1-ce3b6a04c0c4",
	"fe5c048c-e29b-4151-9315-f458dfaaea1e",
	"e68e9526-4818-4b2b-b1c3-179dc25f69db");
INSERT INTO V_VAL
	VALUES ("0b12372b-c53c-4178-9d58-1b33b235bbfa",
	0,
	0,
	25,
	27,
	29,
	0,
	0,
	0,
	0,
	"ba5eda7a-def5-0000-0000-000000000002",
	"92a42ee0-7121-480d-a083-8de56ce4d7d5");
INSERT INTO V_LIN
	VALUES ("0b12372b-c53c-4178-9d58-1b33b235bbfa",
	'180');
INSERT INTO V_VAR
	VALUES ("1975df35-6adc-42f9-89d8-f433d0a27a83",
	"92a42ee0-7121-480d-a083-8de56ce4d7d5",
	'hesitate_rollout',
	1,
	"ba5eda7a-def5-0000-0000-000000000008");
INSERT INTO V_INT
	VALUES ("1975df35-6adc-42f9-89d8-f433d0a27a83",
	0,
	"68b26804-eac9-4cfe-9193-cd41226d7f08");
INSERT INTO SM_NSTXN
	VALUES ("e93b01d3-1ef9-42a0-849c-bb72f07868bc",
	"66632603-6b22-4087-a83c-d2f87d4fdaa9",
	"cdb8cf2e-1dd5-42a2-994a-635bf63b3f72",
	"69cad7aa-a215-4550-8727-491d6a07abcc",
	"00000000-0000-0000-0000-000000000000");
INSERT INTO SM_TAH
	VALUES ("f0afadb8-a35b-4bfb-b6cb-7bea43cbefcf",
	"66632603-6b22-4087-a83c-d2f87d4fdaa9",
	"e93b01d3-1ef9-42a0-849c-bb72f07868bc");
INSERT INTO SM_AH
	VALUES ("f0afadb8-a35b-4bfb-b6cb-7bea43cbefcf",
	"66632603-6b22-4087-a83c-d2f87d4fdaa9");
INSERT INTO SM_ACT
	VALUES ("f0afadb8-a35b-4bfb-b6cb-7bea43cbefcf",
	"66632603-6b22-4087-a83c-d2f87d4fdaa9",
	1,
	'// Delete the manual sequence
select one manual_seq related by self->MANSEQ[R8];
unrelate manual_seq from self across R8;
delete object instance manual_seq;

',
	'');
INSERT INTO ACT_TAB
	VALUES ("1c1c0080-bba5-4fb1-a910-2ea7d67fd547",
	"66632603-6b22-4087-a83c-d2f87d4fdaa9",
	"f0afadb8-a35b-4bfb-b6cb-7bea43cbefcf");
INSERT INTO ACT_ACT
	VALUES ("1c1c0080-bba5-4fb1-a910-2ea7d67fd547",
	'transition',
	0,
	"0e68e0be-6468-4da1-b39a-4103242599fd",
	"00000000-0000-0000-0000-000000000000",
	0,
	'activate::Actuator',
	"00000000-0000-0000-0000-000000000000");
INSERT INTO ACT_BLK
	VALUES ("0e68e0be-6468-4da1-b39a-4103242599fd",
	1,
	0,
	0,
	'',
	'',
	'',
	4,
	1,
	2,
	40,
	0,
	0,
	3,
	38,
	0,
	0,
	0,
	0,
	0,
	"1c1c0080-bba5-4fb1-a910-2ea7d67fd547",
	"00000000-0000-0000-0000-000000000000");
INSERT INTO ACT_SMT
	VALUES ("72840113-96d1-432d-a948-eb1b926bbd8b",
	"0e68e0be-6468-4da1-b39a-4103242599fd",
	"afefa028-db90-48e5-a732-5c8264bcdf48",
	2,
	1,
	'activate::Actuator line: 2');
INSERT INTO ACT_SEL
	VALUES ("72840113-96d1-432d-a948-eb1b926bbd8b",
	"5b1fc687-e1c0-469f-8e8a-2850b0fda539",
	1,
	'one',
	"c4c23010-acc5-45a7-8a20-ad18e9a54367");
INSERT INTO ACT_SR
	VALUES ("72840113-96d1-432d-a948-eb1b926bbd8b");
INSERT INTO ACT_LNK
	VALUES ("56b75244-a60f-41e0-883d-511e8fbc0138",
	'',
	"72840113-96d1-432d-a948-eb1b926bbd8b",
	"5dc0b121-a9de-471b-9f21-50903e19c6ee",
	"00000000-0000-0000-0000-000000000000",
	2,
	"5d77175d-d671-463d-974e-4471bcb408f5",
	2,
	40,
	2,
	47,
	0,
	0);
INSERT INTO ACT_SMT
	VALUES ("afefa028-db90-48e5-a732-5c8264bcdf48",
	"0e68e0be-6468-4da1-b39a-4103242599fd",
	"4c7ba76f-9502-4173-aee1-83172c6403d7",
	3,
	1,
	'activate::Actuator line: 3');
INSERT INTO ACT_UNR
	VALUES ("afefa028-db90-48e5-a732-5c8264bcdf48",
	"5b1fc687-e1c0-469f-8e8a-2850b0fda539",
	"dc931a84-eca4-4fe3-bb34-37345a658322",
	'',
	"5dc0b121-a9de-471b-9f21-50903e19c6ee",
	3,
	38,
	0,
	0);
INSERT INTO ACT_SMT
	VALUES ("4c7ba76f-9502-4173-aee1-83172c6403d7",
	"0e68e0be-6468-4da1-b39a-4103242599fd",
	"00000000-0000-0000-0000-000000000000",
	4,
	1,
	'activate::Actuator line: 4');
INSERT INTO ACT_DEL
	VALUES ("4c7ba76f-9502-4173-aee1-83172c6403d7",
	"5b1fc687-e1c0-469f-8e8a-2850b0fda539");
INSERT INTO V_VAL
	VALUES ("c4c23010-acc5-45a7-8a20-ad18e9a54367",
	0,
	0,
	2,
	34,
	37,
	0,
	0,
	0,
	0,
	"ba5eda7a-def5-0000-0000-000000000008",
	"0e68e0be-6468-4da1-b39a-4103242599fd");
INSERT INTO V_IRF
	VALUES ("c4c23010-acc5-45a7-8a20-ad18e9a54367",
	"dc931a84-eca4-4fe3-bb34-37345a658322");
INSERT INTO V_VAR
	VALUES ("5b1fc687-e1c0-469f-8e8a-2850b0fda539",
	"0e68e0be-6468-4da1-b39a-4103242599fd",
	'manual_seq',
	1,
	"ba5eda7a-def5-0000-0000-000000000008");
INSERT INTO V_INT
	VALUES ("5b1fc687-e1c0-469f-8e8a-2850b0fda539",
	0,
	"5d77175d-d671-463d-974e-4471bcb408f5");
INSERT INTO V_VAR
	VALUES ("dc931a84-eca4-4fe3-bb34-37345a658322",
	"0e68e0be-6468-4da1-b39a-4103242599fd",
	'self',
	1,
	"ba5eda7a-def5-0000-0000-000000000008");
INSERT INTO V_INT
	VALUES ("dc931a84-eca4-4fe3-bb34-37345a658322",
	0,
	"25a7da66-8d4e-40d2-9e48-725b2461dbe9");
INSERT INTO SM_TXN
	VALUES ("e93b01d3-1ef9-42a0-849c-bb72f07868bc",
	"66632603-6b22-4087-a83c-d2f87d4fdaa9",
	"40681cad-dd84-499c-8f29-99c0b8eeadad",
	"00000000-0000-0000-0000-000000000000");
INSERT INTO SM_NSTXN
	VALUES ("668d208c-5ec1-4682-8ea3-e8481afff527",
	"66632603-6b22-4087-a83c-d2f87d4fdaa9",
	"40681cad-dd84-499c-8f29-99c0b8eeadad",
	"0ff6a046-c84d-47e8-b49c-0a34d1dc565a",
	"00000000-0000-0000-0000-000000000000");
INSERT INTO SM_TAH
	VALUES ("02b70321-0cd8-4c04-bf86-92e2d5208f36",
	"66632603-6b22-4087-a83c-d2f87d4fdaa9",
	"668d208c-5ec1-4682-8ea3-e8481afff527");
INSERT INTO SM_AH
	VALUES ("02b70321-0cd8-4c04-bf86-92e2d5208f36",
	"66632603-6b22-4087-a83c-d2f87d4fdaa9");
INSERT INTO SM_ACT
	VALUES ("02b70321-0cd8-4c04-bf86-92e2d5208f36",
	"66632603-6b22-4087-a83c-d2f87d4fdaa9",
	1,
	'// Delete the motion inhibited class
select one motion_inh related by self->MOTINH[R8];
unrelate motion_inh from self across R8;
delete object instance motion_inh;

',
	'');
INSERT INTO ACT_TAB
	VALUES ("e078178f-f5be-46d8-a025-7df09b6de804",
	"66632603-6b22-4087-a83c-d2f87d4fdaa9",
	"02b70321-0cd8-4c04-bf86-92e2d5208f36");
INSERT INTO ACT_ACT
	VALUES ("e078178f-f5be-46d8-a025-7df09b6de804",
	'transition',
	0,
	"43e53ec8-2a72-4fc5-8f15-2d213f6f79a1",
	"00000000-0000-0000-0000-000000000000",
	0,
	'XTFRCNVR8: sequence_aborted',
	"00000000-0000-0000-0000-000000000000");
INSERT INTO ACT_BLK
	VALUES ("43e53ec8-2a72-4fc5-8f15-2d213f6f79a1",
	1,
	0,
	0,
	'',
	'',
	'',
	4,
	1,
	2,
	40,
	0,
	0,
	3,
	38,
	0,
	0,
	0,
	0,
	0,
	"e078178f-f5be-46d8-a025-7df09b6de804",
	"00000000-0000-0000-0000-000000000000");
INSERT INTO ACT_SMT
	VALUES ("90b07db8-9761-4395-a73f-bd75cf27c2a2",
	"43e53ec8-2a72-4fc5-8f15-2d213f6f79a1",
	"6278846f-4501-47f2-8bc8-01751e2a884f",
	2,
	1,
	'XTFRCNVR8: sequence_aborted line: 2');
INSERT INTO ACT_SEL
	VALUES ("90b07db8-9761-4395-a73f-bd75cf27c2a2",
	"7411f924-65d8-4eee-a192-635a4b775f2d",
	1,
	'one',
	"1be11195-f46a-4e91-a7df-ced2d0e7e405");
INSERT INTO ACT_SR
	VALUES ("90b07db8-9761-4395-a73f-bd75cf27c2a2");
INSERT INTO ACT_LNK
	VALUES ("f0635e84-2afc-46e1-8dd5-aa71e56f49d3",
	'',
	"90b07db8-9761-4395-a73f-bd75cf27c2a2",
	"5dc0b121-a9de-471b-9f21-50903e19c6ee",
	"00000000-0000-0000-0000-000000000000",
	2,
	"9f6dbe02-e6f1-41f0-aef7-eee6afd06d7a",
	2,
	40,
	2,
	47,
	0,
	0);
INSERT INTO ACT_SMT
	VALUES ("6278846f-4501-47f2-8bc8-01751e2a884f",
	"43e53ec8-2a72-4fc5-8f15-2d213f6f79a1",
	"667ad4d6-a234-405f-bdd4-fb4fa182f758",
	3,
	1,
	'XTFRCNVR8: sequence_aborted line: 3');
INSERT INTO ACT_UNR
	VALUES ("6278846f-4501-47f2-8bc8-01751e2a884f",
	"7411f924-65d8-4eee-a192-635a4b775f2d",
	"e6f96cb9-4649-4d71-8e2f-f88400f8789a",
	'',
	"5dc0b121-a9de-471b-9f21-50903e19c6ee",
	3,
	38,
	0,
	0);
INSERT INTO ACT_SMT
	VALUES ("667ad4d6-a234-405f-bdd4-fb4fa182f758",
	"43e53ec8-2a72-4fc5-8f15-2d213f6f79a1",
	"00000000-0000-0000-0000-000000000000",
	4,
	1,
	'XTFRCNVR8: sequence_aborted line: 4');
INSERT INTO ACT_DEL
	VALUES ("667ad4d6-a234-405f-bdd4-fb4fa182f758",
	"7411f924-65d8-4eee-a192-635a4b775f2d");
INSERT INTO V_VAL
	VALUES ("1be11195-f46a-4e91-a7df-ced2d0e7e405",
	0,
	0,
	2,
	34,
	37,
	0,
	0,
	0,
	0,
	"ba5eda7a-def5-0000-0000-000000000008",
	"43e53ec8-2a72-4fc5-8f15-2d213f6f79a1");
INSERT INTO V_IRF
	VALUES ("1be11195-f46a-4e91-a7df-ced2d0e7e405",
	"e6f96cb9-4649-4d71-8e2f-f88400f8789a");
INSERT INTO V_VAR
	VALUES ("7411f924-65d8-4eee-a192-635a4b775f2d",
	"43e53ec8-2a72-4fc5-8f15-2d213f6f79a1",
	'motion_inh',
	1,
	"ba5eda7a-def5-0000-0000-000000000008");
INSERT INTO V_INT
	VALUES ("7411f924-65d8-4eee-a192-635a4b775f2d",
	0,
	"9f6dbe02-e6f1-41f0-aef7-eee6afd06d7a");
INSERT INTO V_VAR
	VALUES ("e6f96cb9-4649-4d71-8e2f-f88400f8789a",
	"43e53ec8-2a72-4fc5-8f15-2d213f6f79a1",
	'self',
	1,
	"ba5eda7a-def5-0000-0000-000000000008");
INSERT INTO V_INT
	VALUES ("e6f96cb9-4649-4d71-8e2f-f88400f8789a",
	0,
	"25a7da66-8d4e-40d2-9e48-725b2461dbe9");
INSERT INTO SM_TXN
	VALUES ("668d208c-5ec1-4682-8ea3-e8481afff527",
	"66632603-6b22-4087-a83c-d2f87d4fdaa9",
	"cdb8cf2e-1dd5-42a2-994a-635bf63b3f72",
	"00000000-0000-0000-0000-000000000000");
INSERT INTO SM_NSTXN
	VALUES ("ddb14af0-641a-42bf-8b39-d6ec344dc4d3",
	"66632603-6b22-4087-a83c-d2f87d4fdaa9",
	"7e78827f-3ce2-468f-a230-4347b701b42e",
	"daa0fd3d-7270-4919-a93a-6846dd45d0a2",
	"00000000-0000-0000-0000-000000000000");
INSERT INTO SM_TAH
	VALUES ("a4970e0c-7601-4533-b497-a1c34cd4bb69",
	"66632603-6b22-4087-a83c-d2f87d4fdaa9",
	"ddb14af0-641a-42bf-8b39-d6ec344dc4d3");
INSERT INTO SM_AH
	VALUES ("a4970e0c-7601-4533-b497-a1c34cd4bb69",
	"66632603-6b22-4087-a83c-d2f87d4fdaa9");
INSERT INTO SM_ACT
	VALUES ("a4970e0c-7601-4533-b497-a1c34cd4bb69",
	"66632603-6b22-4087-a83c-d2f87d4fdaa9",
	1,
	'// Delete the auto sequence class
select one auto_seq related by self->AUTOSEQ[R8];
unrelate auto_seq from self across R8;
delete object instance auto_seq;

',
	'');
INSERT INTO ACT_TAB
	VALUES ("ed8416b4-ecd8-4df0-a423-ce61657dc088",
	"66632603-6b22-4087-a83c-d2f87d4fdaa9",
	"a4970e0c-7601-4533-b497-a1c34cd4bb69");
INSERT INTO ACT_ACT
	VALUES ("ed8416b4-ecd8-4df0-a423-ce61657dc088",
	'transition',
	0,
	"472ec3d8-047f-4d4d-88cc-47c67af4e0fd",
	"00000000-0000-0000-0000-000000000000",
	0,
	'XTFRCNVR7: automatic_sequence_cmplt',
	"00000000-0000-0000-0000-000000000000");
INSERT INTO ACT_BLK
	VALUES ("472ec3d8-047f-4d4d-88cc-47c67af4e0fd",
	1,
	0,
	0,
	'',
	'',
	'',
	4,
	1,
	2,
	38,
	0,
	0,
	3,
	36,
	0,
	0,
	0,
	0,
	0,
	"ed8416b4-ecd8-4df0-a423-ce61657dc088",
	"00000000-0000-0000-0000-000000000000");
INSERT INTO ACT_SMT
	VALUES ("f89de11a-88e0-4f79-a7b9-eabe37617f88",
	"472ec3d8-047f-4d4d-88cc-47c67af4e0fd",
	"0de7d525-fbda-4f43-a387-7c3a9367590f",
	2,
	1,
	'XTFRCNVR7: automatic_sequence_cmplt line: 2');
INSERT INTO ACT_SEL
	VALUES ("f89de11a-88e0-4f79-a7b9-eabe37617f88",
	"4e1f8c89-f323-45c1-8f12-b1bce7cc6841",
	1,
	'one',
	"ec78caed-d346-4b91-b3e6-6ce9e058682e");
INSERT INTO ACT_SR
	VALUES ("f89de11a-88e0-4f79-a7b9-eabe37617f88");
INSERT INTO ACT_LNK
	VALUES ("b7c3b14d-2970-482d-91ad-7b1d0df47d68",
	'',
	"f89de11a-88e0-4f79-a7b9-eabe37617f88",
	"5dc0b121-a9de-471b-9f21-50903e19c6ee",
	"00000000-0000-0000-0000-000000000000",
	2,
	"fe5c048c-e29b-4151-9315-f458dfaaea1e",
	2,
	38,
	2,
	46,
	0,
	0);
INSERT INTO ACT_SMT
	VALUES ("0de7d525-fbda-4f43-a387-7c3a9367590f",
	"472ec3d8-047f-4d4d-88cc-47c67af4e0fd",
	"d254d04d-bb48-48eb-bce2-52c25cb57013",
	3,
	1,
	'XTFRCNVR7: automatic_sequence_cmplt line: 3');
INSERT INTO ACT_UNR
	VALUES ("0de7d525-fbda-4f43-a387-7c3a9367590f",
	"4e1f8c89-f323-45c1-8f12-b1bce7cc6841",
	"7e6f9a90-fc9f-4e35-b7bb-2c91fdb81d02",
	'',
	"5dc0b121-a9de-471b-9f21-50903e19c6ee",
	3,
	36,
	0,
	0);
INSERT INTO ACT_SMT
	VALUES ("d254d04d-bb48-48eb-bce2-52c25cb57013",
	"472ec3d8-047f-4d4d-88cc-47c67af4e0fd",
	"00000000-0000-0000-0000-000000000000",
	4,
	1,
	'XTFRCNVR7: automatic_sequence_cmplt line: 4');
INSERT INTO ACT_DEL
	VALUES ("d254d04d-bb48-48eb-bce2-52c25cb57013",
	"4e1f8c89-f323-45c1-8f12-b1bce7cc6841");
INSERT INTO V_VAL
	VALUES ("ec78caed-d346-4b91-b3e6-6ce9e058682e",
	0,
	0,
	2,
	32,
	35,
	0,
	0,
	0,
	0,
	"ba5eda7a-def5-0000-0000-000000000008",
	"472ec3d8-047f-4d4d-88cc-47c67af4e0fd");
INSERT INTO V_IRF
	VALUES ("ec78caed-d346-4b91-b3e6-6ce9e058682e",
	"7e6f9a90-fc9f-4e35-b7bb-2c91fdb81d02");
INSERT INTO V_VAR
	VALUES ("4e1f8c89-f323-45c1-8f12-b1bce7cc6841",
	"472ec3d8-047f-4d4d-88cc-47c67af4e0fd",
	'auto_seq',
	1,
	"ba5eda7a-def5-0000-0000-000000000008");
INSERT INTO V_INT
	VALUES ("4e1f8c89-f323-45c1-8f12-b1bce7cc6841",
	0,
	"fe5c048c-e29b-4151-9315-f458dfaaea1e");
INSERT INTO V_VAR
	VALUES ("7e6f9a90-fc9f-4e35-b7bb-2c91fdb81d02",
	"472ec3d8-047f-4d4d-88cc-47c67af4e0fd",
	'self',
	1,
	"ba5eda7a-def5-0000-0000-000000000008");
INSERT INTO V_INT
	VALUES ("7e6f9a90-fc9f-4e35-b7bb-2c91fdb81d02",
	0,
	"25a7da66-8d4e-40d2-9e48-725b2461dbe9");
INSERT INTO SM_TXN
	VALUES ("ddb14af0-641a-42bf-8b39-d6ec344dc4d3",
	"66632603-6b22-4087-a83c-d2f87d4fdaa9",
	"cdb8cf2e-1dd5-42a2-994a-635bf63b3f72",
	"00000000-0000-0000-0000-000000000000");
INSERT INTO SM_NSTXN
	VALUES ("1df1914b-83a2-4e02-9ff4-07d02a043340",
	"66632603-6b22-4087-a83c-d2f87d4fdaa9",
	"40681cad-dd84-499c-8f29-99c0b8eeadad",
	"0cf712e1-9045-4a7a-8a93-33c8e994e52c",
	"00000000-0000-0000-0000-000000000000");
INSERT INTO SM_TAH
	VALUES ("ef70e2a0-8076-4877-99c3-638e8c185d8b",
	"66632603-6b22-4087-a83c-d2f87d4fdaa9",
	"1df1914b-83a2-4e02-9ff4-07d02a043340");
INSERT INTO SM_AH
	VALUES ("ef70e2a0-8076-4877-99c3-638e8c185d8b",
	"66632603-6b22-4087-a83c-d2f87d4fdaa9");
INSERT INTO SM_ACT
	VALUES ("ef70e2a0-8076-4877-99c3-638e8c185d8b",
	"66632603-6b22-4087-a83c-d2f87d4fdaa9",
	1,
	'// Delete the motion inhibited class
select one motion_inh related by self->MOTINH[R8];
unrelate motion_inh from self across R8;
delete object instance motion_inh;

',
	'');
INSERT INTO ACT_TAB
	VALUES ("1b6e4544-ba52-495d-95fa-c35ee3318666",
	"66632603-6b22-4087-a83c-d2f87d4fdaa9",
	"ef70e2a0-8076-4877-99c3-638e8c185d8b");
INSERT INTO ACT_ACT
	VALUES ("1b6e4544-ba52-495d-95fa-c35ee3318666",
	'transition',
	0,
	"68a82083-49a5-4a3e-b44c-e9e7ab9951bb",
	"00000000-0000-0000-0000-000000000000",
	0,
	'XTFRCNVR6: discharge',
	"00000000-0000-0000-0000-000000000000");
INSERT INTO ACT_BLK
	VALUES ("68a82083-49a5-4a3e-b44c-e9e7ab9951bb",
	1,
	0,
	0,
	'',
	'',
	'',
	4,
	1,
	2,
	40,
	0,
	0,
	3,
	38,
	0,
	0,
	0,
	0,
	0,
	"1b6e4544-ba52-495d-95fa-c35ee3318666",
	"00000000-0000-0000-0000-000000000000");
INSERT INTO ACT_SMT
	VALUES ("eb6959c7-72e3-43fe-a29c-26c4e4a0046c",
	"68a82083-49a5-4a3e-b44c-e9e7ab9951bb",
	"f187741a-b017-4af9-9147-e129d4c7cfab",
	2,
	1,
	'XTFRCNVR6: discharge line: 2');
INSERT INTO ACT_SEL
	VALUES ("eb6959c7-72e3-43fe-a29c-26c4e4a0046c",
	"3b0fb822-b969-4e1d-85ad-458678086cfb",
	1,
	'one',
	"0427380a-d6e7-4fa6-9a5e-a32190215ef4");
INSERT INTO ACT_SR
	VALUES ("eb6959c7-72e3-43fe-a29c-26c4e4a0046c");
INSERT INTO ACT_LNK
	VALUES ("4b0854db-1fb3-453c-9483-1efb4ea77b4d",
	'',
	"eb6959c7-72e3-43fe-a29c-26c4e4a0046c",
	"5dc0b121-a9de-471b-9f21-50903e19c6ee",
	"00000000-0000-0000-0000-000000000000",
	2,
	"9f6dbe02-e6f1-41f0-aef7-eee6afd06d7a",
	2,
	40,
	2,
	47,
	0,
	0);
INSERT INTO ACT_SMT
	VALUES ("f187741a-b017-4af9-9147-e129d4c7cfab",
	"68a82083-49a5-4a3e-b44c-e9e7ab9951bb",
	"af73aa9c-1097-4f04-91e8-9076bb7c2ae0",
	3,
	1,
	'XTFRCNVR6: discharge line: 3');
INSERT INTO ACT_UNR
	VALUES ("f187741a-b017-4af9-9147-e129d4c7cfab",
	"3b0fb822-b969-4e1d-85ad-458678086cfb",
	"40981b20-9ad9-4f79-ab46-7fa02bb154cd",
	'',
	"5dc0b121-a9de-471b-9f21-50903e19c6ee",
	3,
	38,
	0,
	0);
INSERT INTO ACT_SMT
	VALUES ("af73aa9c-1097-4f04-91e8-9076bb7c2ae0",
	"68a82083-49a5-4a3e-b44c-e9e7ab9951bb",
	"00000000-0000-0000-0000-000000000000",
	4,
	1,
	'XTFRCNVR6: discharge line: 4');
INSERT INTO ACT_DEL
	VALUES ("af73aa9c-1097-4f04-91e8-9076bb7c2ae0",
	"3b0fb822-b969-4e1d-85ad-458678086cfb");
INSERT INTO V_VAL
	VALUES ("0427380a-d6e7-4fa6-9a5e-a32190215ef4",
	0,
	0,
	2,
	34,
	37,
	0,
	0,
	0,
	0,
	"ba5eda7a-def5-0000-0000-000000000008",
	"68a82083-49a5-4a3e-b44c-e9e7ab9951bb");
INSERT INTO V_IRF
	VALUES ("0427380a-d6e7-4fa6-9a5e-a32190215ef4",
	"40981b20-9ad9-4f79-ab46-7fa02bb154cd");
INSERT INTO V_VAR
	VALUES ("3b0fb822-b969-4e1d-85ad-458678086cfb",
	"68a82083-49a5-4a3e-b44c-e9e7ab9951bb",
	'motion_inh',
	1,
	"ba5eda7a-def5-0000-0000-000000000008");
INSERT INTO V_INT
	VALUES ("3b0fb822-b969-4e1d-85ad-458678086cfb",
	0,
	"9f6dbe02-e6f1-41f0-aef7-eee6afd06d7a");
INSERT INTO V_VAR
	VALUES ("40981b20-9ad9-4f79-ab46-7fa02bb154cd",
	"68a82083-49a5-4a3e-b44c-e9e7ab9951bb",
	'self',
	1,
	"ba5eda7a-def5-0000-0000-000000000008");
INSERT INTO V_INT
	VALUES ("40981b20-9ad9-4f79-ab46-7fa02bb154cd",
	0,
	"25a7da66-8d4e-40d2-9e48-725b2461dbe9");
INSERT INTO SM_TXN
	VALUES ("1df1914b-83a2-4e02-9ff4-07d02a043340",
	"66632603-6b22-4087-a83c-d2f87d4fdaa9",
	"7e78827f-3ce2-468f-a230-4347b701b42e",
	"00000000-0000-0000-0000-000000000000");
INSERT INTO PE_PE
	VALUES ("68b26804-eac9-4cfe-9193-cd41226d7f08",
	1,
	"c3d6024b-ab3a-4992-8717-15d3939342da",
	"00000000-0000-0000-0000-000000000000",
	4);
INSERT INTO O_OBJ
	VALUES ("68b26804-eac9-4cfe-9193-cd41226d7f08",
	'Hesitating Rollout',
	14,
	'CLX2HRDCGSEQ',
	'',
	"00000000-0000-0000-0000-000000000000");
INSERT INTO O_NBATTR
	VALUES ("a86c3350-bff1-416a-817e-1b31c383bb1b",
	"68b26804-eac9-4cfe-9193-cd41226d7f08");
INSERT INTO O_BATTR
	VALUES ("a86c3350-bff1-416a-817e-1b31c383bb1b",
	"68b26804-eac9-4cfe-9193-cd41226d7f08");
INSERT INTO O_ATTR
	VALUES ("a86c3350-bff1-416a-817e-1b31c383bb1b",
	"68b26804-eac9-4cfe-9193-cd41226d7f08",
	"70618bb4-0b16-4217-a465-1a3fd66b4406",
	'current_state',
	'',
	'',
	'current_state',
	0,
	"ba5eda7a-def5-0000-0000-000000000006",
	'',
	'');
INSERT INTO O_NBATTR
	VALUES ("70618bb4-0b16-4217-a465-1a3fd66b4406",
	"68b26804-eac9-4cfe-9193-cd41226d7f08");
INSERT INTO O_BATTR
	VALUES ("70618bb4-0b16-4217-a465-1a3fd66b4406",
	"68b26804-eac9-4cfe-9193-cd41226d7f08");
INSERT INTO O_ATTR
	VALUES ("70618bb4-0b16-4217-a465-1a3fd66b4406",
	"68b26804-eac9-4cfe-9193-cd41226d7f08",
	"a9c66422-6e90-4d71-bd6d-17680f422d97",
	'preliminary_move_time',
	'',
	'',
	'preliminary_move_time',
	0,
	"ba5eda7a-def5-0000-0000-000000000002",
	'',
	'');
INSERT INTO O_REF
	VALUES ("68b26804-eac9-4cfe-9193-cd41226d7f08",
	"fe5c048c-e29b-4151-9315-f458dfaaea1e",
	0,
	"be7c7815-8d48-4eaf-891a-9807a7a7fae1",
	"a3254b7e-9a7f-4822-b458-095dfd530db7",
	"d8c076b6-98c1-4cc2-b9d0-50cc34a81561",
	"ccb2eaa9-f01c-4dbd-9d62-4af8c39a7876",
	"a9c66422-6e90-4d71-bd6d-17680f422d97",
	"7650f3fb-9220-4ee5-9926-3db0cf6f22a6",
	"00000000-0000-0000-0000-000000000000",
	0,
	'',
	'Automatic Sequence',
	'Id',
	'R9');
INSERT INTO O_RATTR
	VALUES ("a9c66422-6e90-4d71-bd6d-17680f422d97",
	"68b26804-eac9-4cfe-9193-cd41226d7f08",
	"b6b14f55-78eb-47f4-81c0-283fbbe875c3",
	"25a7da66-8d4e-40d2-9e48-725b2461dbe9",
	1,
	'Id');
INSERT INTO O_ATTR
	VALUES ("a9c66422-6e90-4d71-bd6d-17680f422d97",
	"68b26804-eac9-4cfe-9193-cd41226d7f08",
	"00000000-0000-0000-0000-000000000000",
	'Id',
	'',
	'',
	'Id',
	0,
	"ba5eda7a-def5-0000-0000-000000000007",
	'',
	'');
INSERT INTO O_ID
	VALUES (0,
	"68b26804-eac9-4cfe-9193-cd41226d7f08");
INSERT INTO O_OIDA
	VALUES ("a9c66422-6e90-4d71-bd6d-17680f422d97",
	"68b26804-eac9-4cfe-9193-cd41226d7f08",
	0,
	'Id');
INSERT INTO O_ID
	VALUES (1,
	"68b26804-eac9-4cfe-9193-cd41226d7f08");
INSERT INTO O_ID
	VALUES (2,
	"68b26804-eac9-4cfe-9193-cd41226d7f08");
INSERT INTO SM_ISM
	VALUES ("8739724e-bd3f-46f1-bb48-e810844207ce",
	"68b26804-eac9-4cfe-9193-cd41226d7f08");
INSERT INTO SM_SM
	VALUES ("8739724e-bd3f-46f1-bb48-e810844207ce",
	'',
	0);
INSERT INTO SM_MOORE
	VALUES ("8739724e-bd3f-46f1-bb48-e810844207ce");
INSERT INTO SM_LEVT
	VALUES ("6a7ef7a1-6f66-4335-85dd-8e7abd580a8e",
	"8739724e-bd3f-46f1-bb48-e810844207ce",
	"00000000-0000-0000-0000-000000000000");
INSERT INTO SM_SEVT
	VALUES ("6a7ef7a1-6f66-4335-85dd-8e7abd580a8e",
	"8739724e-bd3f-46f1-bb48-e810844207ce",
	"00000000-0000-0000-0000-000000000000");
INSERT INTO SM_EVT
	VALUES ("6a7ef7a1-6f66-4335-85dd-8e7abd580a8e",
	"8739724e-bd3f-46f1-bb48-e810844207ce",
	"00000000-0000-0000-0000-000000000000",
	2,
	'jog_time_expired',
	0,
	'',
	'CLX2HRDCGSEQ2',
	'');
INSERT INTO SM_NLEVT
	VALUES ("eeab243f-84f2-411a-956c-50ab57ccf6c1",
	"8739724e-bd3f-46f1-bb48-e810844207ce",
	"00000000-0000-0000-0000-000000000000",
	"3357b94a-c8eb-49a3-a7f0-e8dc85ede7c4",
	"3885572d-7ef9-4b8f-b1a1-4aee8b0d092d",
	"00000000-0000-0000-0000-000000000000",
	'');
INSERT INTO SM_SEVT
	VALUES ("eeab243f-84f2-411a-956c-50ab57ccf6c1",
	"8739724e-bd3f-46f1-bb48-e810844207ce",
	"00000000-0000-0000-0000-000000000000");
INSERT INTO SM_EVT
	VALUES ("eeab243f-84f2-411a-956c-50ab57ccf6c1",
	"8739724e-bd3f-46f1-bb48-e810844207ce",
	"00000000-0000-0000-0000-000000000000",
	32,
	'initiate_auto_seq_dht',
	0,
	'Where does this show up',
	'AUTOSEQ11*',
	'');
INSERT INTO SM_NLEVT
	VALUES ("3316cf27-ef7b-4d51-989d-1e56daaf1970",
	"8739724e-bd3f-46f1-bb48-e810844207ce",
	"00000000-0000-0000-0000-000000000000",
	"803145dd-9ca6-43a6-bbec-873de6d0d25b",
	"66632603-6b22-4087-a83c-d2f87d4fdaa9",
	"00000000-0000-0000-0000-000000000000",
	'');
INSERT INTO SM_SEVT
	VALUES ("3316cf27-ef7b-4d51-989d-1e56daaf1970",
	"8739724e-bd3f-46f1-bb48-e810844207ce",
	"00000000-0000-0000-0000-000000000000");
INSERT INTO SM_EVT
	VALUES ("3316cf27-ef7b-4d51-989d-1e56daaf1970",
	"8739724e-bd3f-46f1-bb48-e810844207ce",
	"00000000-0000-0000-0000-000000000000",
	4,
	'jog_complete',
	0,
	'',
	'XTFRCNVR4*',
	'');
INSERT INTO SM_NLEVT
	VALUES ("b6612c9d-29f8-4c05-93a7-94a4caaa571d",
	"8739724e-bd3f-46f1-bb48-e810844207ce",
	"00000000-0000-0000-0000-000000000000",
	"6d6d4e70-a53a-43ec-9b74-154652e68560",
	"66632603-6b22-4087-a83c-d2f87d4fdaa9",
	"00000000-0000-0000-0000-000000000000",
	'');
INSERT INTO SM_SEVT
	VALUES ("b6612c9d-29f8-4c05-93a7-94a4caaa571d",
	"8739724e-bd3f-46f1-bb48-e810844207ce",
	"00000000-0000-0000-0000-000000000000");
INSERT INTO SM_EVT
	VALUES ("b6612c9d-29f8-4c05-93a7-94a4caaa571d",
	"8739724e-bd3f-46f1-bb48-e810844207ce",
	"00000000-0000-0000-0000-000000000000",
	9,
	'motor_stopped',
	0,
	'',
	'XTFRCNVR9*',
	'');
INSERT INTO SM_STATE
	VALUES ("006d7c78-aa27-4f36-8629-2e532c1f0c20",
	"8739724e-bd3f-46f1-bb48-e810844207ce",
	"00000000-0000-0000-0000-000000000000",
	'Waiting',
	1,
	0);
INSERT INTO SM_CH
	VALUES ("006d7c78-aa27-4f36-8629-2e532c1f0c20",
	"6a7ef7a1-6f66-4335-85dd-8e7abd580a8e",
	"8739724e-bd3f-46f1-bb48-e810844207ce",
	"00000000-0000-0000-0000-000000000000",
	'');
INSERT INTO SM_SEME
	VALUES ("006d7c78-aa27-4f36-8629-2e532c1f0c20",
	"6a7ef7a1-6f66-4335-85dd-8e7abd580a8e",
	"8739724e-bd3f-46f1-bb48-e810844207ce",
	"00000000-0000-0000-0000-000000000000");
INSERT INTO SM_SEME
	VALUES ("006d7c78-aa27-4f36-8629-2e532c1f0c20",
	"eeab243f-84f2-411a-956c-50ab57ccf6c1",
	"8739724e-bd3f-46f1-bb48-e810844207ce",
	"00000000-0000-0000-0000-000000000000");
INSERT INTO SM_CH
	VALUES ("006d7c78-aa27-4f36-8629-2e532c1f0c20",
	"3316cf27-ef7b-4d51-989d-1e56daaf1970",
	"8739724e-bd3f-46f1-bb48-e810844207ce",
	"00000000-0000-0000-0000-000000000000",
	'');
INSERT INTO SM_SEME
	VALUES ("006d7c78-aa27-4f36-8629-2e532c1f0c20",
	"3316cf27-ef7b-4d51-989d-1e56daaf1970",
	"8739724e-bd3f-46f1-bb48-e810844207ce",
	"00000000-0000-0000-0000-000000000000");
INSERT INTO SM_CH
	VALUES ("006d7c78-aa27-4f36-8629-2e532c1f0c20",
	"b6612c9d-29f8-4c05-93a7-94a4caaa571d",
	"8739724e-bd3f-46f1-bb48-e810844207ce",
	"00000000-0000-0000-0000-000000000000",
	'');
INSERT INTO SM_SEME
	VALUES ("006d7c78-aa27-4f36-8629-2e532c1f0c20",
	"b6612c9d-29f8-4c05-93a7-94a4caaa571d",
	"8739724e-bd3f-46f1-bb48-e810844207ce",
	"00000000-0000-0000-0000-000000000000");
INSERT INTO SM_MOAH
	VALUES ("2267eef1-6d51-4367-b4c3-074068a198b3",
	"8739724e-bd3f-46f1-bb48-e810844207ce",
	"006d7c78-aa27-4f36-8629-2e532c1f0c20");
INSERT INTO SM_AH
	VALUES ("2267eef1-6d51-4367-b4c3-074068a198b3",
	"8739724e-bd3f-46f1-bb48-e810844207ce");
INSERT INTO SM_ACT
	VALUES ("2267eef1-6d51-4367-b4c3-074068a198b3",
	"8739724e-bd3f-46f1-bb48-e810844207ce",
	1,
	'',
	'');
INSERT INTO ACT_SAB
	VALUES ("385d6164-d811-4097-ae9c-77d3c6174a0d",
	"8739724e-bd3f-46f1-bb48-e810844207ce",
	"2267eef1-6d51-4367-b4c3-074068a198b3");
INSERT INTO ACT_ACT
	VALUES ("385d6164-d811-4097-ae9c-77d3c6174a0d",
	'state',
	0,
	"ebb1210f-c815-4092-9055-be10d01846d9",
	"00000000-0000-0000-0000-000000000000",
	0,
	'Hesitating Rollout::Waiting',
	"00000000-0000-0000-0000-000000000000");
INSERT INTO ACT_BLK
	VALUES ("ebb1210f-c815-4092-9055-be10d01846d9",
	0,
	0,
	0,
	'',
	'',
	'',
	0,
	0,
	0,
	0,
	0,
	0,
	0,
	0,
	0,
	0,
	0,
	0,
	0,
	"385d6164-d811-4097-ae9c-77d3c6174a0d",
	"00000000-0000-0000-0000-000000000000");
INSERT INTO SM_STATE
	VALUES ("171b3de3-2058-4ad2-bc8d-56ae2b25aa9f",
	"8739724e-bd3f-46f1-bb48-e810844207ce",
	"00000000-0000-0000-0000-000000000000",
	'FirstMove',
	2,
	1);
INSERT INTO SM_CH
	VALUES ("171b3de3-2058-4ad2-bc8d-56ae2b25aa9f",
	"6a7ef7a1-6f66-4335-85dd-8e7abd580a8e",
	"8739724e-bd3f-46f1-bb48-e810844207ce",
	"00000000-0000-0000-0000-000000000000",
	'');
INSERT INTO SM_SEME
	VALUES ("171b3de3-2058-4ad2-bc8d-56ae2b25aa9f",
	"6a7ef7a1-6f66-4335-85dd-8e7abd580a8e",
	"8739724e-bd3f-46f1-bb48-e810844207ce",
	"00000000-0000-0000-0000-000000000000");
INSERT INTO SM_CH
	VALUES ("171b3de3-2058-4ad2-bc8d-56ae2b25aa9f",
	"eeab243f-84f2-411a-956c-50ab57ccf6c1",
	"8739724e-bd3f-46f1-bb48-e810844207ce",
	"00000000-0000-0000-0000-000000000000",
	'');
INSERT INTO SM_SEME
	VALUES ("171b3de3-2058-4ad2-bc8d-56ae2b25aa9f",
	"eeab243f-84f2-411a-956c-50ab57ccf6c1",
	"8739724e-bd3f-46f1-bb48-e810844207ce",
	"00000000-0000-0000-0000-000000000000");
INSERT INTO SM_SEME
	VALUES ("171b3de3-2058-4ad2-bc8d-56ae2b25aa9f",
	"3316cf27-ef7b-4d51-989d-1e56daaf1970",
	"8739724e-bd3f-46f1-bb48-e810844207ce",
	"00000000-0000-0000-0000-000000000000");
INSERT INTO SM_CH
	VALUES ("171b3de3-2058-4ad2-bc8d-56ae2b25aa9f",
	"b6612c9d-29f8-4c05-93a7-94a4caaa571d",
	"8739724e-bd3f-46f1-bb48-e810844207ce",
	"00000000-0000-0000-0000-000000000000",
	'');
INSERT INTO SM_SEME
	VALUES ("171b3de3-2058-4ad2-bc8d-56ae2b25aa9f",
	"b6612c9d-29f8-4c05-93a7-94a4caaa571d",
	"8739724e-bd3f-46f1-bb48-e810844207ce",
	"00000000-0000-0000-0000-000000000000");
INSERT INTO SM_MOAH
	VALUES ("c7d860be-18e5-47ee-8479-dc93cafd0c06",
	"8739724e-bd3f-46f1-bb48-e810844207ce",
	"171b3de3-2058-4ad2-bc8d-56ae2b25aa9f");
INSERT INTO SM_AH
	VALUES ("c7d860be-18e5-47ee-8479-dc93cafd0c06",
	"8739724e-bd3f-46f1-bb48-e810844207ce");
INSERT INTO SM_ACT
	VALUES ("c7d860be-18e5-47ee-8479-dc93cafd0c06",
	"8739724e-bd3f-46f1-bb48-e810844207ce",
	1,
	'/* Run the conveyor for a short time in the desired direction. 
*/

select one auto_seq related by self->AUTOSEQ[R9];

// Jog the conveyor for a short time
xtfrcnvr::jog(direction: auto_seq.motor_direction, velocity: -1, acceleration: -1, duration: self.preliminary_move_time);

',
	'');
INSERT INTO ACT_SAB
	VALUES ("627a15ea-2f36-4e54-9fa2-57031e726b6f",
	"8739724e-bd3f-46f1-bb48-e810844207ce",
	"c7d860be-18e5-47ee-8479-dc93cafd0c06");
INSERT INTO ACT_ACT
	VALUES ("627a15ea-2f36-4e54-9fa2-57031e726b6f",
	'state',
	0,
	"bd630496-410d-4a75-9678-255444cdbb41",
	"00000000-0000-0000-0000-000000000000",
	0,
	'Hesitating Rollout::FirstMove',
	"00000000-0000-0000-0000-000000000000");
INSERT INTO ACT_BLK
	VALUES ("bd630496-410d-4a75-9678-255444cdbb41",
	1,
	0,
	0,
	'xtfrcnvr',
	'',
	'',
	7,
	1,
	7,
	1,
	0,
	0,
	4,
	46,
	0,
	0,
	0,
	0,
	0,
	"627a15ea-2f36-4e54-9fa2-57031e726b6f",
	"00000000-0000-0000-0000-000000000000");
INSERT INTO ACT_SMT
	VALUES ("cea3cbf1-4f8d-4387-a67b-01425bbba885",
	"bd630496-410d-4a75-9678-255444cdbb41",
	"f151386a-7fa1-4423-a0b7-6d00caaf50b6",
	4,
	1,
	'Hesitating Rollout::FirstMove line: 4');
INSERT INTO ACT_SEL
	VALUES ("cea3cbf1-4f8d-4387-a67b-01425bbba885",
	"9544ace6-f7c5-4184-8120-9eed3677845f",
	1,
	'one',
	"667db34d-14eb-490a-ac50-862f39a07473");
INSERT INTO ACT_SR
	VALUES ("cea3cbf1-4f8d-4387-a67b-01425bbba885");
INSERT INTO ACT_LNK
	VALUES ("d6bbf73a-e51f-4363-a9f8-e407f3bf98bf",
	'',
	"cea3cbf1-4f8d-4387-a67b-01425bbba885",
	"a3254b7e-9a7f-4822-b458-095dfd530db7",
	"00000000-0000-0000-0000-000000000000",
	2,
	"fe5c048c-e29b-4151-9315-f458dfaaea1e",
	4,
	38,
	4,
	46,
	0,
	0);
INSERT INTO ACT_SMT
	VALUES ("f151386a-7fa1-4423-a0b7-6d00caaf50b6",
	"bd630496-410d-4a75-9678-255444cdbb41",
	"00000000-0000-0000-0000-000000000000",
	7,
	1,
	'Hesitating Rollout::FirstMove line: 7');
INSERT INTO ACT_SGN
	VALUES ("f151386a-7fa1-4423-a0b7-6d00caaf50b6",
	7,
	11,
	7,
	1,
	"00000000-0000-0000-0000-000000000000",
	"578e8329-1413-4bb5-b09d-401bbfb55fc4",
	"00000000-0000-0000-0000-000000000000");
INSERT INTO V_VAL
	VALUES ("667db34d-14eb-490a-ac50-862f39a07473",
	0,
	0,
	4,
	32,
	35,
	0,
	0,
	0,
	0,
	"ba5eda7a-def5-0000-0000-000000000008",
	"bd630496-410d-4a75-9678-255444cdbb41");
INSERT INTO V_IRF
	VALUES ("667db34d-14eb-490a-ac50-862f39a07473",
	"0f6fc1ea-db89-42c8-93ac-d3a059204a82");
INSERT INTO V_VAL
	VALUES ("c87849c0-a215-4ac6-bf88-1da685eed6b5",
	0,
	0,
	7,
	26,
	33,
	0,
	0,
	0,
	0,
	"ba5eda7a-def5-0000-0000-000000000008",
	"bd630496-410d-4a75-9678-255444cdbb41");
INSERT INTO V_IRF
	VALUES ("c87849c0-a215-4ac6-bf88-1da685eed6b5",
	"9544ace6-f7c5-4184-8120-9eed3677845f");
INSERT INTO V_VAL
	VALUES ("c1ceaa6f-6fa5-42a9-a5a2-d625cb5a5286",
	0,
	0,
	7,
	35,
	49,
	0,
	0,
	0,
	0,
	"10a457d6-e25e-4dbe-a48f-0682e976c4bf",
	"bd630496-410d-4a75-9678-255444cdbb41");
INSERT INTO V_AVL
	VALUES ("c1ceaa6f-6fa5-42a9-a5a2-d625cb5a5286",
	"c87849c0-a215-4ac6-bf88-1da685eed6b5",
	"fe5c048c-e29b-4151-9315-f458dfaaea1e",
	"be8fcf75-a089-47e1-9134-ec51da4bfd36");
INSERT INTO V_PAR
	VALUES ("c1ceaa6f-6fa5-42a9-a5a2-d625cb5a5286",
	"f151386a-7fa1-4423-a0b7-6d00caaf50b6",
	"00000000-0000-0000-0000-000000000000",
	'direction',
	"ff9775d3-a9c3-451e-8c5b-c55a0af68682",
	7,
	15);
INSERT INTO V_VAL
	VALUES ("ff9775d3-a9c3-451e-8c5b-c55a0af68682",
	0,
	0,
	-1,
	-1,
	-1,
	0,
	0,
	0,
	0,
	"ba5eda7a-def5-0000-0000-000000000002",
	"bd630496-410d-4a75-9678-255444cdbb41");
INSERT INTO V_UNY
	VALUES ("ff9775d3-a9c3-451e-8c5b-c55a0af68682",
	"4abdb054-e857-498d-ba7b-59ff953e9fca",
	'-');
INSERT INTO V_PAR
	VALUES ("ff9775d3-a9c3-451e-8c5b-c55a0af68682",
	"f151386a-7fa1-4423-a0b7-6d00caaf50b6",
	"00000000-0000-0000-0000-000000000000",
	'velocity',
	"5a13dede-548e-4c58-981d-c6e156de7bc4",
	7,
	52);
INSERT INTO V_VAL
	VALUES ("4abdb054-e857-498d-ba7b-59ff953e9fca",
	0,
	0,
	7,
	63,
	63,
	0,
	0,
	0,
	0,
	"ba5eda7a-def5-0000-0000-000000000002",
	"bd630496-410d-4a75-9678-255444cdbb41");
INSERT INTO V_LIN
	VALUES ("4abdb054-e857-498d-ba7b-59ff953e9fca",
	'1');
INSERT INTO V_VAL
	VALUES ("5a13dede-548e-4c58-981d-c6e156de7bc4",
	0,
	0,
	-1,
	-1,
	-1,
	0,
	0,
	0,
	0,
	"ba5eda7a-def5-0000-0000-000000000002",
	"bd630496-410d-4a75-9678-255444cdbb41");
INSERT INTO V_UNY
	VALUES ("5a13dede-548e-4c58-981d-c6e156de7bc4",
	"455e4636-c4f2-47d8-a621-c614445dd35a",
	'-');
INSERT INTO V_PAR
	VALUES ("5a13dede-548e-4c58-981d-c6e156de7bc4",
	"f151386a-7fa1-4423-a0b7-6d00caaf50b6",
	"00000000-0000-0000-0000-000000000000",
	'acceleration',
	"616eb66f-109d-44f2-9381-a2f26752ec81",
	7,
	66);
INSERT INTO V_VAL
	VALUES ("455e4636-c4f2-47d8-a621-c614445dd35a",
	0,
	0,
	7,
	81,
	81,
	0,
	0,
	0,
	0,
	"ba5eda7a-def5-0000-0000-000000000002",
	"bd630496-410d-4a75-9678-255444cdbb41");
INSERT INTO V_LIN
	VALUES ("455e4636-c4f2-47d8-a621-c614445dd35a",
	'1');
INSERT INTO V_VAL
	VALUES ("fec296c2-c3bb-48ff-8ab7-611988693c4e",
	0,
	0,
	7,
	94,
	97,
	0,
	0,
	0,
	0,
	"ba5eda7a-def5-0000-0000-000000000008",
	"bd630496-410d-4a75-9678-255444cdbb41");
INSERT INTO V_IRF
	VALUES ("fec296c2-c3bb-48ff-8ab7-611988693c4e",
	"0f6fc1ea-db89-42c8-93ac-d3a059204a82");
INSERT INTO V_VAL
	VALUES ("616eb66f-109d-44f2-9381-a2f26752ec81",
	0,
	0,
	7,
	99,
	119,
	0,
	0,
	0,
	0,
	"ba5eda7a-def5-0000-0000-000000000002",
	"bd630496-410d-4a75-9678-255444cdbb41");
INSERT INTO V_AVL
	VALUES ("616eb66f-109d-44f2-9381-a2f26752ec81",
	"fec296c2-c3bb-48ff-8ab7-611988693c4e",
	"68b26804-eac9-4cfe-9193-cd41226d7f08",
	"70618bb4-0b16-4217-a465-1a3fd66b4406");
INSERT INTO V_PAR
	VALUES ("616eb66f-109d-44f2-9381-a2f26752ec81",
	"f151386a-7fa1-4423-a0b7-6d00caaf50b6",
	"00000000-0000-0000-0000-000000000000",
	'duration',
	"00000000-0000-0000-0000-000000000000",
	7,
	84);
INSERT INTO V_VAR
	VALUES ("9544ace6-f7c5-4184-8120-9eed3677845f",
	"bd630496-410d-4a75-9678-255444cdbb41",
	'auto_seq',
	1,
	"ba5eda7a-def5-0000-0000-000000000008");
INSERT INTO V_INT
	VALUES ("9544ace6-f7c5-4184-8120-9eed3677845f",
	0,
	"fe5c048c-e29b-4151-9315-f458dfaaea1e");
INSERT INTO V_VAR
	VALUES ("0f6fc1ea-db89-42c8-93ac-d3a059204a82",
	"bd630496-410d-4a75-9678-255444cdbb41",
	'self',
	1,
	"ba5eda7a-def5-0000-0000-000000000008");
INSERT INTO V_INT
	VALUES ("0f6fc1ea-db89-42c8-93ac-d3a059204a82",
	0,
	"68b26804-eac9-4cfe-9193-cd41226d7f08");
INSERT INTO SM_STATE
	VALUES ("af90696f-2d43-4d9f-b801-1561f98aa39d",
	"8739724e-bd3f-46f1-bb48-e810844207ce",
	"00000000-0000-0000-0000-000000000000",
	'BackupMove',
	3,
	0);
INSERT INTO SM_CH
	VALUES ("af90696f-2d43-4d9f-b801-1561f98aa39d",
	"6a7ef7a1-6f66-4335-85dd-8e7abd580a8e",
	"8739724e-bd3f-46f1-bb48-e810844207ce",
	"00000000-0000-0000-0000-000000000000",
	'');
INSERT INTO SM_SEME
	VALUES ("af90696f-2d43-4d9f-b801-1561f98aa39d",
	"6a7ef7a1-6f66-4335-85dd-8e7abd580a8e",
	"8739724e-bd3f-46f1-bb48-e810844207ce",
	"00000000-0000-0000-0000-000000000000");
INSERT INTO SM_CH
	VALUES ("af90696f-2d43-4d9f-b801-1561f98aa39d",
	"eeab243f-84f2-411a-956c-50ab57ccf6c1",
	"8739724e-bd3f-46f1-bb48-e810844207ce",
	"00000000-0000-0000-0000-000000000000",
	'');
INSERT INTO SM_SEME
	VALUES ("af90696f-2d43-4d9f-b801-1561f98aa39d",
	"eeab243f-84f2-411a-956c-50ab57ccf6c1",
	"8739724e-bd3f-46f1-bb48-e810844207ce",
	"00000000-0000-0000-0000-000000000000");
INSERT INTO SM_SEME
	VALUES ("af90696f-2d43-4d9f-b801-1561f98aa39d",
	"3316cf27-ef7b-4d51-989d-1e56daaf1970",
	"8739724e-bd3f-46f1-bb48-e810844207ce",
	"00000000-0000-0000-0000-000000000000");
INSERT INTO SM_CH
	VALUES ("af90696f-2d43-4d9f-b801-1561f98aa39d",
	"b6612c9d-29f8-4c05-93a7-94a4caaa571d",
	"8739724e-bd3f-46f1-bb48-e810844207ce",
	"00000000-0000-0000-0000-000000000000",
	'');
INSERT INTO SM_SEME
	VALUES ("af90696f-2d43-4d9f-b801-1561f98aa39d",
	"b6612c9d-29f8-4c05-93a7-94a4caaa571d",
	"8739724e-bd3f-46f1-bb48-e810844207ce",
	"00000000-0000-0000-0000-000000000000");
INSERT INTO SM_MOAH
	VALUES ("52b1d6c6-6238-429f-9b66-43c92f483897",
	"8739724e-bd3f-46f1-bb48-e810844207ce",
	"af90696f-2d43-4d9f-b801-1561f98aa39d");
INSERT INTO SM_AH
	VALUES ("52b1d6c6-6238-429f-9b66-43c92f483897",
	"8739724e-bd3f-46f1-bb48-e810844207ce");
INSERT INTO SM_ACT
	VALUES ("52b1d6c6-6238-429f-9b66-43c92f483897",
	"8739724e-bd3f-46f1-bb48-e810844207ce",
	1,
	'/* Run the conveyor in the opposite direction for the same time as done in the 
   previous move to free any scrap sheets that are lodged.
*/

select one auto_seq related by self->AUTOSEQ[R9];

motor_dir = Motor_Direction::Forward;
if auto_seq.motor_direction == Motor_Direction::Forward;
   motor_dir = Motor_Direction::Reverse;
end if;

// Jog the conveyor for a short time in the opposite direction
xtfrcnvr::jog(direction: motor_dir, velocity: -1, acceleration: -1, duration: self.preliminary_move_time);

',
	'');
INSERT INTO ACT_SAB
	VALUES ("a0b86cd9-deb4-44d1-bc21-7fff9a8638c9",
	"8739724e-bd3f-46f1-bb48-e810844207ce",
	"52b1d6c6-6238-429f-9b66-43c92f483897");
INSERT INTO ACT_ACT
	VALUES ("a0b86cd9-deb4-44d1-bc21-7fff9a8638c9",
	'state',
	0,
	"9a28b801-5564-4c01-a560-a2b5daeab837",
	"00000000-0000-0000-0000-000000000000",
	0,
	'Hesitating Rollout::BackupMove',
	"00000000-0000-0000-0000-000000000000");
INSERT INTO ACT_BLK
	VALUES ("9a28b801-5564-4c01-a560-a2b5daeab837",
	1,
	0,
	0,
	'xtfrcnvr',
	'',
	'',
	13,
	1,
	13,
	1,
	0,
	0,
	5,
	46,
	0,
	0,
	8,
	32,
	0,
	"a0b86cd9-deb4-44d1-bc21-7fff9a8638c9",
	"00000000-0000-0000-0000-000000000000");
INSERT INTO ACT_SMT
	VALUES ("c06b42d7-261e-498b-8f0a-dd3d69e2f04a",
	"9a28b801-5564-4c01-a560-a2b5daeab837",
	"878f6085-5822-46bd-8876-243e1bd86fe6",
	5,
	1,
	'Hesitating Rollout::BackupMove line: 5');
INSERT INTO ACT_SEL
	VALUES ("c06b42d7-261e-498b-8f0a-dd3d69e2f04a",
	"efd99cbd-6d37-4604-a729-78f76959a75b",
	1,
	'one',
	"aea780b9-1593-4325-9b15-a4e4c94da278");
INSERT INTO ACT_SR
	VALUES ("c06b42d7-261e-498b-8f0a-dd3d69e2f04a");
INSERT INTO ACT_LNK
	VALUES ("ef6d4b40-9915-431e-892c-a2f37afa4e33",
	'',
	"c06b42d7-261e-498b-8f0a-dd3d69e2f04a",
	"a3254b7e-9a7f-4822-b458-095dfd530db7",
	"00000000-0000-0000-0000-000000000000",
	2,
	"fe5c048c-e29b-4151-9315-f458dfaaea1e",
	5,
	38,
	5,
	46,
	0,
	0);
INSERT INTO ACT_SMT
	VALUES ("878f6085-5822-46bd-8876-243e1bd86fe6",
	"9a28b801-5564-4c01-a560-a2b5daeab837",
	"0fb4ee30-c692-4d4d-9699-9fba2aaedb45",
	7,
	1,
	'Hesitating Rollout::BackupMove line: 7');
INSERT INTO ACT_AI
	VALUES ("878f6085-5822-46bd-8876-243e1bd86fe6",
	"cc554f65-ca8a-4c60-90d3-c4db2c341b1f",
	"e57e46c3-6b9b-4f97-9d10-184f111f36f0",
	0,
	0);
INSERT INTO ACT_SMT
	VALUES ("0fb4ee30-c692-4d4d-9699-9fba2aaedb45",
	"9a28b801-5564-4c01-a560-a2b5daeab837",
	"6085daa4-41c7-4ff0-afc6-f7b2775ea8bd",
	8,
	1,
	'Hesitating Rollout::BackupMove line: 8');
INSERT INTO ACT_IF
	VALUES ("0fb4ee30-c692-4d4d-9699-9fba2aaedb45",
	"79967894-2d2e-48f1-a198-7f9d421c3444",
	"93378ed6-7cc2-42e0-9f22-c5a1b4e65005",
	"00000000-0000-0000-0000-000000000000",
	"00000000-0000-0000-0000-000000000000");
INSERT INTO ACT_SMT
	VALUES ("6085daa4-41c7-4ff0-afc6-f7b2775ea8bd",
	"9a28b801-5564-4c01-a560-a2b5daeab837",
	"00000000-0000-0000-0000-000000000000",
	13,
	1,
	'Hesitating Rollout::BackupMove line: 13');
INSERT INTO ACT_SGN
	VALUES ("6085daa4-41c7-4ff0-afc6-f7b2775ea8bd",
	13,
	11,
	13,
	1,
	"00000000-0000-0000-0000-000000000000",
	"578e8329-1413-4bb5-b09d-401bbfb55fc4",
	"00000000-0000-0000-0000-000000000000");
INSERT INTO V_VAL
	VALUES ("aea780b9-1593-4325-9b15-a4e4c94da278",
	0,
	0,
	5,
	32,
	35,
	0,
	0,
	0,
	0,
	"ba5eda7a-def5-0000-0000-000000000008",
	"9a28b801-5564-4c01-a560-a2b5daeab837");
INSERT INTO V_IRF
	VALUES ("aea780b9-1593-4325-9b15-a4e4c94da278",
	"bf830d54-7340-452a-ada2-40695e2808cc");
INSERT INTO V_VAL
	VALUES ("e57e46c3-6b9b-4f97-9d10-184f111f36f0",
	1,
	1,
	7,
	1,
	9,
	0,
	0,
	0,
	0,
	"10a457d6-e25e-4dbe-a48f-0682e976c4bf",
	"9a28b801-5564-4c01-a560-a2b5daeab837");
INSERT INTO V_TVL
	VALUES ("e57e46c3-6b9b-4f97-9d10-184f111f36f0",
	"3cb77330-8134-40fa-90c8-eaae6a3a262c");
INSERT INTO V_VAL
	VALUES ("cc554f65-ca8a-4c60-90d3-c4db2c341b1f",
	0,
	0,
	7,
	30,
	36,
	0,
	0,
	0,
	0,
	"10a457d6-e25e-4dbe-a48f-0682e976c4bf",
	"9a28b801-5564-4c01-a560-a2b5daeab837");
INSERT INTO V_LEN
	VALUES ("cc554f65-ca8a-4c60-90d3-c4db2c341b1f",
	"a14e5643-f258-49e7-8187-18b88e03990f",
	7,
	13);
INSERT INTO V_VAL
	VALUES ("0dd3a01e-0cfc-430a-ac60-bbec763413c7",
	0,
	0,
	8,
	4,
	11,
	0,
	0,
	0,
	0,
	"ba5eda7a-def5-0000-0000-000000000008",
	"9a28b801-5564-4c01-a560-a2b5daeab837");
INSERT INTO V_IRF
	VALUES ("0dd3a01e-0cfc-430a-ac60-bbec763413c7",
	"efd99cbd-6d37-4604-a729-78f76959a75b");
INSERT INTO V_VAL
	VALUES ("5a9d55c8-476d-4db0-9d43-0ec6db5295ba",
	0,
	0,
	8,
	13,
	27,
	0,
	0,
	0,
	0,
	"10a457d6-e25e-4dbe-a48f-0682e976c4bf",
	"9a28b801-5564-4c01-a560-a2b5daeab837");
INSERT INTO V_AVL
	VALUES ("5a9d55c8-476d-4db0-9d43-0ec6db5295ba",
	"0dd3a01e-0cfc-430a-ac60-bbec763413c7",
	"fe5c048c-e29b-4151-9315-f458dfaaea1e",
	"be8fcf75-a089-47e1-9134-ec51da4bfd36");
INSERT INTO V_VAL
	VALUES ("93378ed6-7cc2-42e0-9f22-c5a1b4e65005",
	0,
	0,
	-1,
	-1,
	-1,
	0,
	0,
	0,
	0,
	"ba5eda7a-def5-0000-0000-000000000001",
	"9a28b801-5564-4c01-a560-a2b5daeab837");
INSERT INTO V_BIN
	VALUES ("93378ed6-7cc2-42e0-9f22-c5a1b4e65005",
	"d0b5b135-601a-4e9c-a345-9d69144d69ad",
	"5a9d55c8-476d-4db0-9d43-0ec6db5295ba",
	'==');
INSERT INTO V_VAL
	VALUES ("d0b5b135-601a-4e9c-a345-9d69144d69ad",
	0,
	0,
	8,
	49,
	55,
	0,
	0,
	0,
	0,
	"10a457d6-e25e-4dbe-a48f-0682e976c4bf",
	"9a28b801-5564-4c01-a560-a2b5daeab837");
INSERT INTO V_LEN
	VALUES ("d0b5b135-601a-4e9c-a345-9d69144d69ad",
	"a14e5643-f258-49e7-8187-18b88e03990f",
	8,
	32);
INSERT INTO V_VAL
	VALUES ("9ff01ee0-60c7-4238-9bd8-c75c3872694e",
	0,
	0,
	13,
	26,
	34,
	0,
	0,
	0,
	0,
	"10a457d6-e25e-4dbe-a48f-0682e976c4bf",
	"9a28b801-5564-4c01-a560-a2b5daeab837");
INSERT INTO V_TVL
	VALUES ("9ff01ee0-60c7-4238-9bd8-c75c3872694e",
	"3cb77330-8134-40fa-90c8-eaae6a3a262c");
INSERT INTO V_PAR
	VALUES ("9ff01ee0-60c7-4238-9bd8-c75c3872694e",
	"6085daa4-41c7-4ff0-afc6-f7b2775ea8bd",
	"00000000-0000-0000-0000-000000000000",
	'direction',
	"d1497f88-eb9a-4296-93a4-6610214a6b2e",
	13,
	15);
INSERT INTO V_VAL
	VALUES ("d1497f88-eb9a-4296-93a4-6610214a6b2e",
	0,
	0,
	-1,
	-1,
	-1,
	0,
	0,
	0,
	0,
	"ba5eda7a-def5-0000-0000-000000000002",
	"9a28b801-5564-4c01-a560-a2b5daeab837");
INSERT INTO V_UNY
	VALUES ("d1497f88-eb9a-4296-93a4-6610214a6b2e",
	"3580b7ba-ba2b-4cce-8dfe-2fba9df511b5",
	'-');
INSERT INTO V_PAR
	VALUES ("d1497f88-eb9a-4296-93a4-6610214a6b2e",
	"6085daa4-41c7-4ff0-afc6-f7b2775ea8bd",
	"00000000-0000-0000-0000-000000000000",
	'velocity',
	"0822fb83-642d-4a25-8cdb-5cfe1d12f4de",
	13,
	37);
INSERT INTO V_VAL
	VALUES ("3580b7ba-ba2b-4cce-8dfe-2fba9df511b5",
	0,
	0,
	13,
	48,
	48,
	0,
	0,
	0,
	0,
	"ba5eda7a-def5-0000-0000-000000000002",
	"9a28b801-5564-4c01-a560-a2b5daeab837");
INSERT INTO V_LIN
	VALUES ("3580b7ba-ba2b-4cce-8dfe-2fba9df511b5",
	'1');
INSERT INTO V_VAL
	VALUES ("0822fb83-642d-4a25-8cdb-5cfe1d12f4de",
	0,
	0,
	-1,
	-1,
	-1,
	0,
	0,
	0,
	0,
	"ba5eda7a-def5-0000-0000-000000000002",
	"9a28b801-5564-4c01-a560-a2b5daeab837");
INSERT INTO V_UNY
	VALUES ("0822fb83-642d-4a25-8cdb-5cfe1d12f4de",
	"1f8aad1a-6bc1-4db8-971c-a5753782e0a0",
	'-');
INSERT INTO V_PAR
	VALUES ("0822fb83-642d-4a25-8cdb-5cfe1d12f4de",
	"6085daa4-41c7-4ff0-afc6-f7b2775ea8bd",
	"00000000-0000-0000-0000-000000000000",
	'acceleration',
	"e29cc643-7a2b-41c9-adff-1b04662cc499",
	13,
	51);
INSERT INTO V_VAL
	VALUES ("1f8aad1a-6bc1-4db8-971c-a5753782e0a0",
	0,
	0,
	13,
	66,
	66,
	0,
	0,
	0,
	0,
	"ba5eda7a-def5-0000-0000-000000000002",
	"9a28b801-5564-4c01-a560-a2b5daeab837");
INSERT INTO V_LIN
	VALUES ("1f8aad1a-6bc1-4db8-971c-a5753782e0a0",
	'1');
INSERT INTO V_VAL
	VALUES ("d841c0e2-0ff5-4584-a9a6-b46fa79ece0e",
	0,
	0,
	13,
	79,
	82,
	0,
	0,
	0,
	0,
	"ba5eda7a-def5-0000-0000-000000000008",
	"9a28b801-5564-4c01-a560-a2b5daeab837");
INSERT INTO V_IRF
	VALUES ("d841c0e2-0ff5-4584-a9a6-b46fa79ece0e",
	"bf830d54-7340-452a-ada2-40695e2808cc");
INSERT INTO V_VAL
	VALUES ("e29cc643-7a2b-41c9-adff-1b04662cc499",
	0,
	0,
	13,
	84,
	104,
	0,
	0,
	0,
	0,
	"ba5eda7a-def5-0000-0000-000000000002",
	"9a28b801-5564-4c01-a560-a2b5daeab837");
INSERT INTO V_AVL
	VALUES ("e29cc643-7a2b-41c9-adff-1b04662cc499",
	"d841c0e2-0ff5-4584-a9a6-b46fa79ece0e",
	"68b26804-eac9-4cfe-9193-cd41226d7f08",
	"70618bb4-0b16-4217-a465-1a3fd66b4406");
INSERT INTO V_PAR
	VALUES ("e29cc643-7a2b-41c9-adff-1b04662cc499",
	"6085daa4-41c7-4ff0-afc6-f7b2775ea8bd",
	"00000000-0000-0000-0000-000000000000",
	'duration',
	"00000000-0000-0000-0000-000000000000",
	13,
	69);
INSERT INTO V_VAR
	VALUES ("efd99cbd-6d37-4604-a729-78f76959a75b",
	"9a28b801-5564-4c01-a560-a2b5daeab837",
	'auto_seq',
	1,
	"ba5eda7a-def5-0000-0000-000000000008");
INSERT INTO V_INT
	VALUES ("efd99cbd-6d37-4604-a729-78f76959a75b",
	0,
	"fe5c048c-e29b-4151-9315-f458dfaaea1e");
INSERT INTO V_VAR
	VALUES ("bf830d54-7340-452a-ada2-40695e2808cc",
	"9a28b801-5564-4c01-a560-a2b5daeab837",
	'self',
	1,
	"ba5eda7a-def5-0000-0000-000000000008");
INSERT INTO V_INT
	VALUES ("bf830d54-7340-452a-ada2-40695e2808cc",
	0,
	"68b26804-eac9-4cfe-9193-cd41226d7f08");
INSERT INTO V_VAR
	VALUES ("3cb77330-8134-40fa-90c8-eaae6a3a262c",
	"9a28b801-5564-4c01-a560-a2b5daeab837",
	'motor_dir',
	1,
	"10a457d6-e25e-4dbe-a48f-0682e976c4bf");
INSERT INTO V_TRN
	VALUES ("3cb77330-8134-40fa-90c8-eaae6a3a262c",
	"00000000-0000-0000-0000-000000000000",
	'');
INSERT INTO ACT_BLK
	VALUES ("79967894-2d2e-48f1-a198-7f9d421c3444",
	0,
	0,
	0,
	'',
	'',
	'',
	9,
	4,
	0,
	0,
	0,
	0,
	0,
	0,
	0,
	0,
	9,
	16,
	0,
	"a0b86cd9-deb4-44d1-bc21-7fff9a8638c9",
	"00000000-0000-0000-0000-000000000000");
INSERT INTO ACT_SMT
	VALUES ("913d27b1-2a2c-4295-8b92-92f11ce76e8b",
	"79967894-2d2e-48f1-a198-7f9d421c3444",
	"00000000-0000-0000-0000-000000000000",
	9,
	4,
	'Hesitating Rollout::BackupMove line: 9');
INSERT INTO ACT_AI
	VALUES ("913d27b1-2a2c-4295-8b92-92f11ce76e8b",
	"3e14a267-dd3f-486a-9a38-63c58570e185",
	"9fa4f434-a5c6-4621-85fa-80785ef4397e",
	0,
	0);
INSERT INTO V_VAL
	VALUES ("9fa4f434-a5c6-4621-85fa-80785ef4397e",
	1,
	0,
	9,
	4,
	12,
	0,
	0,
	0,
	0,
	"10a457d6-e25e-4dbe-a48f-0682e976c4bf",
	"79967894-2d2e-48f1-a198-7f9d421c3444");
INSERT INTO V_TVL
	VALUES ("9fa4f434-a5c6-4621-85fa-80785ef4397e",
	"3cb77330-8134-40fa-90c8-eaae6a3a262c");
INSERT INTO V_VAL
	VALUES ("3e14a267-dd3f-486a-9a38-63c58570e185",
	0,
	0,
	9,
	33,
	39,
	0,
	0,
	0,
	0,
	"10a457d6-e25e-4dbe-a48f-0682e976c4bf",
	"79967894-2d2e-48f1-a198-7f9d421c3444");
INSERT INTO V_LEN
	VALUES ("3e14a267-dd3f-486a-9a38-63c58570e185",
	"882fef21-352d-4904-b937-58432d0a9513",
	9,
	16);
INSERT INTO SM_STATE
	VALUES ("16e8fa11-d469-47f6-bc5c-31b4ec4194f9",
	"8739724e-bd3f-46f1-bb48-e810844207ce",
	"00000000-0000-0000-0000-000000000000",
	'FullLengthMove',
	4,
	0);
INSERT INTO SM_CH
	VALUES ("16e8fa11-d469-47f6-bc5c-31b4ec4194f9",
	"6a7ef7a1-6f66-4335-85dd-8e7abd580a8e",
	"8739724e-bd3f-46f1-bb48-e810844207ce",
	"00000000-0000-0000-0000-000000000000",
	'');
INSERT INTO SM_SEME
	VALUES ("16e8fa11-d469-47f6-bc5c-31b4ec4194f9",
	"6a7ef7a1-6f66-4335-85dd-8e7abd580a8e",
	"8739724e-bd3f-46f1-bb48-e810844207ce",
	"00000000-0000-0000-0000-000000000000");
INSERT INTO SM_CH
	VALUES ("16e8fa11-d469-47f6-bc5c-31b4ec4194f9",
	"eeab243f-84f2-411a-956c-50ab57ccf6c1",
	"8739724e-bd3f-46f1-bb48-e810844207ce",
	"00000000-0000-0000-0000-000000000000",
	'');
INSERT INTO SM_SEME
	VALUES ("16e8fa11-d469-47f6-bc5c-31b4ec4194f9",
	"eeab243f-84f2-411a-956c-50ab57ccf6c1",
	"8739724e-bd3f-46f1-bb48-e810844207ce",
	"00000000-0000-0000-0000-000000000000");
INSERT INTO SM_CH
	VALUES ("16e8fa11-d469-47f6-bc5c-31b4ec4194f9",
	"3316cf27-ef7b-4d51-989d-1e56daaf1970",
	"8739724e-bd3f-46f1-bb48-e810844207ce",
	"00000000-0000-0000-0000-000000000000",
	'');
INSERT INTO SM_SEME
	VALUES ("16e8fa11-d469-47f6-bc5c-31b4ec4194f9",
	"3316cf27-ef7b-4d51-989d-1e56daaf1970",
	"8739724e-bd3f-46f1-bb48-e810844207ce",
	"00000000-0000-0000-0000-000000000000");
INSERT INTO SM_SEME
	VALUES ("16e8fa11-d469-47f6-bc5c-31b4ec4194f9",
	"b6612c9d-29f8-4c05-93a7-94a4caaa571d",
	"8739724e-bd3f-46f1-bb48-e810844207ce",
	"00000000-0000-0000-0000-000000000000");
INSERT INTO SM_MOAH
	VALUES ("95cc71ef-ae66-4895-a2a8-2b6d274ef6ce",
	"8739724e-bd3f-46f1-bb48-e810844207ce",
	"16e8fa11-d469-47f6-bc5c-31b4ec4194f9");
INSERT INTO SM_AH
	VALUES ("95cc71ef-ae66-4895-a2a8-2b6d274ef6ce",
	"8739724e-bd3f-46f1-bb48-e810844207ce");
INSERT INTO SM_ACT
	VALUES ("95cc71ef-ae66-4895-a2a8-2b6d274ef6ce",
	"8739724e-bd3f-46f1-bb48-e810844207ce",
	1,
	'/* Run the conveyor to discharge the scrap
*/

select one auto_seq related by self->AUTOSEQ[R9];

xtfrcnvr::jog(direction: auto_seq.motor_direction, velocity: -1, acceleration: -1, duration: auto_seq.time_to_run);

',
	'');
INSERT INTO ACT_SAB
	VALUES ("429b5bfc-9685-41c7-b560-8ac9b5078873",
	"8739724e-bd3f-46f1-bb48-e810844207ce",
	"95cc71ef-ae66-4895-a2a8-2b6d274ef6ce");
INSERT INTO ACT_ACT
	VALUES ("429b5bfc-9685-41c7-b560-8ac9b5078873",
	'state',
	0,
	"6adacd7b-662f-4fdb-9fab-d5b9ce624ee9",
	"00000000-0000-0000-0000-000000000000",
	0,
	'Hesitating Rollout::FullLengthMove',
	"00000000-0000-0000-0000-000000000000");
INSERT INTO ACT_BLK
	VALUES ("6adacd7b-662f-4fdb-9fab-d5b9ce624ee9",
	1,
	0,
	0,
	'xtfrcnvr',
	'',
	'',
	6,
	1,
	6,
	1,
	0,
	0,
	4,
	46,
	0,
	0,
	0,
	0,
	0,
	"429b5bfc-9685-41c7-b560-8ac9b5078873",
	"00000000-0000-0000-0000-000000000000");
INSERT INTO ACT_SMT
	VALUES ("838ee52b-af63-4831-b30a-84661573400c",
	"6adacd7b-662f-4fdb-9fab-d5b9ce624ee9",
	"7ef56901-31c0-4083-8d97-292a5775a02c",
	4,
	1,
	'Hesitating Rollout::FullLengthMove line: 4');
INSERT INTO ACT_SEL
	VALUES ("838ee52b-af63-4831-b30a-84661573400c",
	"2dee6cca-3f22-433b-b2b7-e60aa142f31b",
	1,
	'one',
	"3b401569-2015-4914-963c-cc10543bec8e");
INSERT INTO ACT_SR
	VALUES ("838ee52b-af63-4831-b30a-84661573400c");
INSERT INTO ACT_LNK
	VALUES ("181b162b-bbed-4c55-8927-ae1f156e2e39",
	'',
	"838ee52b-af63-4831-b30a-84661573400c",
	"a3254b7e-9a7f-4822-b458-095dfd530db7",
	"00000000-0000-0000-0000-000000000000",
	2,
	"fe5c048c-e29b-4151-9315-f458dfaaea1e",
	4,
	38,
	4,
	46,
	0,
	0);
INSERT INTO ACT_SMT
	VALUES ("7ef56901-31c0-4083-8d97-292a5775a02c",
	"6adacd7b-662f-4fdb-9fab-d5b9ce624ee9",
	"00000000-0000-0000-0000-000000000000",
	6,
	1,
	'Hesitating Rollout::FullLengthMove line: 6');
INSERT INTO ACT_SGN
	VALUES ("7ef56901-31c0-4083-8d97-292a5775a02c",
	6,
	11,
	6,
	1,
	"00000000-0000-0000-0000-000000000000",
	"578e8329-1413-4bb5-b09d-401bbfb55fc4",
	"00000000-0000-0000-0000-000000000000");
INSERT INTO V_VAL
	VALUES ("3b401569-2015-4914-963c-cc10543bec8e",
	0,
	0,
	4,
	32,
	35,
	0,
	0,
	0,
	0,
	"ba5eda7a-def5-0000-0000-000000000008",
	"6adacd7b-662f-4fdb-9fab-d5b9ce624ee9");
INSERT INTO V_IRF
	VALUES ("3b401569-2015-4914-963c-cc10543bec8e",
	"ef29ae74-d117-48ca-8637-8b78b85c1b49");
INSERT INTO V_VAL
	VALUES ("b4c3f374-c105-4266-94fb-78e3e2b53ff4",
	0,
	0,
	6,
	26,
	33,
	0,
	0,
	0,
	0,
	"ba5eda7a-def5-0000-0000-000000000008",
	"6adacd7b-662f-4fdb-9fab-d5b9ce624ee9");
INSERT INTO V_IRF
	VALUES ("b4c3f374-c105-4266-94fb-78e3e2b53ff4",
	"2dee6cca-3f22-433b-b2b7-e60aa142f31b");
INSERT INTO V_VAL
	VALUES ("b47011cf-ab5d-44d4-a6d4-eb0fda539773",
	0,
	0,
	6,
	35,
	49,
	0,
	0,
	0,
	0,
	"10a457d6-e25e-4dbe-a48f-0682e976c4bf",
	"6adacd7b-662f-4fdb-9fab-d5b9ce624ee9");
INSERT INTO V_AVL
	VALUES ("b47011cf-ab5d-44d4-a6d4-eb0fda539773",
	"b4c3f374-c105-4266-94fb-78e3e2b53ff4",
	"fe5c048c-e29b-4151-9315-f458dfaaea1e",
	"be8fcf75-a089-47e1-9134-ec51da4bfd36");
INSERT INTO V_PAR
	VALUES ("b47011cf-ab5d-44d4-a6d4-eb0fda539773",
	"7ef56901-31c0-4083-8d97-292a5775a02c",
	"00000000-0000-0000-0000-000000000000",
	'direction',
	"62396aa6-3618-4444-8202-d9ab7fcc4a1f",
	6,
	15);
INSERT INTO V_VAL
	VALUES ("62396aa6-3618-4444-8202-d9ab7fcc4a1f",
	0,
	0,
	-1,
	-1,
	-1,
	0,
	0,
	0,
	0,
	"ba5eda7a-def5-0000-0000-000000000002",
	"6adacd7b-662f-4fdb-9fab-d5b9ce624ee9");
INSERT INTO V_UNY
	VALUES ("62396aa6-3618-4444-8202-d9ab7fcc4a1f",
	"9af89e98-b122-4f5b-b924-42fc252d13d9",
	'-');
INSERT INTO V_PAR
	VALUES ("62396aa6-3618-4444-8202-d9ab7fcc4a1f",
	"7ef56901-31c0-4083-8d97-292a5775a02c",
	"00000000-0000-0000-0000-000000000000",
	'velocity',
	"4f7c85d0-22cc-4f81-bd64-a7c0538891f8",
	6,
	52);
INSERT INTO V_VAL
	VALUES ("9af89e98-b122-4f5b-b924-42fc252d13d9",
	0,
	0,
	6,
	63,
	63,
	0,
	0,
	0,
	0,
	"ba5eda7a-def5-0000-0000-000000000002",
	"6adacd7b-662f-4fdb-9fab-d5b9ce624ee9");
INSERT INTO V_LIN
	VALUES ("9af89e98-b122-4f5b-b924-42fc252d13d9",
	'1');
INSERT INTO V_VAL
	VALUES ("4f7c85d0-22cc-4f81-bd64-a7c0538891f8",
	0,
	0,
	-1,
	-1,
	-1,
	0,
	0,
	0,
	0,
	"ba5eda7a-def5-0000-0000-000000000002",
	"6adacd7b-662f-4fdb-9fab-d5b9ce624ee9");
INSERT INTO V_UNY
	VALUES ("4f7c85d0-22cc-4f81-bd64-a7c0538891f8",
	"09290307-3d5a-4ae8-ac30-fd9e225d6a40",
	'-');
INSERT INTO V_PAR
	VALUES ("4f7c85d0-22cc-4f81-bd64-a7c0538891f8",
	"7ef56901-31c0-4083-8d97-292a5775a02c",
	"00000000-0000-0000-0000-000000000000",
	'acceleration',
	"6535978b-6b15-4e28-82d0-a2745cafbc7c",
	6,
	66);
INSERT INTO V_VAL
	VALUES ("09290307-3d5a-4ae8-ac30-fd9e225d6a40",
	0,
	0,
	6,
	81,
	81,
	0,
	0,
	0,
	0,
	"ba5eda7a-def5-0000-0000-000000000002",
	"6adacd7b-662f-4fdb-9fab-d5b9ce624ee9");
INSERT INTO V_LIN
	VALUES ("09290307-3d5a-4ae8-ac30-fd9e225d6a40",
	'1');
INSERT INTO V_VAL
	VALUES ("68e251f0-9c4b-454a-8660-6865a62f9194",
	0,
	0,
	6,
	94,
	101,
	0,
	0,
	0,
	0,
	"ba5eda7a-def5-0000-0000-000000000008",
	"6adacd7b-662f-4fdb-9fab-d5b9ce624ee9");
INSERT INTO V_IRF
	VALUES ("68e251f0-9c4b-454a-8660-6865a62f9194",
	"2dee6cca-3f22-433b-b2b7-e60aa142f31b");
INSERT INTO V_VAL
	VALUES ("6535978b-6b15-4e28-82d0-a2745cafbc7c",
	0,
	0,
	6,
	103,
	113,
	0,
	0,
	0,
	0,
	"ba5eda7a-def5-0000-0000-000000000002",
	"6adacd7b-662f-4fdb-9fab-d5b9ce624ee9");
INSERT INTO V_AVL
	VALUES ("6535978b-6b15-4e28-82d0-a2745cafbc7c",
	"68e251f0-9c4b-454a-8660-6865a62f9194",
	"fe5c048c-e29b-4151-9315-f458dfaaea1e",
	"e68e9526-4818-4b2b-b1c3-179dc25f69db");
INSERT INTO V_PAR
	VALUES ("6535978b-6b15-4e28-82d0-a2745cafbc7c",
	"7ef56901-31c0-4083-8d97-292a5775a02c",
	"00000000-0000-0000-0000-000000000000",
	'duration',
	"00000000-0000-0000-0000-000000000000",
	6,
	84);
INSERT INTO V_VAR
	VALUES ("2dee6cca-3f22-433b-b2b7-e60aa142f31b",
	"6adacd7b-662f-4fdb-9fab-d5b9ce624ee9",
	'auto_seq',
	1,
	"ba5eda7a-def5-0000-0000-000000000008");
INSERT INTO V_INT
	VALUES ("2dee6cca-3f22-433b-b2b7-e60aa142f31b",
	0,
	"fe5c048c-e29b-4151-9315-f458dfaaea1e");
INSERT INTO V_VAR
	VALUES ("ef29ae74-d117-48ca-8637-8b78b85c1b49",
	"6adacd7b-662f-4fdb-9fab-d5b9ce624ee9",
	'self',
	1,
	"ba5eda7a-def5-0000-0000-000000000008");
INSERT INTO V_INT
	VALUES ("ef29ae74-d117-48ca-8637-8b78b85c1b49",
	0,
	"68b26804-eac9-4cfe-9193-cd41226d7f08");
INSERT INTO SM_STATE
	VALUES ("28d05ffc-d12f-49b2-8f12-ce86c515597b",
	"8739724e-bd3f-46f1-bb48-e810844207ce",
	"00000000-0000-0000-0000-000000000000",
	'ConveyorEmpty',
	5,
	0);
INSERT INTO SM_EIGN
	VALUES ("28d05ffc-d12f-49b2-8f12-ce86c515597b",
	"6a7ef7a1-6f66-4335-85dd-8e7abd580a8e",
	"8739724e-bd3f-46f1-bb48-e810844207ce",
	"00000000-0000-0000-0000-000000000000",
	'');
INSERT INTO SM_SEME
	VALUES ("28d05ffc-d12f-49b2-8f12-ce86c515597b",
	"6a7ef7a1-6f66-4335-85dd-8e7abd580a8e",
	"8739724e-bd3f-46f1-bb48-e810844207ce",
	"00000000-0000-0000-0000-000000000000");
INSERT INTO SM_CH
	VALUES ("28d05ffc-d12f-49b2-8f12-ce86c515597b",
	"eeab243f-84f2-411a-956c-50ab57ccf6c1",
	"8739724e-bd3f-46f1-bb48-e810844207ce",
	"00000000-0000-0000-0000-000000000000",
	'');
INSERT INTO SM_SEME
	VALUES ("28d05ffc-d12f-49b2-8f12-ce86c515597b",
	"eeab243f-84f2-411a-956c-50ab57ccf6c1",
	"8739724e-bd3f-46f1-bb48-e810844207ce",
	"00000000-0000-0000-0000-000000000000");
INSERT INTO SM_CH
	VALUES ("28d05ffc-d12f-49b2-8f12-ce86c515597b",
	"3316cf27-ef7b-4d51-989d-1e56daaf1970",
	"8739724e-bd3f-46f1-bb48-e810844207ce",
	"00000000-0000-0000-0000-000000000000",
	'');
INSERT INTO SM_SEME
	VALUES ("28d05ffc-d12f-49b2-8f12-ce86c515597b",
	"3316cf27-ef7b-4d51-989d-1e56daaf1970",
	"8739724e-bd3f-46f1-bb48-e810844207ce",
	"00000000-0000-0000-0000-000000000000");
INSERT INTO SM_CH
	VALUES ("28d05ffc-d12f-49b2-8f12-ce86c515597b",
	"b6612c9d-29f8-4c05-93a7-94a4caaa571d",
	"8739724e-bd3f-46f1-bb48-e810844207ce",
	"00000000-0000-0000-0000-000000000000",
	'');
INSERT INTO SM_SEME
	VALUES ("28d05ffc-d12f-49b2-8f12-ce86c515597b",
	"b6612c9d-29f8-4c05-93a7-94a4caaa571d",
	"8739724e-bd3f-46f1-bb48-e810844207ce",
	"00000000-0000-0000-0000-000000000000");
INSERT INTO SM_MOAH
	VALUES ("690431f5-8b23-4356-8d85-1bb50f19e12e",
	"8739724e-bd3f-46f1-bb48-e810844207ce",
	"28d05ffc-d12f-49b2-8f12-ce86c515597b");
INSERT INTO SM_AH
	VALUES ("690431f5-8b23-4356-8d85-1bb50f19e12e",
	"8739724e-bd3f-46f1-bb48-e810844207ce");
INSERT INTO SM_ACT
	VALUES ("690431f5-8b23-4356-8d85-1bb50f19e12e",
	"8739724e-bd3f-46f1-bb48-e810844207ce",
	1,
	'// The move is complete, clean up and notify Cross Transfer Conveyor
select one auto_seq related by self->AUTOSEQ[R9];
select one xtfr_conveyor related by auto_seq->XTFRCNVR[R8];

unrelate auto_seq from xtfr_conveyor across R8;
unrelate self from auto_seq across R9;

generate XTFRCNVR7:automatic_sequence_cmplt() to xtfr_conveyor;

delete object instance self;

',
	'');
INSERT INTO ACT_SAB
	VALUES ("cdc695ca-0a41-4f1d-9511-32d8140c0c5a",
	"8739724e-bd3f-46f1-bb48-e810844207ce",
	"690431f5-8b23-4356-8d85-1bb50f19e12e");
INSERT INTO ACT_ACT
	VALUES ("cdc695ca-0a41-4f1d-9511-32d8140c0c5a",
	'state',
	0,
	"39ab4ce8-74b7-479b-8ce6-80d934ffd3a4",
	"00000000-0000-0000-0000-000000000000",
	0,
	'Hesitating Rollout::ConveyorEmpty',
	"00000000-0000-0000-0000-000000000000");
INSERT INTO ACT_BLK
	VALUES ("39ab4ce8-74b7-479b-8ce6-80d934ffd3a4",
	1,
	0,
	0,
	'V_VAR.Var_ID',
	'',
	'',
	10,
	1,
	3,
	47,
	0,
	0,
	6,
	36,
	0,
	0,
	0,
	0,
	0,
	"cdc695ca-0a41-4f1d-9511-32d8140c0c5a",
	"00000000-0000-0000-0000-000000000000");
INSERT INTO ACT_SMT
	VALUES ("da6e40b6-dceb-4803-bcfc-f898e541ff15",
	"39ab4ce8-74b7-479b-8ce6-80d934ffd3a4",
	"56e6e50c-dd70-4343-8f56-56c01451b0b2",
	2,
	1,
	'Hesitating Rollout::ConveyorEmpty line: 2');
INSERT INTO ACT_SEL
	VALUES ("da6e40b6-dceb-4803-bcfc-f898e541ff15",
	"43f81316-e16f-40a7-90e4-df59861c8e31",
	1,
	'one',
	"43969df7-36ed-4e99-a6ba-d9e51cca084f");
INSERT INTO ACT_SR
	VALUES ("da6e40b6-dceb-4803-bcfc-f898e541ff15");
INSERT INTO ACT_LNK
	VALUES ("c82e7f01-a9f6-4fec-ba82-4e047a2e0bdd",
	'',
	"da6e40b6-dceb-4803-bcfc-f898e541ff15",
	"a3254b7e-9a7f-4822-b458-095dfd530db7",
	"00000000-0000-0000-0000-000000000000",
	2,
	"fe5c048c-e29b-4151-9315-f458dfaaea1e",
	2,
	38,
	2,
	46,
	0,
	0);
INSERT INTO ACT_SMT
	VALUES ("56e6e50c-dd70-4343-8f56-56c01451b0b2",
	"39ab4ce8-74b7-479b-8ce6-80d934ffd3a4",
	"15e7faff-6bd4-4b8a-8a7c-4b004127b4dc",
	3,
	1,
	'Hesitating Rollout::ConveyorEmpty line: 3');
INSERT INTO ACT_SEL
	VALUES ("56e6e50c-dd70-4343-8f56-56c01451b0b2",
	"1af3e2e0-0275-4f98-b518-3da21bc2333e",
	1,
	'one',
	"ef61be87-c916-42df-bc7d-48bfcff9435a");
INSERT INTO ACT_SR
	VALUES ("56e6e50c-dd70-4343-8f56-56c01451b0b2");
INSERT INTO ACT_LNK
	VALUES ("cf1cceed-2175-49f6-887b-6d5a6a6a95a0",
	'',
	"56e6e50c-dd70-4343-8f56-56c01451b0b2",
	"5dc0b121-a9de-471b-9f21-50903e19c6ee",
	"00000000-0000-0000-0000-000000000000",
	2,
	"25a7da66-8d4e-40d2-9e48-725b2461dbe9",
	3,
	47,
	3,
	56,
	0,
	0);
INSERT INTO ACT_SMT
	VALUES ("15e7faff-6bd4-4b8a-8a7c-4b004127b4dc",
	"39ab4ce8-74b7-479b-8ce6-80d934ffd3a4",
	"fa289ee2-e59f-40be-8e35-6a56c42afcd5",
	5,
	1,
	'Hesitating Rollout::ConveyorEmpty line: 5');
INSERT INTO ACT_UNR
	VALUES ("15e7faff-6bd4-4b8a-8a7c-4b004127b4dc",
	"43f81316-e16f-40a7-90e4-df59861c8e31",
	"1af3e2e0-0275-4f98-b518-3da21bc2333e",
	'',
	"5dc0b121-a9de-471b-9f21-50903e19c6ee",
	5,
	45,
	0,
	0);
INSERT INTO ACT_SMT
	VALUES ("fa289ee2-e59f-40be-8e35-6a56c42afcd5",
	"39ab4ce8-74b7-479b-8ce6-80d934ffd3a4",
	"054f037e-81fd-4fac-a9ac-8b5f923812d5",
	6,
	1,
	'Hesitating Rollout::ConveyorEmpty line: 6');
INSERT INTO ACT_UNR
	VALUES ("fa289ee2-e59f-40be-8e35-6a56c42afcd5",
	"e872f36c-590e-4344-93a8-b24b40b98791",
	"43f81316-e16f-40a7-90e4-df59861c8e31",
	'',
	"a3254b7e-9a7f-4822-b458-095dfd530db7",
	6,
	36,
	0,
	0);
INSERT INTO ACT_SMT
	VALUES ("054f037e-81fd-4fac-a9ac-8b5f923812d5",
	"39ab4ce8-74b7-479b-8ce6-80d934ffd3a4",
	"68a92fb4-4971-4826-84b1-1d5fc2b4b19e",
	8,
	1,
	'Hesitating Rollout::ConveyorEmpty line: 8');
INSERT INTO E_ESS
	VALUES ("054f037e-81fd-4fac-a9ac-8b5f923812d5",
	1,
	0,
	8,
	10,
	8,
	20,
	3,
	47,
	0,
	0,
	0,
	0);
INSERT INTO E_GES
	VALUES ("054f037e-81fd-4fac-a9ac-8b5f923812d5");
INSERT INTO E_GSME
	VALUES ("054f037e-81fd-4fac-a9ac-8b5f923812d5",
	"daa0fd3d-7270-4919-a93a-6846dd45d0a2");
INSERT INTO E_GEN
	VALUES ("054f037e-81fd-4fac-a9ac-8b5f923812d5",
	"1af3e2e0-0275-4f98-b518-3da21bc2333e");
INSERT INTO ACT_SMT
	VALUES ("68a92fb4-4971-4826-84b1-1d5fc2b4b19e",
	"39ab4ce8-74b7-479b-8ce6-80d934ffd3a4",
	"00000000-0000-0000-0000-000000000000",
	10,
	1,
	'Hesitating Rollout::ConveyorEmpty line: 10');
INSERT INTO ACT_DEL
	VALUES ("68a92fb4-4971-4826-84b1-1d5fc2b4b19e",
	"e872f36c-590e-4344-93a8-b24b40b98791");
INSERT INTO V_VAL
	VALUES ("43969df7-36ed-4e99-a6ba-d9e51cca084f",
	0,
	0,
	2,
	32,
	35,
	0,
	0,
	0,
	0,
	"ba5eda7a-def5-0000-0000-000000000008",
	"39ab4ce8-74b7-479b-8ce6-80d934ffd3a4");
INSERT INTO V_IRF
	VALUES ("43969df7-36ed-4e99-a6ba-d9e51cca084f",
	"e872f36c-590e-4344-93a8-b24b40b98791");
INSERT INTO V_VAL
	VALUES ("ef61be87-c916-42df-bc7d-48bfcff9435a",
	0,
	0,
	3,
	37,
	44,
	0,
	0,
	0,
	0,
	"ba5eda7a-def5-0000-0000-000000000008",
	"39ab4ce8-74b7-479b-8ce6-80d934ffd3a4");
INSERT INTO V_IRF
	VALUES ("ef61be87-c916-42df-bc7d-48bfcff9435a",
	"43f81316-e16f-40a7-90e4-df59861c8e31");
INSERT INTO V_VAR
	VALUES ("43f81316-e16f-40a7-90e4-df59861c8e31",
	"39ab4ce8-74b7-479b-8ce6-80d934ffd3a4",
	'auto_seq',
	1,
	"ba5eda7a-def5-0000-0000-000000000008");
INSERT INTO V_INT
	VALUES ("43f81316-e16f-40a7-90e4-df59861c8e31",
	0,
	"fe5c048c-e29b-4151-9315-f458dfaaea1e");
INSERT INTO V_VAR
	VALUES ("e872f36c-590e-4344-93a8-b24b40b98791",
	"39ab4ce8-74b7-479b-8ce6-80d934ffd3a4",
	'self',
	1,
	"ba5eda7a-def5-0000-0000-000000000008");
INSERT INTO V_INT
	VALUES ("e872f36c-590e-4344-93a8-b24b40b98791",
	0,
	"68b26804-eac9-4cfe-9193-cd41226d7f08");
INSERT INTO V_VAR
	VALUES ("1af3e2e0-0275-4f98-b518-3da21bc2333e",
	"39ab4ce8-74b7-479b-8ce6-80d934ffd3a4",
	'xtfr_conveyor',
	1,
	"ba5eda7a-def5-0000-0000-000000000008");
INSERT INTO V_INT
	VALUES ("1af3e2e0-0275-4f98-b518-3da21bc2333e",
	0,
	"25a7da66-8d4e-40d2-9e48-725b2461dbe9");
INSERT INTO SM_NSTXN
	VALUES ("f53bf4ca-251e-4484-9f1e-84b7db9aeb93",
	"8739724e-bd3f-46f1-bb48-e810844207ce",
	"006d7c78-aa27-4f36-8629-2e532c1f0c20",
	"eeab243f-84f2-411a-956c-50ab57ccf6c1",
	"00000000-0000-0000-0000-000000000000");
INSERT INTO SM_TAH
	VALUES ("a179f2ea-ff80-4027-aca7-648bc49b16e4",
	"8739724e-bd3f-46f1-bb48-e810844207ce",
	"f53bf4ca-251e-4484-9f1e-84b7db9aeb93");
INSERT INTO SM_AH
	VALUES ("a179f2ea-ff80-4027-aca7-648bc49b16e4",
	"8739724e-bd3f-46f1-bb48-e810844207ce");
INSERT INTO SM_ACT
	VALUES ("a179f2ea-ff80-4027-aca7-648bc49b16e4",
	"8739724e-bd3f-46f1-bb48-e810844207ce",
	1,
	'',
	'');
INSERT INTO ACT_TAB
	VALUES ("cc6d7677-9ca1-4f2c-bfc9-23f05bab16ef",
	"8739724e-bd3f-46f1-bb48-e810844207ce",
	"a179f2ea-ff80-4027-aca7-648bc49b16e4");
INSERT INTO ACT_ACT
	VALUES ("cc6d7677-9ca1-4f2c-bfc9-23f05bab16ef",
	'transition',
	0,
	"13597c4b-0434-4949-b79c-bb9753ad4c7d",
	"00000000-0000-0000-0000-000000000000",
	0,
	'initiate_auto_seq_dht::Automatic Sequence',
	"00000000-0000-0000-0000-000000000000");
INSERT INTO ACT_BLK
	VALUES ("13597c4b-0434-4949-b79c-bb9753ad4c7d",
	0,
	0,
	0,
	'',
	'',
	'',
	0,
	0,
	0,
	0,
	0,
	0,
	0,
	0,
	0,
	0,
	0,
	0,
	0,
	"cc6d7677-9ca1-4f2c-bfc9-23f05bab16ef",
	"00000000-0000-0000-0000-000000000000");
INSERT INTO SM_TXN
	VALUES ("f53bf4ca-251e-4484-9f1e-84b7db9aeb93",
	"8739724e-bd3f-46f1-bb48-e810844207ce",
	"171b3de3-2058-4ad2-bc8d-56ae2b25aa9f",
	"00000000-0000-0000-0000-000000000000");
INSERT INTO SM_NSTXN
	VALUES ("411d57f8-bf15-48bc-aba4-a7f7bf09cf10",
	"8739724e-bd3f-46f1-bb48-e810844207ce",
	"171b3de3-2058-4ad2-bc8d-56ae2b25aa9f",
	"3316cf27-ef7b-4d51-989d-1e56daaf1970",
	"00000000-0000-0000-0000-000000000000");
INSERT INTO SM_TAH
	VALUES ("1710661a-4f85-4a1c-860b-b4859d4e1746",
	"8739724e-bd3f-46f1-bb48-e810844207ce",
	"411d57f8-bf15-48bc-aba4-a7f7bf09cf10");
INSERT INTO SM_AH
	VALUES ("1710661a-4f85-4a1c-860b-b4859d4e1746",
	"8739724e-bd3f-46f1-bb48-e810844207ce");
INSERT INTO SM_ACT
	VALUES ("1710661a-4f85-4a1c-860b-b4859d4e1746",
	"8739724e-bd3f-46f1-bb48-e810844207ce",
	1,
	'',
	'');
INSERT INTO ACT_TAB
	VALUES ("c0e50ffb-9b19-43bf-8ff7-32822aeff34f",
	"8739724e-bd3f-46f1-bb48-e810844207ce",
	"1710661a-4f85-4a1c-860b-b4859d4e1746");
INSERT INTO ACT_ACT
	VALUES ("c0e50ffb-9b19-43bf-8ff7-32822aeff34f",
	'transition',
	0,
	"4cc57347-3eb5-44e4-ac40-d6151f99f625",
	"00000000-0000-0000-0000-000000000000",
	0,
	'jog_complete::Cross Transfer Conveyor',
	"00000000-0000-0000-0000-000000000000");
INSERT INTO ACT_BLK
	VALUES ("4cc57347-3eb5-44e4-ac40-d6151f99f625",
	0,
	0,
	0,
	'',
	'',
	'',
	0,
	0,
	0,
	0,
	0,
	0,
	0,
	0,
	0,
	0,
	0,
	0,
	0,
	"c0e50ffb-9b19-43bf-8ff7-32822aeff34f",
	"00000000-0000-0000-0000-000000000000");
INSERT INTO SM_TXN
	VALUES ("411d57f8-bf15-48bc-aba4-a7f7bf09cf10",
	"8739724e-bd3f-46f1-bb48-e810844207ce",
	"af90696f-2d43-4d9f-b801-1561f98aa39d",
	"00000000-0000-0000-0000-000000000000");
INSERT INTO SM_NSTXN
	VALUES ("2e85eaf4-2d62-4ab2-8fee-def0fa0dc460",
	"8739724e-bd3f-46f1-bb48-e810844207ce",
	"af90696f-2d43-4d9f-b801-1561f98aa39d",
	"3316cf27-ef7b-4d51-989d-1e56daaf1970",
	"00000000-0000-0000-0000-000000000000");
INSERT INTO SM_TAH
	VALUES ("c54a1495-814e-4c0e-a85c-387e60facdb6",
	"8739724e-bd3f-46f1-bb48-e810844207ce",
	"2e85eaf4-2d62-4ab2-8fee-def0fa0dc460");
INSERT INTO SM_AH
	VALUES ("c54a1495-814e-4c0e-a85c-387e60facdb6",
	"8739724e-bd3f-46f1-bb48-e810844207ce");
INSERT INTO SM_ACT
	VALUES ("c54a1495-814e-4c0e-a85c-387e60facdb6",
	"8739724e-bd3f-46f1-bb48-e810844207ce",
	1,
	'',
	'');
INSERT INTO ACT_TAB
	VALUES ("0b63f3ab-c31f-42c9-a70f-a2d39b4023aa",
	"8739724e-bd3f-46f1-bb48-e810844207ce",
	"c54a1495-814e-4c0e-a85c-387e60facdb6");
INSERT INTO ACT_ACT
	VALUES ("0b63f3ab-c31f-42c9-a70f-a2d39b4023aa",
	'transition',
	0,
	"ee5bfdd4-cd87-4550-9a7f-63e76c76e53f",
	"00000000-0000-0000-0000-000000000000",
	0,
	'jog_complete::Cross Transfer Conveyor',
	"00000000-0000-0000-0000-000000000000");
INSERT INTO ACT_BLK
	VALUES ("ee5bfdd4-cd87-4550-9a7f-63e76c76e53f",
	0,
	0,
	0,
	'',
	'',
	'',
	0,
	0,
	0,
	0,
	0,
	0,
	0,
	0,
	0,
	0,
	0,
	0,
	0,
	"0b63f3ab-c31f-42c9-a70f-a2d39b4023aa",
	"00000000-0000-0000-0000-000000000000");
INSERT INTO SM_TXN
	VALUES ("2e85eaf4-2d62-4ab2-8fee-def0fa0dc460",
	"8739724e-bd3f-46f1-bb48-e810844207ce",
	"16e8fa11-d469-47f6-bc5c-31b4ec4194f9",
	"00000000-0000-0000-0000-000000000000");
INSERT INTO SM_NSTXN
	VALUES ("44fa8f54-f07b-4d49-b0a5-64614cc61f81",
	"8739724e-bd3f-46f1-bb48-e810844207ce",
	"16e8fa11-d469-47f6-bc5c-31b4ec4194f9",
	"b6612c9d-29f8-4c05-93a7-94a4caaa571d",
	"00000000-0000-0000-0000-000000000000");
INSERT INTO SM_TAH
	VALUES ("2c97e1e5-5ba1-4d2f-8541-0a38a3428551",
	"8739724e-bd3f-46f1-bb48-e810844207ce",
	"44fa8f54-f07b-4d49-b0a5-64614cc61f81");
INSERT INTO SM_AH
	VALUES ("2c97e1e5-5ba1-4d2f-8541-0a38a3428551",
	"8739724e-bd3f-46f1-bb48-e810844207ce");
INSERT INTO SM_ACT
	VALUES ("2c97e1e5-5ba1-4d2f-8541-0a38a3428551",
	"8739724e-bd3f-46f1-bb48-e810844207ce",
	1,
	'',
	'');
INSERT INTO ACT_TAB
	VALUES ("7529fad5-a2ed-4597-9734-7ab827392edd",
	"8739724e-bd3f-46f1-bb48-e810844207ce",
	"2c97e1e5-5ba1-4d2f-8541-0a38a3428551");
INSERT INTO ACT_ACT
	VALUES ("7529fad5-a2ed-4597-9734-7ab827392edd",
	'transition',
	0,
	"12f17595-5ece-42fd-84f5-89b5746f07af",
	"00000000-0000-0000-0000-000000000000",
	0,
	'motor_stopped::Cross Transfer Conveyor',
	"00000000-0000-0000-0000-000000000000");
INSERT INTO ACT_BLK
	VALUES ("12f17595-5ece-42fd-84f5-89b5746f07af",
	0,
	0,
	0,
	'',
	'',
	'',
	0,
	0,
	0,
	0,
	0,
	0,
	0,
	0,
	0,
	0,
	0,
	0,
	0,
	"7529fad5-a2ed-4597-9734-7ab827392edd",
	"00000000-0000-0000-0000-000000000000");
INSERT INTO SM_TXN
	VALUES ("44fa8f54-f07b-4d49-b0a5-64614cc61f81",
	"8739724e-bd3f-46f1-bb48-e810844207ce",
	"28d05ffc-d12f-49b2-8f12-ce86c515597b",
	"00000000-0000-0000-0000-000000000000");
INSERT INTO PE_PE
	VALUES ("5d77175d-d671-463d-974e-4471bcb408f5",
	1,
	"c3d6024b-ab3a-4992-8717-15d3939342da",
	"00000000-0000-0000-0000-000000000000",
	4);
INSERT INTO O_OBJ
	VALUES ("5d77175d-d671-463d-974e-4471bcb408f5",
	'Manual Sequence',
	11,
	'MANSEQ',
	'',
	"00000000-0000-0000-0000-000000000000");
INSERT INTO O_NBATTR
	VALUES ("925bc5c5-aba0-4146-8bd9-2b48b2bc34de",
	"5d77175d-d671-463d-974e-4471bcb408f5");
INSERT INTO O_BATTR
	VALUES ("925bc5c5-aba0-4146-8bd9-2b48b2bc34de",
	"5d77175d-d671-463d-974e-4471bcb408f5");
INSERT INTO O_ATTR
	VALUES ("925bc5c5-aba0-4146-8bd9-2b48b2bc34de",
	"5d77175d-d671-463d-974e-4471bcb408f5",
	"f54ceda1-eb8a-496a-a4b5-e412aa9a6d1a",
	'current_state',
	'',
	'',
	'current_state',
	0,
	"ba5eda7a-def5-0000-0000-000000000006",
	'',
	'');
INSERT INTO O_REF
	VALUES ("5d77175d-d671-463d-974e-4471bcb408f5",
	"25a7da66-8d4e-40d2-9e48-725b2461dbe9",
	0,
	"b6b14f55-78eb-47f4-81c0-283fbbe875c3",
	"5dc0b121-a9de-471b-9f21-50903e19c6ee",
	"faf0e819-e1f0-4bc9-90b6-f66c6226aac2",
	"022f432a-ea3d-451e-bd4b-83a22237bc3b",
	"e5cca27f-2593-48cb-88fa-88a4085cc552",
	"d4aefcc1-0134-432c-bade-a4b97f887cb1",
	"00000000-0000-0000-0000-000000000000",
	0,
	'',
	'Cross Transfer Conveyor',
	'Id',
	'R8');
INSERT INTO O_RATTR
	VALUES ("e5cca27f-2593-48cb-88fa-88a4085cc552",
	"5d77175d-d671-463d-974e-4471bcb408f5",
	"b6b14f55-78eb-47f4-81c0-283fbbe875c3",
	"25a7da66-8d4e-40d2-9e48-725b2461dbe9",
	1,
	'Id');
INSERT INTO O_ATTR
	VALUES ("e5cca27f-2593-48cb-88fa-88a4085cc552",
	"5d77175d-d671-463d-974e-4471bcb408f5",
	"00000000-0000-0000-0000-000000000000",
	'Id',
	'',
	'',
	'Id',
	0,
	"ba5eda7a-def5-0000-0000-000000000007",
	'',
	'');
INSERT INTO O_NBATTR
	VALUES ("f54ceda1-eb8a-496a-a4b5-e412aa9a6d1a",
	"5d77175d-d671-463d-974e-4471bcb408f5");
INSERT INTO O_BATTR
	VALUES ("f54ceda1-eb8a-496a-a4b5-e412aa9a6d1a",
	"5d77175d-d671-463d-974e-4471bcb408f5");
INSERT INTO O_ATTR
	VALUES ("f54ceda1-eb8a-496a-a4b5-e412aa9a6d1a",
	"5d77175d-d671-463d-974e-4471bcb408f5",
	"e5cca27f-2593-48cb-88fa-88a4085cc552",
	'jog_direction',
	'',
	'',
	'jog_direction',
	0,
	"0b9c6b49-c1c4-48d3-a888-a76d6461cf1e",
	'',
	'');
INSERT INTO O_ID
	VALUES (0,
	"5d77175d-d671-463d-974e-4471bcb408f5");
INSERT INTO O_OIDA
	VALUES ("e5cca27f-2593-48cb-88fa-88a4085cc552",
	"5d77175d-d671-463d-974e-4471bcb408f5",
	0,
	'Id');
INSERT INTO O_ID
	VALUES (1,
	"5d77175d-d671-463d-974e-4471bcb408f5");
INSERT INTO O_ID
	VALUES (2,
	"5d77175d-d671-463d-974e-4471bcb408f5");
INSERT INTO SM_ISM
	VALUES ("17803bc1-577e-43af-8c8e-25ea5fc1aadc",
	"5d77175d-d671-463d-974e-4471bcb408f5");
INSERT INTO SM_SM
	VALUES ("17803bc1-577e-43af-8c8e-25ea5fc1aadc",
	'',
	0);
INSERT INTO SM_MOORE
	VALUES ("17803bc1-577e-43af-8c8e-25ea5fc1aadc");
INSERT INTO SM_NLEVT
	VALUES ("13ef5352-c1a8-494a-aeb0-16719568467d",
	"17803bc1-577e-43af-8c8e-25ea5fc1aadc",
	"00000000-0000-0000-0000-000000000000",
	"2a8c5364-9fd0-4ae0-8afa-525b1d4fc608",
	"66632603-6b22-4087-a83c-d2f87d4fdaa9",
	"00000000-0000-0000-0000-000000000000",
	'');
INSERT INTO SM_SEVT
	VALUES ("13ef5352-c1a8-494a-aeb0-16719568467d",
	"17803bc1-577e-43af-8c8e-25ea5fc1aadc",
	"00000000-0000-0000-0000-000000000000");
INSERT INTO SM_EVT
	VALUES ("13ef5352-c1a8-494a-aeb0-16719568467d",
	"17803bc1-577e-43af-8c8e-25ea5fc1aadc",
	"00000000-0000-0000-0000-000000000000",
	3,
	'jog',
	0,
	'',
	'XTFRCNVR3*',
	'');
INSERT INTO SM_NLEVT
	VALUES ("83fafd38-c013-4ca5-8d4b-c655b9bbbd44",
	"17803bc1-577e-43af-8c8e-25ea5fc1aadc",
	"00000000-0000-0000-0000-000000000000",
	"803145dd-9ca6-43a6-bbec-873de6d0d25b",
	"66632603-6b22-4087-a83c-d2f87d4fdaa9",
	"00000000-0000-0000-0000-000000000000",
	'');
INSERT INTO SM_SEVT
	VALUES ("83fafd38-c013-4ca5-8d4b-c655b9bbbd44",
	"17803bc1-577e-43af-8c8e-25ea5fc1aadc",
	"00000000-0000-0000-0000-000000000000");
INSERT INTO SM_EVT
	VALUES ("83fafd38-c013-4ca5-8d4b-c655b9bbbd44",
	"17803bc1-577e-43af-8c8e-25ea5fc1aadc",
	"00000000-0000-0000-0000-000000000000",
	4,
	'jog_complete',
	0,
	'',
	'XTFRCNVR4*',
	'');
INSERT INTO SM_NLEVT
	VALUES ("f17c29da-fa59-4e89-b16b-e19ddce103a0",
	"17803bc1-577e-43af-8c8e-25ea5fc1aadc",
	"00000000-0000-0000-0000-000000000000",
	"a2442448-f8fb-4a19-883c-8bf885a8c63e",
	"66632603-6b22-4087-a83c-d2f87d4fdaa9",
	"00000000-0000-0000-0000-000000000000",
	'');
INSERT INTO SM_SEVT
	VALUES ("f17c29da-fa59-4e89-b16b-e19ddce103a0",
	"17803bc1-577e-43af-8c8e-25ea5fc1aadc",
	"00000000-0000-0000-0000-000000000000");
INSERT INTO SM_EVT
	VALUES ("f17c29da-fa59-4e89-b16b-e19ddce103a0",
	"17803bc1-577e-43af-8c8e-25ea5fc1aadc",
	"00000000-0000-0000-0000-000000000000",
	10,
	'drive_rdy_for_inst',
	0,
	'',
	'XTFRCNVR5*',
	'');
INSERT INTO SM_NLEVT
	VALUES ("9f6d8a33-4c4e-4869-afa9-fc1a34d5da0b",
	"17803bc1-577e-43af-8c8e-25ea5fc1aadc",
	"00000000-0000-0000-0000-000000000000",
	"6d6d4e70-a53a-43ec-9b74-154652e68560",
	"66632603-6b22-4087-a83c-d2f87d4fdaa9",
	"00000000-0000-0000-0000-000000000000",
	'');
INSERT INTO SM_SEVT
	VALUES ("9f6d8a33-4c4e-4869-afa9-fc1a34d5da0b",
	"17803bc1-577e-43af-8c8e-25ea5fc1aadc",
	"00000000-0000-0000-0000-000000000000");
INSERT INTO SM_EVT
	VALUES ("9f6d8a33-4c4e-4869-afa9-fc1a34d5da0b",
	"17803bc1-577e-43af-8c8e-25ea5fc1aadc",
	"00000000-0000-0000-0000-000000000000",
	9,
	'motor_stopped',
	0,
	'',
	'XTFRCNVR9*',
	'');
INSERT INTO SM_NLEVT
	VALUES ("db544628-c594-4ea7-9c8a-f8101114a078",
	"17803bc1-577e-43af-8c8e-25ea5fc1aadc",
	"00000000-0000-0000-0000-000000000000",
	"2cf88141-724c-421f-863b-848ab93217d0",
	"66632603-6b22-4087-a83c-d2f87d4fdaa9",
	"00000000-0000-0000-0000-000000000000",
	'');
INSERT INTO SM_SEVT
	VALUES ("db544628-c594-4ea7-9c8a-f8101114a078",
	"17803bc1-577e-43af-8c8e-25ea5fc1aadc",
	"00000000-0000-0000-0000-000000000000");
INSERT INTO SM_EVT
	VALUES ("db544628-c594-4ea7-9c8a-f8101114a078",
	"17803bc1-577e-43af-8c8e-25ea5fc1aadc",
	"00000000-0000-0000-0000-000000000000",
	10,
	'enable_control',
	0,
	'',
	'XTFRCNVR10*',
	'');
INSERT INTO SM_STATE
	VALUES ("438a914f-105d-4634-b138-7234fff16476",
	"17803bc1-577e-43af-8c8e-25ea5fc1aadc",
	"00000000-0000-0000-0000-000000000000",
	'Stopped',
	1,
	0);
INSERT INTO SM_SEME
	VALUES ("438a914f-105d-4634-b138-7234fff16476",
	"13ef5352-c1a8-494a-aeb0-16719568467d",
	"17803bc1-577e-43af-8c8e-25ea5fc1aadc",
	"00000000-0000-0000-0000-000000000000");
INSERT INTO SM_CH
	VALUES ("438a914f-105d-4634-b138-7234fff16476",
	"83fafd38-c013-4ca5-8d4b-c655b9bbbd44",
	"17803bc1-577e-43af-8c8e-25ea5fc1aadc",
	"00000000-0000-0000-0000-000000000000",
	'');
INSERT INTO SM_SEME
	VALUES ("438a914f-105d-4634-b138-7234fff16476",
	"83fafd38-c013-4ca5-8d4b-c655b9bbbd44",
	"17803bc1-577e-43af-8c8e-25ea5fc1aadc",
	"00000000-0000-0000-0000-000000000000");
INSERT INTO SM_CH
	VALUES ("438a914f-105d-4634-b138-7234fff16476",
	"f17c29da-fa59-4e89-b16b-e19ddce103a0",
	"17803bc1-577e-43af-8c8e-25ea5fc1aadc",
	"00000000-0000-0000-0000-000000000000",
	'');
INSERT INTO SM_SEME
	VALUES ("438a914f-105d-4634-b138-7234fff16476",
	"f17c29da-fa59-4e89-b16b-e19ddce103a0",
	"17803bc1-577e-43af-8c8e-25ea5fc1aadc",
	"00000000-0000-0000-0000-000000000000");
INSERT INTO SM_EIGN
	VALUES ("438a914f-105d-4634-b138-7234fff16476",
	"9f6d8a33-4c4e-4869-afa9-fc1a34d5da0b",
	"17803bc1-577e-43af-8c8e-25ea5fc1aadc",
	"00000000-0000-0000-0000-000000000000",
	'');
INSERT INTO SM_SEME
	VALUES ("438a914f-105d-4634-b138-7234fff16476",
	"9f6d8a33-4c4e-4869-afa9-fc1a34d5da0b",
	"17803bc1-577e-43af-8c8e-25ea5fc1aadc",
	"00000000-0000-0000-0000-000000000000");
INSERT INTO SM_SEME
	VALUES ("438a914f-105d-4634-b138-7234fff16476",
	"db544628-c594-4ea7-9c8a-f8101114a078",
	"17803bc1-577e-43af-8c8e-25ea5fc1aadc",
	"00000000-0000-0000-0000-000000000000");
INSERT INTO SM_MOAH
	VALUES ("7499cf30-5021-4a93-9aa0-ddb83063fde9",
	"17803bc1-577e-43af-8c8e-25ea5fc1aadc",
	"438a914f-105d-4634-b138-7234fff16476");
INSERT INTO SM_AH
	VALUES ("7499cf30-5021-4a93-9aa0-ddb83063fde9",
	"17803bc1-577e-43af-8c8e-25ea5fc1aadc");
INSERT INTO SM_ACT
	VALUES ("7499cf30-5021-4a93-9aa0-ddb83063fde9",
	"17803bc1-577e-43af-8c8e-25ea5fc1aadc",
	1,
	'/* Check to see if the switch position has changed and if so initiate a jog.
*/

position = Client::get_xtfr_jog_switch_position();

if position == Jog_Switch_Position::Operator;
   generate XTFRCNVR3:jog(direction: Machine_Side::Operator) to self;
elif position == Jog_Switch_Position::Drive;
   generate XTFRCNVR3:jog(direction: Machine_Side::Drive) to self;
end if;

',
	'');
INSERT INTO ACT_SAB
	VALUES ("ce7f1ef6-1812-4395-9e24-42f2374e74ee",
	"17803bc1-577e-43af-8c8e-25ea5fc1aadc",
	"7499cf30-5021-4a93-9aa0-ddb83063fde9");
INSERT INTO ACT_ACT
	VALUES ("ce7f1ef6-1812-4395-9e24-42f2374e74ee",
	'state',
	0,
	"39d411a2-41b1-4bb8-8beb-843695980f64",
	"00000000-0000-0000-0000-000000000000",
	0,
	'Manual Sequence::Stopped',
	"00000000-0000-0000-0000-000000000000");
INSERT INTO ACT_BLK
	VALUES ("39d411a2-41b1-4bb8-8beb-843695980f64",
	0,
	0,
	0,
	'Client',
	'',
	'',
	8,
	1,
	4,
	12,
	0,
	0,
	0,
	0,
	0,
	0,
	8,
	18,
	0,
	"ce7f1ef6-1812-4395-9e24-42f2374e74ee",
	"00000000-0000-0000-0000-000000000000");
INSERT INTO ACT_SMT
	VALUES ("b10735a0-4ec9-4609-9405-3f2caf2ea81d",
	"39d411a2-41b1-4bb8-8beb-843695980f64",
	"18f8f917-2564-43c4-94d8-dedd8ee92251",
	4,
	1,
	'Manual Sequence::Stopped line: 4');
INSERT INTO ACT_AI
	VALUES ("b10735a0-4ec9-4609-9405-3f2caf2ea81d",
	"430bdd54-07e3-4ed4-acfc-58ff85efb1b2",
	"260fecc4-edec-4b7b-8d13-e2eedf15087d",
	0,
	0);
INSERT INTO ACT_SMT
	VALUES ("18f8f917-2564-43c4-94d8-dedd8ee92251",
	"39d411a2-41b1-4bb8-8beb-843695980f64",
	"00000000-0000-0000-0000-000000000000",
	6,
	1,
	'Manual Sequence::Stopped line: 6');
INSERT INTO ACT_IF
	VALUES ("18f8f917-2564-43c4-94d8-dedd8ee92251",
	"970c251b-cbb6-4788-a40c-41ddcc291eb2",
	"1aa72ed2-0740-4eca-9d5d-25639f04275f",
	"00000000-0000-0000-0000-000000000000",
	"00000000-0000-0000-0000-000000000000");
INSERT INTO ACT_SMT
	VALUES ("c11ef482-2639-42cd-bf4b-c3ec3b62fa06",
	"39d411a2-41b1-4bb8-8beb-843695980f64",
	"00000000-0000-0000-0000-000000000000",
	8,
	1,
	'Manual Sequence::Stopped line: 8');
INSERT INTO ACT_EL
	VALUES ("c11ef482-2639-42cd-bf4b-c3ec3b62fa06",
	"4228af1d-ef61-4a51-87bd-c5b27943dab1",
	"b971e6d7-df3f-43fe-9301-0c49ebf688dd",
	"18f8f917-2564-43c4-94d8-dedd8ee92251");
INSERT INTO V_VAL
	VALUES ("260fecc4-edec-4b7b-8d13-e2eedf15087d",
	1,
	1,
	4,
	1,
	8,
	0,
	0,
	0,
	0,
	"f69263cd-bbf1-4447-ab8c-6ca928791356",
	"39d411a2-41b1-4bb8-8beb-843695980f64");
INSERT INTO V_TVL
	VALUES ("260fecc4-edec-4b7b-8d13-e2eedf15087d",
	"aec83087-386b-46b8-a8d0-d0e73d7bfacb");
INSERT INTO V_VAL
	VALUES ("430bdd54-07e3-4ed4-acfc-58ff85efb1b2",
	0,
	0,
	4,
	20,
	48,
	0,
	0,
	0,
	0,
	"f69263cd-bbf1-4447-ab8c-6ca928791356",
	"39d411a2-41b1-4bb8-8beb-843695980f64");
INSERT INTO V_MSV
	VALUES ("430bdd54-07e3-4ed4-acfc-58ff85efb1b2",
	"aedee80b-2e64-4c92-acad-67f1ba8a7f73",
	"00000000-0000-0000-0000-000000000000",
	1,
	4,
	12,
	"00000000-0000-0000-0000-000000000000");
INSERT INTO V_VAL
	VALUES ("9d1dd80b-59ed-4302-853f-73e1c140a265",
	0,
	0,
	6,
	4,
	11,
	0,
	0,
	0,
	0,
	"f69263cd-bbf1-4447-ab8c-6ca928791356",
	"39d411a2-41b1-4bb8-8beb-843695980f64");
INSERT INTO V_TVL
	VALUES ("9d1dd80b-59ed-4302-853f-73e1c140a265",
	"aec83087-386b-46b8-a8d0-d0e73d7bfacb");
INSERT INTO V_VAL
	VALUES ("1aa72ed2-0740-4eca-9d5d-25639f04275f",
	0,
	0,
	-1,
	-1,
	-1,
	0,
	0,
	0,
	0,
	"ba5eda7a-def5-0000-0000-000000000001",
	"39d411a2-41b1-4bb8-8beb-843695980f64");
INSERT INTO V_BIN
	VALUES ("1aa72ed2-0740-4eca-9d5d-25639f04275f",
	"bf122889-2a91-4db2-a58e-739fdd8ad099",
	"9d1dd80b-59ed-4302-853f-73e1c140a265",
	'==');
INSERT INTO V_VAL
	VALUES ("bf122889-2a91-4db2-a58e-739fdd8ad099",
	0,
	0,
	6,
	37,
	44,
	0,
	0,
	0,
	0,
	"f69263cd-bbf1-4447-ab8c-6ca928791356",
	"39d411a2-41b1-4bb8-8beb-843695980f64");
INSERT INTO V_LEN
	VALUES ("bf122889-2a91-4db2-a58e-739fdd8ad099",
	"a25ea528-6e48-4c6d-8159-95c1136a228f",
	6,
	16);
INSERT INTO V_VAL
	VALUES ("f9b5cfee-0376-4146-a835-44160e2e7d7f",
	0,
	0,
	8,
	6,
	13,
	0,
	0,
	0,
	0,
	"f69263cd-bbf1-4447-ab8c-6ca928791356",
	"39d411a2-41b1-4bb8-8beb-843695980f64");
INSERT INTO V_TVL
	VALUES ("f9b5cfee-0376-4146-a835-44160e2e7d7f",
	"aec83087-386b-46b8-a8d0-d0e73d7bfacb");
INSERT INTO V_VAL
	VALUES ("b971e6d7-df3f-43fe-9301-0c49ebf688dd",
	0,
	0,
	-1,
	-1,
	-1,
	0,
	0,
	0,
	0,
	"ba5eda7a-def5-0000-0000-000000000001",
	"39d411a2-41b1-4bb8-8beb-843695980f64");
INSERT INTO V_BIN
	VALUES ("b971e6d7-df3f-43fe-9301-0c49ebf688dd",
	"ba0380ca-2f6e-4867-a975-9d932034b621",
	"f9b5cfee-0376-4146-a835-44160e2e7d7f",
	'==');
INSERT INTO V_VAL
	VALUES ("ba0380ca-2f6e-4867-a975-9d932034b621",
	0,
	0,
	8,
	39,
	43,
	0,
	0,
	0,
	0,
	"f69263cd-bbf1-4447-ab8c-6ca928791356",
	"39d411a2-41b1-4bb8-8beb-843695980f64");
INSERT INTO V_LEN
	VALUES ("ba0380ca-2f6e-4867-a975-9d932034b621",
	"7dc639d1-4772-4dea-abb8-715959ea3b70",
	8,
	18);
INSERT INTO V_VAR
	VALUES ("aec83087-386b-46b8-a8d0-d0e73d7bfacb",
	"39d411a2-41b1-4bb8-8beb-843695980f64",
	'position',
	1,
	"f69263cd-bbf1-4447-ab8c-6ca928791356");
INSERT INTO V_TRN
	VALUES ("aec83087-386b-46b8-a8d0-d0e73d7bfacb",
	"00000000-0000-0000-0000-000000000000",
	'');
INSERT INTO V_VAR
	VALUES ("92b925df-62ed-4411-8e0d-76619a243c2f",
	"39d411a2-41b1-4bb8-8beb-843695980f64",
	'self',
	1,
	"ba5eda7a-def5-0000-0000-000000000008");
INSERT INTO V_INT
	VALUES ("92b925df-62ed-4411-8e0d-76619a243c2f",
	0,
	"5d77175d-d671-463d-974e-4471bcb408f5");
INSERT INTO ACT_BLK
	VALUES ("970c251b-cbb6-4788-a40c-41ddcc291eb2",
	0,
	0,
	0,
	'V_VAR.Var_ID',
	'direction',
	'direction',
	7,
	4,
	0,
	0,
	0,
	0,
	0,
	0,
	0,
	0,
	7,
	38,
	0,
	"ce7f1ef6-1812-4395-9e24-42f2374e74ee",
	"00000000-0000-0000-0000-000000000000");
INSERT INTO ACT_SMT
	VALUES ("6a10ca65-6a80-47c6-9537-60737d1d38a1",
	"970c251b-cbb6-4788-a40c-41ddcc291eb2",
	"00000000-0000-0000-0000-000000000000",
	7,
	4,
	'Manual Sequence::Stopped line: 7');
INSERT INTO E_ESS
	VALUES ("6a10ca65-6a80-47c6-9537-60737d1d38a1",
	1,
	0,
	7,
	13,
	7,
	23,
	0,
	0,
	7,
	27,
	0,
	0);
INSERT INTO V_PAR
	VALUES ("47489c9e-0158-4f6a-bba3-f693e3577b3e",
	"6a10ca65-6a80-47c6-9537-60737d1d38a1",
	"00000000-0000-0000-0000-000000000000",
	'direction',
	"00000000-0000-0000-0000-000000000000",
	7,
	27);
INSERT INTO E_GES
	VALUES ("6a10ca65-6a80-47c6-9537-60737d1d38a1");
INSERT INTO E_GSME
	VALUES ("6a10ca65-6a80-47c6-9537-60737d1d38a1",
	"2a8c5364-9fd0-4ae0-8afa-525b1d4fc608");
INSERT INTO E_GEN
	VALUES ("6a10ca65-6a80-47c6-9537-60737d1d38a1",
	"92b925df-62ed-4411-8e0d-76619a243c2f");
INSERT INTO V_VAL
	VALUES ("47489c9e-0158-4f6a-bba3-f693e3577b3e",
	0,
	0,
	7,
	52,
	59,
	0,
	0,
	0,
	0,
	"0b9c6b49-c1c4-48d3-a888-a76d6461cf1e",
	"970c251b-cbb6-4788-a40c-41ddcc291eb2");
INSERT INTO V_LEN
	VALUES ("47489c9e-0158-4f6a-bba3-f693e3577b3e",
	"8a56e473-108a-44f9-b892-c1029d8f5f9c",
	7,
	38);
INSERT INTO ACT_BLK
	VALUES ("4228af1d-ef61-4a51-87bd-c5b27943dab1",
	0,
	0,
	0,
	'V_VAR.Var_ID',
	'direction',
	'direction',
	9,
	4,
	0,
	0,
	0,
	0,
	0,
	0,
	0,
	0,
	9,
	38,
	0,
	"ce7f1ef6-1812-4395-9e24-42f2374e74ee",
	"00000000-0000-0000-0000-000000000000");
INSERT INTO ACT_SMT
	VALUES ("3773c20e-5605-48f1-a006-a05ffe329af6",
	"4228af1d-ef61-4a51-87bd-c5b27943dab1",
	"00000000-0000-0000-0000-000000000000",
	9,
	4,
	'Manual Sequence::Stopped line: 9');
INSERT INTO E_ESS
	VALUES ("3773c20e-5605-48f1-a006-a05ffe329af6",
	1,
	0,
	9,
	13,
	9,
	23,
	0,
	0,
	9,
	27,
	0,
	0);
INSERT INTO V_PAR
	VALUES ("b7713060-fe38-452e-a1ae-299046282207",
	"3773c20e-5605-48f1-a006-a05ffe329af6",
	"00000000-0000-0000-0000-000000000000",
	'direction',
	"00000000-0000-0000-0000-000000000000",
	9,
	27);
INSERT INTO E_GES
	VALUES ("3773c20e-5605-48f1-a006-a05ffe329af6");
INSERT INTO E_GSME
	VALUES ("3773c20e-5605-48f1-a006-a05ffe329af6",
	"2a8c5364-9fd0-4ae0-8afa-525b1d4fc608");
INSERT INTO E_GEN
	VALUES ("3773c20e-5605-48f1-a006-a05ffe329af6",
	"92b925df-62ed-4411-8e0d-76619a243c2f");
INSERT INTO V_VAL
	VALUES ("b7713060-fe38-452e-a1ae-299046282207",
	0,
	0,
	9,
	52,
	56,
	0,
	0,
	0,
	0,
	"0b9c6b49-c1c4-48d3-a888-a76d6461cf1e",
	"4228af1d-ef61-4a51-87bd-c5b27943dab1");
INSERT INTO V_LEN
	VALUES ("b7713060-fe38-452e-a1ae-299046282207",
	"8a559e7f-3861-46ef-86db-7cb663135af4",
	9,
	38);
INSERT INTO SM_STATE
	VALUES ("4511f70c-2bc8-4ae9-9bbc-557a7ad9d30b",
	"17803bc1-577e-43af-8c8e-25ea5fc1aadc",
	"00000000-0000-0000-0000-000000000000",
	'InitiateJog',
	2,
	0);
INSERT INTO SM_CH
	VALUES ("4511f70c-2bc8-4ae9-9bbc-557a7ad9d30b",
	"13ef5352-c1a8-494a-aeb0-16719568467d",
	"17803bc1-577e-43af-8c8e-25ea5fc1aadc",
	"00000000-0000-0000-0000-000000000000",
	'');
INSERT INTO SM_SEME
	VALUES ("4511f70c-2bc8-4ae9-9bbc-557a7ad9d30b",
	"13ef5352-c1a8-494a-aeb0-16719568467d",
	"17803bc1-577e-43af-8c8e-25ea5fc1aadc",
	"00000000-0000-0000-0000-000000000000");
INSERT INTO SM_CH
	VALUES ("4511f70c-2bc8-4ae9-9bbc-557a7ad9d30b",
	"83fafd38-c013-4ca5-8d4b-c655b9bbbd44",
	"17803bc1-577e-43af-8c8e-25ea5fc1aadc",
	"00000000-0000-0000-0000-000000000000",
	'');
INSERT INTO SM_SEME
	VALUES ("4511f70c-2bc8-4ae9-9bbc-557a7ad9d30b",
	"83fafd38-c013-4ca5-8d4b-c655b9bbbd44",
	"17803bc1-577e-43af-8c8e-25ea5fc1aadc",
	"00000000-0000-0000-0000-000000000000");
INSERT INTO SM_SEME
	VALUES ("4511f70c-2bc8-4ae9-9bbc-557a7ad9d30b",
	"f17c29da-fa59-4e89-b16b-e19ddce103a0",
	"17803bc1-577e-43af-8c8e-25ea5fc1aadc",
	"00000000-0000-0000-0000-000000000000");
INSERT INTO SM_CH
	VALUES ("4511f70c-2bc8-4ae9-9bbc-557a7ad9d30b",
	"9f6d8a33-4c4e-4869-afa9-fc1a34d5da0b",
	"17803bc1-577e-43af-8c8e-25ea5fc1aadc",
	"00000000-0000-0000-0000-000000000000",
	'');
INSERT INTO SM_SEME
	VALUES ("4511f70c-2bc8-4ae9-9bbc-557a7ad9d30b",
	"9f6d8a33-4c4e-4869-afa9-fc1a34d5da0b",
	"17803bc1-577e-43af-8c8e-25ea5fc1aadc",
	"00000000-0000-0000-0000-000000000000");
INSERT INTO SM_CH
	VALUES ("4511f70c-2bc8-4ae9-9bbc-557a7ad9d30b",
	"db544628-c594-4ea7-9c8a-f8101114a078",
	"17803bc1-577e-43af-8c8e-25ea5fc1aadc",
	"00000000-0000-0000-0000-000000000000",
	'');
INSERT INTO SM_SEME
	VALUES ("4511f70c-2bc8-4ae9-9bbc-557a7ad9d30b",
	"db544628-c594-4ea7-9c8a-f8101114a078",
	"17803bc1-577e-43af-8c8e-25ea5fc1aadc",
	"00000000-0000-0000-0000-000000000000");
INSERT INTO SM_MOAH
	VALUES ("44d2e201-e32b-4aca-b7cc-bb3e4f038e31",
	"17803bc1-577e-43af-8c8e-25ea5fc1aadc",
	"4511f70c-2bc8-4ae9-9bbc-557a7ad9d30b");
INSERT INTO SM_AH
	VALUES ("44d2e201-e32b-4aca-b7cc-bb3e4f038e31",
	"17803bc1-577e-43af-8c8e-25ea5fc1aadc");
INSERT INTO SM_ACT
	VALUES ("44d2e201-e32b-4aca-b7cc-bb3e4f038e31",
	"17803bc1-577e-43af-8c8e-25ea5fc1aadc",
	1,
	'/* Jog the conveyor to the requested side
*/

// Save the requested direction
self.jog_direction = rcvd_evt.direction;

// Translate the machine side into a motor direction then jog conveyor.
select one conveyor related by self->XTFRCNVR[R8];
xtfrcnvr::jog(direction: conveyor.GetMotorDirection(machine_side: rcvd_evt.direction),
               velocity: -1, 
           acceleration: -1, 
               duration: 0000);  /* 30 seconds max jog duration, 0 for testing */
',
	'');
INSERT INTO ACT_SAB
	VALUES ("ddf169e3-b65d-4137-8d3c-86a01a15e655",
	"17803bc1-577e-43af-8c8e-25ea5fc1aadc",
	"44d2e201-e32b-4aca-b7cc-bb3e4f038e31");
INSERT INTO ACT_ACT
	VALUES ("ddf169e3-b65d-4137-8d3c-86a01a15e655",
	'state',
	0,
	"05a4b124-aaa2-4ce2-8b97-f8f2acd19104",
	"00000000-0000-0000-0000-000000000000",
	0,
	'Manual Sequence::InitiateJog',
	"00000000-0000-0000-0000-000000000000");
INSERT INTO ACT_BLK
	VALUES ("05a4b124-aaa2-4ce2-8b97-f8f2acd19104",
	1,
	0,
	0,
	'xtfrcnvr',
	'',
	'',
	9,
	1,
	9,
	1,
	0,
	0,
	8,
	47,
	0,
	0,
	0,
	0,
	0,
	"ddf169e3-b65d-4137-8d3c-86a01a15e655",
	"00000000-0000-0000-0000-000000000000");
INSERT INTO ACT_SMT
	VALUES ("4882451a-d3e4-4984-b101-b7d574f2ffda",
	"05a4b124-aaa2-4ce2-8b97-f8f2acd19104",
	"b9363c55-f8f7-440d-baa5-8c2cc7d012c9",
	5,
	1,
	'Manual Sequence::InitiateJog line: 5');
INSERT INTO ACT_AI
	VALUES ("4882451a-d3e4-4984-b101-b7d574f2ffda",
	"ad3d4726-4bb0-4b06-822b-5d666c44018b",
	"06feaaf4-1b5d-413c-9af3-8cfe3f1ed1b3",
	0,
	0);
INSERT INTO ACT_SMT
	VALUES ("b9363c55-f8f7-440d-baa5-8c2cc7d012c9",
	"05a4b124-aaa2-4ce2-8b97-f8f2acd19104",
	"9abb094f-5003-4bb1-85f5-4855acc903f8",
	8,
	1,
	'Manual Sequence::InitiateJog line: 8');
INSERT INTO ACT_SEL
	VALUES ("b9363c55-f8f7-440d-baa5-8c2cc7d012c9",
	"18e5ca19-9cb1-4185-81ef-e7bd4e9baa50",
	1,
	'one',
	"74da7b2a-dd49-4384-a553-b2cf61b7f7e8");
INSERT INTO ACT_SR
	VALUES ("b9363c55-f8f7-440d-baa5-8c2cc7d012c9");
INSERT INTO ACT_LNK
	VALUES ("e98a6b7c-c290-4ea5-95e1-d52b66200837",
	'',
	"b9363c55-f8f7-440d-baa5-8c2cc7d012c9",
	"5dc0b121-a9de-471b-9f21-50903e19c6ee",
	"00000000-0000-0000-0000-000000000000",
	2,
	"25a7da66-8d4e-40d2-9e48-725b2461dbe9",
	8,
	38,
	8,
	47,
	0,
	0);
INSERT INTO ACT_SMT
	VALUES ("9abb094f-5003-4bb1-85f5-4855acc903f8",
	"05a4b124-aaa2-4ce2-8b97-f8f2acd19104",
	"00000000-0000-0000-0000-000000000000",
	9,
	1,
	'Manual Sequence::InitiateJog line: 9');
INSERT INTO ACT_SGN
	VALUES ("9abb094f-5003-4bb1-85f5-4855acc903f8",
	9,
	11,
	9,
	1,
	"00000000-0000-0000-0000-000000000000",
	"578e8329-1413-4bb5-b09d-401bbfb55fc4",
	"00000000-0000-0000-0000-000000000000");
INSERT INTO V_VAL
	VALUES ("0c6bdabe-6a54-4ef0-be47-4514342158f3",
	1,
	0,
	5,
	1,
	4,
	0,
	0,
	0,
	0,
	"ba5eda7a-def5-0000-0000-000000000008",
	"05a4b124-aaa2-4ce2-8b97-f8f2acd19104");
INSERT INTO V_IRF
	VALUES ("0c6bdabe-6a54-4ef0-be47-4514342158f3",
	"2f9ae622-7200-4b44-90bb-5d2221447dba");
INSERT INTO V_VAL
	VALUES ("06feaaf4-1b5d-413c-9af3-8cfe3f1ed1b3",
	1,
	0,
	5,
	6,
	18,
	0,
	0,
	0,
	0,
	"0b9c6b49-c1c4-48d3-a888-a76d6461cf1e",
	"05a4b124-aaa2-4ce2-8b97-f8f2acd19104");
INSERT INTO V_AVL
	VALUES ("06feaaf4-1b5d-413c-9af3-8cfe3f1ed1b3",
	"0c6bdabe-6a54-4ef0-be47-4514342158f3",
	"5d77175d-d671-463d-974e-4471bcb408f5",
	"f54ceda1-eb8a-496a-a4b5-e412aa9a6d1a");
INSERT INTO V_VAL
	VALUES ("ad3d4726-4bb0-4b06-822b-5d666c44018b",
	0,
	0,
	5,
	31,
	39,
	0,
	0,
	0,
	0,
	"0b9c6b49-c1c4-48d3-a888-a76d6461cf1e",
	"05a4b124-aaa2-4ce2-8b97-f8f2acd19104");
INSERT INTO V_EDV
	VALUES ("ad3d4726-4bb0-4b06-822b-5d666c44018b");
INSERT INTO V_EPR
	VALUES ("ad3d4726-4bb0-4b06-822b-5d666c44018b",
	"66632603-6b22-4087-a83c-d2f87d4fdaa9",
	"f82b477b-5408-4420-9e41-8d67968f6a8b",
	"00000000-0000-0000-0000-000000000000");
INSERT INTO V_VAL
	VALUES ("74da7b2a-dd49-4384-a553-b2cf61b7f7e8",
	0,
	0,
	8,
	32,
	35,
	0,
	0,
	0,
	0,
	"ba5eda7a-def5-0000-0000-000000000008",
	"05a4b124-aaa2-4ce2-8b97-f8f2acd19104");
INSERT INTO V_IRF
	VALUES ("74da7b2a-dd49-4384-a553-b2cf61b7f7e8",
	"2f9ae622-7200-4b44-90bb-5d2221447dba");
INSERT INTO V_VAL
	VALUES ("0f4b3973-5405-420b-a26a-de4a7d838dc3",
	0,
	0,
	9,
	35,
	-1,
	9,
	53,
	0,
	0,
	"10a457d6-e25e-4dbe-a48f-0682e976c4bf",
	"05a4b124-aaa2-4ce2-8b97-f8f2acd19104");
INSERT INTO V_TRV
	VALUES ("0f4b3973-5405-420b-a26a-de4a7d838dc3",
	"688972dd-f628-4d10-9d26-640e6ab486aa",
	"18e5ca19-9cb1-4185-81ef-e7bd4e9baa50",
	1,
	0,
	0);
INSERT INTO V_PAR
	VALUES ("0f4b3973-5405-420b-a26a-de4a7d838dc3",
	"9abb094f-5003-4bb1-85f5-4855acc903f8",
	"00000000-0000-0000-0000-000000000000",
	'direction',
	"c3987edd-6dd7-4768-ae17-a950e2fab700",
	9,
	15);
INSERT INTO V_VAL
	VALUES ("9b5e8b9d-6de3-464b-a97d-5c9cb10bb563",
	0,
	0,
	9,
	76,
	84,
	0,
	0,
	0,
	0,
	"0b9c6b49-c1c4-48d3-a888-a76d6461cf1e",
	"05a4b124-aaa2-4ce2-8b97-f8f2acd19104");
INSERT INTO V_EDV
	VALUES ("9b5e8b9d-6de3-464b-a97d-5c9cb10bb563");
INSERT INTO V_EPR
	VALUES ("9b5e8b9d-6de3-464b-a97d-5c9cb10bb563",
	"66632603-6b22-4087-a83c-d2f87d4fdaa9",
	"f82b477b-5408-4420-9e41-8d67968f6a8b",
	"00000000-0000-0000-0000-000000000000");
INSERT INTO V_PAR
	VALUES ("9b5e8b9d-6de3-464b-a97d-5c9cb10bb563",
	"00000000-0000-0000-0000-000000000000",
	"0f4b3973-5405-420b-a26a-de4a7d838dc3",
	'machine_side',
	"00000000-0000-0000-0000-000000000000",
	9,
	53);
INSERT INTO V_VAL
	VALUES ("c3987edd-6dd7-4768-ae17-a950e2fab700",
	0,
	0,
	-1,
	-1,
	-1,
	0,
	0,
	0,
	0,
	"ba5eda7a-def5-0000-0000-000000000002",
	"05a4b124-aaa2-4ce2-8b97-f8f2acd19104");
INSERT INTO V_UNY
	VALUES ("c3987edd-6dd7-4768-ae17-a950e2fab700",
	"a974481f-2ba0-4726-87de-542cbb425164",
	'-');
INSERT INTO V_PAR
	VALUES ("c3987edd-6dd7-4768-ae17-a950e2fab700",
	"9abb094f-5003-4bb1-85f5-4855acc903f8",
	"00000000-0000-0000-0000-000000000000",
	'velocity',
	"8ecfed5d-7504-42d3-ba3c-d028fa37b18f",
	10,
	16);
INSERT INTO V_VAL
	VALUES ("a974481f-2ba0-4726-87de-542cbb425164",
	0,
	0,
	10,
	27,
	27,
	0,
	0,
	0,
	0,
	"ba5eda7a-def5-0000-0000-000000000002",
	"05a4b124-aaa2-4ce2-8b97-f8f2acd19104");
INSERT INTO V_LIN
	VALUES ("a974481f-2ba0-4726-87de-542cbb425164",
	'1');
INSERT INTO V_VAL
	VALUES ("8ecfed5d-7504-42d3-ba3c-d028fa37b18f",
	0,
	0,
	-1,
	-1,
	-1,
	0,
	0,
	0,
	0,
	"ba5eda7a-def5-0000-0000-000000000002",
	"05a4b124-aaa2-4ce2-8b97-f8f2acd19104");
INSERT INTO V_UNY
	VALUES ("8ecfed5d-7504-42d3-ba3c-d028fa37b18f",
	"f02e424c-441b-4207-820f-44914f654851",
	'-');
INSERT INTO V_PAR
	VALUES ("8ecfed5d-7504-42d3-ba3c-d028fa37b18f",
	"9abb094f-5003-4bb1-85f5-4855acc903f8",
	"00000000-0000-0000-0000-000000000000",
	'acceleration',
	"6e1394b3-9210-46c0-b14c-5b9d7a799ec4",
	11,
	12);
INSERT INTO V_VAL
	VALUES ("f02e424c-441b-4207-820f-44914f654851",
	0,
	0,
	11,
	27,
	27,
	0,
	0,
	0,
	0,
	"ba5eda7a-def5-0000-0000-000000000002",
	"05a4b124-aaa2-4ce2-8b97-f8f2acd19104");
INSERT INTO V_LIN
	VALUES ("f02e424c-441b-4207-820f-44914f654851",
	'1');
INSERT INTO V_VAL
	VALUES ("6e1394b3-9210-46c0-b14c-5b9d7a799ec4",
	0,
	0,
	12,
	26,
	29,
	0,
	0,
	0,
	0,
	"ba5eda7a-def5-0000-0000-000000000002",
	"05a4b124-aaa2-4ce2-8b97-f8f2acd19104");
INSERT INTO V_LIN
	VALUES ("6e1394b3-9210-46c0-b14c-5b9d7a799ec4",
	'0000');
INSERT INTO V_PAR
	VALUES ("6e1394b3-9210-46c0-b14c-5b9d7a799ec4",
	"9abb094f-5003-4bb1-85f5-4855acc903f8",
	"00000000-0000-0000-0000-000000000000",
	'duration',
	"00000000-0000-0000-0000-000000000000",
	12,
	16);
INSERT INTO V_VAR
	VALUES ("2f9ae622-7200-4b44-90bb-5d2221447dba",
	"05a4b124-aaa2-4ce2-8b97-f8f2acd19104",
	'self',
	1,
	"ba5eda7a-def5-0000-0000-000000000008");
INSERT INTO V_INT
	VALUES ("2f9ae622-7200-4b44-90bb-5d2221447dba",
	0,
	"5d77175d-d671-463d-974e-4471bcb408f5");
INSERT INTO V_VAR
	VALUES ("18e5ca19-9cb1-4185-81ef-e7bd4e9baa50",
	"05a4b124-aaa2-4ce2-8b97-f8f2acd19104",
	'conveyor',
	1,
	"ba5eda7a-def5-0000-0000-000000000008");
INSERT INTO V_INT
	VALUES ("18e5ca19-9cb1-4185-81ef-e7bd4e9baa50",
	0,
	"25a7da66-8d4e-40d2-9e48-725b2461dbe9");
INSERT INTO SM_STATE
	VALUES ("0c8e46f9-a67d-4c2f-a657-be9ac562c71d",
	"17803bc1-577e-43af-8c8e-25ea5fc1aadc",
	"00000000-0000-0000-0000-000000000000",
	'ConfirmedMoving',
	3,
	0);
INSERT INTO SM_SEME
	VALUES ("0c8e46f9-a67d-4c2f-a657-be9ac562c71d",
	"13ef5352-c1a8-494a-aeb0-16719568467d",
	"17803bc1-577e-43af-8c8e-25ea5fc1aadc",
	"00000000-0000-0000-0000-000000000000");
INSERT INTO SM_SEME
	VALUES ("0c8e46f9-a67d-4c2f-a657-be9ac562c71d",
	"83fafd38-c013-4ca5-8d4b-c655b9bbbd44",
	"17803bc1-577e-43af-8c8e-25ea5fc1aadc",
	"00000000-0000-0000-0000-000000000000");
INSERT INTO SM_CH
	VALUES ("0c8e46f9-a67d-4c2f-a657-be9ac562c71d",
	"f17c29da-fa59-4e89-b16b-e19ddce103a0",
	"17803bc1-577e-43af-8c8e-25ea5fc1aadc",
	"00000000-0000-0000-0000-000000000000",
	'');
INSERT INTO SM_SEME
	VALUES ("0c8e46f9-a67d-4c2f-a657-be9ac562c71d",
	"f17c29da-fa59-4e89-b16b-e19ddce103a0",
	"17803bc1-577e-43af-8c8e-25ea5fc1aadc",
	"00000000-0000-0000-0000-000000000000");
INSERT INTO SM_CH
	VALUES ("0c8e46f9-a67d-4c2f-a657-be9ac562c71d",
	"9f6d8a33-4c4e-4869-afa9-fc1a34d5da0b",
	"17803bc1-577e-43af-8c8e-25ea5fc1aadc",
	"00000000-0000-0000-0000-000000000000",
	'');
INSERT INTO SM_SEME
	VALUES ("0c8e46f9-a67d-4c2f-a657-be9ac562c71d",
	"9f6d8a33-4c4e-4869-afa9-fc1a34d5da0b",
	"17803bc1-577e-43af-8c8e-25ea5fc1aadc",
	"00000000-0000-0000-0000-000000000000");
INSERT INTO SM_CH
	VALUES ("0c8e46f9-a67d-4c2f-a657-be9ac562c71d",
	"db544628-c594-4ea7-9c8a-f8101114a078",
	"17803bc1-577e-43af-8c8e-25ea5fc1aadc",
	"00000000-0000-0000-0000-000000000000",
	'');
INSERT INTO SM_SEME
	VALUES ("0c8e46f9-a67d-4c2f-a657-be9ac562c71d",
	"db544628-c594-4ea7-9c8a-f8101114a078",
	"17803bc1-577e-43af-8c8e-25ea5fc1aadc",
	"00000000-0000-0000-0000-000000000000");
INSERT INTO SM_MOAH
	VALUES ("d67a6628-2121-42bb-b73b-6df03c5136ab",
	"17803bc1-577e-43af-8c8e-25ea5fc1aadc",
	"0c8e46f9-a67d-4c2f-a657-be9ac562c71d");
INSERT INTO SM_AH
	VALUES ("d67a6628-2121-42bb-b73b-6df03c5136ab",
	"17803bc1-577e-43af-8c8e-25ea5fc1aadc");
INSERT INTO SM_ACT
	VALUES ("d67a6628-2121-42bb-b73b-6df03c5136ab",
	"17803bc1-577e-43af-8c8e-25ea5fc1aadc",
	1,
	'/* Check to see if the switch position has changed and if so initiate a stop.
*/

position = Client::get_xtfr_jog_switch_position();

if ((position == Jog_Switch_Position::Stop) or
    (position == Jog_Switch_Position::Operator and self.jog_direction == Machine_Side::Drive) or
    (position == Jog_Switch_Position::Drive and self.jog_direction == Machine_Side::Operator)
   );
   // The switch position doesn''t agree with what the conveyor is doing, stop it.
   generate XTFRCNVR4:jog_complete() to self;
end if;
',
	'');
INSERT INTO ACT_SAB
	VALUES ("ce6e7bc0-b65d-4e78-b086-7b7d2870a124",
	"17803bc1-577e-43af-8c8e-25ea5fc1aadc",
	"d67a6628-2121-42bb-b73b-6df03c5136ab");
INSERT INTO ACT_ACT
	VALUES ("ce6e7bc0-b65d-4e78-b086-7b7d2870a124",
	'state',
	0,
	"1afbf64b-f91b-4610-a9ce-3d61bcd290d1",
	"00000000-0000-0000-0000-000000000000",
	0,
	'Manual Sequence::ConfirmedMoving',
	"00000000-0000-0000-0000-000000000000");
INSERT INTO ACT_BLK
	VALUES ("1afbf64b-f91b-4610-a9ce-3d61bcd290d1",
	0,
	0,
	0,
	'Client',
	'',
	'',
	6,
	1,
	4,
	12,
	0,
	0,
	0,
	0,
	0,
	0,
	8,
	71,
	0,
	"ce6e7bc0-b65d-4e78-b086-7b7d2870a124",
	"00000000-0000-0000-0000-000000000000");
INSERT INTO ACT_SMT
	VALUES ("26f0a41d-b9dd-48f9-acf0-7e98a831e7ff",
	"1afbf64b-f91b-4610-a9ce-3d61bcd290d1",
	"95b53258-3214-45bf-8ae4-bb4ca6fbd06e",
	4,
	1,
	'Manual Sequence::ConfirmedMoving line: 4');
INSERT INTO ACT_AI
	VALUES ("26f0a41d-b9dd-48f9-acf0-7e98a831e7ff",
	"31795fea-5264-4a2b-9297-a396df412d96",
	"48ac0ef2-9eb5-4323-97fc-0dab40a771ea",
	0,
	0);
INSERT INTO ACT_SMT
	VALUES ("95b53258-3214-45bf-8ae4-bb4ca6fbd06e",
	"1afbf64b-f91b-4610-a9ce-3d61bcd290d1",
	"00000000-0000-0000-0000-000000000000",
	6,
	1,
	'Manual Sequence::ConfirmedMoving line: 6');
INSERT INTO ACT_IF
	VALUES ("95b53258-3214-45bf-8ae4-bb4ca6fbd06e",
	"9d2e23db-19b5-41e3-ac6e-91b7d53371af",
	"1c55d743-9b84-46ee-8745-08470b4a7671",
	"00000000-0000-0000-0000-000000000000",
	"00000000-0000-0000-0000-000000000000");
INSERT INTO V_VAL
	VALUES ("48ac0ef2-9eb5-4323-97fc-0dab40a771ea",
	1,
	1,
	4,
	1,
	8,
	0,
	0,
	0,
	0,
	"f69263cd-bbf1-4447-ab8c-6ca928791356",
	"1afbf64b-f91b-4610-a9ce-3d61bcd290d1");
INSERT INTO V_TVL
	VALUES ("48ac0ef2-9eb5-4323-97fc-0dab40a771ea",
	"f2ed4d78-f535-4e2a-9d06-bb25203f4f50");
INSERT INTO V_VAL
	VALUES ("31795fea-5264-4a2b-9297-a396df412d96",
	0,
	0,
	4,
	20,
	48,
	0,
	0,
	0,
	0,
	"f69263cd-bbf1-4447-ab8c-6ca928791356",
	"1afbf64b-f91b-4610-a9ce-3d61bcd290d1");
INSERT INTO V_MSV
	VALUES ("31795fea-5264-4a2b-9297-a396df412d96",
	"aedee80b-2e64-4c92-acad-67f1ba8a7f73",
	"00000000-0000-0000-0000-000000000000",
	1,
	4,
	12,
	"00000000-0000-0000-0000-000000000000");
INSERT INTO V_VAL
	VALUES ("9b42ef03-f3d7-435f-8a3b-790755be8010",
	0,
	0,
	6,
	6,
	13,
	0,
	0,
	0,
	0,
	"f69263cd-bbf1-4447-ab8c-6ca928791356",
	"1afbf64b-f91b-4610-a9ce-3d61bcd290d1");
INSERT INTO V_TVL
	VALUES ("9b42ef03-f3d7-435f-8a3b-790755be8010",
	"f2ed4d78-f535-4e2a-9d06-bb25203f4f50");
INSERT INTO V_VAL
	VALUES ("46cfb77d-716f-4650-a719-9c0bd53a2e98",
	0,
	0,
	-1,
	-1,
	-1,
	0,
	0,
	0,
	0,
	"ba5eda7a-def5-0000-0000-000000000001",
	"1afbf64b-f91b-4610-a9ce-3d61bcd290d1");
INSERT INTO V_BIN
	VALUES ("46cfb77d-716f-4650-a719-9c0bd53a2e98",
	"bbb3fdcb-29c1-405b-99c3-1384b589b852",
	"9b42ef03-f3d7-435f-8a3b-790755be8010",
	'==');
INSERT INTO V_VAL
	VALUES ("bbb3fdcb-29c1-405b-99c3-1384b589b852",
	0,
	0,
	6,
	39,
	42,
	0,
	0,
	0,
	0,
	"f69263cd-bbf1-4447-ab8c-6ca928791356",
	"1afbf64b-f91b-4610-a9ce-3d61bcd290d1");
INSERT INTO V_LEN
	VALUES ("bbb3fdcb-29c1-405b-99c3-1384b589b852",
	"cc9f160f-a5c8-4fc3-aa88-61d05088ce18",
	6,
	18);
INSERT INTO V_VAL
	VALUES ("1e772ca9-4b00-4285-b7f2-17ae8812f5d2",
	0,
	0,
	7,
	6,
	13,
	0,
	0,
	0,
	0,
	"f69263cd-bbf1-4447-ab8c-6ca928791356",
	"1afbf64b-f91b-4610-a9ce-3d61bcd290d1");
INSERT INTO V_TVL
	VALUES ("1e772ca9-4b00-4285-b7f2-17ae8812f5d2",
	"f2ed4d78-f535-4e2a-9d06-bb25203f4f50");
INSERT INTO V_VAL
	VALUES ("23ef66ca-70fc-4bbf-909f-c8f8b4f0cd02",
	0,
	0,
	-1,
	-1,
	-1,
	0,
	0,
	0,
	0,
	"ba5eda7a-def5-0000-0000-000000000001",
	"1afbf64b-f91b-4610-a9ce-3d61bcd290d1");
INSERT INTO V_BIN
	VALUES ("23ef66ca-70fc-4bbf-909f-c8f8b4f0cd02",
	"c8c9f9be-ff26-48b8-b08a-f4335af1b59d",
	"1e772ca9-4b00-4285-b7f2-17ae8812f5d2",
	'==');
INSERT INTO V_VAL
	VALUES ("c8c9f9be-ff26-48b8-b08a-f4335af1b59d",
	0,
	0,
	7,
	39,
	46,
	0,
	0,
	0,
	0,
	"f69263cd-bbf1-4447-ab8c-6ca928791356",
	"1afbf64b-f91b-4610-a9ce-3d61bcd290d1");
INSERT INTO V_LEN
	VALUES ("c8c9f9be-ff26-48b8-b08a-f4335af1b59d",
	"a25ea528-6e48-4c6d-8159-95c1136a228f",
	7,
	18);
INSERT INTO V_VAL
	VALUES ("29f19a2d-d358-49a7-9524-b0fc0eb18d4b",
	0,
	0,
	7,
	52,
	55,
	0,
	0,
	0,
	0,
	"ba5eda7a-def5-0000-0000-000000000008",
	"1afbf64b-f91b-4610-a9ce-3d61bcd290d1");
INSERT INTO V_IRF
	VALUES ("29f19a2d-d358-49a7-9524-b0fc0eb18d4b",
	"a557f1e1-ac0b-428c-8f6e-271feb2cd8fd");
INSERT INTO V_VAL
	VALUES ("2e78e2f7-7703-402c-83ae-269e2b86eb98",
	0,
	0,
	7,
	57,
	69,
	0,
	0,
	0,
	0,
	"0b9c6b49-c1c4-48d3-a888-a76d6461cf1e",
	"1afbf64b-f91b-4610-a9ce-3d61bcd290d1");
INSERT INTO V_AVL
	VALUES ("2e78e2f7-7703-402c-83ae-269e2b86eb98",
	"29f19a2d-d358-49a7-9524-b0fc0eb18d4b",
	"5d77175d-d671-463d-974e-4471bcb408f5",
	"f54ceda1-eb8a-496a-a4b5-e412aa9a6d1a");
INSERT INTO V_VAL
	VALUES ("ac739539-e58d-4c43-8150-f75b5d056ed0",
	0,
	0,
	-1,
	-1,
	-1,
	0,
	0,
	0,
	0,
	"ba5eda7a-def5-0000-0000-000000000001",
	"1afbf64b-f91b-4610-a9ce-3d61bcd290d1");
INSERT INTO V_BIN
	VALUES ("ac739539-e58d-4c43-8150-f75b5d056ed0",
	"5ef72bad-f98b-41c7-a007-fc15c0d9c474",
	"2e78e2f7-7703-402c-83ae-269e2b86eb98",
	'==');
INSERT INTO V_VAL
	VALUES ("5ef72bad-f98b-41c7-a007-fc15c0d9c474",
	0,
	0,
	7,
	88,
	92,
	0,
	0,
	0,
	0,
	"0b9c6b49-c1c4-48d3-a888-a76d6461cf1e",
	"1afbf64b-f91b-4610-a9ce-3d61bcd290d1");
INSERT INTO V_LEN
	VALUES ("5ef72bad-f98b-41c7-a007-fc15c0d9c474",
	"8a559e7f-3861-46ef-86db-7cb663135af4",
	7,
	74);
INSERT INTO V_VAL
	VALUES ("a59d566c-3e35-44de-ae52-2d15dd9dadae",
	0,
	0,
	-1,
	-1,
	-1,
	0,
	0,
	0,
	0,
	"ba5eda7a-def5-0000-0000-000000000001",
	"1afbf64b-f91b-4610-a9ce-3d61bcd290d1");
INSERT INTO V_BIN
	VALUES ("a59d566c-3e35-44de-ae52-2d15dd9dadae",
	"ac739539-e58d-4c43-8150-f75b5d056ed0",
	"23ef66ca-70fc-4bbf-909f-c8f8b4f0cd02",
	'and');
INSERT INTO V_VAL
	VALUES ("bae974de-dae4-484b-bd18-28d09723ee8a",
	0,
	0,
	-1,
	-1,
	-1,
	0,
	0,
	0,
	0,
	"ba5eda7a-def5-0000-0000-000000000001",
	"1afbf64b-f91b-4610-a9ce-3d61bcd290d1");
INSERT INTO V_BIN
	VALUES ("bae974de-dae4-484b-bd18-28d09723ee8a",
	"a59d566c-3e35-44de-ae52-2d15dd9dadae",
	"46cfb77d-716f-4650-a719-9c0bd53a2e98",
	'or');
INSERT INTO V_VAL
	VALUES ("6466c5ab-745b-4713-ad64-575f3e8ccf00",
	0,
	0,
	8,
	6,
	13,
	0,
	0,
	0,
	0,
	"f69263cd-bbf1-4447-ab8c-6ca928791356",
	"1afbf64b-f91b-4610-a9ce-3d61bcd290d1");
INSERT INTO V_TVL
	VALUES ("6466c5ab-745b-4713-ad64-575f3e8ccf00",
	"f2ed4d78-f535-4e2a-9d06-bb25203f4f50");
INSERT INTO V_VAL
	VALUES ("a2d44a1c-9f2e-420e-96d5-ce4b745b1af0",
	0,
	0,
	-1,
	-1,
	-1,
	0,
	0,
	0,
	0,
	"ba5eda7a-def5-0000-0000-000000000001",
	"1afbf64b-f91b-4610-a9ce-3d61bcd290d1");
INSERT INTO V_BIN
	VALUES ("a2d44a1c-9f2e-420e-96d5-ce4b745b1af0",
	"ff6202f0-9958-4957-8909-22e28ef67d12",
	"6466c5ab-745b-4713-ad64-575f3e8ccf00",
	'==');
INSERT INTO V_VAL
	VALUES ("ff6202f0-9958-4957-8909-22e28ef67d12",
	0,
	0,
	8,
	39,
	43,
	0,
	0,
	0,
	0,
	"f69263cd-bbf1-4447-ab8c-6ca928791356",
	"1afbf64b-f91b-4610-a9ce-3d61bcd290d1");
INSERT INTO V_LEN
	VALUES ("ff6202f0-9958-4957-8909-22e28ef67d12",
	"7dc639d1-4772-4dea-abb8-715959ea3b70",
	8,
	18);
INSERT INTO V_VAL
	VALUES ("c550e380-0f1b-4736-9815-fb9819edad5a",
	0,
	0,
	8,
	49,
	52,
	0,
	0,
	0,
	0,
	"ba5eda7a-def5-0000-0000-000000000008",
	"1afbf64b-f91b-4610-a9ce-3d61bcd290d1");
INSERT INTO V_IRF
	VALUES ("c550e380-0f1b-4736-9815-fb9819edad5a",
	"a557f1e1-ac0b-428c-8f6e-271feb2cd8fd");
INSERT INTO V_VAL
	VALUES ("3a9a5e02-de55-4892-8dd8-3c9de4468a58",
	0,
	0,
	8,
	54,
	66,
	0,
	0,
	0,
	0,
	"0b9c6b49-c1c4-48d3-a888-a76d6461cf1e",
	"1afbf64b-f91b-4610-a9ce-3d61bcd290d1");
INSERT INTO V_AVL
	VALUES ("3a9a5e02-de55-4892-8dd8-3c9de4468a58",
	"c550e380-0f1b-4736-9815-fb9819edad5a",
	"5d77175d-d671-463d-974e-4471bcb408f5",
	"f54ceda1-eb8a-496a-a4b5-e412aa9a6d1a");
INSERT INTO V_VAL
	VALUES ("37bbe933-bf29-4d70-8477-9870676012b6",
	0,
	0,
	-1,
	-1,
	-1,
	0,
	0,
	0,
	0,
	"ba5eda7a-def5-0000-0000-000000000001",
	"1afbf64b-f91b-4610-a9ce-3d61bcd290d1");
INSERT INTO V_BIN
	VALUES ("37bbe933-bf29-4d70-8477-9870676012b6",
	"1c6bfeda-36c7-4d3b-a237-824c9f96feeb",
	"3a9a5e02-de55-4892-8dd8-3c9de4468a58",
	'==');
INSERT INTO V_VAL
	VALUES ("1c6bfeda-36c7-4d3b-a237-824c9f96feeb",
	0,
	0,
	8,
	85,
	92,
	0,
	0,
	0,
	0,
	"0b9c6b49-c1c4-48d3-a888-a76d6461cf1e",
	"1afbf64b-f91b-4610-a9ce-3d61bcd290d1");
INSERT INTO V_LEN
	VALUES ("1c6bfeda-36c7-4d3b-a237-824c9f96feeb",
	"8a56e473-108a-44f9-b892-c1029d8f5f9c",
	8,
	71);
INSERT INTO V_VAL
	VALUES ("8590f412-0268-4f80-880e-54d4fb64a958",
	0,
	0,
	-1,
	-1,
	-1,
	0,
	0,
	0,
	0,
	"ba5eda7a-def5-0000-0000-000000000001",
	"1afbf64b-f91b-4610-a9ce-3d61bcd290d1");
INSERT INTO V_BIN
	VALUES ("8590f412-0268-4f80-880e-54d4fb64a958",
	"37bbe933-bf29-4d70-8477-9870676012b6",
	"a2d44a1c-9f2e-420e-96d5-ce4b745b1af0",
	'and');
INSERT INTO V_VAL
	VALUES ("1c55d743-9b84-46ee-8745-08470b4a7671",
	0,
	0,
	-1,
	-1,
	-1,
	0,
	0,
	0,
	0,
	"ba5eda7a-def5-0000-0000-000000000001",
	"1afbf64b-f91b-4610-a9ce-3d61bcd290d1");
INSERT INTO V_BIN
	VALUES ("1c55d743-9b84-46ee-8745-08470b4a7671",
	"8590f412-0268-4f80-880e-54d4fb64a958",
	"bae974de-dae4-484b-bd18-28d09723ee8a",
	'or');
INSERT INTO V_VAR
	VALUES ("f2ed4d78-f535-4e2a-9d06-bb25203f4f50",
	"1afbf64b-f91b-4610-a9ce-3d61bcd290d1",
	'position',
	1,
	"f69263cd-bbf1-4447-ab8c-6ca928791356");
INSERT INTO V_TRN
	VALUES ("f2ed4d78-f535-4e2a-9d06-bb25203f4f50",
	"00000000-0000-0000-0000-000000000000",
	'');
INSERT INTO V_VAR
	VALUES ("a557f1e1-ac0b-428c-8f6e-271feb2cd8fd",
	"1afbf64b-f91b-4610-a9ce-3d61bcd290d1",
	'self',
	1,
	"ba5eda7a-def5-0000-0000-000000000008");
INSERT INTO V_INT
	VALUES ("a557f1e1-ac0b-428c-8f6e-271feb2cd8fd",
	0,
	"5d77175d-d671-463d-974e-4471bcb408f5");
INSERT INTO ACT_BLK
	VALUES ("9d2e23db-19b5-41e3-ac6e-91b7d53371af",
	0,
	0,
	0,
	'V_VAR.Var_ID',
	'',
	'',
	11,
	4,
	0,
	0,
	0,
	0,
	0,
	0,
	0,
	0,
	0,
	0,
	0,
	"ce6e7bc0-b65d-4e78-b086-7b7d2870a124",
	"00000000-0000-0000-0000-000000000000");
INSERT INTO ACT_SMT
	VALUES ("1c6573c5-8be7-4e6f-9ca1-5edc5f598f56",
	"9d2e23db-19b5-41e3-ac6e-91b7d53371af",
	"00000000-0000-0000-0000-000000000000",
	11,
	4,
	'Manual Sequence::ConfirmedMoving line: 11');
INSERT INTO E_ESS
	VALUES ("1c6573c5-8be7-4e6f-9ca1-5edc5f598f56",
	1,
	0,
	11,
	13,
	11,
	23,
	0,
	0,
	0,
	0,
	0,
	0);
INSERT INTO E_GES
	VALUES ("1c6573c5-8be7-4e6f-9ca1-5edc5f598f56");
INSERT INTO E_GSME
	VALUES ("1c6573c5-8be7-4e6f-9ca1-5edc5f598f56",
	"803145dd-9ca6-43a6-bbec-873de6d0d25b");
INSERT INTO E_GEN
	VALUES ("1c6573c5-8be7-4e6f-9ca1-5edc5f598f56",
	"a557f1e1-ac0b-428c-8f6e-271feb2cd8fd");
INSERT INTO SM_STATE
	VALUES ("21988f10-e8d9-4874-b9b3-838347b9683a",
	"17803bc1-577e-43af-8c8e-25ea5fc1aadc",
	"00000000-0000-0000-0000-000000000000",
	'InitiateStop',
	4,
	0);
INSERT INTO SM_CH
	VALUES ("21988f10-e8d9-4874-b9b3-838347b9683a",
	"13ef5352-c1a8-494a-aeb0-16719568467d",
	"17803bc1-577e-43af-8c8e-25ea5fc1aadc",
	"00000000-0000-0000-0000-000000000000",
	'');
INSERT INTO SM_SEME
	VALUES ("21988f10-e8d9-4874-b9b3-838347b9683a",
	"13ef5352-c1a8-494a-aeb0-16719568467d",
	"17803bc1-577e-43af-8c8e-25ea5fc1aadc",
	"00000000-0000-0000-0000-000000000000");
INSERT INTO SM_CH
	VALUES ("21988f10-e8d9-4874-b9b3-838347b9683a",
	"83fafd38-c013-4ca5-8d4b-c655b9bbbd44",
	"17803bc1-577e-43af-8c8e-25ea5fc1aadc",
	"00000000-0000-0000-0000-000000000000",
	'');
INSERT INTO SM_SEME
	VALUES ("21988f10-e8d9-4874-b9b3-838347b9683a",
	"83fafd38-c013-4ca5-8d4b-c655b9bbbd44",
	"17803bc1-577e-43af-8c8e-25ea5fc1aadc",
	"00000000-0000-0000-0000-000000000000");
INSERT INTO SM_CH
	VALUES ("21988f10-e8d9-4874-b9b3-838347b9683a",
	"f17c29da-fa59-4e89-b16b-e19ddce103a0",
	"17803bc1-577e-43af-8c8e-25ea5fc1aadc",
	"00000000-0000-0000-0000-000000000000",
	'');
INSERT INTO SM_SEME
	VALUES ("21988f10-e8d9-4874-b9b3-838347b9683a",
	"f17c29da-fa59-4e89-b16b-e19ddce103a0",
	"17803bc1-577e-43af-8c8e-25ea5fc1aadc",
	"00000000-0000-0000-0000-000000000000");
INSERT INTO SM_SEME
	VALUES ("21988f10-e8d9-4874-b9b3-838347b9683a",
	"9f6d8a33-4c4e-4869-afa9-fc1a34d5da0b",
	"17803bc1-577e-43af-8c8e-25ea5fc1aadc",
	"00000000-0000-0000-0000-000000000000");
INSERT INTO SM_CH
	VALUES ("21988f10-e8d9-4874-b9b3-838347b9683a",
	"db544628-c594-4ea7-9c8a-f8101114a078",
	"17803bc1-577e-43af-8c8e-25ea5fc1aadc",
	"00000000-0000-0000-0000-000000000000",
	'');
INSERT INTO SM_SEME
	VALUES ("21988f10-e8d9-4874-b9b3-838347b9683a",
	"db544628-c594-4ea7-9c8a-f8101114a078",
	"17803bc1-577e-43af-8c8e-25ea5fc1aadc",
	"00000000-0000-0000-0000-000000000000");
INSERT INTO SM_MOAH
	VALUES ("82ae8aa4-abe6-4186-bbfa-760cd85cf859",
	"17803bc1-577e-43af-8c8e-25ea5fc1aadc",
	"21988f10-e8d9-4874-b9b3-838347b9683a");
INSERT INTO SM_AH
	VALUES ("82ae8aa4-abe6-4186-bbfa-760cd85cf859",
	"17803bc1-577e-43af-8c8e-25ea5fc1aadc");
INSERT INTO SM_ACT
	VALUES ("82ae8aa4-abe6-4186-bbfa-760cd85cf859",
	"17803bc1-577e-43af-8c8e-25ea5fc1aadc",
	1,
	'// The user has finished moving the cross transfer conveyor
xtfrcnvr::stop();


',
	'');
INSERT INTO ACT_SAB
	VALUES ("46225f37-1643-4d35-8ebb-12ece1e46b11",
	"17803bc1-577e-43af-8c8e-25ea5fc1aadc",
	"82ae8aa4-abe6-4186-bbfa-760cd85cf859");
INSERT INTO ACT_ACT
	VALUES ("46225f37-1643-4d35-8ebb-12ece1e46b11",
	'state',
	0,
	"901cd2f5-157e-4989-96b8-386eb86ef1c8",
	"00000000-0000-0000-0000-000000000000",
	0,
	'Manual Sequence::InitiateStop',
	"00000000-0000-0000-0000-000000000000");
INSERT INTO ACT_BLK
	VALUES ("901cd2f5-157e-4989-96b8-386eb86ef1c8",
	0,
	0,
	0,
	'xtfrcnvr',
	'',
	'',
	2,
	1,
	2,
	1,
	0,
	0,
	0,
	0,
	0,
	0,
	0,
	0,
	0,
	"46225f37-1643-4d35-8ebb-12ece1e46b11",
	"00000000-0000-0000-0000-000000000000");
INSERT INTO ACT_SMT
	VALUES ("b1268a48-490d-4d04-85d2-294f839a0d1d",
	"901cd2f5-157e-4989-96b8-386eb86ef1c8",
	"00000000-0000-0000-0000-000000000000",
	2,
	1,
	'Manual Sequence::InitiateStop line: 2');
INSERT INTO ACT_SGN
	VALUES ("b1268a48-490d-4d04-85d2-294f839a0d1d",
	2,
	11,
	2,
	1,
	"00000000-0000-0000-0000-000000000000",
	"3d29c089-acbd-4ec5-acfe-63fba344b933",
	"00000000-0000-0000-0000-000000000000");
INSERT INTO SM_NSTXN
	VALUES ("180939bf-1e25-4732-b202-efcfc6b9f7d8",
	"17803bc1-577e-43af-8c8e-25ea5fc1aadc",
	"438a914f-105d-4634-b138-7234fff16476",
	"13ef5352-c1a8-494a-aeb0-16719568467d",
	"00000000-0000-0000-0000-000000000000");
INSERT INTO SM_TAH
	VALUES ("f38b0734-c595-4930-880e-2c5641ca8d9d",
	"17803bc1-577e-43af-8c8e-25ea5fc1aadc",
	"180939bf-1e25-4732-b202-efcfc6b9f7d8");
INSERT INTO SM_AH
	VALUES ("f38b0734-c595-4930-880e-2c5641ca8d9d",
	"17803bc1-577e-43af-8c8e-25ea5fc1aadc");
INSERT INTO SM_ACT
	VALUES ("f38b0734-c595-4930-880e-2c5641ca8d9d",
	"17803bc1-577e-43af-8c8e-25ea5fc1aadc",
	1,
	'',
	'');
INSERT INTO ACT_TAB
	VALUES ("83ccc691-5b71-4e21-924c-e2f21849ea55",
	"17803bc1-577e-43af-8c8e-25ea5fc1aadc",
	"f38b0734-c595-4930-880e-2c5641ca8d9d");
INSERT INTO ACT_ACT
	VALUES ("83ccc691-5b71-4e21-924c-e2f21849ea55",
	'transition',
	0,
	"4d44d083-d885-44eb-8bb0-33162bcf0bcf",
	"00000000-0000-0000-0000-000000000000",
	0,
	'jog::Cross Transfer Conveyor',
	"00000000-0000-0000-0000-000000000000");
INSERT INTO ACT_BLK
	VALUES ("4d44d083-d885-44eb-8bb0-33162bcf0bcf",
	0,
	0,
	0,
	'',
	'',
	'',
	0,
	0,
	0,
	0,
	0,
	0,
	0,
	0,
	0,
	0,
	0,
	0,
	0,
	"83ccc691-5b71-4e21-924c-e2f21849ea55",
	"00000000-0000-0000-0000-000000000000");
INSERT INTO SM_TXN
	VALUES ("180939bf-1e25-4732-b202-efcfc6b9f7d8",
	"17803bc1-577e-43af-8c8e-25ea5fc1aadc",
	"4511f70c-2bc8-4ae9-9bbc-557a7ad9d30b",
	"00000000-0000-0000-0000-000000000000");
INSERT INTO SM_NSTXN
	VALUES ("0782300b-6cfd-436a-9de3-df6a21d7a435",
	"17803bc1-577e-43af-8c8e-25ea5fc1aadc",
	"4511f70c-2bc8-4ae9-9bbc-557a7ad9d30b",
	"f17c29da-fa59-4e89-b16b-e19ddce103a0",
	"00000000-0000-0000-0000-000000000000");
INSERT INTO SM_TAH
	VALUES ("a1ceba45-bf2c-4fc5-b82d-a27396151efe",
	"17803bc1-577e-43af-8c8e-25ea5fc1aadc",
	"0782300b-6cfd-436a-9de3-df6a21d7a435");
INSERT INTO SM_AH
	VALUES ("a1ceba45-bf2c-4fc5-b82d-a27396151efe",
	"17803bc1-577e-43af-8c8e-25ea5fc1aadc");
INSERT INTO SM_ACT
	VALUES ("a1ceba45-bf2c-4fc5-b82d-a27396151efe",
	"17803bc1-577e-43af-8c8e-25ea5fc1aadc",
	1,
	'',
	'');
INSERT INTO ACT_TAB
	VALUES ("90fc6e1d-de03-432a-8340-f50bfe5027b2",
	"17803bc1-577e-43af-8c8e-25ea5fc1aadc",
	"a1ceba45-bf2c-4fc5-b82d-a27396151efe");
INSERT INTO ACT_ACT
	VALUES ("90fc6e1d-de03-432a-8340-f50bfe5027b2",
	'transition',
	0,
	"f368c53b-8e7d-4c40-9ff4-d14ab28bbf95",
	"00000000-0000-0000-0000-000000000000",
	0,
	'drive_rdy_for_inst::Cross Transfer Conveyor',
	"00000000-0000-0000-0000-000000000000");
INSERT INTO ACT_BLK
	VALUES ("f368c53b-8e7d-4c40-9ff4-d14ab28bbf95",
	0,
	0,
	0,
	'',
	'',
	'',
	0,
	0,
	0,
	0,
	0,
	0,
	0,
	0,
	0,
	0,
	0,
	0,
	0,
	"90fc6e1d-de03-432a-8340-f50bfe5027b2",
	"00000000-0000-0000-0000-000000000000");
INSERT INTO SM_TXN
	VALUES ("0782300b-6cfd-436a-9de3-df6a21d7a435",
	"17803bc1-577e-43af-8c8e-25ea5fc1aadc",
	"0c8e46f9-a67d-4c2f-a657-be9ac562c71d",
	"00000000-0000-0000-0000-000000000000");
INSERT INTO SM_NSTXN
	VALUES ("0feff781-82c0-45ea-aeaa-c946b544bac1",
	"17803bc1-577e-43af-8c8e-25ea5fc1aadc",
	"21988f10-e8d9-4874-b9b3-838347b9683a",
	"9f6d8a33-4c4e-4869-afa9-fc1a34d5da0b",
	"00000000-0000-0000-0000-000000000000");
INSERT INTO SM_TAH
	VALUES ("0e98d596-ddb5-4881-b28f-1557cd89e1f9",
	"17803bc1-577e-43af-8c8e-25ea5fc1aadc",
	"0feff781-82c0-45ea-aeaa-c946b544bac1");
INSERT INTO SM_AH
	VALUES ("0e98d596-ddb5-4881-b28f-1557cd89e1f9",
	"17803bc1-577e-43af-8c8e-25ea5fc1aadc");
INSERT INTO SM_ACT
	VALUES ("0e98d596-ddb5-4881-b28f-1557cd89e1f9",
	"17803bc1-577e-43af-8c8e-25ea5fc1aadc",
	1,
	'',
	'');
INSERT INTO ACT_TAB
	VALUES ("380c3786-6647-432e-9bcf-1f00b7798793",
	"17803bc1-577e-43af-8c8e-25ea5fc1aadc",
	"0e98d596-ddb5-4881-b28f-1557cd89e1f9");
INSERT INTO ACT_ACT
	VALUES ("380c3786-6647-432e-9bcf-1f00b7798793",
	'transition',
	0,
	"272e5f82-337d-4adb-bdef-e2bee122b316",
	"00000000-0000-0000-0000-000000000000",
	0,
	'motor_stopped::Cross Transfer Conveyor',
	"00000000-0000-0000-0000-000000000000");
INSERT INTO ACT_BLK
	VALUES ("272e5f82-337d-4adb-bdef-e2bee122b316",
	0,
	0,
	0,
	'',
	'',
	'',
	0,
	0,
	0,
	0,
	0,
	0,
	0,
	0,
	0,
	0,
	0,
	0,
	0,
	"380c3786-6647-432e-9bcf-1f00b7798793",
	"00000000-0000-0000-0000-000000000000");
INSERT INTO SM_TXN
	VALUES ("0feff781-82c0-45ea-aeaa-c946b544bac1",
	"17803bc1-577e-43af-8c8e-25ea5fc1aadc",
	"438a914f-105d-4634-b138-7234fff16476",
	"00000000-0000-0000-0000-000000000000");
INSERT INTO SM_NSTXN
	VALUES ("8bd13f8c-4e9b-4231-b54f-f770ec7b63cc",
	"17803bc1-577e-43af-8c8e-25ea5fc1aadc",
	"0c8e46f9-a67d-4c2f-a657-be9ac562c71d",
	"83fafd38-c013-4ca5-8d4b-c655b9bbbd44",
	"00000000-0000-0000-0000-000000000000");
INSERT INTO SM_TAH
	VALUES ("dde97e97-2628-4c6c-96a8-a1d98a414ef2",
	"17803bc1-577e-43af-8c8e-25ea5fc1aadc",
	"8bd13f8c-4e9b-4231-b54f-f770ec7b63cc");
INSERT INTO SM_AH
	VALUES ("dde97e97-2628-4c6c-96a8-a1d98a414ef2",
	"17803bc1-577e-43af-8c8e-25ea5fc1aadc");
INSERT INTO SM_ACT
	VALUES ("dde97e97-2628-4c6c-96a8-a1d98a414ef2",
	"17803bc1-577e-43af-8c8e-25ea5fc1aadc",
	1,
	'',
	'');
INSERT INTO ACT_TAB
	VALUES ("5099be95-939e-4da5-b349-439654c63e60",
	"17803bc1-577e-43af-8c8e-25ea5fc1aadc",
	"dde97e97-2628-4c6c-96a8-a1d98a414ef2");
INSERT INTO ACT_ACT
	VALUES ("5099be95-939e-4da5-b349-439654c63e60",
	'transition',
	0,
	"21c76ed2-bdf8-43f2-bce4-93b3d3278805",
	"00000000-0000-0000-0000-000000000000",
	0,
	'jog_complete::Cross Transfer Conveyor',
	"00000000-0000-0000-0000-000000000000");
INSERT INTO ACT_BLK
	VALUES ("21c76ed2-bdf8-43f2-bce4-93b3d3278805",
	0,
	0,
	0,
	'',
	'',
	'',
	0,
	0,
	0,
	0,
	0,
	0,
	0,
	0,
	0,
	0,
	0,
	0,
	0,
	"5099be95-939e-4da5-b349-439654c63e60",
	"00000000-0000-0000-0000-000000000000");
INSERT INTO SM_TXN
	VALUES ("8bd13f8c-4e9b-4231-b54f-f770ec7b63cc",
	"17803bc1-577e-43af-8c8e-25ea5fc1aadc",
	"21988f10-e8d9-4874-b9b3-838347b9683a",
	"00000000-0000-0000-0000-000000000000");
INSERT INTO SM_NSTXN
	VALUES ("bf265cff-8c1a-4045-be6c-3e503495ace8",
	"17803bc1-577e-43af-8c8e-25ea5fc1aadc",
	"0c8e46f9-a67d-4c2f-a657-be9ac562c71d",
	"13ef5352-c1a8-494a-aeb0-16719568467d",
	"00000000-0000-0000-0000-000000000000");
INSERT INTO SM_TAH
	VALUES ("73267e17-1b65-4a24-9ce7-d12eed84d250",
	"17803bc1-577e-43af-8c8e-25ea5fc1aadc",
	"bf265cff-8c1a-4045-be6c-3e503495ace8");
INSERT INTO SM_AH
	VALUES ("73267e17-1b65-4a24-9ce7-d12eed84d250",
	"17803bc1-577e-43af-8c8e-25ea5fc1aadc");
INSERT INTO SM_ACT
	VALUES ("73267e17-1b65-4a24-9ce7-d12eed84d250",
	"17803bc1-577e-43af-8c8e-25ea5fc1aadc",
	1,
	'',
	'');
INSERT INTO ACT_TAB
	VALUES ("fd27f4b7-600a-4cf2-91c2-aacd4be37ae0",
	"17803bc1-577e-43af-8c8e-25ea5fc1aadc",
	"73267e17-1b65-4a24-9ce7-d12eed84d250");
INSERT INTO ACT_ACT
	VALUES ("fd27f4b7-600a-4cf2-91c2-aacd4be37ae0",
	'transition',
	0,
	"3c0d1cbc-498a-4a63-b5de-807dd39cca62",
	"00000000-0000-0000-0000-000000000000",
	0,
	'jog::Cross Transfer Conveyor',
	"00000000-0000-0000-0000-000000000000");
INSERT INTO ACT_BLK
	VALUES ("3c0d1cbc-498a-4a63-b5de-807dd39cca62",
	0,
	0,
	0,
	'',
	'',
	'',
	0,
	0,
	0,
	0,
	0,
	0,
	0,
	0,
	0,
	0,
	0,
	0,
	0,
	"fd27f4b7-600a-4cf2-91c2-aacd4be37ae0",
	"00000000-0000-0000-0000-000000000000");
INSERT INTO SM_TXN
	VALUES ("bf265cff-8c1a-4045-be6c-3e503495ace8",
	"17803bc1-577e-43af-8c8e-25ea5fc1aadc",
	"21988f10-e8d9-4874-b9b3-838347b9683a",
	"00000000-0000-0000-0000-000000000000");
INSERT INTO SM_NSTXN
	VALUES ("9e5df949-4a0a-48c8-9e46-b816a8a8fff8",
	"17803bc1-577e-43af-8c8e-25ea5fc1aadc",
	"438a914f-105d-4634-b138-7234fff16476",
	"db544628-c594-4ea7-9c8a-f8101114a078",
	"00000000-0000-0000-0000-000000000000");
INSERT INTO SM_TAH
	VALUES ("4ebba410-81e0-4367-92e9-790543276c2e",
	"17803bc1-577e-43af-8c8e-25ea5fc1aadc",
	"9e5df949-4a0a-48c8-9e46-b816a8a8fff8");
INSERT INTO SM_AH
	VALUES ("4ebba410-81e0-4367-92e9-790543276c2e",
	"17803bc1-577e-43af-8c8e-25ea5fc1aadc");
INSERT INTO SM_ACT
	VALUES ("4ebba410-81e0-4367-92e9-790543276c2e",
	"17803bc1-577e-43af-8c8e-25ea5fc1aadc",
	1,
	'',
	'');
INSERT INTO ACT_TAB
	VALUES ("59dc94b6-0c71-44fd-abdd-c8d7216dee98",
	"17803bc1-577e-43af-8c8e-25ea5fc1aadc",
	"4ebba410-81e0-4367-92e9-790543276c2e");
INSERT INTO ACT_ACT
	VALUES ("59dc94b6-0c71-44fd-abdd-c8d7216dee98",
	'transition',
	0,
	"6e91b686-c5e9-4998-b3ca-613b6def097e",
	"00000000-0000-0000-0000-000000000000",
	0,
	'enable_control::Cross Transfer Conveyor',
	"00000000-0000-0000-0000-000000000000");
INSERT INTO ACT_BLK
	VALUES ("6e91b686-c5e9-4998-b3ca-613b6def097e",
	0,
	0,
	0,
	'',
	'',
	'',
	0,
	0,
	0,
	0,
	0,
	0,
	0,
	0,
	0,
	0,
	0,
	0,
	0,
	"59dc94b6-0c71-44fd-abdd-c8d7216dee98",
	"00000000-0000-0000-0000-000000000000");
INSERT INTO SM_TXN
	VALUES ("9e5df949-4a0a-48c8-9e46-b816a8a8fff8",
	"17803bc1-577e-43af-8c8e-25ea5fc1aadc",
	"438a914f-105d-4634-b138-7234fff16476",
	"00000000-0000-0000-0000-000000000000");
INSERT INTO PE_PE
	VALUES ("9f6dbe02-e6f1-41f0-aef7-eee6afd06d7a",
	1,
	"c3d6024b-ab3a-4992-8717-15d3939342da",
	"00000000-0000-0000-0000-000000000000",
	4);
INSERT INTO O_OBJ
	VALUES ("9f6dbe02-e6f1-41f0-aef7-eee6afd06d7a",
	'Motion Inhibited',
	12,
	'MOTINH',
	'',
	"00000000-0000-0000-0000-000000000000");
INSERT INTO O_NBATTR
	VALUES ("9b904f70-5e9e-4c3a-a1f2-a53591dfcef4",
	"9f6dbe02-e6f1-41f0-aef7-eee6afd06d7a");
INSERT INTO O_BATTR
	VALUES ("9b904f70-5e9e-4c3a-a1f2-a53591dfcef4",
	"9f6dbe02-e6f1-41f0-aef7-eee6afd06d7a");
INSERT INTO O_ATTR
	VALUES ("9b904f70-5e9e-4c3a-a1f2-a53591dfcef4",
	"9f6dbe02-e6f1-41f0-aef7-eee6afd06d7a",
	"9257bd5f-d172-474f-a7ad-ef488c89b733",
	'current_state',
	'',
	'',
	'current_state',
	0,
	"ba5eda7a-def5-0000-0000-000000000006",
	'',
	'');
INSERT INTO O_REF
	VALUES ("9f6dbe02-e6f1-41f0-aef7-eee6afd06d7a",
	"25a7da66-8d4e-40d2-9e48-725b2461dbe9",
	0,
	"b6b14f55-78eb-47f4-81c0-283fbbe875c3",
	"5dc0b121-a9de-471b-9f21-50903e19c6ee",
	"db11fd87-e639-4c2b-b508-b25e7c0c8005",
	"022f432a-ea3d-451e-bd4b-83a22237bc3b",
	"9257bd5f-d172-474f-a7ad-ef488c89b733",
	"02499052-1962-4969-8a07-db5bf4066272",
	"00000000-0000-0000-0000-000000000000",
	0,
	'',
	'Cross Transfer Conveyor',
	'Id',
	'R8');
INSERT INTO O_RATTR
	VALUES ("9257bd5f-d172-474f-a7ad-ef488c89b733",
	"9f6dbe02-e6f1-41f0-aef7-eee6afd06d7a",
	"b6b14f55-78eb-47f4-81c0-283fbbe875c3",
	"25a7da66-8d4e-40d2-9e48-725b2461dbe9",
	1,
	'Id');
INSERT INTO O_ATTR
	VALUES ("9257bd5f-d172-474f-a7ad-ef488c89b733",
	"9f6dbe02-e6f1-41f0-aef7-eee6afd06d7a",
	"00000000-0000-0000-0000-000000000000",
	'Id',
	'',
	'',
	'Id',
	0,
	"ba5eda7a-def5-0000-0000-000000000007",
	'',
	'');
INSERT INTO O_ID
	VALUES (0,
	"9f6dbe02-e6f1-41f0-aef7-eee6afd06d7a");
INSERT INTO O_OIDA
	VALUES ("9257bd5f-d172-474f-a7ad-ef488c89b733",
	"9f6dbe02-e6f1-41f0-aef7-eee6afd06d7a",
	0,
	'Id');
INSERT INTO O_ID
	VALUES (1,
	"9f6dbe02-e6f1-41f0-aef7-eee6afd06d7a");
INSERT INTO O_ID
	VALUES (2,
	"9f6dbe02-e6f1-41f0-aef7-eee6afd06d7a");
INSERT INTO SM_ISM
	VALUES ("914b3545-d069-4fc3-9fc0-6e8269b0e444",
	"9f6dbe02-e6f1-41f0-aef7-eee6afd06d7a");
INSERT INTO SM_SM
	VALUES ("914b3545-d069-4fc3-9fc0-6e8269b0e444",
	'',
	0);
INSERT INTO SM_MOORE
	VALUES ("914b3545-d069-4fc3-9fc0-6e8269b0e444");
INSERT INTO PE_PE
	VALUES ("7b927955-5d40-4a1b-aebf-2baacac93412",
	1,
	"00000000-0000-0000-0000-000000000000",
	"27fa8983-0f1d-4798-a8a5-618171014feb",
	7);
INSERT INTO EP_PKG
	VALUES ("7b927955-5d40-4a1b-aebf-2baacac93412",
	"00000000-0000-0000-0000-000000000000",
	"a4578804-6c2e-4c96-9428-cb3a7061868f",
	'DataTypes',
	'',
	0);
INSERT INTO PE_PE
	VALUES ("a4eb2471-acf5-42f0-ad8b-e089fda62049",
	1,
	"7b927955-5d40-4a1b-aebf-2baacac93412",
	"00000000-0000-0000-0000-000000000000",
	3);
INSERT INTO S_DT
	VALUES ("a4eb2471-acf5-42f0-ad8b-e089fda62049",
	"00000000-0000-0000-0000-000000000000",
	'Sheet_End',
	'',
	'');
INSERT INTO S_EDT
	VALUES ("a4eb2471-acf5-42f0-ad8b-e089fda62049");
INSERT INTO S_ENUM
	VALUES ("6256d8b8-61bf-4bc2-9471-ff7bbade24c6",
	'Leading',
	'The most downstream edge of a sheet.  The edge made by the first cut of the knife.',
	"a4eb2471-acf5-42f0-ad8b-e089fda62049",
	"00000000-0000-0000-0000-000000000000");
INSERT INTO S_ENUM
	VALUES ("d356acef-0bfe-45a0-afb6-ea9187eb7cba",
	'Trailing',
	'The most upstream edge of a sheet.  The edge made by the second cut of the knife.',
	"a4eb2471-acf5-42f0-ad8b-e089fda62049",
	"6256d8b8-61bf-4bc2-9471-ff7bbade24c6");
INSERT INTO PE_PE
	VALUES ("f961515d-472a-4432-b8cf-b197121dd833",
	1,
	"7b927955-5d40-4a1b-aebf-2baacac93412",
	"00000000-0000-0000-0000-000000000000",
	3);
INSERT INTO S_DT
	VALUES ("f961515d-472a-4432-b8cf-b197121dd833",
	"00000000-0000-0000-0000-000000000000",
	'Actuator_Event_Type',
	'',
	'');
INSERT INTO S_EDT
	VALUES ("f961515d-472a-4432-b8cf-b197121dd833");
INSERT INTO S_ENUM
	VALUES ("60779c91-d7b3-4113-938e-49aab798e0d1",
	'Engage_Material',
	'Event type identifies events which cause the actuator to engage with the product
or material being handled.',
	"f961515d-472a-4432-b8cf-b197121dd833",
	"00000000-0000-0000-0000-000000000000");
INSERT INTO S_ENUM
	VALUES ("855c2449-caf6-44f9-81db-5efb8a292576",
	'Disengage_Material',
	'Event type identifies events which cause the actuator to disengage with the product
or material being handled.',
	"f961515d-472a-4432-b8cf-b197121dd833",
	"60779c91-d7b3-4113-938e-49aab798e0d1");
INSERT INTO PE_PE
	VALUES ("4acd14f2-8833-4e55-b0ec-4fb57786f07d",
	1,
	"7b927955-5d40-4a1b-aebf-2baacac93412",
	"00000000-0000-0000-0000-000000000000",
	3);
INSERT INTO S_DT
	VALUES ("4acd14f2-8833-4e55-b0ec-4fb57786f07d",
	"00000000-0000-0000-0000-000000000000",
	'Divert_Conv_Discharge_Alg',
	'',
	'');
INSERT INTO S_EDT
	VALUES ("4acd14f2-8833-4e55-b0ec-4fb57786f07d");
INSERT INTO S_ENUM
	VALUES ("e0a20419-84a9-4652-8def-8ee8303789e3",
	'Dist_x1_Rollout',
	'',
	"4acd14f2-8833-4e55-b0ec-4fb57786f07d",
	"00000000-0000-0000-0000-000000000000");
INSERT INTO S_ENUM
	VALUES ("f9f51b3d-ae4a-491f-b3e7-cd479ef199e7",
	'Dist_x2_Hesitating_Rollout',
	'',
	"4acd14f2-8833-4e55-b0ec-4fb57786f07d",
	"e0a20419-84a9-4652-8def-8ee8303789e3");
INSERT INTO PE_PE
	VALUES ("c8b948f0-03a2-4105-8f95-72c354818c4e",
	1,
	"7b927955-5d40-4a1b-aebf-2baacac93412",
	"00000000-0000-0000-0000-000000000000",
	10);
INSERT INTO CNST_CSP
	VALUES ("c8b948f0-03a2-4105-8f95-72c354818c4e",
	'My Constants',
	'');
INSERT INTO CNST_SYC
	VALUES ("0a8e30d9-44ba-41fa-96fd-734d4e5775a0",
	'Forward',
	'Don''t look back.',
	"ba5eda7a-def5-0000-0000-000000000002",
	"c8b948f0-03a2-4105-8f95-72c354818c4e",
	"00000000-0000-0000-0000-000000000000",
	"00000000-0000-0000-0000-000000000000");
INSERT INTO CNST_LFSC
	VALUES ("0a8e30d9-44ba-41fa-96fd-734d4e5775a0",
	"ba5eda7a-def5-0000-0000-000000000002");
INSERT INTO CNST_LSC
	VALUES ("0a8e30d9-44ba-41fa-96fd-734d4e5775a0",
	"ba5eda7a-def5-0000-0000-000000000002",
	'1');
INSERT INTO CNST_SYC
	VALUES ("d24942d4-e148-4bfe-9cfe-81984bbc70dd",
	'Reverse',
	'Opposite of forward.',
	"ba5eda7a-def5-0000-0000-000000000002",
	"c8b948f0-03a2-4105-8f95-72c354818c4e",
	"0a8e30d9-44ba-41fa-96fd-734d4e5775a0",
	"ba5eda7a-def5-0000-0000-000000000002");
INSERT INTO CNST_LFSC
	VALUES ("d24942d4-e148-4bfe-9cfe-81984bbc70dd",
	"ba5eda7a-def5-0000-0000-000000000002");
INSERT INTO CNST_LSC
	VALUES ("d24942d4-e148-4bfe-9cfe-81984bbc70dd",
	"ba5eda7a-def5-0000-0000-000000000002",
	'2');
INSERT INTO PE_PE
	VALUES ("dc4131cd-6623-4946-bae6-3107b2be2c64",
	1,
	"00000000-0000-0000-0000-000000000000",
	"27fa8983-0f1d-4798-a8a5-618171014feb",
	7);
INSERT INTO EP_PKG
	VALUES ("dc4131cd-6623-4946-bae6-3107b2be2c64",
	"00000000-0000-0000-0000-000000000000",
	"a4578804-6c2e-4c96-9428-cb3a7061868f",
	'Subsys',
	'The class diagram for the diverter may appear to be more abstract than necessary,
but there are characteristics of the diverter operation that make the abstraction
necessary.  

Establishing relationships between the diverted sheets (product) and the actuated 
components would have been the logical choice.  Thestate machines to control the 
actuators would have resided within the product.  As the product flows along the 
board path, it''s state machine would trigger actions on the machine.  This model 
fails because the actuation time delays of the actuators are configurable and 
therefore does not guarantee the sequence of events generated.  Using product 
state machines to control the actuators is non-deterministic.

The approach taken in this model is to use a tracking point class to establish the
relationship between the product and the actuators.  The tracking points are in 
no particular order and trigger an action only when the divert sheet reaches a 
calculated position along the board path.  The tracking points have no 
understanding of what actions occurred before them or will occur after them.

The key point of this model is the sequence of actions of the diverter is not set
in a state machine, but is dynamic and therefore easily changed. 

The cross transfer conveyor is different.  It receives a tracking event near the 
beginning of the divert sequence to stop the conveyor prior to the first divert
sheet entering the diverter bay.  The conveyor may be moving from a user activity.
After that point, the cross transfer conveyor actions are driven by the diverter 
bay and ultimately the diverted stack, whether it is scrap or inspection. ',
	0);
INSERT INTO PE_PE
	VALUES ("d37f5787-d27e-4a13-939a-05bebde170b8",
	1,
	"dc4131cd-6623-4946-bae6-3107b2be2c64",
	"00000000-0000-0000-0000-000000000000",
	9);
INSERT INTO R_REL
	VALUES ("d37f5787-d27e-4a13-939a-05bebde170b8",
	5,
	'',
	"00000000-0000-0000-0000-000000000000");
INSERT INTO R_SUBSUP
	VALUES ("d37f5787-d27e-4a13-939a-05bebde170b8");
INSERT INTO R_SUPER
	VALUES ("e530f8f2-a9fb-46e0-b7d9-9c46dc77bc67",
	"d37f5787-d27e-4a13-939a-05bebde170b8",
	"01b475b4-d7d3-4d45-b656-3898538e68da");
INSERT INTO R_RTO
	VALUES ("e530f8f2-a9fb-46e0-b7d9-9c46dc77bc67",
	"d37f5787-d27e-4a13-939a-05bebde170b8",
	"01b475b4-d7d3-4d45-b656-3898538e68da",
	-1);
INSERT INTO R_OIR
	VALUES ("e530f8f2-a9fb-46e0-b7d9-9c46dc77bc67",
	"d37f5787-d27e-4a13-939a-05bebde170b8",
	"01b475b4-d7d3-4d45-b656-3898538e68da",
	"00000000-0000-0000-0000-000000000000");
INSERT INTO R_SUB
	VALUES ("383c6d8c-1272-4d44-a081-627be54df5e3",
	"d37f5787-d27e-4a13-939a-05bebde170b8",
	"dd5973de-27fa-4954-a44a-e0baffb6388f");
INSERT INTO R_RGO
	VALUES ("383c6d8c-1272-4d44-a081-627be54df5e3",
	"d37f5787-d27e-4a13-939a-05bebde170b8",
	"dd5973de-27fa-4954-a44a-e0baffb6388f");
INSERT INTO R_OIR
	VALUES ("383c6d8c-1272-4d44-a081-627be54df5e3",
	"d37f5787-d27e-4a13-939a-05bebde170b8",
	"dd5973de-27fa-4954-a44a-e0baffb6388f",
	"00000000-0000-0000-0000-000000000000");
INSERT INTO R_SUB
	VALUES ("305400b4-2051-4933-9eda-11fff7893d50",
	"d37f5787-d27e-4a13-939a-05bebde170b8",
	"9282d8c8-a066-42ed-b299-609530630e33");
INSERT INTO R_RGO
	VALUES ("305400b4-2051-4933-9eda-11fff7893d50",
	"d37f5787-d27e-4a13-939a-05bebde170b8",
	"9282d8c8-a066-42ed-b299-609530630e33");
INSERT INTO R_OIR
	VALUES ("305400b4-2051-4933-9eda-11fff7893d50",
	"d37f5787-d27e-4a13-939a-05bebde170b8",
	"9282d8c8-a066-42ed-b299-609530630e33",
	"00000000-0000-0000-0000-000000000000");
INSERT INTO R_SUB
	VALUES ("95d2013c-6717-4cbf-be40-8631761a882d",
	"d37f5787-d27e-4a13-939a-05bebde170b8",
	"283b0e6f-3a5a-4d76-a0f5-dd3be5132380");
INSERT INTO R_RGO
	VALUES ("95d2013c-6717-4cbf-be40-8631761a882d",
	"d37f5787-d27e-4a13-939a-05bebde170b8",
	"283b0e6f-3a5a-4d76-a0f5-dd3be5132380");
INSERT INTO R_OIR
	VALUES ("95d2013c-6717-4cbf-be40-8631761a882d",
	"d37f5787-d27e-4a13-939a-05bebde170b8",
	"283b0e6f-3a5a-4d76-a0f5-dd3be5132380",
	"00000000-0000-0000-0000-000000000000");
INSERT INTO R_SUB
	VALUES ("25a7da66-8d4e-40d2-9e48-725b2461dbe9",
	"d37f5787-d27e-4a13-939a-05bebde170b8",
	"24b47c45-c27b-4330-90ba-daeed46b32f6");
INSERT INTO R_RGO
	VALUES ("25a7da66-8d4e-40d2-9e48-725b2461dbe9",
	"d37f5787-d27e-4a13-939a-05bebde170b8",
	"24b47c45-c27b-4330-90ba-daeed46b32f6");
INSERT INTO R_OIR
	VALUES ("25a7da66-8d4e-40d2-9e48-725b2461dbe9",
	"d37f5787-d27e-4a13-939a-05bebde170b8",
	"24b47c45-c27b-4330-90ba-daeed46b32f6",
	"a422aad0-ee78-4bfb-aceb-fd932004494b");
INSERT INTO PE_PE
	VALUES ("85cc6b4f-811e-49b6-94a1-12c4143b2d77",
	1,
	"dc4131cd-6623-4946-bae6-3107b2be2c64",
	"00000000-0000-0000-0000-000000000000",
	9);
INSERT INTO R_REL
	VALUES ("85cc6b4f-811e-49b6-94a1-12c4143b2d77",
	3,
	'',
	"00000000-0000-0000-0000-000000000000");
INSERT INTO R_ASSOC
	VALUES ("85cc6b4f-811e-49b6-94a1-12c4143b2d77");
INSERT INTO R_AONE
	VALUES ("c06f4827-2810-4d7f-9b50-0e5bfeccfdce",
	"85cc6b4f-811e-49b6-94a1-12c4143b2d77",
	"1ab2e58f-c742-42a5-ade9-dfb684789073",
	1,
	1,
	'responds to position of');
INSERT INTO O_RTIDA
	VALUES ("9b342614-a038-4953-ba36-4226f490993c",
	"c06f4827-2810-4d7f-9b50-0e5bfeccfdce",
	0,
	"85cc6b4f-811e-49b6-94a1-12c4143b2d77",
	"1ab2e58f-c742-42a5-ade9-dfb684789073");
INSERT INTO R_RTO
	VALUES ("c06f4827-2810-4d7f-9b50-0e5bfeccfdce",
	"85cc6b4f-811e-49b6-94a1-12c4143b2d77",
	"1ab2e58f-c742-42a5-ade9-dfb684789073",
	0);
INSERT INTO R_OIR
	VALUES ("c06f4827-2810-4d7f-9b50-0e5bfeccfdce",
	"85cc6b4f-811e-49b6-94a1-12c4143b2d77",
	"1ab2e58f-c742-42a5-ade9-dfb684789073",
	"00000000-0000-0000-0000-000000000000");
INSERT INTO R_AOTH
	VALUES ("e530f8f2-a9fb-46e0-b7d9-9c46dc77bc67",
	"85cc6b4f-811e-49b6-94a1-12c4143b2d77",
	"e0e30026-2c25-474b-b208-e8f5aa386703",
	1,
	1,
	'initiates motion on');
INSERT INTO O_RTIDA
	VALUES ("5be94755-35b2-414e-a4cb-41e5b4d8d00a",
	"e530f8f2-a9fb-46e0-b7d9-9c46dc77bc67",
	0,
	"85cc6b4f-811e-49b6-94a1-12c4143b2d77",
	"e0e30026-2c25-474b-b208-e8f5aa386703");
INSERT INTO R_RTO
	VALUES ("e530f8f2-a9fb-46e0-b7d9-9c46dc77bc67",
	"85cc6b4f-811e-49b6-94a1-12c4143b2d77",
	"e0e30026-2c25-474b-b208-e8f5aa386703",
	0);
INSERT INTO R_OIR
	VALUES ("e530f8f2-a9fb-46e0-b7d9-9c46dc77bc67",
	"85cc6b4f-811e-49b6-94a1-12c4143b2d77",
	"e0e30026-2c25-474b-b208-e8f5aa386703",
	"00000000-0000-0000-0000-000000000000");
INSERT INTO R_ASSR
	VALUES ("7acab340-f561-4166-9e38-4cf9ed1dd6f4",
	"85cc6b4f-811e-49b6-94a1-12c4143b2d77",
	"5461d0fc-baac-4973-8411-bfaf929a9617",
	0);
INSERT INTO R_RGO
	VALUES ("7acab340-f561-4166-9e38-4cf9ed1dd6f4",
	"85cc6b4f-811e-49b6-94a1-12c4143b2d77",
	"5461d0fc-baac-4973-8411-bfaf929a9617");
INSERT INTO R_OIR
	VALUES ("7acab340-f561-4166-9e38-4cf9ed1dd6f4",
	"85cc6b4f-811e-49b6-94a1-12c4143b2d77",
	"5461d0fc-baac-4973-8411-bfaf929a9617",
	"00000000-0000-0000-0000-000000000000");
INSERT INTO PE_PE
	VALUES ("c0ebbb51-b3b5-4277-ac69-954f30154978",
	1,
	"dc4131cd-6623-4946-bae6-3107b2be2c64",
	"00000000-0000-0000-0000-000000000000",
	9);
INSERT INTO R_REL
	VALUES ("c0ebbb51-b3b5-4277-ac69-954f30154978",
	6,
	'',
	"00000000-0000-0000-0000-000000000000");
INSERT INTO R_SIMP
	VALUES ("c0ebbb51-b3b5-4277-ac69-954f30154978");
INSERT INTO R_PART
	VALUES ("967dd439-60bd-4f4f-a441-17d4ef22276f",
	"c0ebbb51-b3b5-4277-ac69-954f30154978",
	"7b30f807-2624-4238-b238-39fe68cb697d",
	0,
	0,
	'forms in');
INSERT INTO R_RTO
	VALUES ("967dd439-60bd-4f4f-a441-17d4ef22276f",
	"c0ebbb51-b3b5-4277-ac69-954f30154978",
	"7b30f807-2624-4238-b238-39fe68cb697d",
	-1);
INSERT INTO R_OIR
	VALUES ("967dd439-60bd-4f4f-a441-17d4ef22276f",
	"c0ebbb51-b3b5-4277-ac69-954f30154978",
	"7b30f807-2624-4238-b238-39fe68cb697d",
	"00000000-0000-0000-0000-000000000000");
INSERT INTO R_PART
	VALUES ("7518624d-ddb4-44b0-8f5e-3316cc5e6ab0",
	"c0ebbb51-b3b5-4277-ac69-954f30154978",
	"9bdd679f-d51a-4225-9a9b-8c9abc743d0c",
	0,
	1,
	'creates');
INSERT INTO R_RTO
	VALUES ("7518624d-ddb4-44b0-8f5e-3316cc5e6ab0",
	"c0ebbb51-b3b5-4277-ac69-954f30154978",
	"9bdd679f-d51a-4225-9a9b-8c9abc743d0c",
	-1);
INSERT INTO R_OIR
	VALUES ("7518624d-ddb4-44b0-8f5e-3316cc5e6ab0",
	"c0ebbb51-b3b5-4277-ac69-954f30154978",
	"9bdd679f-d51a-4225-9a9b-8c9abc743d0c",
	"00000000-0000-0000-0000-000000000000");
INSERT INTO PE_PE
	VALUES ("bea22427-e4eb-4a38-bc25-113559bf7265",
	1,
	"dc4131cd-6623-4946-bae6-3107b2be2c64",
	"00000000-0000-0000-0000-000000000000",
	9);
INSERT INTO R_REL
	VALUES ("bea22427-e4eb-4a38-bc25-113559bf7265",
	1,
	'',
	"00000000-0000-0000-0000-000000000000");
INSERT INTO R_SIMP
	VALUES ("bea22427-e4eb-4a38-bc25-113559bf7265");
INSERT INTO R_PART
	VALUES ("93d48880-4e93-442f-9b69-3063f5dd25d8",
	"bea22427-e4eb-4a38-bc25-113559bf7265",
	"6184befa-8f51-4745-b3b7-098a3cc183a8",
	0,
	1,
	'next');
INSERT INTO R_RTO
	VALUES ("93d48880-4e93-442f-9b69-3063f5dd25d8",
	"bea22427-e4eb-4a38-bc25-113559bf7265",
	"6184befa-8f51-4745-b3b7-098a3cc183a8",
	-1);
INSERT INTO R_OIR
	VALUES ("93d48880-4e93-442f-9b69-3063f5dd25d8",
	"bea22427-e4eb-4a38-bc25-113559bf7265",
	"6184befa-8f51-4745-b3b7-098a3cc183a8",
	"00000000-0000-0000-0000-000000000000");
INSERT INTO R_PART
	VALUES ("93d48880-4e93-442f-9b69-3063f5dd25d8",
	"bea22427-e4eb-4a38-bc25-113559bf7265",
	"c871cfd0-e5a6-4d5f-918f-d2cd1b14187e",
	0,
	1,
	'prev');
INSERT INTO R_RTO
	VALUES ("93d48880-4e93-442f-9b69-3063f5dd25d8",
	"bea22427-e4eb-4a38-bc25-113559bf7265",
	"c871cfd0-e5a6-4d5f-918f-d2cd1b14187e",
	-1);
INSERT INTO R_OIR
	VALUES ("93d48880-4e93-442f-9b69-3063f5dd25d8",
	"bea22427-e4eb-4a38-bc25-113559bf7265",
	"c871cfd0-e5a6-4d5f-918f-d2cd1b14187e",
	"00000000-0000-0000-0000-000000000000");
INSERT INTO PE_PE
	VALUES ("c8ee49f6-f3b8-4a4a-afb8-e84bdd63cd6d",
	1,
	"dc4131cd-6623-4946-bae6-3107b2be2c64",
	"00000000-0000-0000-0000-000000000000",
	9);
INSERT INTO R_REL
	VALUES ("c8ee49f6-f3b8-4a4a-afb8-e84bdd63cd6d",
	4,
	'',
	"00000000-0000-0000-0000-000000000000");
INSERT INTO R_SIMP
	VALUES ("c8ee49f6-f3b8-4a4a-afb8-e84bdd63cd6d");
INSERT INTO R_PART
	VALUES ("967dd439-60bd-4f4f-a441-17d4ef22276f",
	"c8ee49f6-f3b8-4a4a-afb8-e84bdd63cd6d",
	"7faec0db-09a0-4dbc-9a99-ec4cfeab517a",
	0,
	1,
	'');
INSERT INTO R_RTO
	VALUES ("967dd439-60bd-4f4f-a441-17d4ef22276f",
	"c8ee49f6-f3b8-4a4a-afb8-e84bdd63cd6d",
	"7faec0db-09a0-4dbc-9a99-ec4cfeab517a",
	-1);
INSERT INTO R_OIR
	VALUES ("967dd439-60bd-4f4f-a441-17d4ef22276f",
	"c8ee49f6-f3b8-4a4a-afb8-e84bdd63cd6d",
	"7faec0db-09a0-4dbc-9a99-ec4cfeab517a",
	"00000000-0000-0000-0000-000000000000");
INSERT INTO R_PART
	VALUES ("93d48880-4e93-442f-9b69-3063f5dd25d8",
	"c8ee49f6-f3b8-4a4a-afb8-e84bdd63cd6d",
	"40854ee4-10a9-4d04-bcde-31c0f039057d",
	0,
	1,
	'receives next');
INSERT INTO R_RTO
	VALUES ("93d48880-4e93-442f-9b69-3063f5dd25d8",
	"c8ee49f6-f3b8-4a4a-afb8-e84bdd63cd6d",
	"40854ee4-10a9-4d04-bcde-31c0f039057d",
	-1);
INSERT INTO R_OIR
	VALUES ("93d48880-4e93-442f-9b69-3063f5dd25d8",
	"c8ee49f6-f3b8-4a4a-afb8-e84bdd63cd6d",
	"40854ee4-10a9-4d04-bcde-31c0f039057d",
	"00000000-0000-0000-0000-000000000000");
INSERT INTO PE_PE
	VALUES ("b4789340-4fb2-4fd4-a88a-1c0a2306de24",
	1,
	"dc4131cd-6623-4946-bae6-3107b2be2c64",
	"00000000-0000-0000-0000-000000000000",
	9);
INSERT INTO R_REL
	VALUES ("b4789340-4fb2-4fd4-a88a-1c0a2306de24",
	2,
	'',
	"00000000-0000-0000-0000-000000000000");
INSERT INTO R_SIMP
	VALUES ("b4789340-4fb2-4fd4-a88a-1c0a2306de24");
INSERT INTO R_PART
	VALUES ("93d48880-4e93-442f-9b69-3063f5dd25d8",
	"b4789340-4fb2-4fd4-a88a-1c0a2306de24",
	"f99f9a28-edc4-47aa-8358-6bfe65edfab2",
	0,
	0,
	'');
INSERT INTO R_RTO
	VALUES ("93d48880-4e93-442f-9b69-3063f5dd25d8",
	"b4789340-4fb2-4fd4-a88a-1c0a2306de24",
	"f99f9a28-edc4-47aa-8358-6bfe65edfab2",
	-1);
INSERT INTO R_OIR
	VALUES ("93d48880-4e93-442f-9b69-3063f5dd25d8",
	"b4789340-4fb2-4fd4-a88a-1c0a2306de24",
	"f99f9a28-edc4-47aa-8358-6bfe65edfab2",
	"00000000-0000-0000-0000-000000000000");
INSERT INTO R_PART
	VALUES ("c06f4827-2810-4d7f-9b50-0e5bfeccfdce",
	"b4789340-4fb2-4fd4-a88a-1c0a2306de24",
	"cad95fab-932b-41dd-b4d8-96baf76f7816",
	1,
	0,
	'consists of');
INSERT INTO R_RTO
	VALUES ("c06f4827-2810-4d7f-9b50-0e5bfeccfdce",
	"b4789340-4fb2-4fd4-a88a-1c0a2306de24",
	"cad95fab-932b-41dd-b4d8-96baf76f7816",
	-1);
INSERT INTO R_OIR
	VALUES ("c06f4827-2810-4d7f-9b50-0e5bfeccfdce",
	"b4789340-4fb2-4fd4-a88a-1c0a2306de24",
	"cad95fab-932b-41dd-b4d8-96baf76f7816",
	"00000000-0000-0000-0000-000000000000");
INSERT INTO PE_PE
	VALUES ("11a216f9-a084-49d9-986f-1c55bb2ad746",
	1,
	"dc4131cd-6623-4946-bae6-3107b2be2c64",
	"00000000-0000-0000-0000-000000000000",
	9);
INSERT INTO R_REL
	VALUES ("11a216f9-a084-49d9-986f-1c55bb2ad746",
	7,
	'',
	"00000000-0000-0000-0000-000000000000");
INSERT INTO R_SIMP
	VALUES ("11a216f9-a084-49d9-986f-1c55bb2ad746");
INSERT INTO R_PART
	VALUES ("967dd439-60bd-4f4f-a441-17d4ef22276f",
	"11a216f9-a084-49d9-986f-1c55bb2ad746",
	"1e195779-2217-439a-af5e-091739fd3068",
	0,
	0,
	'removes diverted stacks from');
INSERT INTO R_RTO
	VALUES ("967dd439-60bd-4f4f-a441-17d4ef22276f",
	"11a216f9-a084-49d9-986f-1c55bb2ad746",
	"1e195779-2217-439a-af5e-091739fd3068",
	-1);
INSERT INTO R_OIR
	VALUES ("967dd439-60bd-4f4f-a441-17d4ef22276f",
	"11a216f9-a084-49d9-986f-1c55bb2ad746",
	"1e195779-2217-439a-af5e-091739fd3068",
	"00000000-0000-0000-0000-000000000000");
INSERT INTO R_PART
	VALUES ("25a7da66-8d4e-40d2-9e48-725b2461dbe9",
	"11a216f9-a084-49d9-986f-1c55bb2ad746",
	"59a62b94-4335-41f0-bf57-2fd78b285742",
	0,
	0,
	'');
INSERT INTO R_RTO
	VALUES ("25a7da66-8d4e-40d2-9e48-725b2461dbe9",
	"11a216f9-a084-49d9-986f-1c55bb2ad746",
	"59a62b94-4335-41f0-bf57-2fd78b285742",
	-1);
INSERT INTO R_OIR
	VALUES ("25a7da66-8d4e-40d2-9e48-725b2461dbe9",
	"11a216f9-a084-49d9-986f-1c55bb2ad746",
	"59a62b94-4335-41f0-bf57-2fd78b285742",
	"a422aad0-ee78-4bfb-aceb-fd932004494b");
INSERT INTO PE_PE
	VALUES ("a422aad0-ee78-4bfb-aceb-fd932004494b",
	1,
	"dc4131cd-6623-4946-bae6-3107b2be2c64",
	"00000000-0000-0000-0000-000000000000",
	19);
INSERT INTO O_IOBJ
	VALUES ("a422aad0-ee78-4bfb-aceb-fd932004494b",
	"25a7da66-8d4e-40d2-9e48-725b2461dbe9",
	0,
	"00000000-0000-0000-0000-000000000000",
	'Cross Transfer Conveyor',
	'XTFRCNVR');
INSERT INTO PE_PE
	VALUES ("e920d40d-6db4-4bc0-a872-45e8cecca18f",
	1,
	"dc4131cd-6623-4946-bae6-3107b2be2c64",
	"00000000-0000-0000-0000-000000000000",
	1);
INSERT INTO S_SYNC
	VALUES ("e920d40d-6db4-4bc0-a872-45e8cecca18f",
	"00000000-0000-0000-0000-000000000000",
	'Init',
	'',
	'/* This function performs all initialization necessary for this sub-system.
*/

// Create the hardware

// Actuator class - Air Blast
create object instance actuator of ACTR;

create object instance air_blast of ARBLST;
air_blast.position = 1000;
air_blast.blast_duration = 100;

relate air_blast to actuator across R5;

// Actuator class - Diverter Pan
create object instance actuator of ACTR;

create object instance diverter_pan of DVTPAN;
diverter_pan.position = 900;

relate diverter_pan to actuator across R5;

// Actuator class - Fingers
create object instance actuator of ACTR;

create object instance fingers of FNGRS;
fingers.position = 900;
fingers.lower_time = 5;
fingers.raise_time = 5;

relate fingers to actuator across R5;

// Actuator class - Cross Transfer Conveyor
create object instance actuator of ACTR;

create object instance xtfr_conv of XTFRCNVR;
xtfr_conv.stopping_time = 500;
xtfr_conv.drive_side = Motor_Direction::Forward;

relate xtfr_conv to actuator across R5;

create object instance manual of MANSEQ;
relate manual to xtfr_conv across R8;

create object instance diverter_bay of DVRTBAY;
relate diverter_bay to xtfr_conv across R7;

/*
// Start the class based timers
create event instance tracking_timer of DVRTPKT_A1:calc_new_position to DVRTPKT assigner;
timer_handle = TIM::timer_start_recurring(microseconds: 1 * 1000, 
                                            event_inst: tracking_timer);

create event instance tracking_timer of TRKPT_A1:correct_position to TRKPT assigner;
timer_handle = TIM::timer_start_recurring(microseconds: 100 * 1000, 
                                            event_inst: tracking_timer);
*/
',
	"ba5eda7a-def5-0000-0000-000000000000",
	1,
	'');
INSERT INTO ACT_FNB
	VALUES ("78642fb2-d683-4b1e-8860-e98b6bdde0ca",
	"e920d40d-6db4-4bc0-a872-45e8cecca18f");
INSERT INTO ACT_ACT
	VALUES ("78642fb2-d683-4b1e-8860-e98b6bdde0ca",
	'function',
	0,
	"c726b57b-56ab-44be-a850-f8c3b1ddd9c3",
	"00000000-0000-0000-0000-000000000000",
	0,
	'Init',
	"00000000-0000-0000-0000-000000000000");
INSERT INTO ACT_BLK
	VALUES ("c726b57b-56ab-44be-a850-f8c3b1ddd9c3",
	0,
	0,
	0,
	'',
	'',
	'',
	46,
	1,
	45,
	40,
	0,
	0,
	46,
	41,
	0,
	0,
	38,
	24,
	0,
	"78642fb2-d683-4b1e-8860-e98b6bdde0ca",
	"00000000-0000-0000-0000-000000000000");
INSERT INTO ACT_SMT
	VALUES ("156e1d30-c521-4e2a-b319-665d4777ee82",
	"c726b57b-56ab-44be-a850-f8c3b1ddd9c3",
	"a787a9b2-5040-4668-99bd-b6c39dab704b",
	7,
	1,
	'Init line: 7');
INSERT INTO ACT_CR
	VALUES ("156e1d30-c521-4e2a-b319-665d4777ee82",
	"55af0248-1477-4cd4-9a32-248943ac8a05",
	1,
	"e530f8f2-a9fb-46e0-b7d9-9c46dc77bc67",
	7,
	36);
INSERT INTO ACT_SMT
	VALUES ("a787a9b2-5040-4668-99bd-b6c39dab704b",
	"c726b57b-56ab-44be-a850-f8c3b1ddd9c3",
	"6b29a946-8367-49c0-883d-a3ded9193303",
	9,
	1,
	'Init line: 9');
INSERT INTO ACT_CR
	VALUES ("a787a9b2-5040-4668-99bd-b6c39dab704b",
	"3ae38294-8970-4397-a943-dd7fd2ae8713",
	1,
	"95d2013c-6717-4cbf-be40-8631761a882d",
	9,
	37);
INSERT INTO ACT_SMT
	VALUES ("6b29a946-8367-49c0-883d-a3ded9193303",
	"c726b57b-56ab-44be-a850-f8c3b1ddd9c3",
	"4f9a21c6-8e9c-46cd-9e96-803365dda3a3",
	10,
	1,
	'Init line: 10');
INSERT INTO ACT_AI
	VALUES ("6b29a946-8367-49c0-883d-a3ded9193303",
	"84914bf3-2e31-4791-9be0-cdc612d1fd84",
	"797c9151-94ad-4707-9d2a-588ea39ec502",
	0,
	0);
INSERT INTO ACT_SMT
	VALUES ("4f9a21c6-8e9c-46cd-9e96-803365dda3a3",
	"c726b57b-56ab-44be-a850-f8c3b1ddd9c3",
	"c51afb69-201f-4121-b9d9-58a542cbdef8",
	11,
	1,
	'Init line: 11');
INSERT INTO ACT_AI
	VALUES ("4f9a21c6-8e9c-46cd-9e96-803365dda3a3",
	"1f98c9bc-7629-4688-8fb2-22900f938fbc",
	"2e1eed9a-6159-4b3f-9082-3e183fe10f17",
	0,
	0);
INSERT INTO ACT_SMT
	VALUES ("c51afb69-201f-4121-b9d9-58a542cbdef8",
	"c726b57b-56ab-44be-a850-f8c3b1ddd9c3",
	"fbd20fa4-04f0-42ad-8b8f-bc8e7a215c10",
	13,
	1,
	'Init line: 13');
INSERT INTO ACT_REL
	VALUES ("c51afb69-201f-4121-b9d9-58a542cbdef8",
	"3ae38294-8970-4397-a943-dd7fd2ae8713",
	"55af0248-1477-4cd4-9a32-248943ac8a05",
	'',
	"d37f5787-d27e-4a13-939a-05bebde170b8",
	13,
	37,
	0,
	0);
INSERT INTO ACT_SMT
	VALUES ("fbd20fa4-04f0-42ad-8b8f-bc8e7a215c10",
	"c726b57b-56ab-44be-a850-f8c3b1ddd9c3",
	"a6d33ba7-8475-487e-959b-7a85c200b4a6",
	16,
	1,
	'Init line: 16');
INSERT INTO ACT_CR
	VALUES ("fbd20fa4-04f0-42ad-8b8f-bc8e7a215c10",
	"55af0248-1477-4cd4-9a32-248943ac8a05",
	0,
	"e530f8f2-a9fb-46e0-b7d9-9c46dc77bc67",
	16,
	36);
INSERT INTO ACT_SMT
	VALUES ("a6d33ba7-8475-487e-959b-7a85c200b4a6",
	"c726b57b-56ab-44be-a850-f8c3b1ddd9c3",
	"f3b097e0-1f4f-43ee-b061-d2f3443e8eb6",
	18,
	1,
	'Init line: 18');
INSERT INTO ACT_CR
	VALUES ("a6d33ba7-8475-487e-959b-7a85c200b4a6",
	"51ec0f8d-a1b4-4bad-843b-560b48d6997c",
	1,
	"305400b4-2051-4933-9eda-11fff7893d50",
	18,
	40);
INSERT INTO ACT_SMT
	VALUES ("f3b097e0-1f4f-43ee-b061-d2f3443e8eb6",
	"c726b57b-56ab-44be-a850-f8c3b1ddd9c3",
	"0f4ad2c9-5c3e-4684-a792-a327917b219c",
	19,
	1,
	'Init line: 19');
INSERT INTO ACT_AI
	VALUES ("f3b097e0-1f4f-43ee-b061-d2f3443e8eb6",
	"372f7c9a-0f40-4d50-9ff1-7c6a1fc4beaf",
	"83bea0ba-2dda-48d6-9f19-b036c25b5bd8",
	0,
	0);
INSERT INTO ACT_SMT
	VALUES ("0f4ad2c9-5c3e-4684-a792-a327917b219c",
	"c726b57b-56ab-44be-a850-f8c3b1ddd9c3",
	"d04e35ed-0707-4eec-a9bf-243c11ad991e",
	21,
	1,
	'Init line: 21');
INSERT INTO ACT_REL
	VALUES ("0f4ad2c9-5c3e-4684-a792-a327917b219c",
	"51ec0f8d-a1b4-4bad-843b-560b48d6997c",
	"55af0248-1477-4cd4-9a32-248943ac8a05",
	'',
	"d37f5787-d27e-4a13-939a-05bebde170b8",
	21,
	40,
	0,
	0);
INSERT INTO ACT_SMT
	VALUES ("d04e35ed-0707-4eec-a9bf-243c11ad991e",
	"c726b57b-56ab-44be-a850-f8c3b1ddd9c3",
	"041336e9-8c6f-444f-ac03-9816d439eaa2",
	24,
	1,
	'Init line: 24');
INSERT INTO ACT_CR
	VALUES ("d04e35ed-0707-4eec-a9bf-243c11ad991e",
	"55af0248-1477-4cd4-9a32-248943ac8a05",
	0,
	"e530f8f2-a9fb-46e0-b7d9-9c46dc77bc67",
	24,
	36);
INSERT INTO ACT_SMT
	VALUES ("041336e9-8c6f-444f-ac03-9816d439eaa2",
	"c726b57b-56ab-44be-a850-f8c3b1ddd9c3",
	"6d1c63c0-c360-4a9d-b083-9f3e60d8e21d",
	26,
	1,
	'Init line: 26');
INSERT INTO ACT_CR
	VALUES ("041336e9-8c6f-444f-ac03-9816d439eaa2",
	"2d93b390-1fe7-46f8-8c0a-8385ef53a116",
	1,
	"383c6d8c-1272-4d44-a081-627be54df5e3",
	26,
	35);
INSERT INTO ACT_SMT
	VALUES ("6d1c63c0-c360-4a9d-b083-9f3e60d8e21d",
	"c726b57b-56ab-44be-a850-f8c3b1ddd9c3",
	"26fa6516-46d6-4155-a5fc-4b098dbcbc6d",
	27,
	1,
	'Init line: 27');
INSERT INTO ACT_AI
	VALUES ("6d1c63c0-c360-4a9d-b083-9f3e60d8e21d",
	"5c1309c4-6c2c-4ec6-88fa-0909ccab6933",
	"512a1ce4-22f5-4e7f-be98-c76563fc40d1",
	0,
	0);
INSERT INTO ACT_SMT
	VALUES ("26fa6516-46d6-4155-a5fc-4b098dbcbc6d",
	"c726b57b-56ab-44be-a850-f8c3b1ddd9c3",
	"2fd65142-2b27-4cfb-a964-65fda106ab7c",
	28,
	1,
	'Init line: 28');
INSERT INTO ACT_AI
	VALUES ("26fa6516-46d6-4155-a5fc-4b098dbcbc6d",
	"fbc072d8-0036-4992-9add-678a3962eb05",
	"3e86d9fc-130e-4c85-8057-70664b89df05",
	0,
	0);
INSERT INTO ACT_SMT
	VALUES ("2fd65142-2b27-4cfb-a964-65fda106ab7c",
	"c726b57b-56ab-44be-a850-f8c3b1ddd9c3",
	"791a4fd5-97e6-434b-9bfe-44bb424c23eb",
	29,
	1,
	'Init line: 29');
INSERT INTO ACT_AI
	VALUES ("2fd65142-2b27-4cfb-a964-65fda106ab7c",
	"7d6811ab-0c65-4e85-a3e9-88799eb5dace",
	"f7d771e5-6233-4105-bdd6-a53ad63cd7bb",
	0,
	0);
INSERT INTO ACT_SMT
	VALUES ("791a4fd5-97e6-434b-9bfe-44bb424c23eb",
	"c726b57b-56ab-44be-a850-f8c3b1ddd9c3",
	"7fe4e9ea-fe03-4bd4-b5e6-08f84d9f1a02",
	31,
	1,
	'Init line: 31');
INSERT INTO ACT_REL
	VALUES ("791a4fd5-97e6-434b-9bfe-44bb424c23eb",
	"2d93b390-1fe7-46f8-8c0a-8385ef53a116",
	"55af0248-1477-4cd4-9a32-248943ac8a05",
	'',
	"d37f5787-d27e-4a13-939a-05bebde170b8",
	31,
	35,
	0,
	0);
INSERT INTO ACT_SMT
	VALUES ("7fe4e9ea-fe03-4bd4-b5e6-08f84d9f1a02",
	"c726b57b-56ab-44be-a850-f8c3b1ddd9c3",
	"f22eee62-1137-47c0-9150-c320f4d1cb65",
	34,
	1,
	'Init line: 34');
INSERT INTO ACT_CR
	VALUES ("7fe4e9ea-fe03-4bd4-b5e6-08f84d9f1a02",
	"55af0248-1477-4cd4-9a32-248943ac8a05",
	0,
	"e530f8f2-a9fb-46e0-b7d9-9c46dc77bc67",
	34,
	36);
INSERT INTO ACT_SMT
	VALUES ("f22eee62-1137-47c0-9150-c320f4d1cb65",
	"c726b57b-56ab-44be-a850-f8c3b1ddd9c3",
	"1fa84e5b-5799-4652-b267-9dc537ed423c",
	36,
	1,
	'Init line: 36');
INSERT INTO ACT_CR
	VALUES ("f22eee62-1137-47c0-9150-c320f4d1cb65",
	"62e5a71b-707a-48bb-97b2-5c7ce3e7b3f2",
	1,
	"25a7da66-8d4e-40d2-9e48-725b2461dbe9",
	36,
	37);
INSERT INTO ACT_SMT
	VALUES ("1fa84e5b-5799-4652-b267-9dc537ed423c",
	"c726b57b-56ab-44be-a850-f8c3b1ddd9c3",
	"ed51c05f-15ad-44f0-883a-c5f540bc9f9f",
	37,
	1,
	'Init line: 37');
INSERT INTO ACT_AI
	VALUES ("1fa84e5b-5799-4652-b267-9dc537ed423c",
	"fec10a5e-2474-4a81-81c5-52dbe186d703",
	"7bc6262a-1265-48ee-af39-56ecd6efdc07",
	0,
	0);
INSERT INTO ACT_SMT
	VALUES ("ed51c05f-15ad-44f0-883a-c5f540bc9f9f",
	"c726b57b-56ab-44be-a850-f8c3b1ddd9c3",
	"91d1888e-fb85-49b5-ad90-537e55996372",
	38,
	1,
	'Init line: 38');
INSERT INTO ACT_AI
	VALUES ("ed51c05f-15ad-44f0-883a-c5f540bc9f9f",
	"c0c500ad-e2a2-4c72-977c-a7a5e0dc4eb0",
	"4db6ce8d-1fce-4ff9-b5a3-5a6911a682da",
	0,
	0);
INSERT INTO ACT_SMT
	VALUES ("91d1888e-fb85-49b5-ad90-537e55996372",
	"c726b57b-56ab-44be-a850-f8c3b1ddd9c3",
	"6383e0ca-87ff-4633-bc2b-6b420704e8cd",
	40,
	1,
	'Init line: 40');
INSERT INTO ACT_REL
	VALUES ("91d1888e-fb85-49b5-ad90-537e55996372",
	"62e5a71b-707a-48bb-97b2-5c7ce3e7b3f2",
	"55af0248-1477-4cd4-9a32-248943ac8a05",
	'',
	"d37f5787-d27e-4a13-939a-05bebde170b8",
	40,
	37,
	0,
	0);
INSERT INTO ACT_SMT
	VALUES ("6383e0ca-87ff-4633-bc2b-6b420704e8cd",
	"c726b57b-56ab-44be-a850-f8c3b1ddd9c3",
	"1d60ae11-f509-4a37-8d4e-63a2414248f7",
	42,
	1,
	'Init line: 42');
INSERT INTO ACT_CR
	VALUES ("6383e0ca-87ff-4633-bc2b-6b420704e8cd",
	"1c5d672b-3c8f-4bce-b38a-90fa231956a0",
	1,
	"5d77175d-d671-463d-974e-4471bcb408f5",
	42,
	34);
INSERT INTO ACT_SMT
	VALUES ("1d60ae11-f509-4a37-8d4e-63a2414248f7",
	"c726b57b-56ab-44be-a850-f8c3b1ddd9c3",
	"4cf23ff5-4113-43e8-8efd-38faf3ede09e",
	43,
	1,
	'Init line: 43');
INSERT INTO ACT_REL
	VALUES ("1d60ae11-f509-4a37-8d4e-63a2414248f7",
	"1c5d672b-3c8f-4bce-b38a-90fa231956a0",
	"62e5a71b-707a-48bb-97b2-5c7ce3e7b3f2",
	'',
	"5dc0b121-a9de-471b-9f21-50903e19c6ee",
	43,
	35,
	0,
	0);
INSERT INTO ACT_SMT
	VALUES ("4cf23ff5-4113-43e8-8efd-38faf3ede09e",
	"c726b57b-56ab-44be-a850-f8c3b1ddd9c3",
	"8f1e1bf3-fe67-4877-820e-152bace25786",
	45,
	1,
	'Init line: 45');
INSERT INTO ACT_CR
	VALUES ("4cf23ff5-4113-43e8-8efd-38faf3ede09e",
	"82e9f41f-c2e2-4178-8890-c2b21922e5dd",
	1,
	"967dd439-60bd-4f4f-a441-17d4ef22276f",
	45,
	40);
INSERT INTO ACT_SMT
	VALUES ("8f1e1bf3-fe67-4877-820e-152bace25786",
	"c726b57b-56ab-44be-a850-f8c3b1ddd9c3",
	"00000000-0000-0000-0000-000000000000",
	46,
	1,
	'Init line: 46');
INSERT INTO ACT_REL
	VALUES ("8f1e1bf3-fe67-4877-820e-152bace25786",
	"82e9f41f-c2e2-4178-8890-c2b21922e5dd",
	"62e5a71b-707a-48bb-97b2-5c7ce3e7b3f2",
	'',
	"11a216f9-a084-49d9-986f-1c55bb2ad746",
	46,
	41,
	0,
	0);
INSERT INTO V_VAL
	VALUES ("bff26138-4063-4e70-b0ec-35fb6ebaebd8",
	1,
	0,
	10,
	1,
	9,
	0,
	0,
	0,
	0,
	"ba5eda7a-def5-0000-0000-000000000008",
	"c726b57b-56ab-44be-a850-f8c3b1ddd9c3");
INSERT INTO V_IRF
	VALUES ("bff26138-4063-4e70-b0ec-35fb6ebaebd8",
	"3ae38294-8970-4397-a943-dd7fd2ae8713");
INSERT INTO V_VAL
	VALUES ("797c9151-94ad-4707-9d2a-588ea39ec502",
	1,
	0,
	10,
	11,
	18,
	0,
	0,
	0,
	0,
	"ba5eda7a-def5-0000-0000-000000000002",
	"c726b57b-56ab-44be-a850-f8c3b1ddd9c3");
INSERT INTO V_AVL
	VALUES ("797c9151-94ad-4707-9d2a-588ea39ec502",
	"bff26138-4063-4e70-b0ec-35fb6ebaebd8",
	"95d2013c-6717-4cbf-be40-8631761a882d",
	"7c00dfd7-642b-4ef2-ac56-dc6575741a0a");
INSERT INTO V_VAL
	VALUES ("84914bf3-2e31-4791-9be0-cdc612d1fd84",
	0,
	0,
	10,
	22,
	25,
	0,
	0,
	0,
	0,
	"ba5eda7a-def5-0000-0000-000000000002",
	"c726b57b-56ab-44be-a850-f8c3b1ddd9c3");
INSERT INTO V_LIN
	VALUES ("84914bf3-2e31-4791-9be0-cdc612d1fd84",
	'1000');
INSERT INTO V_VAL
	VALUES ("3a324712-8839-46ce-8c48-c8abc298bae9",
	1,
	0,
	11,
	1,
	9,
	0,
	0,
	0,
	0,
	"ba5eda7a-def5-0000-0000-000000000008",
	"c726b57b-56ab-44be-a850-f8c3b1ddd9c3");
INSERT INTO V_IRF
	VALUES ("3a324712-8839-46ce-8c48-c8abc298bae9",
	"3ae38294-8970-4397-a943-dd7fd2ae8713");
INSERT INTO V_VAL
	VALUES ("2e1eed9a-6159-4b3f-9082-3e183fe10f17",
	1,
	0,
	11,
	11,
	24,
	0,
	0,
	0,
	0,
	"ba5eda7a-def5-0000-0000-000000000002",
	"c726b57b-56ab-44be-a850-f8c3b1ddd9c3");
INSERT INTO V_AVL
	VALUES ("2e1eed9a-6159-4b3f-9082-3e183fe10f17",
	"3a324712-8839-46ce-8c48-c8abc298bae9",
	"95d2013c-6717-4cbf-be40-8631761a882d",
	"bf78a0d5-1b99-47db-9e0f-77a34734df15");
INSERT INTO V_VAL
	VALUES ("1f98c9bc-7629-4688-8fb2-22900f938fbc",
	0,
	0,
	11,
	28,
	30,
	0,
	0,
	0,
	0,
	"ba5eda7a-def5-0000-0000-000000000002",
	"c726b57b-56ab-44be-a850-f8c3b1ddd9c3");
INSERT INTO V_LIN
	VALUES ("1f98c9bc-7629-4688-8fb2-22900f938fbc",
	'100');
INSERT INTO V_VAL
	VALUES ("1560c7fd-f3af-4ad1-971e-d59c69f4f473",
	1,
	0,
	19,
	1,
	12,
	0,
	0,
	0,
	0,
	"ba5eda7a-def5-0000-0000-000000000008",
	"c726b57b-56ab-44be-a850-f8c3b1ddd9c3");
INSERT INTO V_IRF
	VALUES ("1560c7fd-f3af-4ad1-971e-d59c69f4f473",
	"51ec0f8d-a1b4-4bad-843b-560b48d6997c");
INSERT INTO V_VAL
	VALUES ("83bea0ba-2dda-48d6-9f19-b036c25b5bd8",
	1,
	0,
	19,
	14,
	21,
	0,
	0,
	0,
	0,
	"ba5eda7a-def5-0000-0000-000000000002",
	"c726b57b-56ab-44be-a850-f8c3b1ddd9c3");
INSERT INTO V_AVL
	VALUES ("83bea0ba-2dda-48d6-9f19-b036c25b5bd8",
	"1560c7fd-f3af-4ad1-971e-d59c69f4f473",
	"305400b4-2051-4933-9eda-11fff7893d50",
	"e4bba2b5-6c6a-4c46-aac2-7dcb1b5fba0f");
INSERT INTO V_VAL
	VALUES ("372f7c9a-0f40-4d50-9ff1-7c6a1fc4beaf",
	0,
	0,
	19,
	25,
	27,
	0,
	0,
	0,
	0,
	"ba5eda7a-def5-0000-0000-000000000002",
	"c726b57b-56ab-44be-a850-f8c3b1ddd9c3");
INSERT INTO V_LIN
	VALUES ("372f7c9a-0f40-4d50-9ff1-7c6a1fc4beaf",
	'900');
INSERT INTO V_VAL
	VALUES ("2e2c1690-1e39-4172-94e9-9e5aae0ff1b2",
	1,
	0,
	27,
	1,
	7,
	0,
	0,
	0,
	0,
	"ba5eda7a-def5-0000-0000-000000000008",
	"c726b57b-56ab-44be-a850-f8c3b1ddd9c3");
INSERT INTO V_IRF
	VALUES ("2e2c1690-1e39-4172-94e9-9e5aae0ff1b2",
	"2d93b390-1fe7-46f8-8c0a-8385ef53a116");
INSERT INTO V_VAL
	VALUES ("512a1ce4-22f5-4e7f-be98-c76563fc40d1",
	1,
	0,
	27,
	9,
	16,
	0,
	0,
	0,
	0,
	"ba5eda7a-def5-0000-0000-000000000002",
	"c726b57b-56ab-44be-a850-f8c3b1ddd9c3");
INSERT INTO V_AVL
	VALUES ("512a1ce4-22f5-4e7f-be98-c76563fc40d1",
	"2e2c1690-1e39-4172-94e9-9e5aae0ff1b2",
	"383c6d8c-1272-4d44-a081-627be54df5e3",
	"1701df20-f278-4701-abed-3d20bbc9d3d8");
INSERT INTO V_VAL
	VALUES ("5c1309c4-6c2c-4ec6-88fa-0909ccab6933",
	0,
	0,
	27,
	20,
	22,
	0,
	0,
	0,
	0,
	"ba5eda7a-def5-0000-0000-000000000002",
	"c726b57b-56ab-44be-a850-f8c3b1ddd9c3");
INSERT INTO V_LIN
	VALUES ("5c1309c4-6c2c-4ec6-88fa-0909ccab6933",
	'900');
INSERT INTO V_VAL
	VALUES ("f7c3091e-5b24-4819-9f91-cdb3a2dc446e",
	1,
	0,
	28,
	1,
	7,
	0,
	0,
	0,
	0,
	"ba5eda7a-def5-0000-0000-000000000008",
	"c726b57b-56ab-44be-a850-f8c3b1ddd9c3");
INSERT INTO V_IRF
	VALUES ("f7c3091e-5b24-4819-9f91-cdb3a2dc446e",
	"2d93b390-1fe7-46f8-8c0a-8385ef53a116");
INSERT INTO V_VAL
	VALUES ("3e86d9fc-130e-4c85-8057-70664b89df05",
	1,
	0,
	28,
	9,
	18,
	0,
	0,
	0,
	0,
	"ba5eda7a-def5-0000-0000-000000000002",
	"c726b57b-56ab-44be-a850-f8c3b1ddd9c3");
INSERT INTO V_AVL
	VALUES ("3e86d9fc-130e-4c85-8057-70664b89df05",
	"f7c3091e-5b24-4819-9f91-cdb3a2dc446e",
	"383c6d8c-1272-4d44-a081-627be54df5e3",
	"be2513d8-5074-4ef8-ac34-79cff11eeedd");
INSERT INTO V_VAL
	VALUES ("fbc072d8-0036-4992-9add-678a3962eb05",
	0,
	0,
	28,
	22,
	22,
	0,
	0,
	0,
	0,
	"ba5eda7a-def5-0000-0000-000000000002",
	"c726b57b-56ab-44be-a850-f8c3b1ddd9c3");
INSERT INTO V_LIN
	VALUES ("fbc072d8-0036-4992-9add-678a3962eb05",
	'5');
INSERT INTO V_VAL
	VALUES ("0d5e4652-855a-4471-926f-d7aaae27dc54",
	1,
	0,
	29,
	1,
	7,
	0,
	0,
	0,
	0,
	"ba5eda7a-def5-0000-0000-000000000008",
	"c726b57b-56ab-44be-a850-f8c3b1ddd9c3");
INSERT INTO V_IRF
	VALUES ("0d5e4652-855a-4471-926f-d7aaae27dc54",
	"2d93b390-1fe7-46f8-8c0a-8385ef53a116");
INSERT INTO V_VAL
	VALUES ("f7d771e5-6233-4105-bdd6-a53ad63cd7bb",
	1,
	0,
	29,
	9,
	18,
	0,
	0,
	0,
	0,
	"ba5eda7a-def5-0000-0000-000000000002",
	"c726b57b-56ab-44be-a850-f8c3b1ddd9c3");
INSERT INTO V_AVL
	VALUES ("f7d771e5-6233-4105-bdd6-a53ad63cd7bb",
	"0d5e4652-855a-4471-926f-d7aaae27dc54",
	"383c6d8c-1272-4d44-a081-627be54df5e3",
	"2320eda4-50f6-4640-8c6a-5b0f6c423675");
INSERT INTO V_VAL
	VALUES ("7d6811ab-0c65-4e85-a3e9-88799eb5dace",
	0,
	0,
	29,
	22,
	22,
	0,
	0,
	0,
	0,
	"ba5eda7a-def5-0000-0000-000000000002",
	"c726b57b-56ab-44be-a850-f8c3b1ddd9c3");
INSERT INTO V_LIN
	VALUES ("7d6811ab-0c65-4e85-a3e9-88799eb5dace",
	'5');
INSERT INTO V_VAL
	VALUES ("e2dbc682-0fce-40cd-b1ec-c98bd2dd9d4b",
	1,
	0,
	37,
	1,
	9,
	0,
	0,
	0,
	0,
	"ba5eda7a-def5-0000-0000-000000000008",
	"c726b57b-56ab-44be-a850-f8c3b1ddd9c3");
INSERT INTO V_IRF
	VALUES ("e2dbc682-0fce-40cd-b1ec-c98bd2dd9d4b",
	"62e5a71b-707a-48bb-97b2-5c7ce3e7b3f2");
INSERT INTO V_VAL
	VALUES ("7bc6262a-1265-48ee-af39-56ecd6efdc07",
	1,
	0,
	37,
	11,
	23,
	0,
	0,
	0,
	0,
	"ba5eda7a-def5-0000-0000-000000000002",
	"c726b57b-56ab-44be-a850-f8c3b1ddd9c3");
INSERT INTO V_AVL
	VALUES ("7bc6262a-1265-48ee-af39-56ecd6efdc07",
	"e2dbc682-0fce-40cd-b1ec-c98bd2dd9d4b",
	"25a7da66-8d4e-40d2-9e48-725b2461dbe9",
	"e1bbe36a-4341-4c7d-8147-95a403d8ceb6");
INSERT INTO V_VAL
	VALUES ("fec10a5e-2474-4a81-81c5-52dbe186d703",
	0,
	0,
	37,
	27,
	29,
	0,
	0,
	0,
	0,
	"ba5eda7a-def5-0000-0000-000000000002",
	"c726b57b-56ab-44be-a850-f8c3b1ddd9c3");
INSERT INTO V_LIN
	VALUES ("fec10a5e-2474-4a81-81c5-52dbe186d703",
	'500');
INSERT INTO V_VAL
	VALUES ("6f378176-713d-4df6-b8ef-07a3ac6e1468",
	1,
	0,
	38,
	1,
	9,
	0,
	0,
	0,
	0,
	"ba5eda7a-def5-0000-0000-000000000008",
	"c726b57b-56ab-44be-a850-f8c3b1ddd9c3");
INSERT INTO V_IRF
	VALUES ("6f378176-713d-4df6-b8ef-07a3ac6e1468",
	"62e5a71b-707a-48bb-97b2-5c7ce3e7b3f2");
INSERT INTO V_VAL
	VALUES ("4db6ce8d-1fce-4ff9-b5a3-5a6911a682da",
	1,
	0,
	38,
	11,
	20,
	0,
	0,
	0,
	0,
	"10a457d6-e25e-4dbe-a48f-0682e976c4bf",
	"c726b57b-56ab-44be-a850-f8c3b1ddd9c3");
INSERT INTO V_AVL
	VALUES ("4db6ce8d-1fce-4ff9-b5a3-5a6911a682da",
	"6f378176-713d-4df6-b8ef-07a3ac6e1468",
	"25a7da66-8d4e-40d2-9e48-725b2461dbe9",
	"57e37dd5-1173-4754-bf8f-adcf1b403949");
INSERT INTO V_VAL
	VALUES ("c0c500ad-e2a2-4c72-977c-a7a5e0dc4eb0",
	0,
	0,
	38,
	41,
	47,
	0,
	0,
	0,
	0,
	"10a457d6-e25e-4dbe-a48f-0682e976c4bf",
	"c726b57b-56ab-44be-a850-f8c3b1ddd9c3");
INSERT INTO V_LEN
	VALUES ("c0c500ad-e2a2-4c72-977c-a7a5e0dc4eb0",
	"a14e5643-f258-49e7-8187-18b88e03990f",
	38,
	24);
INSERT INTO V_VAR
	VALUES ("55af0248-1477-4cd4-9a32-248943ac8a05",
	"c726b57b-56ab-44be-a850-f8c3b1ddd9c3",
	'actuator',
	1,
	"ba5eda7a-def5-0000-0000-000000000008");
INSERT INTO V_INT
	VALUES ("55af0248-1477-4cd4-9a32-248943ac8a05",
	0,
	"e530f8f2-a9fb-46e0-b7d9-9c46dc77bc67");
INSERT INTO V_VAR
	VALUES ("3ae38294-8970-4397-a943-dd7fd2ae8713",
	"c726b57b-56ab-44be-a850-f8c3b1ddd9c3",
	'air_blast',
	1,
	"ba5eda7a-def5-0000-0000-000000000008");
INSERT INTO V_INT
	VALUES ("3ae38294-8970-4397-a943-dd7fd2ae8713",
	0,
	"95d2013c-6717-4cbf-be40-8631761a882d");
INSERT INTO V_VAR
	VALUES ("51ec0f8d-a1b4-4bad-843b-560b48d6997c",
	"c726b57b-56ab-44be-a850-f8c3b1ddd9c3",
	'diverter_pan',
	1,
	"ba5eda7a-def5-0000-0000-000000000008");
INSERT INTO V_INT
	VALUES ("51ec0f8d-a1b4-4bad-843b-560b48d6997c",
	0,
	"305400b4-2051-4933-9eda-11fff7893d50");
INSERT INTO V_VAR
	VALUES ("2d93b390-1fe7-46f8-8c0a-8385ef53a116",
	"c726b57b-56ab-44be-a850-f8c3b1ddd9c3",
	'fingers',
	1,
	"ba5eda7a-def5-0000-0000-000000000008");
INSERT INTO V_INT
	VALUES ("2d93b390-1fe7-46f8-8c0a-8385ef53a116",
	0,
	"383c6d8c-1272-4d44-a081-627be54df5e3");
INSERT INTO V_VAR
	VALUES ("62e5a71b-707a-48bb-97b2-5c7ce3e7b3f2",
	"c726b57b-56ab-44be-a850-f8c3b1ddd9c3",
	'xtfr_conv',
	1,
	"ba5eda7a-def5-0000-0000-000000000008");
INSERT INTO V_INT
	VALUES ("62e5a71b-707a-48bb-97b2-5c7ce3e7b3f2",
	0,
	"25a7da66-8d4e-40d2-9e48-725b2461dbe9");
INSERT INTO V_VAR
	VALUES ("1c5d672b-3c8f-4bce-b38a-90fa231956a0",
	"c726b57b-56ab-44be-a850-f8c3b1ddd9c3",
	'manual',
	1,
	"ba5eda7a-def5-0000-0000-000000000008");
INSERT INTO V_INT
	VALUES ("1c5d672b-3c8f-4bce-b38a-90fa231956a0",
	0,
	"5d77175d-d671-463d-974e-4471bcb408f5");
INSERT INTO V_VAR
	VALUES ("82e9f41f-c2e2-4178-8890-c2b21922e5dd",
	"c726b57b-56ab-44be-a850-f8c3b1ddd9c3",
	'diverter_bay',
	1,
	"ba5eda7a-def5-0000-0000-000000000008");
INSERT INTO V_INT
	VALUES ("82e9f41f-c2e2-4178-8890-c2b21922e5dd",
	0,
	"967dd439-60bd-4f4f-a441-17d4ef22276f");
INSERT INTO PE_PE
	VALUES ("e530f8f2-a9fb-46e0-b7d9-9c46dc77bc67",
	1,
	"dc4131cd-6623-4946-bae6-3107b2be2c64",
	"00000000-0000-0000-0000-000000000000",
	4);
INSERT INTO O_OBJ
	VALUES ("e530f8f2-a9fb-46e0-b7d9-9c46dc77bc67",
	'Actuator',
	3,
	'ACTR',
	'',
	"00000000-0000-0000-0000-000000000000");
INSERT INTO O_NBATTR
	VALUES ("a69ddb85-4697-4771-be27-966cef68feda",
	"e530f8f2-a9fb-46e0-b7d9-9c46dc77bc67");
INSERT INTO O_BATTR
	VALUES ("a69ddb85-4697-4771-be27-966cef68feda",
	"e530f8f2-a9fb-46e0-b7d9-9c46dc77bc67");
INSERT INTO O_ATTR
	VALUES ("a69ddb85-4697-4771-be27-966cef68feda",
	"e530f8f2-a9fb-46e0-b7d9-9c46dc77bc67",
	"5be94755-35b2-414e-a4cb-41e5b4d8d00a",
	'current_state',
	'',
	'',
	'current_state',
	0,
	"ba5eda7a-def5-0000-0000-000000000006",
	'',
	'');
INSERT INTO O_NBATTR
	VALUES ("5be94755-35b2-414e-a4cb-41e5b4d8d00a",
	"e530f8f2-a9fb-46e0-b7d9-9c46dc77bc67");
INSERT INTO O_BATTR
	VALUES ("5be94755-35b2-414e-a4cb-41e5b4d8d00a",
	"e530f8f2-a9fb-46e0-b7d9-9c46dc77bc67");
INSERT INTO O_ATTR
	VALUES ("5be94755-35b2-414e-a4cb-41e5b4d8d00a",
	"e530f8f2-a9fb-46e0-b7d9-9c46dc77bc67",
	"00000000-0000-0000-0000-000000000000",
	'Id',
	'',
	'',
	'Id',
	0,
	"ba5eda7a-def5-0000-0000-000000000002",
	'',
	'');
INSERT INTO O_ID
	VALUES (0,
	"e530f8f2-a9fb-46e0-b7d9-9c46dc77bc67");
INSERT INTO O_OIDA
	VALUES ("5be94755-35b2-414e-a4cb-41e5b4d8d00a",
	"e530f8f2-a9fb-46e0-b7d9-9c46dc77bc67",
	0,
	'Id');
INSERT INTO O_ID
	VALUES (1,
	"e530f8f2-a9fb-46e0-b7d9-9c46dc77bc67");
INSERT INTO O_ID
	VALUES (2,
	"e530f8f2-a9fb-46e0-b7d9-9c46dc77bc67");
INSERT INTO SM_ISM
	VALUES ("6110756b-f976-4fd3-bf1e-c88222878dbd",
	"e530f8f2-a9fb-46e0-b7d9-9c46dc77bc67");
INSERT INTO SM_SM
	VALUES ("6110756b-f976-4fd3-bf1e-c88222878dbd",
	'',
	0);
INSERT INTO SM_MOORE
	VALUES ("6110756b-f976-4fd3-bf1e-c88222878dbd");
INSERT INTO SM_PEVT
	VALUES ("fe8564b3-1381-4481-8f71-eacda34d89ea",
	"6110756b-f976-4fd3-bf1e-c88222878dbd",
	"00000000-0000-0000-0000-000000000000",
	'Actuator',
	'ACTR',
	'activate');
INSERT INTO SM_EVT
	VALUES ("fe8564b3-1381-4481-8f71-eacda34d89ea",
	"6110756b-f976-4fd3-bf1e-c88222878dbd",
	"00000000-0000-0000-0000-000000000000",
	1,
	'activate',
	0,
	'',
	'ACTR1',
	'');
INSERT INTO SM_PEVT
	VALUES ("e0a943d5-8801-47e5-820d-8ee4e98f5f40",
	"6110756b-f976-4fd3-bf1e-c88222878dbd",
	"00000000-0000-0000-0000-000000000000",
	'Actuator',
	'ACTR',
	'de_activate');
INSERT INTO SM_EVT
	VALUES ("e0a943d5-8801-47e5-820d-8ee4e98f5f40",
	"6110756b-f976-4fd3-bf1e-c88222878dbd",
	"00000000-0000-0000-0000-000000000000",
	2,
	'de_activate',
	0,
	'',
	'ACTR2',
	'');
INSERT INTO PE_PE
	VALUES ("95d2013c-6717-4cbf-be40-8631761a882d",
	1,
	"dc4131cd-6623-4946-bae6-3107b2be2c64",
	"00000000-0000-0000-0000-000000000000",
	4);
INSERT INTO O_OBJ
	VALUES ("95d2013c-6717-4cbf-be40-8631761a882d",
	'Air Blast',
	10,
	'ARBLST',
	'',
	"00000000-0000-0000-0000-000000000000");
INSERT INTO O_NBATTR
	VALUES ("7c00dfd7-642b-4ef2-ac56-dc6575741a0a",
	"95d2013c-6717-4cbf-be40-8631761a882d");
INSERT INTO O_BATTR
	VALUES ("7c00dfd7-642b-4ef2-ac56-dc6575741a0a",
	"95d2013c-6717-4cbf-be40-8631761a882d");
INSERT INTO O_ATTR
	VALUES ("7c00dfd7-642b-4ef2-ac56-dc6575741a0a",
	"95d2013c-6717-4cbf-be40-8631761a882d",
	"00000000-0000-0000-0000-000000000000",
	'position',
	'',
	'',
	'position',
	0,
	"ba5eda7a-def5-0000-0000-000000000002",
	'',
	'');
INSERT INTO O_NBATTR
	VALUES ("bb4b34f0-3456-416c-8fcf-9edd3ef53052",
	"95d2013c-6717-4cbf-be40-8631761a882d");
INSERT INTO O_BATTR
	VALUES ("bb4b34f0-3456-416c-8fcf-9edd3ef53052",
	"95d2013c-6717-4cbf-be40-8631761a882d");
INSERT INTO O_ATTR
	VALUES ("bb4b34f0-3456-416c-8fcf-9edd3ef53052",
	"95d2013c-6717-4cbf-be40-8631761a882d",
	"bf78a0d5-1b99-47db-9e0f-77a34734df15",
	'current_state',
	'',
	'',
	'current_state',
	0,
	"ba5eda7a-def5-0000-0000-000000000006",
	'',
	'');
INSERT INTO O_NBATTR
	VALUES ("bf78a0d5-1b99-47db-9e0f-77a34734df15",
	"95d2013c-6717-4cbf-be40-8631761a882d");
INSERT INTO O_BATTR
	VALUES ("bf78a0d5-1b99-47db-9e0f-77a34734df15",
	"95d2013c-6717-4cbf-be40-8631761a882d");
INSERT INTO O_ATTR
	VALUES ("bf78a0d5-1b99-47db-9e0f-77a34734df15",
	"95d2013c-6717-4cbf-be40-8631761a882d",
	"7c00dfd7-642b-4ef2-ac56-dc6575741a0a",
	'blast_duration',
	'',
	'',
	'blast_duration',
	0,
	"ba5eda7a-def5-0000-0000-000000000002",
	'',
	'');
INSERT INTO O_ID
	VALUES (0,
	"95d2013c-6717-4cbf-be40-8631761a882d");
INSERT INTO O_ID
	VALUES (1,
	"95d2013c-6717-4cbf-be40-8631761a882d");
INSERT INTO O_ID
	VALUES (2,
	"95d2013c-6717-4cbf-be40-8631761a882d");
INSERT INTO SM_ISM
	VALUES ("b57c5002-17f4-4ad7-805f-f432695f915a",
	"95d2013c-6717-4cbf-be40-8631761a882d");
INSERT INTO SM_SM
	VALUES ("b57c5002-17f4-4ad7-805f-f432695f915a",
	'',
	0);
INSERT INTO SM_MOORE
	VALUES ("b57c5002-17f4-4ad7-805f-f432695f915a");
INSERT INTO SM_NLEVT
	VALUES ("3d411183-e9d9-4868-8d67-85a724a69268",
	"b57c5002-17f4-4ad7-805f-f432695f915a",
	"00000000-0000-0000-0000-000000000000",
	"fe8564b3-1381-4481-8f71-eacda34d89ea",
	"6110756b-f976-4fd3-bf1e-c88222878dbd",
	"00000000-0000-0000-0000-000000000000",
	'');
INSERT INTO SM_SEVT
	VALUES ("3d411183-e9d9-4868-8d67-85a724a69268",
	"b57c5002-17f4-4ad7-805f-f432695f915a",
	"00000000-0000-0000-0000-000000000000");
INSERT INTO SM_EVT
	VALUES ("3d411183-e9d9-4868-8d67-85a724a69268",
	"b57c5002-17f4-4ad7-805f-f432695f915a",
	"00000000-0000-0000-0000-000000000000",
	1,
	'activate',
	0,
	'',
	'ACTR1*',
	'');
INSERT INTO SM_NLEVT
	VALUES ("c3ad6090-ea3c-4521-89ff-4762916924dc",
	"b57c5002-17f4-4ad7-805f-f432695f915a",
	"00000000-0000-0000-0000-000000000000",
	"e0a943d5-8801-47e5-820d-8ee4e98f5f40",
	"6110756b-f976-4fd3-bf1e-c88222878dbd",
	"00000000-0000-0000-0000-000000000000",
	'');
INSERT INTO SM_SEVT
	VALUES ("c3ad6090-ea3c-4521-89ff-4762916924dc",
	"b57c5002-17f4-4ad7-805f-f432695f915a",
	"00000000-0000-0000-0000-000000000000");
INSERT INTO SM_EVT
	VALUES ("c3ad6090-ea3c-4521-89ff-4762916924dc",
	"b57c5002-17f4-4ad7-805f-f432695f915a",
	"00000000-0000-0000-0000-000000000000",
	2,
	'de_activate',
	0,
	'',
	'ACTR2*',
	'');
INSERT INTO SM_STATE
	VALUES ("45cce0f7-3488-44f6-8639-15161e7b88bb",
	"b57c5002-17f4-4ad7-805f-f432695f915a",
	"00000000-0000-0000-0000-000000000000",
	'Off',
	1,
	0);
INSERT INTO SM_SEME
	VALUES ("45cce0f7-3488-44f6-8639-15161e7b88bb",
	"3d411183-e9d9-4868-8d67-85a724a69268",
	"b57c5002-17f4-4ad7-805f-f432695f915a",
	"00000000-0000-0000-0000-000000000000");
INSERT INTO SM_CH
	VALUES ("45cce0f7-3488-44f6-8639-15161e7b88bb",
	"c3ad6090-ea3c-4521-89ff-4762916924dc",
	"b57c5002-17f4-4ad7-805f-f432695f915a",
	"00000000-0000-0000-0000-000000000000",
	'');
INSERT INTO SM_SEME
	VALUES ("45cce0f7-3488-44f6-8639-15161e7b88bb",
	"c3ad6090-ea3c-4521-89ff-4762916924dc",
	"b57c5002-17f4-4ad7-805f-f432695f915a",
	"00000000-0000-0000-0000-000000000000");
INSERT INTO SM_MOAH
	VALUES ("67eb6f1b-9cda-48c9-bbba-6cc0d7a0011a",
	"b57c5002-17f4-4ad7-805f-f432695f915a",
	"45cce0f7-3488-44f6-8639-15161e7b88bb");
INSERT INTO SM_AH
	VALUES ("67eb6f1b-9cda-48c9-bbba-6cc0d7a0011a",
	"b57c5002-17f4-4ad7-805f-f432695f915a");
INSERT INTO SM_ACT
	VALUES ("67eb6f1b-9cda-48c9-bbba-6cc0d7a0011a",
	"b57c5002-17f4-4ad7-805f-f432695f915a",
	1,
	'',
	'');
INSERT INTO ACT_SAB
	VALUES ("654f6e06-f6b3-41b8-bd9e-2b8a8de51714",
	"b57c5002-17f4-4ad7-805f-f432695f915a",
	"67eb6f1b-9cda-48c9-bbba-6cc0d7a0011a");
INSERT INTO ACT_ACT
	VALUES ("654f6e06-f6b3-41b8-bd9e-2b8a8de51714",
	'state',
	0,
	"01a05150-518f-4658-a37f-ac6fe68323d8",
	"00000000-0000-0000-0000-000000000000",
	0,
	'Air Blast::Off',
	"00000000-0000-0000-0000-000000000000");
INSERT INTO ACT_BLK
	VALUES ("01a05150-518f-4658-a37f-ac6fe68323d8",
	0,
	0,
	0,
	'',
	'',
	'',
	0,
	0,
	0,
	0,
	0,
	0,
	0,
	0,
	0,
	0,
	0,
	0,
	0,
	"654f6e06-f6b3-41b8-bd9e-2b8a8de51714",
	"00000000-0000-0000-0000-000000000000");
INSERT INTO SM_STATE
	VALUES ("b191e5e6-09d0-481c-b47a-e1ea8e15cafa",
	"b57c5002-17f4-4ad7-805f-f432695f915a",
	"00000000-0000-0000-0000-000000000000",
	'On',
	2,
	0);
INSERT INTO SM_CH
	VALUES ("b191e5e6-09d0-481c-b47a-e1ea8e15cafa",
	"3d411183-e9d9-4868-8d67-85a724a69268",
	"b57c5002-17f4-4ad7-805f-f432695f915a",
	"00000000-0000-0000-0000-000000000000",
	'');
INSERT INTO SM_SEME
	VALUES ("b191e5e6-09d0-481c-b47a-e1ea8e15cafa",
	"3d411183-e9d9-4868-8d67-85a724a69268",
	"b57c5002-17f4-4ad7-805f-f432695f915a",
	"00000000-0000-0000-0000-000000000000");
INSERT INTO SM_SEME
	VALUES ("b191e5e6-09d0-481c-b47a-e1ea8e15cafa",
	"c3ad6090-ea3c-4521-89ff-4762916924dc",
	"b57c5002-17f4-4ad7-805f-f432695f915a",
	"00000000-0000-0000-0000-000000000000");
INSERT INTO SM_MOAH
	VALUES ("d31f7a08-b5a9-4722-8434-d64f2657a286",
	"b57c5002-17f4-4ad7-805f-f432695f915a",
	"b191e5e6-09d0-481c-b47a-e1ea8e15cafa");
INSERT INTO SM_AH
	VALUES ("d31f7a08-b5a9-4722-8434-d64f2657a286",
	"b57c5002-17f4-4ad7-805f-f432695f915a");
INSERT INTO SM_ACT
	VALUES ("d31f7a08-b5a9-4722-8434-d64f2657a286",
	"b57c5002-17f4-4ad7-805f-f432695f915a",
	1,
	'',
	'');
INSERT INTO ACT_SAB
	VALUES ("1c68f5dd-4efb-4a74-b439-cfe7bb4d26a1",
	"b57c5002-17f4-4ad7-805f-f432695f915a",
	"d31f7a08-b5a9-4722-8434-d64f2657a286");
INSERT INTO ACT_ACT
	VALUES ("1c68f5dd-4efb-4a74-b439-cfe7bb4d26a1",
	'state',
	0,
	"d8900aec-be6f-478d-9765-f3af5fc3add7",
	"00000000-0000-0000-0000-000000000000",
	0,
	'Air Blast::On',
	"00000000-0000-0000-0000-000000000000");
INSERT INTO ACT_BLK
	VALUES ("d8900aec-be6f-478d-9765-f3af5fc3add7",
	0,
	0,
	0,
	'',
	'',
	'',
	0,
	0,
	0,
	0,
	0,
	0,
	0,
	0,
	0,
	0,
	0,
	0,
	0,
	"1c68f5dd-4efb-4a74-b439-cfe7bb4d26a1",
	"00000000-0000-0000-0000-000000000000");
INSERT INTO SM_NSTXN
	VALUES ("f0b475b0-5f78-4d61-be8d-28a79438fddd",
	"b57c5002-17f4-4ad7-805f-f432695f915a",
	"45cce0f7-3488-44f6-8639-15161e7b88bb",
	"3d411183-e9d9-4868-8d67-85a724a69268",
	"00000000-0000-0000-0000-000000000000");
INSERT INTO SM_TAH
	VALUES ("511e331f-e671-4b1f-acf7-197faa3e4fc5",
	"b57c5002-17f4-4ad7-805f-f432695f915a",
	"f0b475b0-5f78-4d61-be8d-28a79438fddd");
INSERT INTO SM_AH
	VALUES ("511e331f-e671-4b1f-acf7-197faa3e4fc5",
	"b57c5002-17f4-4ad7-805f-f432695f915a");
INSERT INTO SM_ACT
	VALUES ("511e331f-e671-4b1f-acf7-197faa3e4fc5",
	"b57c5002-17f4-4ad7-805f-f432695f915a",
	1,
	'',
	'');
INSERT INTO ACT_TAB
	VALUES ("67f60231-8c30-440d-91e9-ec988722b842",
	"b57c5002-17f4-4ad7-805f-f432695f915a",
	"511e331f-e671-4b1f-acf7-197faa3e4fc5");
INSERT INTO ACT_ACT
	VALUES ("67f60231-8c30-440d-91e9-ec988722b842",
	'transition',
	0,
	"b2d97232-6be1-42e0-8f3f-380bebe500a2",
	"00000000-0000-0000-0000-000000000000",
	0,
	'activate::Actuator',
	"00000000-0000-0000-0000-000000000000");
INSERT INTO ACT_BLK
	VALUES ("b2d97232-6be1-42e0-8f3f-380bebe500a2",
	0,
	0,
	0,
	'',
	'',
	'',
	0,
	0,
	0,
	0,
	0,
	0,
	0,
	0,
	0,
	0,
	0,
	0,
	0,
	"67f60231-8c30-440d-91e9-ec988722b842",
	"00000000-0000-0000-0000-000000000000");
INSERT INTO SM_TXN
	VALUES ("f0b475b0-5f78-4d61-be8d-28a79438fddd",
	"b57c5002-17f4-4ad7-805f-f432695f915a",
	"b191e5e6-09d0-481c-b47a-e1ea8e15cafa",
	"00000000-0000-0000-0000-000000000000");
INSERT INTO SM_NSTXN
	VALUES ("ecd2bb29-3335-40ce-b712-bfeeb6c093ea",
	"b57c5002-17f4-4ad7-805f-f432695f915a",
	"b191e5e6-09d0-481c-b47a-e1ea8e15cafa",
	"c3ad6090-ea3c-4521-89ff-4762916924dc",
	"00000000-0000-0000-0000-000000000000");
INSERT INTO SM_TAH
	VALUES ("b67e1dca-d089-4553-8ff7-29dc6e77ce78",
	"b57c5002-17f4-4ad7-805f-f432695f915a",
	"ecd2bb29-3335-40ce-b712-bfeeb6c093ea");
INSERT INTO SM_AH
	VALUES ("b67e1dca-d089-4553-8ff7-29dc6e77ce78",
	"b57c5002-17f4-4ad7-805f-f432695f915a");
INSERT INTO SM_ACT
	VALUES ("b67e1dca-d089-4553-8ff7-29dc6e77ce78",
	"b57c5002-17f4-4ad7-805f-f432695f915a",
	1,
	'',
	'');
INSERT INTO ACT_TAB
	VALUES ("e74d314c-0845-44e0-aae3-758636c02730",
	"b57c5002-17f4-4ad7-805f-f432695f915a",
	"b67e1dca-d089-4553-8ff7-29dc6e77ce78");
INSERT INTO ACT_ACT
	VALUES ("e74d314c-0845-44e0-aae3-758636c02730",
	'transition',
	0,
	"653d0789-e16a-4f36-8c34-cd551db7e983",
	"00000000-0000-0000-0000-000000000000",
	0,
	'de_activate::Actuator',
	"00000000-0000-0000-0000-000000000000");
INSERT INTO ACT_BLK
	VALUES ("653d0789-e16a-4f36-8c34-cd551db7e983",
	0,
	0,
	0,
	'',
	'',
	'',
	0,
	0,
	0,
	0,
	0,
	0,
	0,
	0,
	0,
	0,
	0,
	0,
	0,
	"e74d314c-0845-44e0-aae3-758636c02730",
	"00000000-0000-0000-0000-000000000000");
INSERT INTO SM_TXN
	VALUES ("ecd2bb29-3335-40ce-b712-bfeeb6c093ea",
	"b57c5002-17f4-4ad7-805f-f432695f915a",
	"45cce0f7-3488-44f6-8639-15161e7b88bb",
	"00000000-0000-0000-0000-000000000000");
INSERT INTO PE_PE
	VALUES ("93d48880-4e93-442f-9b69-3063f5dd25d8",
	1,
	"dc4131cd-6623-4946-bae6-3107b2be2c64",
	"00000000-0000-0000-0000-000000000000",
	4);
INSERT INTO O_OBJ
	VALUES ("93d48880-4e93-442f-9b69-3063f5dd25d8",
	'Divert Packet',
	1,
	'DVRTPKT',
	'',
	"00000000-0000-0000-0000-000000000000");
INSERT INTO O_TFR
	VALUES ("52361941-beb9-427b-8e37-61711145d6c4",
	"93d48880-4e93-442f-9b69-3063f5dd25d8",
	'SheetDiverted',
	'',
	"ba5eda7a-def5-0000-0000-000000000000",
	1,
	'// Notify the diverter bay that it has received another sheet
select one diverter_bay related by self->DVRTBAY[R4];
generate DVRTBAY1:receive_sheet(sheet_caliper: self.web_caliper) to diverter_bay;

// Check to see if there are any more sheets remaining
select many divert_sheets related by self->DVRTSHT[R2];
if empty divert_sheets;
   // This divert packet can be deleted now, perform cleanup
   unrelate self from diverter_bay across R4;
   
   select one divert_sheet related by self->DVRTPKT[R1.''next''];
   if not_empty divert_sheet;
      // remove relationship between this instance of divert packet and the next
      unrelate self from divert_sheet across R1.''next'';

      // establish the new relationship with the diverter bay
      relate divert_sheet to diverter_bay across R4;
   end if;
   
   // Notify the diverter bay that it has received the last sheet from this divert packet
   generate DVRTBAY2:divert_packet_received() to diverter_bay;
   
   // Remove this divert packet
   delete object instance self;
end if;',
	1,
	'',
	"00000000-0000-0000-0000-000000000000");
INSERT INTO ACT_OPB
	VALUES ("78de4c17-ecd2-4727-8469-2f50719ab648",
	"52361941-beb9-427b-8e37-61711145d6c4");
INSERT INTO ACT_ACT
	VALUES ("78de4c17-ecd2-4727-8469-2f50719ab648",
	'operation',
	0,
	"fef61398-2897-4880-a063-98aadba56f16",
	"00000000-0000-0000-0000-000000000000",
	0,
	'Divert Packet::SheetDiverted',
	"00000000-0000-0000-0000-000000000000");
INSERT INTO ACT_BLK
	VALUES ("fef61398-2897-4880-a063-98aadba56f16",
	1,
	0,
	0,
	'V_VAR.Var_ID',
	'sheet_caliper',
	'sheet_caliper',
	7,
	1,
	6,
	44,
	0,
	0,
	6,
	52,
	0,
	0,
	0,
	0,
	0,
	"78de4c17-ecd2-4727-8469-2f50719ab648",
	"00000000-0000-0000-0000-000000000000");
INSERT INTO ACT_SMT
	VALUES ("0dbe057a-5b8d-40e0-a20b-6bce0ba04fb4",
	"fef61398-2897-4880-a063-98aadba56f16",
	"0565a86b-18bc-4723-af25-6520fa388fbb",
	2,
	1,
	'Divert Packet::SheetDiverted line: 2');
INSERT INTO ACT_SEL
	VALUES ("0dbe057a-5b8d-40e0-a20b-6bce0ba04fb4",
	"76170723-7ffe-42f7-bf96-7259ee8b90a4",
	1,
	'one',
	"66dbd8b5-7ad4-4c62-900f-6cae69ed1747");
INSERT INTO ACT_SR
	VALUES ("0dbe057a-5b8d-40e0-a20b-6bce0ba04fb4");
INSERT INTO ACT_LNK
	VALUES ("e855da55-59cf-4364-a8cd-306649d84dfa",
	'',
	"0dbe057a-5b8d-40e0-a20b-6bce0ba04fb4",
	"c8ee49f6-f3b8-4a4a-afb8-e84bdd63cd6d",
	"00000000-0000-0000-0000-000000000000",
	2,
	"967dd439-60bd-4f4f-a441-17d4ef22276f",
	2,
	42,
	2,
	50,
	0,
	0);
INSERT INTO ACT_SMT
	VALUES ("0565a86b-18bc-4723-af25-6520fa388fbb",
	"fef61398-2897-4880-a063-98aadba56f16",
	"2ab453ff-826b-4745-8b98-100653ecab45",
	3,
	1,
	'Divert Packet::SheetDiverted line: 3');
INSERT INTO E_ESS
	VALUES ("0565a86b-18bc-4723-af25-6520fa388fbb",
	1,
	0,
	3,
	10,
	3,
	19,
	2,
	42,
	3,
	33,
	0,
	0);
INSERT INTO V_PAR
	VALUES ("a8e01e9c-b180-410b-ba27-d3395a539d21",
	"0565a86b-18bc-4723-af25-6520fa388fbb",
	"00000000-0000-0000-0000-000000000000",
	'sheet_caliper',
	"00000000-0000-0000-0000-000000000000",
	3,
	33);
INSERT INTO E_GES
	VALUES ("0565a86b-18bc-4723-af25-6520fa388fbb");
INSERT INTO E_GSME
	VALUES ("0565a86b-18bc-4723-af25-6520fa388fbb",
	"76685953-4d66-4de4-8284-9779ca7ceb3c");
INSERT INTO E_GEN
	VALUES ("0565a86b-18bc-4723-af25-6520fa388fbb",
	"76170723-7ffe-42f7-bf96-7259ee8b90a4");
INSERT INTO ACT_SMT
	VALUES ("2ab453ff-826b-4745-8b98-100653ecab45",
	"fef61398-2897-4880-a063-98aadba56f16",
	"cd9abf64-6ca4-418c-a504-67f824bf413f",
	6,
	1,
	'Divert Packet::SheetDiverted line: 6');
INSERT INTO ACT_SEL
	VALUES ("2ab453ff-826b-4745-8b98-100653ecab45",
	"c453be94-93e1-41a9-b45d-8359235dae5a",
	1,
	'many',
	"9f10bbc0-3c99-45cd-8132-0c1cd431fc36");
INSERT INTO ACT_SR
	VALUES ("2ab453ff-826b-4745-8b98-100653ecab45");
INSERT INTO ACT_LNK
	VALUES ("dcf0c98e-b2d4-4b87-a8af-29400b933764",
	'',
	"2ab453ff-826b-4745-8b98-100653ecab45",
	"b4789340-4fb2-4fd4-a88a-1c0a2306de24",
	"00000000-0000-0000-0000-000000000000",
	3,
	"c06f4827-2810-4d7f-9b50-0e5bfeccfdce",
	6,
	44,
	6,
	52,
	0,
	0);
INSERT INTO ACT_SMT
	VALUES ("cd9abf64-6ca4-418c-a504-67f824bf413f",
	"fef61398-2897-4880-a063-98aadba56f16",
	"00000000-0000-0000-0000-000000000000",
	7,
	1,
	'Divert Packet::SheetDiverted line: 7');
INSERT INTO ACT_IF
	VALUES ("cd9abf64-6ca4-418c-a504-67f824bf413f",
	"47c75fda-8988-4ba1-9109-43c2a6732e0f",
	"70df8c53-c9fe-4e3e-a906-fea8cf43d656",
	"00000000-0000-0000-0000-000000000000",
	"00000000-0000-0000-0000-000000000000");
INSERT INTO V_VAL
	VALUES ("66dbd8b5-7ad4-4c62-900f-6cae69ed1747",
	0,
	0,
	2,
	36,
	39,
	0,
	0,
	0,
	0,
	"ba5eda7a-def5-0000-0000-000000000008",
	"fef61398-2897-4880-a063-98aadba56f16");
INSERT INTO V_IRF
	VALUES ("66dbd8b5-7ad4-4c62-900f-6cae69ed1747",
	"7165f351-9335-4a85-9f21-79ba098bd7e2");
INSERT INTO V_VAL
	VALUES ("78e00233-3df9-46b6-904b-79efdf223721",
	0,
	0,
	3,
	48,
	51,
	0,
	0,
	0,
	0,
	"ba5eda7a-def5-0000-0000-000000000008",
	"fef61398-2897-4880-a063-98aadba56f16");
INSERT INTO V_IRF
	VALUES ("78e00233-3df9-46b6-904b-79efdf223721",
	"7165f351-9335-4a85-9f21-79ba098bd7e2");
INSERT INTO V_VAL
	VALUES ("a8e01e9c-b180-410b-ba27-d3395a539d21",
	0,
	0,
	3,
	53,
	63,
	0,
	0,
	0,
	0,
	"ba5eda7a-def5-0000-0000-000000000002",
	"fef61398-2897-4880-a063-98aadba56f16");
INSERT INTO V_AVL
	VALUES ("a8e01e9c-b180-410b-ba27-d3395a539d21",
	"78e00233-3df9-46b6-904b-79efdf223721",
	"93d48880-4e93-442f-9b69-3063f5dd25d8",
	"c3c9ecf3-2159-400c-a7b8-9031aca77368");
INSERT INTO V_VAL
	VALUES ("9f10bbc0-3c99-45cd-8132-0c1cd431fc36",
	0,
	0,
	6,
	38,
	41,
	0,
	0,
	0,
	0,
	"ba5eda7a-def5-0000-0000-000000000008",
	"fef61398-2897-4880-a063-98aadba56f16");
INSERT INTO V_IRF
	VALUES ("9f10bbc0-3c99-45cd-8132-0c1cd431fc36",
	"7165f351-9335-4a85-9f21-79ba098bd7e2");
INSERT INTO V_VAL
	VALUES ("d8846910-df2a-4131-98c5-1dbdd2d838ba",
	0,
	0,
	7,
	10,
	22,
	0,
	0,
	0,
	0,
	"ba5eda7a-def5-0000-0000-000000000009",
	"fef61398-2897-4880-a063-98aadba56f16");
INSERT INTO V_ISR
	VALUES ("d8846910-df2a-4131-98c5-1dbdd2d838ba",
	"c453be94-93e1-41a9-b45d-8359235dae5a");
INSERT INTO V_VAL
	VALUES ("70df8c53-c9fe-4e3e-a906-fea8cf43d656",
	0,
	0,
	-1,
	-1,
	-1,
	0,
	0,
	0,
	0,
	"ba5eda7a-def5-0000-0000-000000000001",
	"fef61398-2897-4880-a063-98aadba56f16");
INSERT INTO V_UNY
	VALUES ("70df8c53-c9fe-4e3e-a906-fea8cf43d656",
	"d8846910-df2a-4131-98c5-1dbdd2d838ba",
	'empty');
INSERT INTO V_VAR
	VALUES ("76170723-7ffe-42f7-bf96-7259ee8b90a4",
	"fef61398-2897-4880-a063-98aadba56f16",
	'diverter_bay',
	1,
	"ba5eda7a-def5-0000-0000-000000000008");
INSERT INTO V_INT
	VALUES ("76170723-7ffe-42f7-bf96-7259ee8b90a4",
	0,
	"967dd439-60bd-4f4f-a441-17d4ef22276f");
INSERT INTO V_VAR
	VALUES ("7165f351-9335-4a85-9f21-79ba098bd7e2",
	"fef61398-2897-4880-a063-98aadba56f16",
	'self',
	1,
	"ba5eda7a-def5-0000-0000-000000000008");
INSERT INTO V_INT
	VALUES ("7165f351-9335-4a85-9f21-79ba098bd7e2",
	0,
	"93d48880-4e93-442f-9b69-3063f5dd25d8");
INSERT INTO V_VAR
	VALUES ("c453be94-93e1-41a9-b45d-8359235dae5a",
	"fef61398-2897-4880-a063-98aadba56f16",
	'divert_sheets',
	1,
	"ba5eda7a-def5-0000-0000-000000000009");
INSERT INTO V_INS
	VALUES ("c453be94-93e1-41a9-b45d-8359235dae5a",
	"c06f4827-2810-4d7f-9b50-0e5bfeccfdce");
INSERT INTO ACT_BLK
	VALUES ("47c75fda-8988-4ba1-9109-43c2a6732e0f",
	1,
	0,
	0,
	'V_VAR.Var_ID',
	'',
	'',
	24,
	4,
	11,
	45,
	0,
	0,
	11,
	53,
	11,
	56,
	0,
	0,
	0,
	"78de4c17-ecd2-4727-8469-2f50719ab648",
	"00000000-0000-0000-0000-000000000000");
INSERT INTO ACT_SMT
	VALUES ("77b48c05-705a-44c1-8984-dc7b9f6afa83",
	"47c75fda-8988-4ba1-9109-43c2a6732e0f",
	"9fea749c-ef40-43b8-a293-375a35a28927",
	9,
	4,
	'Divert Packet::SheetDiverted line: 9');
INSERT INTO ACT_UNR
	VALUES ("77b48c05-705a-44c1-8984-dc7b9f6afa83",
	"7165f351-9335-4a85-9f21-79ba098bd7e2",
	"76170723-7ffe-42f7-bf96-7259ee8b90a4",
	'',
	"c8ee49f6-f3b8-4a4a-afb8-e84bdd63cd6d",
	9,
	43,
	0,
	0);
INSERT INTO ACT_SMT
	VALUES ("9fea749c-ef40-43b8-a293-375a35a28927",
	"47c75fda-8988-4ba1-9109-43c2a6732e0f",
	"8d85ef96-5d9f-4692-aab7-8bf5dcaa6518",
	11,
	4,
	'Divert Packet::SheetDiverted line: 11');
INSERT INTO ACT_SEL
	VALUES ("9fea749c-ef40-43b8-a293-375a35a28927",
	"01f115ae-a782-4444-be03-6a3b21132f98",
	1,
	'one',
	"b0e82ce6-3589-4257-b1f0-5580207afd60");
INSERT INTO ACT_SR
	VALUES ("9fea749c-ef40-43b8-a293-375a35a28927");
INSERT INTO ACT_LNK
	VALUES ("658f68e3-aaef-4a48-876e-744c9fadd2e2",
	'''next''',
	"9fea749c-ef40-43b8-a293-375a35a28927",
	"bea22427-e4eb-4a38-bc25-113559bf7265",
	"00000000-0000-0000-0000-000000000000",
	2,
	"93d48880-4e93-442f-9b69-3063f5dd25d8",
	11,
	45,
	11,
	53,
	11,
	56);
INSERT INTO ACT_SMT
	VALUES ("8d85ef96-5d9f-4692-aab7-8bf5dcaa6518",
	"47c75fda-8988-4ba1-9109-43c2a6732e0f",
	"e48f2d14-3ea1-42a6-98d0-809b29f6eaeb",
	12,
	4,
	'Divert Packet::SheetDiverted line: 12');
INSERT INTO ACT_IF
	VALUES ("8d85ef96-5d9f-4692-aab7-8bf5dcaa6518",
	"121d2e51-289b-49ae-aaad-7841d27737a4",
	"48418991-5e90-413c-8497-aa42991b77e3",
	"00000000-0000-0000-0000-000000000000",
	"00000000-0000-0000-0000-000000000000");
INSERT INTO ACT_SMT
	VALUES ("e48f2d14-3ea1-42a6-98d0-809b29f6eaeb",
	"47c75fda-8988-4ba1-9109-43c2a6732e0f",
	"b2793586-dc39-41d7-b7ad-6cdcf38c2e56",
	21,
	4,
	'Divert Packet::SheetDiverted line: 21');
INSERT INTO E_ESS
	VALUES ("e48f2d14-3ea1-42a6-98d0-809b29f6eaeb",
	1,
	0,
	21,
	13,
	21,
	22,
	11,
	45,
	0,
	0,
	0,
	0);
INSERT INTO E_GES
	VALUES ("e48f2d14-3ea1-42a6-98d0-809b29f6eaeb");
INSERT INTO E_GSME
	VALUES ("e48f2d14-3ea1-42a6-98d0-809b29f6eaeb",
	"70cf87d0-db11-473f-b572-13a079567381");
INSERT INTO E_GEN
	VALUES ("e48f2d14-3ea1-42a6-98d0-809b29f6eaeb",
	"76170723-7ffe-42f7-bf96-7259ee8b90a4");
INSERT INTO ACT_SMT
	VALUES ("b2793586-dc39-41d7-b7ad-6cdcf38c2e56",
	"47c75fda-8988-4ba1-9109-43c2a6732e0f",
	"00000000-0000-0000-0000-000000000000",
	24,
	4,
	'Divert Packet::SheetDiverted line: 24');
INSERT INTO ACT_DEL
	VALUES ("b2793586-dc39-41d7-b7ad-6cdcf38c2e56",
	"7165f351-9335-4a85-9f21-79ba098bd7e2");
INSERT INTO V_VAL
	VALUES ("b0e82ce6-3589-4257-b1f0-5580207afd60",
	0,
	0,
	11,
	39,
	42,
	0,
	0,
	0,
	0,
	"ba5eda7a-def5-0000-0000-000000000008",
	"47c75fda-8988-4ba1-9109-43c2a6732e0f");
INSERT INTO V_IRF
	VALUES ("b0e82ce6-3589-4257-b1f0-5580207afd60",
	"7165f351-9335-4a85-9f21-79ba098bd7e2");
INSERT INTO V_VAL
	VALUES ("93f06d92-8aaa-4a16-bf5e-925017959a77",
	0,
	0,
	12,
	17,
	28,
	0,
	0,
	0,
	0,
	"ba5eda7a-def5-0000-0000-000000000008",
	"47c75fda-8988-4ba1-9109-43c2a6732e0f");
INSERT INTO V_IRF
	VALUES ("93f06d92-8aaa-4a16-bf5e-925017959a77",
	"01f115ae-a782-4444-be03-6a3b21132f98");
INSERT INTO V_VAL
	VALUES ("48418991-5e90-413c-8497-aa42991b77e3",
	0,
	0,
	-1,
	-1,
	-1,
	0,
	0,
	0,
	0,
	"ba5eda7a-def5-0000-0000-000000000001",
	"47c75fda-8988-4ba1-9109-43c2a6732e0f");
INSERT INTO V_UNY
	VALUES ("48418991-5e90-413c-8497-aa42991b77e3",
	"93f06d92-8aaa-4a16-bf5e-925017959a77",
	'not_empty');
INSERT INTO V_VAR
	VALUES ("01f115ae-a782-4444-be03-6a3b21132f98",
	"47c75fda-8988-4ba1-9109-43c2a6732e0f",
	'divert_sheet',
	1,
	"ba5eda7a-def5-0000-0000-000000000008");
INSERT INTO V_INT
	VALUES ("01f115ae-a782-4444-be03-6a3b21132f98",
	0,
	"93d48880-4e93-442f-9b69-3063f5dd25d8");
INSERT INTO ACT_BLK
	VALUES ("121d2e51-289b-49ae-aaad-7841d27737a4",
	0,
	0,
	0,
	'''next''',
	'',
	'',
	17,
	7,
	0,
	0,
	0,
	0,
	17,
	50,
	14,
	49,
	0,
	0,
	0,
	"78de4c17-ecd2-4727-8469-2f50719ab648",
	"00000000-0000-0000-0000-000000000000");
INSERT INTO ACT_SMT
	VALUES ("05c044c0-8aef-4d27-b4c8-b8fcebec8d0b",
	"121d2e51-289b-49ae-aaad-7841d27737a4",
	"d44c1e2b-4a8c-4792-804b-55f5fac9a3d9",
	14,
	7,
	'Divert Packet::SheetDiverted line: 14');
INSERT INTO ACT_UNR
	VALUES ("05c044c0-8aef-4d27-b4c8-b8fcebec8d0b",
	"7165f351-9335-4a85-9f21-79ba098bd7e2",
	"01f115ae-a782-4444-be03-6a3b21132f98",
	'''next''',
	"bea22427-e4eb-4a38-bc25-113559bf7265",
	14,
	46,
	14,
	49);
INSERT INTO ACT_SMT
	VALUES ("d44c1e2b-4a8c-4792-804b-55f5fac9a3d9",
	"121d2e51-289b-49ae-aaad-7841d27737a4",
	"00000000-0000-0000-0000-000000000000",
	17,
	7,
	'Divert Packet::SheetDiverted line: 17');
INSERT INTO ACT_REL
	VALUES ("d44c1e2b-4a8c-4792-804b-55f5fac9a3d9",
	"01f115ae-a782-4444-be03-6a3b21132f98",
	"76170723-7ffe-42f7-bf96-7259ee8b90a4",
	'',
	"c8ee49f6-f3b8-4a4a-afb8-e84bdd63cd6d",
	17,
	50,
	0,
	0);
INSERT INTO O_TFR
	VALUES ("71332c9b-baf4-41ef-81b5-0d120c13224f",
	"93d48880-4e93-442f-9b69-3063f5dd25d8",
	'UpdatePosition',
	'',
	"ba5eda7a-def5-0000-0000-000000000000",
	1,
	'// Update the position of the divert packet and the divert sheets. 
if (self.trailing_edge_position < 0);
   self.leading_edge_position = self.leading_edge_position + param.web_travel_dist;
   if (self.leading_edge_position > 0);
      self.leading_edge_position = 0;
   end if;
   
   self.trailing_edge_position = self.trailing_edge_position + param.web_travel_dist;
   if (self.trailing_edge_position > 0);
      self.trailing_edge_position = 0;
   end if;
end if;

// Update the position of the tracked divert sheets
select many divert_sheets related by self->DVRTSHT[R2];
for each divert_sheet in divert_sheets;
   divert_sheet.UpdatePosition(web_travel_dist: param.web_travel_dist, sheet_travel_dist: param.sheet_travel_dist);
end for;
',
	1,
	'',
	"52361941-beb9-427b-8e37-61711145d6c4");
INSERT INTO O_TPARM
	VALUES ("4e579f33-8fed-4772-9a7f-d99c04fb0e1b",
	"71332c9b-baf4-41ef-81b5-0d120c13224f",
	'web_travel_dist',
	"ba5eda7a-def5-0000-0000-000000000002",
	0,
	'',
	"00000000-0000-0000-0000-000000000000",
	'');
INSERT INTO O_TPARM
	VALUES ("dedc481b-04a9-4bc6-b132-d2675553d3ba",
	"71332c9b-baf4-41ef-81b5-0d120c13224f",
	'sheet_travel_dist',
	"ba5eda7a-def5-0000-0000-000000000002",
	0,
	'',
	"4e579f33-8fed-4772-9a7f-d99c04fb0e1b",
	'');
INSERT INTO ACT_OPB
	VALUES ("8e727eda-3107-4777-8367-66f08515934c",
	"71332c9b-baf4-41ef-81b5-0d120c13224f");
INSERT INTO ACT_ACT
	VALUES ("8e727eda-3107-4777-8367-66f08515934c",
	'operation',
	0,
	"ea7654fe-fd3b-47ad-a433-9eeea02dfda9",
	"00000000-0000-0000-0000-000000000000",
	0,
	'Divert Packet::UpdatePosition',
	"00000000-0000-0000-0000-000000000000");
INSERT INTO ACT_BLK
	VALUES ("ea7654fe-fd3b-47ad-a433-9eeea02dfda9",
	1,
	0,
	0,
	'',
	'',
	'',
	16,
	1,
	15,
	44,
	0,
	0,
	15,
	52,
	0,
	0,
	0,
	0,
	0,
	"8e727eda-3107-4777-8367-66f08515934c",
	"00000000-0000-0000-0000-000000000000");
INSERT INTO ACT_SMT
	VALUES ("392f672d-af85-4ee9-b407-8ec1125a86c7",
	"ea7654fe-fd3b-47ad-a433-9eeea02dfda9",
	"437339a7-7700-4cc1-8933-9e86da6d4be8",
	2,
	1,
	'Divert Packet::UpdatePosition line: 2');
INSERT INTO ACT_IF
	VALUES ("392f672d-af85-4ee9-b407-8ec1125a86c7",
	"b56137b9-6a6d-4328-9663-ae50f6d349c0",
	"28ad10e9-9277-44b7-9d62-972bf3230445",
	"00000000-0000-0000-0000-000000000000",
	"00000000-0000-0000-0000-000000000000");
INSERT INTO ACT_SMT
	VALUES ("437339a7-7700-4cc1-8933-9e86da6d4be8",
	"ea7654fe-fd3b-47ad-a433-9eeea02dfda9",
	"657f07ce-ec9d-45f9-9d16-ab1cdcd634f9",
	15,
	1,
	'Divert Packet::UpdatePosition line: 15');
INSERT INTO ACT_SEL
	VALUES ("437339a7-7700-4cc1-8933-9e86da6d4be8",
	"bd57f1da-f7e6-4f7b-8bc1-eebfd29c20c2",
	1,
	'many',
	"8ccbe021-f886-45e6-b64a-c5a04e78bc20");
INSERT INTO ACT_SR
	VALUES ("437339a7-7700-4cc1-8933-9e86da6d4be8");
INSERT INTO ACT_LNK
	VALUES ("702d15f5-f3bf-4c3c-8ac0-4544b15a4603",
	'',
	"437339a7-7700-4cc1-8933-9e86da6d4be8",
	"b4789340-4fb2-4fd4-a88a-1c0a2306de24",
	"00000000-0000-0000-0000-000000000000",
	3,
	"c06f4827-2810-4d7f-9b50-0e5bfeccfdce",
	15,
	44,
	15,
	52,
	0,
	0);
INSERT INTO ACT_SMT
	VALUES ("657f07ce-ec9d-45f9-9d16-ab1cdcd634f9",
	"ea7654fe-fd3b-47ad-a433-9eeea02dfda9",
	"00000000-0000-0000-0000-000000000000",
	16,
	1,
	'Divert Packet::UpdatePosition line: 16');
INSERT INTO ACT_FOR
	VALUES ("657f07ce-ec9d-45f9-9d16-ab1cdcd634f9",
	"e29e4e53-41ab-49d3-8f1b-96e903ae2ef1",
	1,
	"ac459233-8fa2-4011-8d43-c5dac50ec2fe",
	"bd57f1da-f7e6-4f7b-8bc1-eebfd29c20c2",
	"c06f4827-2810-4d7f-9b50-0e5bfeccfdce");
INSERT INTO V_VAL
	VALUES ("93a33b6d-bb13-4c67-8763-6a703a53ff8d",
	0,
	0,
	2,
	5,
	8,
	0,
	0,
	0,
	0,
	"ba5eda7a-def5-0000-0000-000000000008",
	"ea7654fe-fd3b-47ad-a433-9eeea02dfda9");
INSERT INTO V_IRF
	VALUES ("93a33b6d-bb13-4c67-8763-6a703a53ff8d",
	"62106a97-a3a8-4d43-9693-247b97f4aaa3");
INSERT INTO V_VAL
	VALUES ("5fc1102c-a0b0-4f91-b6e6-dbc2458b390d",
	0,
	0,
	2,
	10,
	31,
	0,
	0,
	0,
	0,
	"ba5eda7a-def5-0000-0000-000000000002",
	"ea7654fe-fd3b-47ad-a433-9eeea02dfda9");
INSERT INTO V_AVL
	VALUES ("5fc1102c-a0b0-4f91-b6e6-dbc2458b390d",
	"93a33b6d-bb13-4c67-8763-6a703a53ff8d",
	"93d48880-4e93-442f-9b69-3063f5dd25d8",
	"8ee6b3d5-9f5f-4c5b-9eec-7bef15e72036");
INSERT INTO V_VAL
	VALUES ("28ad10e9-9277-44b7-9d62-972bf3230445",
	0,
	0,
	-1,
	-1,
	-1,
	0,
	0,
	0,
	0,
	"ba5eda7a-def5-0000-0000-000000000001",
	"ea7654fe-fd3b-47ad-a433-9eeea02dfda9");
INSERT INTO V_BIN
	VALUES ("28ad10e9-9277-44b7-9d62-972bf3230445",
	"07b01b93-3267-4392-8614-be1960763f86",
	"5fc1102c-a0b0-4f91-b6e6-dbc2458b390d",
	'<');
INSERT INTO V_VAL
	VALUES ("07b01b93-3267-4392-8614-be1960763f86",
	0,
	0,
	2,
	35,
	35,
	0,
	0,
	0,
	0,
	"ba5eda7a-def5-0000-0000-000000000002",
	"ea7654fe-fd3b-47ad-a433-9eeea02dfda9");
INSERT INTO V_LIN
	VALUES ("07b01b93-3267-4392-8614-be1960763f86",
	'0');
INSERT INTO V_VAL
	VALUES ("8ccbe021-f886-45e6-b64a-c5a04e78bc20",
	0,
	0,
	15,
	38,
	41,
	0,
	0,
	0,
	0,
	"ba5eda7a-def5-0000-0000-000000000008",
	"ea7654fe-fd3b-47ad-a433-9eeea02dfda9");
INSERT INTO V_IRF
	VALUES ("8ccbe021-f886-45e6-b64a-c5a04e78bc20",
	"62106a97-a3a8-4d43-9693-247b97f4aaa3");
INSERT INTO V_VAR
	VALUES ("62106a97-a3a8-4d43-9693-247b97f4aaa3",
	"ea7654fe-fd3b-47ad-a433-9eeea02dfda9",
	'self',
	1,
	"ba5eda7a-def5-0000-0000-000000000008");
INSERT INTO V_INT
	VALUES ("62106a97-a3a8-4d43-9693-247b97f4aaa3",
	0,
	"93d48880-4e93-442f-9b69-3063f5dd25d8");
INSERT INTO V_VAR
	VALUES ("bd57f1da-f7e6-4f7b-8bc1-eebfd29c20c2",
	"ea7654fe-fd3b-47ad-a433-9eeea02dfda9",
	'divert_sheets',
	1,
	"ba5eda7a-def5-0000-0000-000000000009");
INSERT INTO V_INS
	VALUES ("bd57f1da-f7e6-4f7b-8bc1-eebfd29c20c2",
	"c06f4827-2810-4d7f-9b50-0e5bfeccfdce");
INSERT INTO V_VAR
	VALUES ("ac459233-8fa2-4011-8d43-c5dac50ec2fe",
	"ea7654fe-fd3b-47ad-a433-9eeea02dfda9",
	'divert_sheet',
	1,
	"ba5eda7a-def5-0000-0000-000000000008");
INSERT INTO V_INT
	VALUES ("ac459233-8fa2-4011-8d43-c5dac50ec2fe",
	1,
	"c06f4827-2810-4d7f-9b50-0e5bfeccfdce");
INSERT INTO ACT_BLK
	VALUES ("b56137b9-6a6d-4328-9663-ae50f6d349c0",
	0,
	0,
	0,
	'',
	'',
	'',
	9,
	4,
	0,
	0,
	0,
	0,
	0,
	0,
	0,
	0,
	0,
	0,
	0,
	"8e727eda-3107-4777-8367-66f08515934c",
	"00000000-0000-0000-0000-000000000000");
INSERT INTO ACT_SMT
	VALUES ("bd28f194-f1bc-406d-b210-27f20520a25d",
	"b56137b9-6a6d-4328-9663-ae50f6d349c0",
	"383b7018-be8c-447c-bfec-3438019e9a80",
	3,
	4,
	'Divert Packet::UpdatePosition line: 3');
INSERT INTO ACT_AI
	VALUES ("bd28f194-f1bc-406d-b210-27f20520a25d",
	"48c03cf2-602c-4b75-9580-6d8971ac1b40",
	"4be3ac9e-d9e8-475f-8f28-b82ef8b990a0",
	0,
	0);
INSERT INTO ACT_SMT
	VALUES ("383b7018-be8c-447c-bfec-3438019e9a80",
	"b56137b9-6a6d-4328-9663-ae50f6d349c0",
	"b39c28f7-36eb-4ba4-9b7e-662f41fe20a7",
	4,
	4,
	'Divert Packet::UpdatePosition line: 4');
INSERT INTO ACT_IF
	VALUES ("383b7018-be8c-447c-bfec-3438019e9a80",
	"388f9ae3-a237-47ac-ab1e-247d60ddaac4",
	"9ea21f2e-2109-47e6-b052-e1954e5babeb",
	"00000000-0000-0000-0000-000000000000",
	"00000000-0000-0000-0000-000000000000");
INSERT INTO ACT_SMT
	VALUES ("b39c28f7-36eb-4ba4-9b7e-662f41fe20a7",
	"b56137b9-6a6d-4328-9663-ae50f6d349c0",
	"08e94ea2-7883-4025-9d93-6d10b1696aa4",
	8,
	4,
	'Divert Packet::UpdatePosition line: 8');
INSERT INTO ACT_AI
	VALUES ("b39c28f7-36eb-4ba4-9b7e-662f41fe20a7",
	"979463e5-b258-486f-9af9-90d9b7bc4f49",
	"09b5ce81-7ef1-472d-a154-361fdfac7718",
	0,
	0);
INSERT INTO ACT_SMT
	VALUES ("08e94ea2-7883-4025-9d93-6d10b1696aa4",
	"b56137b9-6a6d-4328-9663-ae50f6d349c0",
	"00000000-0000-0000-0000-000000000000",
	9,
	4,
	'Divert Packet::UpdatePosition line: 9');
INSERT INTO ACT_IF
	VALUES ("08e94ea2-7883-4025-9d93-6d10b1696aa4",
	"1e7cee2b-162a-4c64-b72c-da69e04798fc",
	"60613b8d-364a-49ad-b7cf-6146e13bff98",
	"00000000-0000-0000-0000-000000000000",
	"00000000-0000-0000-0000-000000000000");
INSERT INTO V_VAL
	VALUES ("45fe1122-fdd7-4180-97ed-f162699a284a",
	1,
	0,
	3,
	4,
	7,
	0,
	0,
	0,
	0,
	"ba5eda7a-def5-0000-0000-000000000008",
	"b56137b9-6a6d-4328-9663-ae50f6d349c0");
INSERT INTO V_IRF
	VALUES ("45fe1122-fdd7-4180-97ed-f162699a284a",
	"62106a97-a3a8-4d43-9693-247b97f4aaa3");
INSERT INTO V_VAL
	VALUES ("4be3ac9e-d9e8-475f-8f28-b82ef8b990a0",
	1,
	0,
	3,
	9,
	29,
	0,
	0,
	0,
	0,
	"ba5eda7a-def5-0000-0000-000000000002",
	"b56137b9-6a6d-4328-9663-ae50f6d349c0");
INSERT INTO V_AVL
	VALUES ("4be3ac9e-d9e8-475f-8f28-b82ef8b990a0",
	"45fe1122-fdd7-4180-97ed-f162699a284a",
	"93d48880-4e93-442f-9b69-3063f5dd25d8",
	"7953ef51-6fda-4c9d-96c6-d72676ecc19a");
INSERT INTO V_VAL
	VALUES ("7cbcb745-3e80-4865-a0a3-e3a2019d40ea",
	0,
	0,
	3,
	33,
	36,
	0,
	0,
	0,
	0,
	"ba5eda7a-def5-0000-0000-000000000008",
	"b56137b9-6a6d-4328-9663-ae50f6d349c0");
INSERT INTO V_IRF
	VALUES ("7cbcb745-3e80-4865-a0a3-e3a2019d40ea",
	"62106a97-a3a8-4d43-9693-247b97f4aaa3");
INSERT INTO V_VAL
	VALUES ("c2948584-bfb7-4959-9869-497ab0867776",
	0,
	0,
	3,
	38,
	58,
	0,
	0,
	0,
	0,
	"ba5eda7a-def5-0000-0000-000000000002",
	"b56137b9-6a6d-4328-9663-ae50f6d349c0");
INSERT INTO V_AVL
	VALUES ("c2948584-bfb7-4959-9869-497ab0867776",
	"7cbcb745-3e80-4865-a0a3-e3a2019d40ea",
	"93d48880-4e93-442f-9b69-3063f5dd25d8",
	"7953ef51-6fda-4c9d-96c6-d72676ecc19a");
INSERT INTO V_VAL
	VALUES ("48c03cf2-602c-4b75-9580-6d8971ac1b40",
	0,
	0,
	-1,
	-1,
	-1,
	0,
	0,
	0,
	0,
	"ba5eda7a-def5-0000-0000-000000000002",
	"b56137b9-6a6d-4328-9663-ae50f6d349c0");
INSERT INTO V_BIN
	VALUES ("48c03cf2-602c-4b75-9580-6d8971ac1b40",
	"3a85fd81-2ede-4437-b5e3-7ed9846e5d45",
	"c2948584-bfb7-4959-9869-497ab0867776",
	'+');
INSERT INTO V_VAL
	VALUES ("3a85fd81-2ede-4437-b5e3-7ed9846e5d45",
	0,
	0,
	3,
	68,
	82,
	0,
	0,
	0,
	0,
	"ba5eda7a-def5-0000-0000-000000000002",
	"b56137b9-6a6d-4328-9663-ae50f6d349c0");
INSERT INTO V_PVL
	VALUES ("3a85fd81-2ede-4437-b5e3-7ed9846e5d45",
	"00000000-0000-0000-0000-000000000000",
	"00000000-0000-0000-0000-000000000000",
	"4e579f33-8fed-4772-9a7f-d99c04fb0e1b",
	"00000000-0000-0000-0000-000000000000");
INSERT INTO V_VAL
	VALUES ("fada826a-d84e-4682-818d-0ae5abb5b3f5",
	0,
	0,
	4,
	8,
	11,
	0,
	0,
	0,
	0,
	"ba5eda7a-def5-0000-0000-000000000008",
	"b56137b9-6a6d-4328-9663-ae50f6d349c0");
INSERT INTO V_IRF
	VALUES ("fada826a-d84e-4682-818d-0ae5abb5b3f5",
	"62106a97-a3a8-4d43-9693-247b97f4aaa3");
INSERT INTO V_VAL
	VALUES ("2db77347-bda2-4e61-afcc-9e2363e6e476",
	0,
	0,
	4,
	13,
	33,
	0,
	0,
	0,
	0,
	"ba5eda7a-def5-0000-0000-000000000002",
	"b56137b9-6a6d-4328-9663-ae50f6d349c0");
INSERT INTO V_AVL
	VALUES ("2db77347-bda2-4e61-afcc-9e2363e6e476",
	"fada826a-d84e-4682-818d-0ae5abb5b3f5",
	"93d48880-4e93-442f-9b69-3063f5dd25d8",
	"7953ef51-6fda-4c9d-96c6-d72676ecc19a");
INSERT INTO V_VAL
	VALUES ("9ea21f2e-2109-47e6-b052-e1954e5babeb",
	0,
	0,
	-1,
	-1,
	-1,
	0,
	0,
	0,
	0,
	"ba5eda7a-def5-0000-0000-000000000001",
	"b56137b9-6a6d-4328-9663-ae50f6d349c0");
INSERT INTO V_BIN
	VALUES ("9ea21f2e-2109-47e6-b052-e1954e5babeb",
	"d3dc13e5-9d8b-44dc-8667-16950c718642",
	"2db77347-bda2-4e61-afcc-9e2363e6e476",
	'>');
INSERT INTO V_VAL
	VALUES ("d3dc13e5-9d8b-44dc-8667-16950c718642",
	0,
	0,
	4,
	37,
	37,
	0,
	0,
	0,
	0,
	"ba5eda7a-def5-0000-0000-000000000002",
	"b56137b9-6a6d-4328-9663-ae50f6d349c0");
INSERT INTO V_LIN
	VALUES ("d3dc13e5-9d8b-44dc-8667-16950c718642",
	'0');
INSERT INTO V_VAL
	VALUES ("b461ec38-e1fe-4269-9dcd-63fed243deef",
	1,
	0,
	8,
	4,
	7,
	0,
	0,
	0,
	0,
	"ba5eda7a-def5-0000-0000-000000000008",
	"b56137b9-6a6d-4328-9663-ae50f6d349c0");
INSERT INTO V_IRF
	VALUES ("b461ec38-e1fe-4269-9dcd-63fed243deef",
	"62106a97-a3a8-4d43-9693-247b97f4aaa3");
INSERT INTO V_VAL
	VALUES ("09b5ce81-7ef1-472d-a154-361fdfac7718",
	1,
	0,
	8,
	9,
	30,
	0,
	0,
	0,
	0,
	"ba5eda7a-def5-0000-0000-000000000002",
	"b56137b9-6a6d-4328-9663-ae50f6d349c0");
INSERT INTO V_AVL
	VALUES ("09b5ce81-7ef1-472d-a154-361fdfac7718",
	"b461ec38-e1fe-4269-9dcd-63fed243deef",
	"93d48880-4e93-442f-9b69-3063f5dd25d8",
	"8ee6b3d5-9f5f-4c5b-9eec-7bef15e72036");
INSERT INTO V_VAL
	VALUES ("29566da4-f8a2-4a50-b9c1-9ed666536b1a",
	0,
	0,
	8,
	34,
	37,
	0,
	0,
	0,
	0,
	"ba5eda7a-def5-0000-0000-000000000008",
	"b56137b9-6a6d-4328-9663-ae50f6d349c0");
INSERT INTO V_IRF
	VALUES ("29566da4-f8a2-4a50-b9c1-9ed666536b1a",
	"62106a97-a3a8-4d43-9693-247b97f4aaa3");
INSERT INTO V_VAL
	VALUES ("8f71cf43-338d-4388-8e73-5d8161381e02",
	0,
	0,
	8,
	39,
	60,
	0,
	0,
	0,
	0,
	"ba5eda7a-def5-0000-0000-000000000002",
	"b56137b9-6a6d-4328-9663-ae50f6d349c0");
INSERT INTO V_AVL
	VALUES ("8f71cf43-338d-4388-8e73-5d8161381e02",
	"29566da4-f8a2-4a50-b9c1-9ed666536b1a",
	"93d48880-4e93-442f-9b69-3063f5dd25d8",
	"8ee6b3d5-9f5f-4c5b-9eec-7bef15e72036");
INSERT INTO V_VAL
	VALUES ("979463e5-b258-486f-9af9-90d9b7bc4f49",
	0,
	0,
	-1,
	-1,
	-1,
	0,
	0,
	0,
	0,
	"ba5eda7a-def5-0000-0000-000000000002",
	"b56137b9-6a6d-4328-9663-ae50f6d349c0");
INSERT INTO V_BIN
	VALUES ("979463e5-b258-486f-9af9-90d9b7bc4f49",
	"28e1dfd0-4dd8-4dcd-b9f8-c9c2dcccbca6",
	"8f71cf43-338d-4388-8e73-5d8161381e02",
	'+');
INSERT INTO V_VAL
	VALUES ("28e1dfd0-4dd8-4dcd-b9f8-c9c2dcccbca6",
	0,
	0,
	8,
	70,
	84,
	0,
	0,
	0,
	0,
	"ba5eda7a-def5-0000-0000-000000000002",
	"b56137b9-6a6d-4328-9663-ae50f6d349c0");
INSERT INTO V_PVL
	VALUES ("28e1dfd0-4dd8-4dcd-b9f8-c9c2dcccbca6",
	"00000000-0000-0000-0000-000000000000",
	"00000000-0000-0000-0000-000000000000",
	"4e579f33-8fed-4772-9a7f-d99c04fb0e1b",
	"00000000-0000-0000-0000-000000000000");
INSERT INTO V_VAL
	VALUES ("069caab1-707a-4962-b3bd-69ceb2026187",
	0,
	0,
	9,
	8,
	11,
	0,
	0,
	0,
	0,
	"ba5eda7a-def5-0000-0000-000000000008",
	"b56137b9-6a6d-4328-9663-ae50f6d349c0");
INSERT INTO V_IRF
	VALUES ("069caab1-707a-4962-b3bd-69ceb2026187",
	"62106a97-a3a8-4d43-9693-247b97f4aaa3");
INSERT INTO V_VAL
	VALUES ("681bc216-f91a-42a7-af23-e797c6128c5c",
	0,
	0,
	9,
	13,
	34,
	0,
	0,
	0,
	0,
	"ba5eda7a-def5-0000-0000-000000000002",
	"b56137b9-6a6d-4328-9663-ae50f6d349c0");
INSERT INTO V_AVL
	VALUES ("681bc216-f91a-42a7-af23-e797c6128c5c",
	"069caab1-707a-4962-b3bd-69ceb2026187",
	"93d48880-4e93-442f-9b69-3063f5dd25d8",
	"8ee6b3d5-9f5f-4c5b-9eec-7bef15e72036");
INSERT INTO V_VAL
	VALUES ("60613b8d-364a-49ad-b7cf-6146e13bff98",
	0,
	0,
	-1,
	-1,
	-1,
	0,
	0,
	0,
	0,
	"ba5eda7a-def5-0000-0000-000000000001",
	"b56137b9-6a6d-4328-9663-ae50f6d349c0");
INSERT INTO V_BIN
	VALUES ("60613b8d-364a-49ad-b7cf-6146e13bff98",
	"be2eb26a-f970-4376-932d-f83f9a80490a",
	"681bc216-f91a-42a7-af23-e797c6128c5c",
	'>');
INSERT INTO V_VAL
	VALUES ("be2eb26a-f970-4376-932d-f83f9a80490a",
	0,
	0,
	9,
	38,
	38,
	0,
	0,
	0,
	0,
	"ba5eda7a-def5-0000-0000-000000000002",
	"b56137b9-6a6d-4328-9663-ae50f6d349c0");
INSERT INTO V_LIN
	VALUES ("be2eb26a-f970-4376-932d-f83f9a80490a",
	'0');
INSERT INTO ACT_BLK
	VALUES ("388f9ae3-a237-47ac-ab1e-247d60ddaac4",
	0,
	0,
	0,
	'',
	'',
	'',
	5,
	7,
	0,
	0,
	0,
	0,
	0,
	0,
	0,
	0,
	0,
	0,
	0,
	"8e727eda-3107-4777-8367-66f08515934c",
	"00000000-0000-0000-0000-000000000000");
INSERT INTO ACT_SMT
	VALUES ("739560ce-da6e-4933-aba6-d02f66dadf44",
	"388f9ae3-a237-47ac-ab1e-247d60ddaac4",
	"00000000-0000-0000-0000-000000000000",
	5,
	7,
	'Divert Packet::UpdatePosition line: 5');
INSERT INTO ACT_AI
	VALUES ("739560ce-da6e-4933-aba6-d02f66dadf44",
	"9c3c4835-5eb6-4694-a461-da2880fabfe0",
	"95c6e2f9-c6c0-42a4-8a41-9a7258849b22",
	0,
	0);
INSERT INTO V_VAL
	VALUES ("12e47793-cae1-4ec1-b22c-0d628f64f43d",
	1,
	0,
	5,
	7,
	10,
	0,
	0,
	0,
	0,
	"ba5eda7a-def5-0000-0000-000000000008",
	"388f9ae3-a237-47ac-ab1e-247d60ddaac4");
INSERT INTO V_IRF
	VALUES ("12e47793-cae1-4ec1-b22c-0d628f64f43d",
	"62106a97-a3a8-4d43-9693-247b97f4aaa3");
INSERT INTO V_VAL
	VALUES ("95c6e2f9-c6c0-42a4-8a41-9a7258849b22",
	1,
	0,
	5,
	12,
	32,
	0,
	0,
	0,
	0,
	"ba5eda7a-def5-0000-0000-000000000002",
	"388f9ae3-a237-47ac-ab1e-247d60ddaac4");
INSERT INTO V_AVL
	VALUES ("95c6e2f9-c6c0-42a4-8a41-9a7258849b22",
	"12e47793-cae1-4ec1-b22c-0d628f64f43d",
	"93d48880-4e93-442f-9b69-3063f5dd25d8",
	"7953ef51-6fda-4c9d-96c6-d72676ecc19a");
INSERT INTO V_VAL
	VALUES ("9c3c4835-5eb6-4694-a461-da2880fabfe0",
	0,
	0,
	5,
	36,
	36,
	0,
	0,
	0,
	0,
	"ba5eda7a-def5-0000-0000-000000000002",
	"388f9ae3-a237-47ac-ab1e-247d60ddaac4");
INSERT INTO V_LIN
	VALUES ("9c3c4835-5eb6-4694-a461-da2880fabfe0",
	'0');
INSERT INTO ACT_BLK
	VALUES ("1e7cee2b-162a-4c64-b72c-da69e04798fc",
	0,
	0,
	0,
	'',
	'',
	'',
	10,
	7,
	0,
	0,
	0,
	0,
	0,
	0,
	0,
	0,
	0,
	0,
	0,
	"8e727eda-3107-4777-8367-66f08515934c",
	"00000000-0000-0000-0000-000000000000");
INSERT INTO ACT_SMT
	VALUES ("9a31e043-f649-4721-9225-1b1f1f08f276",
	"1e7cee2b-162a-4c64-b72c-da69e04798fc",
	"00000000-0000-0000-0000-000000000000",
	10,
	7,
	'Divert Packet::UpdatePosition line: 10');
INSERT INTO ACT_AI
	VALUES ("9a31e043-f649-4721-9225-1b1f1f08f276",
	"81d5e022-a8be-4651-908a-fc6037fb4f73",
	"c05ec203-b33b-4f14-b0e8-ae7f5a6010d5",
	0,
	0);
INSERT INTO V_VAL
	VALUES ("806d1408-45cf-4ba7-a64f-f109d6ff7875",
	1,
	0,
	10,
	7,
	10,
	0,
	0,
	0,
	0,
	"ba5eda7a-def5-0000-0000-000000000008",
	"1e7cee2b-162a-4c64-b72c-da69e04798fc");
INSERT INTO V_IRF
	VALUES ("806d1408-45cf-4ba7-a64f-f109d6ff7875",
	"62106a97-a3a8-4d43-9693-247b97f4aaa3");
INSERT INTO V_VAL
	VALUES ("c05ec203-b33b-4f14-b0e8-ae7f5a6010d5",
	1,
	0,
	10,
	12,
	33,
	0,
	0,
	0,
	0,
	"ba5eda7a-def5-0000-0000-000000000002",
	"1e7cee2b-162a-4c64-b72c-da69e04798fc");
INSERT INTO V_AVL
	VALUES ("c05ec203-b33b-4f14-b0e8-ae7f5a6010d5",
	"806d1408-45cf-4ba7-a64f-f109d6ff7875",
	"93d48880-4e93-442f-9b69-3063f5dd25d8",
	"8ee6b3d5-9f5f-4c5b-9eec-7bef15e72036");
INSERT INTO V_VAL
	VALUES ("81d5e022-a8be-4651-908a-fc6037fb4f73",
	0,
	0,
	10,
	37,
	37,
	0,
	0,
	0,
	0,
	"ba5eda7a-def5-0000-0000-000000000002",
	"1e7cee2b-162a-4c64-b72c-da69e04798fc");
INSERT INTO V_LIN
	VALUES ("81d5e022-a8be-4651-908a-fc6037fb4f73",
	'0');
INSERT INTO ACT_BLK
	VALUES ("e29e4e53-41ab-49d3-8f1b-96e903ae2ef1",
	0,
	0,
	0,
	'',
	'',
	'',
	17,
	4,
	0,
	0,
	0,
	0,
	0,
	0,
	0,
	0,
	0,
	0,
	0,
	"8e727eda-3107-4777-8367-66f08515934c",
	"00000000-0000-0000-0000-000000000000");
INSERT INTO ACT_SMT
	VALUES ("cea0140f-5708-4753-a27c-6d45ac6cf25a",
	"e29e4e53-41ab-49d3-8f1b-96e903ae2ef1",
	"00000000-0000-0000-0000-000000000000",
	17,
	4,
	'Divert Packet::UpdatePosition line: 17');
INSERT INTO ACT_TFM
	VALUES ("cea0140f-5708-4753-a27c-6d45ac6cf25a",
	"cd13520f-3b43-4661-9ff9-94812cad1e8a",
	"ac459233-8fa2-4011-8d43-c5dac50ec2fe",
	17,
	17,
	0,
	0);
INSERT INTO V_VAL
	VALUES ("389571af-c83b-4ced-91f9-09f9e1bfc430",
	0,
	0,
	17,
	55,
	69,
	0,
	0,
	0,
	0,
	"ba5eda7a-def5-0000-0000-000000000002",
	"e29e4e53-41ab-49d3-8f1b-96e903ae2ef1");
INSERT INTO V_PVL
	VALUES ("389571af-c83b-4ced-91f9-09f9e1bfc430",
	"00000000-0000-0000-0000-000000000000",
	"00000000-0000-0000-0000-000000000000",
	"4e579f33-8fed-4772-9a7f-d99c04fb0e1b",
	"00000000-0000-0000-0000-000000000000");
INSERT INTO V_PAR
	VALUES ("389571af-c83b-4ced-91f9-09f9e1bfc430",
	"cea0140f-5708-4753-a27c-6d45ac6cf25a",
	"00000000-0000-0000-0000-000000000000",
	'web_travel_dist',
	"4cfc00a5-f589-479c-bf1e-e229df19781c",
	17,
	32);
INSERT INTO V_VAL
	VALUES ("4cfc00a5-f589-479c-bf1e-e229df19781c",
	0,
	0,
	17,
	97,
	113,
	0,
	0,
	0,
	0,
	"ba5eda7a-def5-0000-0000-000000000002",
	"e29e4e53-41ab-49d3-8f1b-96e903ae2ef1");
INSERT INTO V_PVL
	VALUES ("4cfc00a5-f589-479c-bf1e-e229df19781c",
	"00000000-0000-0000-0000-000000000000",
	"00000000-0000-0000-0000-000000000000",
	"dedc481b-04a9-4bc6-b132-d2675553d3ba",
	"00000000-0000-0000-0000-000000000000");
INSERT INTO V_PAR
	VALUES ("4cfc00a5-f589-479c-bf1e-e229df19781c",
	"cea0140f-5708-4753-a27c-6d45ac6cf25a",
	"00000000-0000-0000-0000-000000000000",
	'sheet_travel_dist',
	"00000000-0000-0000-0000-000000000000",
	17,
	72);
INSERT INTO O_NBATTR
	VALUES ("5e407f77-e7e7-4cc6-a1b1-cb0b14ec0160",
	"93d48880-4e93-442f-9b69-3063f5dd25d8");
INSERT INTO O_BATTR
	VALUES ("5e407f77-e7e7-4cc6-a1b1-cb0b14ec0160",
	"93d48880-4e93-442f-9b69-3063f5dd25d8");
INSERT INTO O_ATTR
	VALUES ("5e407f77-e7e7-4cc6-a1b1-cb0b14ec0160",
	"93d48880-4e93-442f-9b69-3063f5dd25d8",
	"00000000-0000-0000-0000-000000000000",
	'Id',
	'',
	'',
	'Id',
	0,
	"ba5eda7a-def5-0000-0000-000000000002",
	'',
	'');
INSERT INTO O_NBATTR
	VALUES ("979d0353-7ea9-4958-b9b4-260cee8b87f8",
	"93d48880-4e93-442f-9b69-3063f5dd25d8");
INSERT INTO O_BATTR
	VALUES ("979d0353-7ea9-4958-b9b4-260cee8b87f8",
	"93d48880-4e93-442f-9b69-3063f5dd25d8");
INSERT INTO O_ATTR
	VALUES ("979d0353-7ea9-4958-b9b4-260cee8b87f8",
	"93d48880-4e93-442f-9b69-3063f5dd25d8",
	"5e407f77-e7e7-4cc6-a1b1-cb0b14ec0160",
	'type',
	'',
	'',
	'type',
	0,
	"e637c9ff-a804-4aef-b8eb-e6854f50cc68",
	'',
	'');
INSERT INTO O_NBATTR
	VALUES ("7953ef51-6fda-4c9d-96c6-d72676ecc19a",
	"93d48880-4e93-442f-9b69-3063f5dd25d8");
INSERT INTO O_BATTR
	VALUES ("7953ef51-6fda-4c9d-96c6-d72676ecc19a",
	"93d48880-4e93-442f-9b69-3063f5dd25d8");
INSERT INTO O_ATTR
	VALUES ("7953ef51-6fda-4c9d-96c6-d72676ecc19a",
	"93d48880-4e93-442f-9b69-3063f5dd25d8",
	"979d0353-7ea9-4958-b9b4-260cee8b87f8",
	'leading_edge_position',
	'',
	'',
	'leading_edge_position',
	0,
	"ba5eda7a-def5-0000-0000-000000000002",
	'',
	'');
INSERT INTO O_NBATTR
	VALUES ("8ee6b3d5-9f5f-4c5b-9eec-7bef15e72036",
	"93d48880-4e93-442f-9b69-3063f5dd25d8");
INSERT INTO O_BATTR
	VALUES ("8ee6b3d5-9f5f-4c5b-9eec-7bef15e72036",
	"93d48880-4e93-442f-9b69-3063f5dd25d8");
INSERT INTO O_ATTR
	VALUES ("8ee6b3d5-9f5f-4c5b-9eec-7bef15e72036",
	"93d48880-4e93-442f-9b69-3063f5dd25d8",
	"7953ef51-6fda-4c9d-96c6-d72676ecc19a",
	'trailing_edge_position',
	'',
	'',
	'trailing_edge_position',
	0,
	"ba5eda7a-def5-0000-0000-000000000002",
	'',
	'');
INSERT INTO O_NBATTR
	VALUES ("c3c9ecf3-2159-400c-a7b8-9031aca77368",
	"93d48880-4e93-442f-9b69-3063f5dd25d8");
INSERT INTO O_BATTR
	VALUES ("c3c9ecf3-2159-400c-a7b8-9031aca77368",
	"93d48880-4e93-442f-9b69-3063f5dd25d8");
INSERT INTO O_ATTR
	VALUES ("c3c9ecf3-2159-400c-a7b8-9031aca77368",
	"93d48880-4e93-442f-9b69-3063f5dd25d8",
	"8ee6b3d5-9f5f-4c5b-9eec-7bef15e72036",
	'web_caliper',
	'',
	'',
	'web_caliper',
	0,
	"ba5eda7a-def5-0000-0000-000000000002",
	'',
	'');
INSERT INTO O_ID
	VALUES (0,
	"93d48880-4e93-442f-9b69-3063f5dd25d8");
INSERT INTO O_OIDA
	VALUES ("5e407f77-e7e7-4cc6-a1b1-cb0b14ec0160",
	"93d48880-4e93-442f-9b69-3063f5dd25d8",
	0,
	'Id');
INSERT INTO O_ID
	VALUES (1,
	"93d48880-4e93-442f-9b69-3063f5dd25d8");
INSERT INTO O_ID
	VALUES (2,
	"93d48880-4e93-442f-9b69-3063f5dd25d8");
INSERT INTO SM_ASM
	VALUES ("b01dc8c8-680a-4813-b2c9-6807ea0b896d",
	"93d48880-4e93-442f-9b69-3063f5dd25d8");
INSERT INTO SM_SM
	VALUES ("b01dc8c8-680a-4813-b2c9-6807ea0b896d",
	'',
	0);
INSERT INTO SM_MOORE
	VALUES ("b01dc8c8-680a-4813-b2c9-6807ea0b896d");
INSERT INTO SM_LEVT
	VALUES ("47566cd0-1603-43f9-8507-1d03989059bc",
	"b01dc8c8-680a-4813-b2c9-6807ea0b896d",
	"00000000-0000-0000-0000-000000000000");
INSERT INTO SM_SEVT
	VALUES ("47566cd0-1603-43f9-8507-1d03989059bc",
	"b01dc8c8-680a-4813-b2c9-6807ea0b896d",
	"00000000-0000-0000-0000-000000000000");
INSERT INTO SM_EVT
	VALUES ("47566cd0-1603-43f9-8507-1d03989059bc",
	"b01dc8c8-680a-4813-b2c9-6807ea0b896d",
	"00000000-0000-0000-0000-000000000000",
	1,
	'calc_new_position',
	0,
	'',
	'DVRTPKT_A1',
	'');
INSERT INTO SM_STATE
	VALUES ("61b3e54a-4223-425b-920d-8390b07a6286",
	"b01dc8c8-680a-4813-b2c9-6807ea0b896d",
	"00000000-0000-0000-0000-000000000000",
	'Tracking',
	1,
	0);
INSERT INTO SM_SEME
	VALUES ("61b3e54a-4223-425b-920d-8390b07a6286",
	"47566cd0-1603-43f9-8507-1d03989059bc",
	"b01dc8c8-680a-4813-b2c9-6807ea0b896d",
	"00000000-0000-0000-0000-000000000000");
INSERT INTO SM_MOAH
	VALUES ("3ef134f0-447c-4fcd-993c-00624e0a6ba0",
	"b01dc8c8-680a-4813-b2c9-6807ea0b896d",
	"61b3e54a-4223-425b-920d-8390b07a6286");
INSERT INTO SM_AH
	VALUES ("3ef134f0-447c-4fcd-993c-00624e0a6ba0",
	"b01dc8c8-680a-4813-b2c9-6807ea0b896d");
INSERT INTO SM_ACT
	VALUES ("3ef134f0-447c-4fcd-993c-00624e0a6ba0",
	"b01dc8c8-680a-4813-b2c9-6807ea0b896d",
	1,
	'/* Calculate how far the web has moved and how far the sheets in the sheet
   handling system have moved.
*/

// Obtain the speeds from required interface
web_speed = 100;           // Units = Meter / Minute
sheet_handler_speed = 105; // Units = Meter / Minute

// Determine how far the web has moved relative to the last calculation.

// x1 = x0 + (v0 * t) + (0.5 * a * t^2);  x0 = 0, a = 0, t = 1 mSec
web_dist = web_speed / 60;              // Units = mm / mSec
sheet_dist = sheet_handler_speed / 60;  // Units = mm / mSec

// Update the position of the divert packets
select many divert_packets from DVRTPKT;
for each divert_packet in divert_packets;
   divert_packet.UpdatePosition(web_travel_dist: web_dist, sheet_travel_dist: sheet_dist);
end for;

',
	'');
INSERT INTO ACT_SAB
	VALUES ("cb681c30-938b-4764-94fa-d047657a1788",
	"b01dc8c8-680a-4813-b2c9-6807ea0b896d",
	"3ef134f0-447c-4fcd-993c-00624e0a6ba0");
INSERT INTO ACT_ACT
	VALUES ("cb681c30-938b-4764-94fa-d047657a1788",
	'class state',
	0,
	"33c6905e-c6fd-43c4-9fab-3ffdb086dc48",
	"00000000-0000-0000-0000-000000000000",
	0,
	'Divert Packet::Tracking',
	"00000000-0000-0000-0000-000000000000");
INSERT INTO ACT_BLK
	VALUES ("33c6905e-c6fd-43c4-9fab-3ffdb086dc48",
	1,
	0,
	0,
	'',
	'',
	'',
	17,
	1,
	16,
	33,
	0,
	0,
	0,
	0,
	0,
	0,
	0,
	0,
	0,
	"cb681c30-938b-4764-94fa-d047657a1788",
	"00000000-0000-0000-0000-000000000000");
INSERT INTO ACT_SMT
	VALUES ("e87e182a-70a8-4424-b810-4c569b9583bc",
	"33c6905e-c6fd-43c4-9fab-3ffdb086dc48",
	"da2734fa-0eda-426e-b8a9-ce885d932ba6",
	6,
	1,
	'Divert Packet::Tracking line: 6');
INSERT INTO ACT_AI
	VALUES ("e87e182a-70a8-4424-b810-4c569b9583bc",
	"0a68f732-156f-4eb2-be58-0882196325b1",
	"c15a974a-b75c-450b-91ba-3ddee34f7148",
	0,
	0);
INSERT INTO ACT_SMT
	VALUES ("da2734fa-0eda-426e-b8a9-ce885d932ba6",
	"33c6905e-c6fd-43c4-9fab-3ffdb086dc48",
	"62aa7189-02cd-4954-8a4e-1284b6b20b02",
	7,
	1,
	'Divert Packet::Tracking line: 7');
INSERT INTO ACT_AI
	VALUES ("da2734fa-0eda-426e-b8a9-ce885d932ba6",
	"a696d94e-2d2f-43d4-97f7-e291c36e821f",
	"b4558c02-8394-4925-bc8b-3a6627f9d67f",
	0,
	0);
INSERT INTO ACT_SMT
	VALUES ("62aa7189-02cd-4954-8a4e-1284b6b20b02",
	"33c6905e-c6fd-43c4-9fab-3ffdb086dc48",
	"f80ff556-8562-4592-ba61-53fe87cf6106",
	12,
	1,
	'Divert Packet::Tracking line: 12');
INSERT INTO ACT_AI
	VALUES ("62aa7189-02cd-4954-8a4e-1284b6b20b02",
	"05718856-0682-4bfa-a69e-fbf597eaf11b",
	"26aeb524-6743-4368-99ba-cb0880a15fb8",
	0,
	0);
INSERT INTO ACT_SMT
	VALUES ("f80ff556-8562-4592-ba61-53fe87cf6106",
	"33c6905e-c6fd-43c4-9fab-3ffdb086dc48",
	"14259e49-5cc3-43de-9781-2e245d968d61",
	13,
	1,
	'Divert Packet::Tracking line: 13');
INSERT INTO ACT_AI
	VALUES ("f80ff556-8562-4592-ba61-53fe87cf6106",
	"d0b727c1-eb84-4510-8ffa-9397ecb08f53",
	"241f5f03-b578-4230-80ef-112283b57ca2",
	0,
	0);
INSERT INTO ACT_SMT
	VALUES ("14259e49-5cc3-43de-9781-2e245d968d61",
	"33c6905e-c6fd-43c4-9fab-3ffdb086dc48",
	"4af69b2a-2e0f-4d5a-9e6a-258a0a212c9f",
	16,
	1,
	'Divert Packet::Tracking line: 16');
INSERT INTO ACT_FIO
	VALUES ("14259e49-5cc3-43de-9781-2e245d968d61",
	"a5cd1941-1e51-4807-89af-7839524b5964",
	1,
	'many',
	"93d48880-4e93-442f-9b69-3063f5dd25d8",
	16,
	33);
INSERT INTO ACT_SMT
	VALUES ("4af69b2a-2e0f-4d5a-9e6a-258a0a212c9f",
	"33c6905e-c6fd-43c4-9fab-3ffdb086dc48",
	"00000000-0000-0000-0000-000000000000",
	17,
	1,
	'Divert Packet::Tracking line: 17');
INSERT INTO ACT_FOR
	VALUES ("4af69b2a-2e0f-4d5a-9e6a-258a0a212c9f",
	"0f7f818a-4591-4584-becc-8856a2e1b513",
	1,
	"acdce08c-54e4-4392-8e18-dfe8cb60f1ba",
	"a5cd1941-1e51-4807-89af-7839524b5964",
	"93d48880-4e93-442f-9b69-3063f5dd25d8");
INSERT INTO V_VAL
	VALUES ("c15a974a-b75c-450b-91ba-3ddee34f7148",
	1,
	1,
	6,
	1,
	9,
	0,
	0,
	0,
	0,
	"ba5eda7a-def5-0000-0000-000000000002",
	"33c6905e-c6fd-43c4-9fab-3ffdb086dc48");
INSERT INTO V_TVL
	VALUES ("c15a974a-b75c-450b-91ba-3ddee34f7148",
	"b2c1ea28-8c66-4db2-b7d4-bac292837cb9");
INSERT INTO V_VAL
	VALUES ("0a68f732-156f-4eb2-be58-0882196325b1",
	0,
	0,
	6,
	13,
	15,
	0,
	0,
	0,
	0,
	"ba5eda7a-def5-0000-0000-000000000002",
	"33c6905e-c6fd-43c4-9fab-3ffdb086dc48");
INSERT INTO V_LIN
	VALUES ("0a68f732-156f-4eb2-be58-0882196325b1",
	'100');
INSERT INTO V_VAL
	VALUES ("b4558c02-8394-4925-bc8b-3a6627f9d67f",
	1,
	1,
	7,
	1,
	19,
	0,
	0,
	0,
	0,
	"ba5eda7a-def5-0000-0000-000000000002",
	"33c6905e-c6fd-43c4-9fab-3ffdb086dc48");
INSERT INTO V_TVL
	VALUES ("b4558c02-8394-4925-bc8b-3a6627f9d67f",
	"a52ede7d-b1e0-4342-9336-6aac9563dc9d");
INSERT INTO V_VAL
	VALUES ("a696d94e-2d2f-43d4-97f7-e291c36e821f",
	0,
	0,
	7,
	23,
	25,
	0,
	0,
	0,
	0,
	"ba5eda7a-def5-0000-0000-000000000002",
	"33c6905e-c6fd-43c4-9fab-3ffdb086dc48");
INSERT INTO V_LIN
	VALUES ("a696d94e-2d2f-43d4-97f7-e291c36e821f",
	'105');
INSERT INTO V_VAL
	VALUES ("26aeb524-6743-4368-99ba-cb0880a15fb8",
	1,
	1,
	12,
	1,
	8,
	0,
	0,
	0,
	0,
	"ba5eda7a-def5-0000-0000-000000000002",
	"33c6905e-c6fd-43c4-9fab-3ffdb086dc48");
INSERT INTO V_TVL
	VALUES ("26aeb524-6743-4368-99ba-cb0880a15fb8",
	"361ec2f4-c99b-460e-9417-7f5789091d5c");
INSERT INTO V_VAL
	VALUES ("2f75d5a2-23a7-46e0-8acc-139a56ff6292",
	0,
	0,
	12,
	12,
	20,
	0,
	0,
	0,
	0,
	"ba5eda7a-def5-0000-0000-000000000002",
	"33c6905e-c6fd-43c4-9fab-3ffdb086dc48");
INSERT INTO V_TVL
	VALUES ("2f75d5a2-23a7-46e0-8acc-139a56ff6292",
	"b2c1ea28-8c66-4db2-b7d4-bac292837cb9");
INSERT INTO V_VAL
	VALUES ("05718856-0682-4bfa-a69e-fbf597eaf11b",
	0,
	0,
	-1,
	-1,
	-1,
	0,
	0,
	0,
	0,
	"ba5eda7a-def5-0000-0000-000000000002",
	"33c6905e-c6fd-43c4-9fab-3ffdb086dc48");
INSERT INTO V_BIN
	VALUES ("05718856-0682-4bfa-a69e-fbf597eaf11b",
	"c0ed9f73-4db2-4e99-a9bd-ddb5a69a3604",
	"2f75d5a2-23a7-46e0-8acc-139a56ff6292",
	'/');
INSERT INTO V_VAL
	VALUES ("c0ed9f73-4db2-4e99-a9bd-ddb5a69a3604",
	0,
	0,
	12,
	24,
	25,
	0,
	0,
	0,
	0,
	"ba5eda7a-def5-0000-0000-000000000002",
	"33c6905e-c6fd-43c4-9fab-3ffdb086dc48");
INSERT INTO V_LIN
	VALUES ("c0ed9f73-4db2-4e99-a9bd-ddb5a69a3604",
	'60');
INSERT INTO V_VAL
	VALUES ("241f5f03-b578-4230-80ef-112283b57ca2",
	1,
	1,
	13,
	1,
	10,
	0,
	0,
	0,
	0,
	"ba5eda7a-def5-0000-0000-000000000002",
	"33c6905e-c6fd-43c4-9fab-3ffdb086dc48");
INSERT INTO V_TVL
	VALUES ("241f5f03-b578-4230-80ef-112283b57ca2",
	"7ec9979a-576e-4957-bcfa-d7788e293275");
INSERT INTO V_VAL
	VALUES ("9b6a2efb-9b22-4d75-a9c4-391daee4cc4f",
	0,
	0,
	13,
	14,
	32,
	0,
	0,
	0,
	0,
	"ba5eda7a-def5-0000-0000-000000000002",
	"33c6905e-c6fd-43c4-9fab-3ffdb086dc48");
INSERT INTO V_TVL
	VALUES ("9b6a2efb-9b22-4d75-a9c4-391daee4cc4f",
	"a52ede7d-b1e0-4342-9336-6aac9563dc9d");
INSERT INTO V_VAL
	VALUES ("d0b727c1-eb84-4510-8ffa-9397ecb08f53",
	0,
	0,
	-1,
	-1,
	-1,
	0,
	0,
	0,
	0,
	"ba5eda7a-def5-0000-0000-000000000002",
	"33c6905e-c6fd-43c4-9fab-3ffdb086dc48");
INSERT INTO V_BIN
	VALUES ("d0b727c1-eb84-4510-8ffa-9397ecb08f53",
	"cc089d49-5d50-4329-a28f-123a95e2bdde",
	"9b6a2efb-9b22-4d75-a9c4-391daee4cc4f",
	'/');
INSERT INTO V_VAL
	VALUES ("cc089d49-5d50-4329-a28f-123a95e2bdde",
	0,
	0,
	13,
	36,
	37,
	0,
	0,
	0,
	0,
	"ba5eda7a-def5-0000-0000-000000000002",
	"33c6905e-c6fd-43c4-9fab-3ffdb086dc48");
INSERT INTO V_LIN
	VALUES ("cc089d49-5d50-4329-a28f-123a95e2bdde",
	'60');
INSERT INTO V_VAR
	VALUES ("b2c1ea28-8c66-4db2-b7d4-bac292837cb9",
	"33c6905e-c6fd-43c4-9fab-3ffdb086dc48",
	'web_speed',
	1,
	"ba5eda7a-def5-0000-0000-000000000002");
INSERT INTO V_TRN
	VALUES ("b2c1ea28-8c66-4db2-b7d4-bac292837cb9",
	"00000000-0000-0000-0000-000000000000",
	'');
INSERT INTO V_VAR
	VALUES ("a52ede7d-b1e0-4342-9336-6aac9563dc9d",
	"33c6905e-c6fd-43c4-9fab-3ffdb086dc48",
	'sheet_handler_speed',
	1,
	"ba5eda7a-def5-0000-0000-000000000002");
INSERT INTO V_TRN
	VALUES ("a52ede7d-b1e0-4342-9336-6aac9563dc9d",
	"00000000-0000-0000-0000-000000000000",
	'');
INSERT INTO V_VAR
	VALUES ("361ec2f4-c99b-460e-9417-7f5789091d5c",
	"33c6905e-c6fd-43c4-9fab-3ffdb086dc48",
	'web_dist',
	1,
	"ba5eda7a-def5-0000-0000-000000000002");
INSERT INTO V_TRN
	VALUES ("361ec2f4-c99b-460e-9417-7f5789091d5c",
	"00000000-0000-0000-0000-000000000000",
	'');
INSERT INTO V_VAR
	VALUES ("7ec9979a-576e-4957-bcfa-d7788e293275",
	"33c6905e-c6fd-43c4-9fab-3ffdb086dc48",
	'sheet_dist',
	1,
	"ba5eda7a-def5-0000-0000-000000000002");
INSERT INTO V_TRN
	VALUES ("7ec9979a-576e-4957-bcfa-d7788e293275",
	"00000000-0000-0000-0000-000000000000",
	'');
INSERT INTO V_VAR
	VALUES ("a5cd1941-1e51-4807-89af-7839524b5964",
	"33c6905e-c6fd-43c4-9fab-3ffdb086dc48",
	'divert_packets',
	1,
	"ba5eda7a-def5-0000-0000-000000000009");
INSERT INTO V_INS
	VALUES ("a5cd1941-1e51-4807-89af-7839524b5964",
	"93d48880-4e93-442f-9b69-3063f5dd25d8");
INSERT INTO V_VAR
	VALUES ("acdce08c-54e4-4392-8e18-dfe8cb60f1ba",
	"33c6905e-c6fd-43c4-9fab-3ffdb086dc48",
	'divert_packet',
	1,
	"ba5eda7a-def5-0000-0000-000000000008");
INSERT INTO V_INT
	VALUES ("acdce08c-54e4-4392-8e18-dfe8cb60f1ba",
	1,
	"93d48880-4e93-442f-9b69-3063f5dd25d8");
INSERT INTO ACT_BLK
	VALUES ("0f7f818a-4591-4584-becc-8856a2e1b513",
	0,
	0,
	0,
	'',
	'',
	'',
	18,
	4,
	0,
	0,
	0,
	0,
	0,
	0,
	0,
	0,
	0,
	0,
	0,
	"cb681c30-938b-4764-94fa-d047657a1788",
	"00000000-0000-0000-0000-000000000000");
INSERT INTO ACT_SMT
	VALUES ("35dc3ef8-dcd6-4c8a-a910-eebb53d3822f",
	"0f7f818a-4591-4584-becc-8856a2e1b513",
	"00000000-0000-0000-0000-000000000000",
	18,
	4,
	'Divert Packet::Tracking line: 18');
INSERT INTO ACT_TFM
	VALUES ("35dc3ef8-dcd6-4c8a-a910-eebb53d3822f",
	"71332c9b-baf4-41ef-81b5-0d120c13224f",
	"acdce08c-54e4-4392-8e18-dfe8cb60f1ba",
	18,
	18,
	0,
	0);
INSERT INTO V_VAL
	VALUES ("7ffa5584-8a7e-4cb7-87fc-53cba7f3fc55",
	0,
	0,
	18,
	50,
	57,
	0,
	0,
	0,
	0,
	"ba5eda7a-def5-0000-0000-000000000002",
	"0f7f818a-4591-4584-becc-8856a2e1b513");
INSERT INTO V_TVL
	VALUES ("7ffa5584-8a7e-4cb7-87fc-53cba7f3fc55",
	"361ec2f4-c99b-460e-9417-7f5789091d5c");
INSERT INTO V_PAR
	VALUES ("7ffa5584-8a7e-4cb7-87fc-53cba7f3fc55",
	"35dc3ef8-dcd6-4c8a-a910-eebb53d3822f",
	"00000000-0000-0000-0000-000000000000",
	'web_travel_dist',
	"588876b6-8d44-46bd-b061-80832d64ee67",
	18,
	33);
INSERT INTO V_VAL
	VALUES ("588876b6-8d44-46bd-b061-80832d64ee67",
	0,
	0,
	18,
	79,
	88,
	0,
	0,
	0,
	0,
	"ba5eda7a-def5-0000-0000-000000000002",
	"0f7f818a-4591-4584-becc-8856a2e1b513");
INSERT INTO V_TVL
	VALUES ("588876b6-8d44-46bd-b061-80832d64ee67",
	"7ec9979a-576e-4957-bcfa-d7788e293275");
INSERT INTO V_PAR
	VALUES ("588876b6-8d44-46bd-b061-80832d64ee67",
	"35dc3ef8-dcd6-4c8a-a910-eebb53d3822f",
	"00000000-0000-0000-0000-000000000000",
	'sheet_travel_dist',
	"00000000-0000-0000-0000-000000000000",
	18,
	60);
INSERT INTO SM_NSTXN
	VALUES ("aff05717-7442-4903-8fc0-79ca181e9fae",
	"b01dc8c8-680a-4813-b2c9-6807ea0b896d",
	"61b3e54a-4223-425b-920d-8390b07a6286",
	"47566cd0-1603-43f9-8507-1d03989059bc",
	"00000000-0000-0000-0000-000000000000");
INSERT INTO SM_TAH
	VALUES ("f5c2c33c-4d0e-413a-8f6f-ef98a3b99125",
	"b01dc8c8-680a-4813-b2c9-6807ea0b896d",
	"aff05717-7442-4903-8fc0-79ca181e9fae");
INSERT INTO SM_AH
	VALUES ("f5c2c33c-4d0e-413a-8f6f-ef98a3b99125",
	"b01dc8c8-680a-4813-b2c9-6807ea0b896d");
INSERT INTO SM_ACT
	VALUES ("f5c2c33c-4d0e-413a-8f6f-ef98a3b99125",
	"b01dc8c8-680a-4813-b2c9-6807ea0b896d",
	1,
	'',
	'');
INSERT INTO ACT_TAB
	VALUES ("969ac138-084f-409d-9be6-60099ed26c92",
	"b01dc8c8-680a-4813-b2c9-6807ea0b896d",
	"f5c2c33c-4d0e-413a-8f6f-ef98a3b99125");
INSERT INTO ACT_ACT
	VALUES ("969ac138-084f-409d-9be6-60099ed26c92",
	'class transition',
	0,
	"b76801dc-4f79-476c-a649-20f31b3fa6a8",
	"00000000-0000-0000-0000-000000000000",
	0,
	'DVRTPKT_A1: calc_new_position',
	"00000000-0000-0000-0000-000000000000");
INSERT INTO ACT_BLK
	VALUES ("b76801dc-4f79-476c-a649-20f31b3fa6a8",
	0,
	0,
	0,
	'',
	'',
	'',
	0,
	0,
	0,
	0,
	0,
	0,
	0,
	0,
	0,
	0,
	0,
	0,
	0,
	"969ac138-084f-409d-9be6-60099ed26c92",
	"00000000-0000-0000-0000-000000000000");
INSERT INTO SM_TXN
	VALUES ("aff05717-7442-4903-8fc0-79ca181e9fae",
	"b01dc8c8-680a-4813-b2c9-6807ea0b896d",
	"61b3e54a-4223-425b-920d-8390b07a6286",
	"00000000-0000-0000-0000-000000000000");
INSERT INTO PE_PE
	VALUES ("c06f4827-2810-4d7f-9b50-0e5bfeccfdce",
	1,
	"dc4131cd-6623-4946-bae6-3107b2be2c64",
	"00000000-0000-0000-0000-000000000000",
	4);
INSERT INTO O_OBJ
	VALUES ("c06f4827-2810-4d7f-9b50-0e5bfeccfdce",
	'Divert Sheet',
	2,
	'DVRTSHT',
	'',
	"00000000-0000-0000-0000-000000000000");
INSERT INTO O_TFR
	VALUES ("cd13520f-3b43-4661-9ff9-94812cad1e8a",
	"c06f4827-2810-4d7f-9b50-0e5bfeccfdce",
	'UpdatePosition',
	'',
	"ba5eda7a-def5-0000-0000-000000000000",
	1,
	'/* Update the tracked sheet''s position, check if any tracking points have been
   reached, if so fire the events off, remove tracked sheet if it has no more
   tracking points and add it to the stack.
*/

// Update position of sheet
if self.position - self.length < 0;
   // This sheet is still part of the web, use distance the web moved
   self.position = self.position + param.web_travel_dist;
else;
   // This sheet has been cut off and is under the control of the sheet handler
   self.position = self.position + param.sheet_travel_dist;
end if;

// Find the tracking points that should be fired
select many tracking_points related by self->TRKPT[R3] where 
   (selected.edge_to_track == Sheet_End::Leading and 
    self.position >= selected.effective_position) or
   (selected.edge_to_track == Sheet_End::Trailing and 
    self.position - self.length >= selected.effective_position);
      
for each tracking_point in tracking_points;
   // Send the event to the actuator
   select one actuator related by tracking_point->ACTR[R3];
   if tracking_point.type == Actuator_Event_Type::Engage_Material;
      generate ACTR1:activate() to actuator;
   else;
      generate ACTR2:de_activate() to actuator;
   end if;
     
   // Remove the tracking point
   unrelate actuator from self across R3 using tracking_point;
   delete object instance tracking_point;
end for;

/* Check to see if this tracked_sheet has any more tracking points, if not,
   it is a candidate for deletion.
*/
if self.position - self.length >= 0;  // The sheet must be severed from web
   select any tracking_point related by self->TRKPT[R3];
   if empty tracking_point;
      // Inform the Divert Packet this sheet has been diverted
      select one divert_packet related by self->DVRTPKT[R2];
      divert_packet.SheetDiverted();
   
      delete object instance self;
   end if;
end if;
',
	1,
	'',
	"00000000-0000-0000-0000-000000000000");
INSERT INTO O_TPARM
	VALUES ("84a6e125-e9a5-4a69-bf97-3c97c01a2a3a",
	"cd13520f-3b43-4661-9ff9-94812cad1e8a",
	'web_travel_dist',
	"ba5eda7a-def5-0000-0000-000000000002",
	0,
	'',
	"00000000-0000-0000-0000-000000000000",
	'');
INSERT INTO O_TPARM
	VALUES ("35510c81-39c9-41b2-bbb1-1b9b2bae7386",
	"cd13520f-3b43-4661-9ff9-94812cad1e8a",
	'sheet_travel_dist',
	"ba5eda7a-def5-0000-0000-000000000002",
	0,
	'',
	"84a6e125-e9a5-4a69-bf97-3c97c01a2a3a",
	'');
INSERT INTO ACT_OPB
	VALUES ("24e8853a-5da3-4e42-9b4e-f351745b7555",
	"cd13520f-3b43-4661-9ff9-94812cad1e8a");
INSERT INTO ACT_ACT
	VALUES ("24e8853a-5da3-4e42-9b4e-f351745b7555",
	'operation',
	0,
	"02cbcefd-3c3d-4047-99ad-159151d84d34",
	"00000000-0000-0000-0000-000000000000",
	0,
	'Divert Sheet::UpdatePosition',
	"00000000-0000-0000-0000-000000000000");
INSERT INTO ACT_BLK
	VALUES ("02cbcefd-3c3d-4047-99ad-159151d84d34",
	1,
	0,
	1,
	'',
	'',
	'',
	39,
	1,
	16,
	46,
	0,
	0,
	16,
	52,
	0,
	0,
	19,
	31,
	0,
	"24e8853a-5da3-4e42-9b4e-f351745b7555",
	"00000000-0000-0000-0000-000000000000");
INSERT INTO ACT_SMT
	VALUES ("5f4ef201-f246-4770-8caa-d52737ee853a",
	"02cbcefd-3c3d-4047-99ad-159151d84d34",
	"70fdd997-bedd-4db7-af6d-01838c29c192",
	7,
	1,
	'Divert Sheet::UpdatePosition line: 7');
INSERT INTO ACT_IF
	VALUES ("5f4ef201-f246-4770-8caa-d52737ee853a",
	"35de2201-fef2-4dff-8dbd-98938b09e302",
	"7f591eed-1e39-4718-9175-776f4ae4ccd0",
	"00000000-0000-0000-0000-000000000000",
	"00000000-0000-0000-0000-000000000000");
INSERT INTO ACT_SMT
	VALUES ("30f91d2e-2e6a-4e34-bc9e-9d50b9b60747",
	"02cbcefd-3c3d-4047-99ad-159151d84d34",
	"00000000-0000-0000-0000-000000000000",
	10,
	1,
	'Divert Sheet::UpdatePosition line: 10');
INSERT INTO ACT_E
	VALUES ("30f91d2e-2e6a-4e34-bc9e-9d50b9b60747",
	"0e7ec4e7-571d-43b6-95bb-ed8cdb239ce7",
	"5f4ef201-f246-4770-8caa-d52737ee853a");
INSERT INTO ACT_SMT
	VALUES ("70fdd997-bedd-4db7-af6d-01838c29c192",
	"02cbcefd-3c3d-4047-99ad-159151d84d34",
	"8974ace2-6c27-4c03-b169-640422d136a6",
	16,
	1,
	'Divert Sheet::UpdatePosition line: 16');
INSERT INTO ACT_SEL
	VALUES ("70fdd997-bedd-4db7-af6d-01838c29c192",
	"869aed16-c7de-4872-93fa-ecbbd6f2934d",
	1,
	'many',
	"cdf8379d-f5cd-4e72-a026-35bff0aede5f");
INSERT INTO ACT_SRW
	VALUES ("70fdd997-bedd-4db7-af6d-01838c29c192",
	"09920f2d-9077-4fac-aac8-a37f014f810f");
INSERT INTO ACT_LNK
	VALUES ("3ed51f98-17a8-47ca-87f5-66f8db0f4eb3",
	'',
	"70fdd997-bedd-4db7-af6d-01838c29c192",
	"85cc6b4f-811e-49b6-94a1-12c4143b2d77",
	"00000000-0000-0000-0000-000000000000",
	3,
	"7acab340-f561-4166-9e38-4cf9ed1dd6f4",
	16,
	46,
	16,
	52,
	0,
	0);
INSERT INTO ACT_SMT
	VALUES ("8974ace2-6c27-4c03-b169-640422d136a6",
	"02cbcefd-3c3d-4047-99ad-159151d84d34",
	"df0b9a39-d084-41c4-bdb7-d9d71e1bb57e",
	22,
	1,
	'Divert Sheet::UpdatePosition line: 22');
INSERT INTO ACT_FOR
	VALUES ("8974ace2-6c27-4c03-b169-640422d136a6",
	"a56b96c4-33f4-41b0-af97-c11102a48bda",
	1,
	"1ff216c1-ae1a-4e25-81d6-2c9e69eb42da",
	"869aed16-c7de-4872-93fa-ecbbd6f2934d",
	"7acab340-f561-4166-9e38-4cf9ed1dd6f4");
INSERT INTO ACT_SMT
	VALUES ("df0b9a39-d084-41c4-bdb7-d9d71e1bb57e",
	"02cbcefd-3c3d-4047-99ad-159151d84d34",
	"00000000-0000-0000-0000-000000000000",
	39,
	1,
	'Divert Sheet::UpdatePosition line: 39');
INSERT INTO ACT_IF
	VALUES ("df0b9a39-d084-41c4-bdb7-d9d71e1bb57e",
	"73002889-bc62-4082-97fa-3bd17954ceeb",
	"51d30f5d-5503-4170-8147-2153e902d9a4",
	"00000000-0000-0000-0000-000000000000",
	"00000000-0000-0000-0000-000000000000");
INSERT INTO V_VAL
	VALUES ("d2d939dc-1112-4849-a6bd-3bc177b11c94",
	0,
	0,
	7,
	4,
	7,
	0,
	0,
	0,
	0,
	"ba5eda7a-def5-0000-0000-000000000008",
	"02cbcefd-3c3d-4047-99ad-159151d84d34");
INSERT INTO V_IRF
	VALUES ("d2d939dc-1112-4849-a6bd-3bc177b11c94",
	"3b41acfe-43bc-4aab-83cb-a254db66cb5a");
INSERT INTO V_VAL
	VALUES ("4936a513-5790-4943-854b-800a011a81c4",
	0,
	0,
	7,
	9,
	16,
	0,
	0,
	0,
	0,
	"ba5eda7a-def5-0000-0000-000000000002",
	"02cbcefd-3c3d-4047-99ad-159151d84d34");
INSERT INTO V_AVL
	VALUES ("4936a513-5790-4943-854b-800a011a81c4",
	"d2d939dc-1112-4849-a6bd-3bc177b11c94",
	"c06f4827-2810-4d7f-9b50-0e5bfeccfdce",
	"0a7a02b2-0810-4b8d-ad46-2c29fa1cb803");
INSERT INTO V_VAL
	VALUES ("0f0885d0-2a48-4164-8722-b43e762c3c33",
	0,
	0,
	-1,
	-1,
	-1,
	0,
	0,
	0,
	0,
	"ba5eda7a-def5-0000-0000-000000000002",
	"02cbcefd-3c3d-4047-99ad-159151d84d34");
INSERT INTO V_BIN
	VALUES ("0f0885d0-2a48-4164-8722-b43e762c3c33",
	"2df3bffd-5c95-4a0f-bade-13956d51511e",
	"4936a513-5790-4943-854b-800a011a81c4",
	'-');
INSERT INTO V_VAL
	VALUES ("fd26860b-aee9-4d75-a9c1-da1a03febeb8",
	0,
	0,
	7,
	20,
	23,
	0,
	0,
	0,
	0,
	"ba5eda7a-def5-0000-0000-000000000008",
	"02cbcefd-3c3d-4047-99ad-159151d84d34");
INSERT INTO V_IRF
	VALUES ("fd26860b-aee9-4d75-a9c1-da1a03febeb8",
	"3b41acfe-43bc-4aab-83cb-a254db66cb5a");
INSERT INTO V_VAL
	VALUES ("2df3bffd-5c95-4a0f-bade-13956d51511e",
	0,
	0,
	7,
	25,
	30,
	0,
	0,
	0,
	0,
	"ba5eda7a-def5-0000-0000-000000000002",
	"02cbcefd-3c3d-4047-99ad-159151d84d34");
INSERT INTO V_AVL
	VALUES ("2df3bffd-5c95-4a0f-bade-13956d51511e",
	"fd26860b-aee9-4d75-a9c1-da1a03febeb8",
	"c06f4827-2810-4d7f-9b50-0e5bfeccfdce",
	"d576eaad-c7c6-4fc5-9902-c3503c2b0391");
INSERT INTO V_VAL
	VALUES ("7f591eed-1e39-4718-9175-776f4ae4ccd0",
	0,
	0,
	-1,
	-1,
	-1,
	0,
	0,
	0,
	0,
	"ba5eda7a-def5-0000-0000-000000000001",
	"02cbcefd-3c3d-4047-99ad-159151d84d34");
INSERT INTO V_BIN
	VALUES ("7f591eed-1e39-4718-9175-776f4ae4ccd0",
	"70734c3e-c204-40dc-b831-129ec96ccbf5",
	"0f0885d0-2a48-4164-8722-b43e762c3c33",
	'<');
INSERT INTO V_VAL
	VALUES ("70734c3e-c204-40dc-b831-129ec96ccbf5",
	0,
	0,
	7,
	34,
	34,
	0,
	0,
	0,
	0,
	"ba5eda7a-def5-0000-0000-000000000002",
	"02cbcefd-3c3d-4047-99ad-159151d84d34");
INSERT INTO V_LIN
	VALUES ("70734c3e-c204-40dc-b831-129ec96ccbf5",
	'0');
INSERT INTO V_VAL
	VALUES ("cdf8379d-f5cd-4e72-a026-35bff0aede5f",
	0,
	0,
	16,
	40,
	43,
	0,
	0,
	0,
	0,
	"ba5eda7a-def5-0000-0000-000000000008",
	"02cbcefd-3c3d-4047-99ad-159151d84d34");
INSERT INTO V_IRF
	VALUES ("cdf8379d-f5cd-4e72-a026-35bff0aede5f",
	"3b41acfe-43bc-4aab-83cb-a254db66cb5a");
INSERT INTO V_VAL
	VALUES ("8625b8d9-b44d-4cd3-86c3-24fd6bc544a5",
	0,
	0,
	17,
	5,
	-1,
	0,
	0,
	0,
	0,
	"ba5eda7a-def5-0000-0000-000000000008",
	"02cbcefd-3c3d-4047-99ad-159151d84d34");
INSERT INTO V_SLR
	VALUES ("8625b8d9-b44d-4cd3-86c3-24fd6bc544a5",
	"00000000-0000-0000-0000-000000000000",
	"00000000-0000-0000-0000-000000000000",
	"00000000-0000-0000-0000-000000000000");
INSERT INTO V_VAL
	VALUES ("ae6ea1a3-6cc3-48f6-a210-0813fbd6bd25",
	0,
	0,
	17,
	14,
	26,
	0,
	0,
	0,
	0,
	"a4eb2471-acf5-42f0-ad8b-e089fda62049",
	"02cbcefd-3c3d-4047-99ad-159151d84d34");
INSERT INTO V_AVL
	VALUES ("ae6ea1a3-6cc3-48f6-a210-0813fbd6bd25",
	"8625b8d9-b44d-4cd3-86c3-24fd6bc544a5",
	"7acab340-f561-4166-9e38-4cf9ed1dd6f4",
	"582be5fa-616c-43e0-b279-56372c57229c");
INSERT INTO V_VAL
	VALUES ("d8f0a5d5-d63f-4437-9384-ead98f55cf83",
	0,
	0,
	-1,
	-1,
	-1,
	0,
	0,
	0,
	0,
	"ba5eda7a-def5-0000-0000-000000000001",
	"02cbcefd-3c3d-4047-99ad-159151d84d34");
INSERT INTO V_BIN
	VALUES ("d8f0a5d5-d63f-4437-9384-ead98f55cf83",
	"369ed1a7-da55-43a8-865c-2775c245069c",
	"ae6ea1a3-6cc3-48f6-a210-0813fbd6bd25",
	'==');
INSERT INTO V_VAL
	VALUES ("369ed1a7-da55-43a8-865c-2775c245069c",
	0,
	0,
	17,
	42,
	48,
	0,
	0,
	0,
	0,
	"a4eb2471-acf5-42f0-ad8b-e089fda62049",
	"02cbcefd-3c3d-4047-99ad-159151d84d34");
INSERT INTO V_LEN
	VALUES ("369ed1a7-da55-43a8-865c-2775c245069c",
	"6256d8b8-61bf-4bc2-9471-ff7bbade24c6",
	17,
	31);
INSERT INTO V_VAL
	VALUES ("d611c473-0095-4d34-a628-a7f8c92ce7ff",
	0,
	0,
	18,
	5,
	8,
	0,
	0,
	0,
	0,
	"ba5eda7a-def5-0000-0000-000000000008",
	"02cbcefd-3c3d-4047-99ad-159151d84d34");
INSERT INTO V_IRF
	VALUES ("d611c473-0095-4d34-a628-a7f8c92ce7ff",
	"3b41acfe-43bc-4aab-83cb-a254db66cb5a");
INSERT INTO V_VAL
	VALUES ("eb0604c5-7d50-47d3-9fee-573027b417e9",
	0,
	0,
	18,
	10,
	17,
	0,
	0,
	0,
	0,
	"ba5eda7a-def5-0000-0000-000000000002",
	"02cbcefd-3c3d-4047-99ad-159151d84d34");
INSERT INTO V_AVL
	VALUES ("eb0604c5-7d50-47d3-9fee-573027b417e9",
	"d611c473-0095-4d34-a628-a7f8c92ce7ff",
	"c06f4827-2810-4d7f-9b50-0e5bfeccfdce",
	"0a7a02b2-0810-4b8d-ad46-2c29fa1cb803");
INSERT INTO V_VAL
	VALUES ("f533e2ed-599c-46b9-a9ff-2605242d5d00",
	0,
	0,
	-1,
	-1,
	-1,
	0,
	0,
	0,
	0,
	"ba5eda7a-def5-0000-0000-000000000001",
	"02cbcefd-3c3d-4047-99ad-159151d84d34");
INSERT INTO V_BIN
	VALUES ("f533e2ed-599c-46b9-a9ff-2605242d5d00",
	"9f5dcb26-5991-4d62-bf5a-6d3c3ff6fb65",
	"eb0604c5-7d50-47d3-9fee-573027b417e9",
	'>=');
INSERT INTO V_VAL
	VALUES ("ed181ecd-9909-4512-a0c8-70bdfc6d0019",
	0,
	0,
	18,
	22,
	-1,
	0,
	0,
	0,
	0,
	"ba5eda7a-def5-0000-0000-000000000008",
	"02cbcefd-3c3d-4047-99ad-159151d84d34");
INSERT INTO V_SLR
	VALUES ("ed181ecd-9909-4512-a0c8-70bdfc6d0019",
	"00000000-0000-0000-0000-000000000000",
	"00000000-0000-0000-0000-000000000000",
	"00000000-0000-0000-0000-000000000000");
INSERT INTO V_VAL
	VALUES ("9f5dcb26-5991-4d62-bf5a-6d3c3ff6fb65",
	0,
	0,
	18,
	31,
	48,
	0,
	0,
	0,
	0,
	"ba5eda7a-def5-0000-0000-000000000002",
	"02cbcefd-3c3d-4047-99ad-159151d84d34");
INSERT INTO V_AVL
	VALUES ("9f5dcb26-5991-4d62-bf5a-6d3c3ff6fb65",
	"ed181ecd-9909-4512-a0c8-70bdfc6d0019",
	"7acab340-f561-4166-9e38-4cf9ed1dd6f4",
	"377b478c-236d-4b6b-8c77-47e4632bc6c8");
INSERT INTO V_VAL
	VALUES ("1573e449-9e3a-4485-9536-a389320ea294",
	0,
	0,
	-1,
	-1,
	-1,
	0,
	0,
	0,
	0,
	"ba5eda7a-def5-0000-0000-000000000001",
	"02cbcefd-3c3d-4047-99ad-159151d84d34");
INSERT INTO V_BIN
	VALUES ("1573e449-9e3a-4485-9536-a389320ea294",
	"f533e2ed-599c-46b9-a9ff-2605242d5d00",
	"d8f0a5d5-d63f-4437-9384-ead98f55cf83",
	'and');
INSERT INTO V_VAL
	VALUES ("bbeaf522-ba70-4b2b-8e1e-de88b8835c91",
	0,
	0,
	19,
	5,
	-1,
	0,
	0,
	0,
	0,
	"ba5eda7a-def5-0000-0000-000000000008",
	"02cbcefd-3c3d-4047-99ad-159151d84d34");
INSERT INTO V_SLR
	VALUES ("bbeaf522-ba70-4b2b-8e1e-de88b8835c91",
	"00000000-0000-0000-0000-000000000000",
	"00000000-0000-0000-0000-000000000000",
	"00000000-0000-0000-0000-000000000000");
INSERT INTO V_VAL
	VALUES ("113d4834-2cd4-43d4-b09d-63b8a266eebd",
	0,
	0,
	19,
	14,
	26,
	0,
	0,
	0,
	0,
	"a4eb2471-acf5-42f0-ad8b-e089fda62049",
	"02cbcefd-3c3d-4047-99ad-159151d84d34");
INSERT INTO V_AVL
	VALUES ("113d4834-2cd4-43d4-b09d-63b8a266eebd",
	"bbeaf522-ba70-4b2b-8e1e-de88b8835c91",
	"7acab340-f561-4166-9e38-4cf9ed1dd6f4",
	"582be5fa-616c-43e0-b279-56372c57229c");
INSERT INTO V_VAL
	VALUES ("acf81a1b-4249-4a80-a199-737a7f17a619",
	0,
	0,
	-1,
	-1,
	-1,
	0,
	0,
	0,
	0,
	"ba5eda7a-def5-0000-0000-000000000001",
	"02cbcefd-3c3d-4047-99ad-159151d84d34");
INSERT INTO V_BIN
	VALUES ("acf81a1b-4249-4a80-a199-737a7f17a619",
	"082a27b1-4133-4c54-bb6f-5fa737cba179",
	"113d4834-2cd4-43d4-b09d-63b8a266eebd",
	'==');
INSERT INTO V_VAL
	VALUES ("082a27b1-4133-4c54-bb6f-5fa737cba179",
	0,
	0,
	19,
	42,
	49,
	0,
	0,
	0,
	0,
	"a4eb2471-acf5-42f0-ad8b-e089fda62049",
	"02cbcefd-3c3d-4047-99ad-159151d84d34");
INSERT INTO V_LEN
	VALUES ("082a27b1-4133-4c54-bb6f-5fa737cba179",
	"d356acef-0bfe-45a0-afb6-ea9187eb7cba",
	19,
	31);
INSERT INTO V_VAL
	VALUES ("17f6ac79-93d9-4c3c-bef0-7e4f43d85a7e",
	0,
	0,
	20,
	5,
	8,
	0,
	0,
	0,
	0,
	"ba5eda7a-def5-0000-0000-000000000008",
	"02cbcefd-3c3d-4047-99ad-159151d84d34");
INSERT INTO V_IRF
	VALUES ("17f6ac79-93d9-4c3c-bef0-7e4f43d85a7e",
	"3b41acfe-43bc-4aab-83cb-a254db66cb5a");
INSERT INTO V_VAL
	VALUES ("2bffe970-8bb8-4ff5-bb4f-03ea3c5152c2",
	0,
	0,
	20,
	10,
	17,
	0,
	0,
	0,
	0,
	"ba5eda7a-def5-0000-0000-000000000002",
	"02cbcefd-3c3d-4047-99ad-159151d84d34");
INSERT INTO V_AVL
	VALUES ("2bffe970-8bb8-4ff5-bb4f-03ea3c5152c2",
	"17f6ac79-93d9-4c3c-bef0-7e4f43d85a7e",
	"c06f4827-2810-4d7f-9b50-0e5bfeccfdce",
	"0a7a02b2-0810-4b8d-ad46-2c29fa1cb803");
INSERT INTO V_VAL
	VALUES ("e14ac1c4-d063-411e-b693-2074025b6440",
	0,
	0,
	-1,
	-1,
	-1,
	0,
	0,
	0,
	0,
	"ba5eda7a-def5-0000-0000-000000000002",
	"02cbcefd-3c3d-4047-99ad-159151d84d34");
INSERT INTO V_BIN
	VALUES ("e14ac1c4-d063-411e-b693-2074025b6440",
	"7c963d31-a2df-4cdc-ac1a-e29d1a61f3e7",
	"2bffe970-8bb8-4ff5-bb4f-03ea3c5152c2",
	'-');
INSERT INTO V_VAL
	VALUES ("a2f6aad2-d57e-47fc-a8bc-8f2b06957778",
	0,
	0,
	20,
	21,
	24,
	0,
	0,
	0,
	0,
	"ba5eda7a-def5-0000-0000-000000000008",
	"02cbcefd-3c3d-4047-99ad-159151d84d34");
INSERT INTO V_IRF
	VALUES ("a2f6aad2-d57e-47fc-a8bc-8f2b06957778",
	"3b41acfe-43bc-4aab-83cb-a254db66cb5a");
INSERT INTO V_VAL
	VALUES ("7c963d31-a2df-4cdc-ac1a-e29d1a61f3e7",
	0,
	0,
	20,
	26,
	31,
	0,
	0,
	0,
	0,
	"ba5eda7a-def5-0000-0000-000000000002",
	"02cbcefd-3c3d-4047-99ad-159151d84d34");
INSERT INTO V_AVL
	VALUES ("7c963d31-a2df-4cdc-ac1a-e29d1a61f3e7",
	"a2f6aad2-d57e-47fc-a8bc-8f2b06957778",
	"c06f4827-2810-4d7f-9b50-0e5bfeccfdce",
	"d576eaad-c7c6-4fc5-9902-c3503c2b0391");
INSERT INTO V_VAL
	VALUES ("6f8eb300-d0c0-4d67-a2cd-c3a8193aecb7",
	0,
	0,
	-1,
	-1,
	-1,
	0,
	0,
	0,
	0,
	"ba5eda7a-def5-0000-0000-000000000001",
	"02cbcefd-3c3d-4047-99ad-159151d84d34");
INSERT INTO V_BIN
	VALUES ("6f8eb300-d0c0-4d67-a2cd-c3a8193aecb7",
	"a12caa7d-a4ca-447f-bda0-092f922421d5",
	"e14ac1c4-d063-411e-b693-2074025b6440",
	'>=');
INSERT INTO V_VAL
	VALUES ("fe3df4cb-64da-4e10-9351-59cea0d01873",
	0,
	0,
	20,
	36,
	-1,
	0,
	0,
	0,
	0,
	"ba5eda7a-def5-0000-0000-000000000008",
	"02cbcefd-3c3d-4047-99ad-159151d84d34");
INSERT INTO V_SLR
	VALUES ("fe3df4cb-64da-4e10-9351-59cea0d01873",
	"00000000-0000-0000-0000-000000000000",
	"00000000-0000-0000-0000-000000000000",
	"00000000-0000-0000-0000-000000000000");
INSERT INTO V_VAL
	VALUES ("a12caa7d-a4ca-447f-bda0-092f922421d5",
	0,
	0,
	20,
	45,
	62,
	0,
	0,
	0,
	0,
	"ba5eda7a-def5-0000-0000-000000000002",
	"02cbcefd-3c3d-4047-99ad-159151d84d34");
INSERT INTO V_AVL
	VALUES ("a12caa7d-a4ca-447f-bda0-092f922421d5",
	"fe3df4cb-64da-4e10-9351-59cea0d01873",
	"7acab340-f561-4166-9e38-4cf9ed1dd6f4",
	"377b478c-236d-4b6b-8c77-47e4632bc6c8");
INSERT INTO V_VAL
	VALUES ("bde24ca5-c718-4ede-9afa-dc077cfd8cd5",
	0,
	0,
	-1,
	-1,
	-1,
	0,
	0,
	0,
	0,
	"ba5eda7a-def5-0000-0000-000000000001",
	"02cbcefd-3c3d-4047-99ad-159151d84d34");
INSERT INTO V_BIN
	VALUES ("bde24ca5-c718-4ede-9afa-dc077cfd8cd5",
	"6f8eb300-d0c0-4d67-a2cd-c3a8193aecb7",
	"acf81a1b-4249-4a80-a199-737a7f17a619",
	'and');
INSERT INTO V_VAL
	VALUES ("09920f2d-9077-4fac-aac8-a37f014f810f",
	0,
	0,
	-1,
	-1,
	-1,
	0,
	0,
	0,
	0,
	"ba5eda7a-def5-0000-0000-000000000001",
	"02cbcefd-3c3d-4047-99ad-159151d84d34");
INSERT INTO V_BIN
	VALUES ("09920f2d-9077-4fac-aac8-a37f014f810f",
	"bde24ca5-c718-4ede-9afa-dc077cfd8cd5",
	"1573e449-9e3a-4485-9536-a389320ea294",
	'or');
INSERT INTO V_VAL
	VALUES ("e696a107-3163-472d-80f1-b70346560ebc",
	0,
	0,
	39,
	4,
	7,
	0,
	0,
	0,
	0,
	"ba5eda7a-def5-0000-0000-000000000008",
	"02cbcefd-3c3d-4047-99ad-159151d84d34");
INSERT INTO V_IRF
	VALUES ("e696a107-3163-472d-80f1-b70346560ebc",
	"3b41acfe-43bc-4aab-83cb-a254db66cb5a");
INSERT INTO V_VAL
	VALUES ("4589a81b-374c-4083-b0d8-f3f85908241b",
	0,
	0,
	39,
	9,
	16,
	0,
	0,
	0,
	0,
	"ba5eda7a-def5-0000-0000-000000000002",
	"02cbcefd-3c3d-4047-99ad-159151d84d34");
INSERT INTO V_AVL
	VALUES ("4589a81b-374c-4083-b0d8-f3f85908241b",
	"e696a107-3163-472d-80f1-b70346560ebc",
	"c06f4827-2810-4d7f-9b50-0e5bfeccfdce",
	"0a7a02b2-0810-4b8d-ad46-2c29fa1cb803");
INSERT INTO V_VAL
	VALUES ("9af25a8b-25d4-41be-a008-d38f6ecf1332",
	0,
	0,
	-1,
	-1,
	-1,
	0,
	0,
	0,
	0,
	"ba5eda7a-def5-0000-0000-000000000002",
	"02cbcefd-3c3d-4047-99ad-159151d84d34");
INSERT INTO V_BIN
	VALUES ("9af25a8b-25d4-41be-a008-d38f6ecf1332",
	"1b662687-59a8-4ff8-a77c-659cf94232b9",
	"4589a81b-374c-4083-b0d8-f3f85908241b",
	'-');
INSERT INTO V_VAL
	VALUES ("60e0e290-832d-4eaf-a38e-733f81271747",
	0,
	0,
	39,
	20,
	23,
	0,
	0,
	0,
	0,
	"ba5eda7a-def5-0000-0000-000000000008",
	"02cbcefd-3c3d-4047-99ad-159151d84d34");
INSERT INTO V_IRF
	VALUES ("60e0e290-832d-4eaf-a38e-733f81271747",
	"3b41acfe-43bc-4aab-83cb-a254db66cb5a");
INSERT INTO V_VAL
	VALUES ("1b662687-59a8-4ff8-a77c-659cf94232b9",
	0,
	0,
	39,
	25,
	30,
	0,
	0,
	0,
	0,
	"ba5eda7a-def5-0000-0000-000000000002",
	"02cbcefd-3c3d-4047-99ad-159151d84d34");
INSERT INTO V_AVL
	VALUES ("1b662687-59a8-4ff8-a77c-659cf94232b9",
	"60e0e290-832d-4eaf-a38e-733f81271747",
	"c06f4827-2810-4d7f-9b50-0e5bfeccfdce",
	"d576eaad-c7c6-4fc5-9902-c3503c2b0391");
INSERT INTO V_VAL
	VALUES ("51d30f5d-5503-4170-8147-2153e902d9a4",
	0,
	0,
	-1,
	-1,
	-1,
	0,
	0,
	0,
	0,
	"ba5eda7a-def5-0000-0000-000000000001",
	"02cbcefd-3c3d-4047-99ad-159151d84d34");
INSERT INTO V_BIN
	VALUES ("51d30f5d-5503-4170-8147-2153e902d9a4",
	"ec49c787-c13e-41ed-a02d-d80f0b7c93b7",
	"9af25a8b-25d4-41be-a008-d38f6ecf1332",
	'>=');
INSERT INTO V_VAL
	VALUES ("ec49c787-c13e-41ed-a02d-d80f0b7c93b7",
	0,
	0,
	39,
	35,
	35,
	0,
	0,
	0,
	0,
	"ba5eda7a-def5-0000-0000-000000000002",
	"02cbcefd-3c3d-4047-99ad-159151d84d34");
INSERT INTO V_LIN
	VALUES ("ec49c787-c13e-41ed-a02d-d80f0b7c93b7",
	'0');
INSERT INTO V_VAR
	VALUES ("3b41acfe-43bc-4aab-83cb-a254db66cb5a",
	"02cbcefd-3c3d-4047-99ad-159151d84d34",
	'self',
	1,
	"ba5eda7a-def5-0000-0000-000000000008");
INSERT INTO V_INT
	VALUES ("3b41acfe-43bc-4aab-83cb-a254db66cb5a",
	0,
	"c06f4827-2810-4d7f-9b50-0e5bfeccfdce");
INSERT INTO V_VAR
	VALUES ("869aed16-c7de-4872-93fa-ecbbd6f2934d",
	"02cbcefd-3c3d-4047-99ad-159151d84d34",
	'tracking_points',
	1,
	"ba5eda7a-def5-0000-0000-000000000009");
INSERT INTO V_INS
	VALUES ("869aed16-c7de-4872-93fa-ecbbd6f2934d",
	"7acab340-f561-4166-9e38-4cf9ed1dd6f4");
INSERT INTO V_VAR
	VALUES ("1ff216c1-ae1a-4e25-81d6-2c9e69eb42da",
	"02cbcefd-3c3d-4047-99ad-159151d84d34",
	'tracking_point',
	1,
	"ba5eda7a-def5-0000-0000-000000000008");
INSERT INTO V_INT
	VALUES ("1ff216c1-ae1a-4e25-81d6-2c9e69eb42da",
	1,
	"7acab340-f561-4166-9e38-4cf9ed1dd6f4");
INSERT INTO ACT_BLK
	VALUES ("35de2201-fef2-4dff-8dbd-98938b09e302",
	0,
	0,
	0,
	'',
	'',
	'',
	9,
	4,
	0,
	0,
	0,
	0,
	0,
	0,
	0,
	0,
	0,
	0,
	0,
	"24e8853a-5da3-4e42-9b4e-f351745b7555",
	"00000000-0000-0000-0000-000000000000");
INSERT INTO ACT_SMT
	VALUES ("73c0c98a-dd13-4823-8b1e-4b1ac38cedb8",
	"35de2201-fef2-4dff-8dbd-98938b09e302",
	"00000000-0000-0000-0000-000000000000",
	9,
	4,
	'Divert Sheet::UpdatePosition line: 9');
INSERT INTO ACT_AI
	VALUES ("73c0c98a-dd13-4823-8b1e-4b1ac38cedb8",
	"3e747acd-1214-4dfa-aca9-d281ea08c75d",
	"06b6c924-36d0-477f-bd83-336317092b75",
	0,
	0);
INSERT INTO V_VAL
	VALUES ("e382d1f2-8820-46e9-990d-4bbe4189011b",
	1,
	0,
	9,
	4,
	7,
	0,
	0,
	0,
	0,
	"ba5eda7a-def5-0000-0000-000000000008",
	"35de2201-fef2-4dff-8dbd-98938b09e302");
INSERT INTO V_IRF
	VALUES ("e382d1f2-8820-46e9-990d-4bbe4189011b",
	"3b41acfe-43bc-4aab-83cb-a254db66cb5a");
INSERT INTO V_VAL
	VALUES ("06b6c924-36d0-477f-bd83-336317092b75",
	1,
	0,
	9,
	9,
	16,
	0,
	0,
	0,
	0,
	"ba5eda7a-def5-0000-0000-000000000002",
	"35de2201-fef2-4dff-8dbd-98938b09e302");
INSERT INTO V_AVL
	VALUES ("06b6c924-36d0-477f-bd83-336317092b75",
	"e382d1f2-8820-46e9-990d-4bbe4189011b",
	"c06f4827-2810-4d7f-9b50-0e5bfeccfdce",
	"0a7a02b2-0810-4b8d-ad46-2c29fa1cb803");
INSERT INTO V_VAL
	VALUES ("af184001-2746-4a98-8ab1-7f577eae4c36",
	0,
	0,
	9,
	20,
	23,
	0,
	0,
	0,
	0,
	"ba5eda7a-def5-0000-0000-000000000008",
	"35de2201-fef2-4dff-8dbd-98938b09e302");
INSERT INTO V_IRF
	VALUES ("af184001-2746-4a98-8ab1-7f577eae4c36",
	"3b41acfe-43bc-4aab-83cb-a254db66cb5a");
INSERT INTO V_VAL
	VALUES ("05d81100-6d71-4c2a-b356-4cdb94dd6de0",
	0,
	0,
	9,
	25,
	32,
	0,
	0,
	0,
	0,
	"ba5eda7a-def5-0000-0000-000000000002",
	"35de2201-fef2-4dff-8dbd-98938b09e302");
INSERT INTO V_AVL
	VALUES ("05d81100-6d71-4c2a-b356-4cdb94dd6de0",
	"af184001-2746-4a98-8ab1-7f577eae4c36",
	"c06f4827-2810-4d7f-9b50-0e5bfeccfdce",
	"0a7a02b2-0810-4b8d-ad46-2c29fa1cb803");
INSERT INTO V_VAL
	VALUES ("3e747acd-1214-4dfa-aca9-d281ea08c75d",
	0,
	0,
	-1,
	-1,
	-1,
	0,
	0,
	0,
	0,
	"ba5eda7a-def5-0000-0000-000000000002",
	"35de2201-fef2-4dff-8dbd-98938b09e302");
INSERT INTO V_BIN
	VALUES ("3e747acd-1214-4dfa-aca9-d281ea08c75d",
	"7ac99022-2e26-4d78-a13f-a5d313259714",
	"05d81100-6d71-4c2a-b356-4cdb94dd6de0",
	'+');
INSERT INTO V_VAL
	VALUES ("7ac99022-2e26-4d78-a13f-a5d313259714",
	0,
	0,
	9,
	42,
	56,
	0,
	0,
	0,
	0,
	"ba5eda7a-def5-0000-0000-000000000002",
	"35de2201-fef2-4dff-8dbd-98938b09e302");
INSERT INTO V_PVL
	VALUES ("7ac99022-2e26-4d78-a13f-a5d313259714",
	"00000000-0000-0000-0000-000000000000",
	"00000000-0000-0000-0000-000000000000",
	"84a6e125-e9a5-4a69-bf97-3c97c01a2a3a",
	"00000000-0000-0000-0000-000000000000");
INSERT INTO ACT_BLK
	VALUES ("0e7ec4e7-571d-43b6-95bb-ed8cdb239ce7",
	0,
	0,
	0,
	'',
	'',
	'',
	12,
	4,
	0,
	0,
	0,
	0,
	0,
	0,
	0,
	0,
	0,
	0,
	0,
	"24e8853a-5da3-4e42-9b4e-f351745b7555",
	"00000000-0000-0000-0000-000000000000");
INSERT INTO ACT_SMT
	VALUES ("ce01759d-dfb0-4934-bc3e-882b9bfa49a5",
	"0e7ec4e7-571d-43b6-95bb-ed8cdb239ce7",
	"00000000-0000-0000-0000-000000000000",
	12,
	4,
	'Divert Sheet::UpdatePosition line: 12');
INSERT INTO ACT_AI
	VALUES ("ce01759d-dfb0-4934-bc3e-882b9bfa49a5",
	"4ad31b67-3e59-4bcc-978c-92899bb96609",
	"b690341d-68c6-4c77-9cd4-2d37200c0dd4",
	0,
	0);
INSERT INTO V_VAL
	VALUES ("0152ca02-bfac-41dc-8c10-c388b18cc767",
	1,
	0,
	12,
	4,
	7,
	0,
	0,
	0,
	0,
	"ba5eda7a-def5-0000-0000-000000000008",
	"0e7ec4e7-571d-43b6-95bb-ed8cdb239ce7");
INSERT INTO V_IRF
	VALUES ("0152ca02-bfac-41dc-8c10-c388b18cc767",
	"3b41acfe-43bc-4aab-83cb-a254db66cb5a");
INSERT INTO V_VAL
	VALUES ("b690341d-68c6-4c77-9cd4-2d37200c0dd4",
	1,
	0,
	12,
	9,
	16,
	0,
	0,
	0,
	0,
	"ba5eda7a-def5-0000-0000-000000000002",
	"0e7ec4e7-571d-43b6-95bb-ed8cdb239ce7");
INSERT INTO V_AVL
	VALUES ("b690341d-68c6-4c77-9cd4-2d37200c0dd4",
	"0152ca02-bfac-41dc-8c10-c388b18cc767",
	"c06f4827-2810-4d7f-9b50-0e5bfeccfdce",
	"0a7a02b2-0810-4b8d-ad46-2c29fa1cb803");
INSERT INTO V_VAL
	VALUES ("362a069b-e391-4198-be9b-087700776daa",
	0,
	0,
	12,
	20,
	23,
	0,
	0,
	0,
	0,
	"ba5eda7a-def5-0000-0000-000000000008",
	"0e7ec4e7-571d-43b6-95bb-ed8cdb239ce7");
INSERT INTO V_IRF
	VALUES ("362a069b-e391-4198-be9b-087700776daa",
	"3b41acfe-43bc-4aab-83cb-a254db66cb5a");
INSERT INTO V_VAL
	VALUES ("e8dfc19d-1136-489c-98ed-99b23e9e9aae",
	0,
	0,
	12,
	25,
	32,
	0,
	0,
	0,
	0,
	"ba5eda7a-def5-0000-0000-000000000002",
	"0e7ec4e7-571d-43b6-95bb-ed8cdb239ce7");
INSERT INTO V_AVL
	VALUES ("e8dfc19d-1136-489c-98ed-99b23e9e9aae",
	"362a069b-e391-4198-be9b-087700776daa",
	"c06f4827-2810-4d7f-9b50-0e5bfeccfdce",
	"0a7a02b2-0810-4b8d-ad46-2c29fa1cb803");
INSERT INTO V_VAL
	VALUES ("4ad31b67-3e59-4bcc-978c-92899bb96609",
	0,
	0,
	-1,
	-1,
	-1,
	0,
	0,
	0,
	0,
	"ba5eda7a-def5-0000-0000-000000000002",
	"0e7ec4e7-571d-43b6-95bb-ed8cdb239ce7");
INSERT INTO V_BIN
	VALUES ("4ad31b67-3e59-4bcc-978c-92899bb96609",
	"a2bad911-163e-494d-a518-cf3e144cd909",
	"e8dfc19d-1136-489c-98ed-99b23e9e9aae",
	'+');
INSERT INTO V_VAL
	VALUES ("a2bad911-163e-494d-a518-cf3e144cd909",
	0,
	0,
	12,
	42,
	58,
	0,
	0,
	0,
	0,
	"ba5eda7a-def5-0000-0000-000000000002",
	"0e7ec4e7-571d-43b6-95bb-ed8cdb239ce7");
INSERT INTO V_PVL
	VALUES ("a2bad911-163e-494d-a518-cf3e144cd909",
	"00000000-0000-0000-0000-000000000000",
	"00000000-0000-0000-0000-000000000000",
	"35510c81-39c9-41b2-bbb1-1b9b2bae7386",
	"00000000-0000-0000-0000-000000000000");
INSERT INTO ACT_BLK
	VALUES ("a56b96c4-33f4-41b0-af97-c11102a48bda",
	1,
	0,
	0,
	'',
	'',
	'',
	33,
	4,
	24,
	51,
	0,
	0,
	32,
	39,
	0,
	0,
	25,
	30,
	0,
	"24e8853a-5da3-4e42-9b4e-f351745b7555",
	"00000000-0000-0000-0000-000000000000");
INSERT INTO ACT_SMT
	VALUES ("03dd07a2-401c-4bcc-9857-e74c1dd5e2a5",
	"a56b96c4-33f4-41b0-af97-c11102a48bda",
	"52bc346c-6efc-4172-b904-a01d3003e92d",
	24,
	4,
	'Divert Sheet::UpdatePosition line: 24');
INSERT INTO ACT_SEL
	VALUES ("03dd07a2-401c-4bcc-9857-e74c1dd5e2a5",
	"06c401c7-228d-4e2e-b650-4ee47d9c12f9",
	1,
	'one',
	"aa2af470-2efd-4d1f-a327-374a69ec49f1");
INSERT INTO ACT_SR
	VALUES ("03dd07a2-401c-4bcc-9857-e74c1dd5e2a5");
INSERT INTO ACT_LNK
	VALUES ("06c7ff81-a8c7-492b-b962-ddc7b22192ad",
	'',
	"03dd07a2-401c-4bcc-9857-e74c1dd5e2a5",
	"85cc6b4f-811e-49b6-94a1-12c4143b2d77",
	"00000000-0000-0000-0000-000000000000",
	2,
	"e530f8f2-a9fb-46e0-b7d9-9c46dc77bc67",
	24,
	51,
	24,
	56,
	0,
	0);
INSERT INTO ACT_SMT
	VALUES ("52bc346c-6efc-4172-b904-a01d3003e92d",
	"a56b96c4-33f4-41b0-af97-c11102a48bda",
	"ba8281fe-ba53-4c93-8154-4b6679cdee57",
	25,
	4,
	'Divert Sheet::UpdatePosition line: 25');
INSERT INTO ACT_IF
	VALUES ("52bc346c-6efc-4172-b904-a01d3003e92d",
	"8fb72d7d-ade9-4ff0-90b8-a58948e6934d",
	"687e4e3c-d5b6-4ecf-9516-37db2fc9ed8b",
	"00000000-0000-0000-0000-000000000000",
	"00000000-0000-0000-0000-000000000000");
INSERT INTO ACT_SMT
	VALUES ("f068b619-8b65-4967-9b18-a780ce1a7b86",
	"a56b96c4-33f4-41b0-af97-c11102a48bda",
	"00000000-0000-0000-0000-000000000000",
	27,
	4,
	'Divert Sheet::UpdatePosition line: 27');
INSERT INTO ACT_E
	VALUES ("f068b619-8b65-4967-9b18-a780ce1a7b86",
	"5988c648-3fe1-448a-a687-8eb926891e4e",
	"52bc346c-6efc-4172-b904-a01d3003e92d");
INSERT INTO ACT_SMT
	VALUES ("ba8281fe-ba53-4c93-8154-4b6679cdee57",
	"a56b96c4-33f4-41b0-af97-c11102a48bda",
	"e8f08436-0548-4c94-a711-b4bcb79845a4",
	32,
	4,
	'Divert Sheet::UpdatePosition line: 32');
INSERT INTO ACT_URU
	VALUES ("ba8281fe-ba53-4c93-8154-4b6679cdee57",
	"06c401c7-228d-4e2e-b650-4ee47d9c12f9",
	"3b41acfe-43bc-4aab-83cb-a254db66cb5a",
	"1ff216c1-ae1a-4e25-81d6-2c9e69eb42da",
	'',
	"85cc6b4f-811e-49b6-94a1-12c4143b2d77",
	32,
	39,
	0,
	0);
INSERT INTO ACT_SMT
	VALUES ("e8f08436-0548-4c94-a711-b4bcb79845a4",
	"a56b96c4-33f4-41b0-af97-c11102a48bda",
	"00000000-0000-0000-0000-000000000000",
	33,
	4,
	'Divert Sheet::UpdatePosition line: 33');
INSERT INTO ACT_DEL
	VALUES ("e8f08436-0548-4c94-a711-b4bcb79845a4",
	"1ff216c1-ae1a-4e25-81d6-2c9e69eb42da");
INSERT INTO V_VAL
	VALUES ("aa2af470-2efd-4d1f-a327-374a69ec49f1",
	0,
	0,
	24,
	35,
	48,
	0,
	0,
	0,
	0,
	"ba5eda7a-def5-0000-0000-000000000008",
	"a56b96c4-33f4-41b0-af97-c11102a48bda");
INSERT INTO V_IRF
	VALUES ("aa2af470-2efd-4d1f-a327-374a69ec49f1",
	"1ff216c1-ae1a-4e25-81d6-2c9e69eb42da");
INSERT INTO V_VAL
	VALUES ("a482ec8d-7321-4c0b-b48e-5ccf9314f4f6",
	0,
	0,
	25,
	7,
	20,
	0,
	0,
	0,
	0,
	"ba5eda7a-def5-0000-0000-000000000008",
	"a56b96c4-33f4-41b0-af97-c11102a48bda");
INSERT INTO V_IRF
	VALUES ("a482ec8d-7321-4c0b-b48e-5ccf9314f4f6",
	"1ff216c1-ae1a-4e25-81d6-2c9e69eb42da");
INSERT INTO V_VAL
	VALUES ("3461e720-74b1-412f-a7e8-7742f9f8abfe",
	0,
	0,
	25,
	22,
	25,
	0,
	0,
	0,
	0,
	"f961515d-472a-4432-b8cf-b197121dd833",
	"a56b96c4-33f4-41b0-af97-c11102a48bda");
INSERT INTO V_AVL
	VALUES ("3461e720-74b1-412f-a7e8-7742f9f8abfe",
	"a482ec8d-7321-4c0b-b48e-5ccf9314f4f6",
	"7acab340-f561-4166-9e38-4cf9ed1dd6f4",
	"e8ae9d10-187d-4e5e-9dcf-b3f1a535c957");
INSERT INTO V_VAL
	VALUES ("687e4e3c-d5b6-4ecf-9516-37db2fc9ed8b",
	0,
	0,
	-1,
	-1,
	-1,
	0,
	0,
	0,
	0,
	"ba5eda7a-def5-0000-0000-000000000001",
	"a56b96c4-33f4-41b0-af97-c11102a48bda");
INSERT INTO V_BIN
	VALUES ("687e4e3c-d5b6-4ecf-9516-37db2fc9ed8b",
	"c5c12b41-4782-423d-9077-cafa129b67d8",
	"3461e720-74b1-412f-a7e8-7742f9f8abfe",
	'==');
INSERT INTO V_VAL
	VALUES ("c5c12b41-4782-423d-9077-cafa129b67d8",
	0,
	0,
	25,
	51,
	65,
	0,
	0,
	0,
	0,
	"f961515d-472a-4432-b8cf-b197121dd833",
	"a56b96c4-33f4-41b0-af97-c11102a48bda");
INSERT INTO V_LEN
	VALUES ("c5c12b41-4782-423d-9077-cafa129b67d8",
	"60779c91-d7b3-4113-938e-49aab798e0d1",
	25,
	30);
INSERT INTO V_VAR
	VALUES ("06c401c7-228d-4e2e-b650-4ee47d9c12f9",
	"a56b96c4-33f4-41b0-af97-c11102a48bda",
	'actuator',
	1,
	"ba5eda7a-def5-0000-0000-000000000008");
INSERT INTO V_INT
	VALUES ("06c401c7-228d-4e2e-b650-4ee47d9c12f9",
	0,
	"e530f8f2-a9fb-46e0-b7d9-9c46dc77bc67");
INSERT INTO ACT_BLK
	VALUES ("8fb72d7d-ade9-4ff0-90b8-a58948e6934d",
	0,
	0,
	0,
	'V_VAR.Var_ID',
	'',
	'',
	26,
	7,
	0,
	0,
	0,
	0,
	0,
	0,
	0,
	0,
	0,
	0,
	0,
	"24e8853a-5da3-4e42-9b4e-f351745b7555",
	"00000000-0000-0000-0000-000000000000");
INSERT INTO ACT_SMT
	VALUES ("76a3f90b-542d-41da-b9c2-23bdca267cfd",
	"8fb72d7d-ade9-4ff0-90b8-a58948e6934d",
	"00000000-0000-0000-0000-000000000000",
	26,
	7,
	'Divert Sheet::UpdatePosition line: 26');
INSERT INTO E_ESS
	VALUES ("76a3f90b-542d-41da-b9c2-23bdca267cfd",
	1,
	0,
	26,
	16,
	26,
	22,
	0,
	0,
	0,
	0,
	0,
	0);
INSERT INTO E_GES
	VALUES ("76a3f90b-542d-41da-b9c2-23bdca267cfd");
INSERT INTO E_GSME
	VALUES ("76a3f90b-542d-41da-b9c2-23bdca267cfd",
	"fe8564b3-1381-4481-8f71-eacda34d89ea");
INSERT INTO E_GEN
	VALUES ("76a3f90b-542d-41da-b9c2-23bdca267cfd",
	"06c401c7-228d-4e2e-b650-4ee47d9c12f9");
INSERT INTO ACT_BLK
	VALUES ("5988c648-3fe1-448a-a687-8eb926891e4e",
	0,
	0,
	0,
	'V_VAR.Var_ID',
	'',
	'',
	28,
	7,
	0,
	0,
	0,
	0,
	0,
	0,
	0,
	0,
	0,
	0,
	0,
	"24e8853a-5da3-4e42-9b4e-f351745b7555",
	"00000000-0000-0000-0000-000000000000");
INSERT INTO ACT_SMT
	VALUES ("c64604cb-7d7f-4f62-86d5-2d39b459b30a",
	"5988c648-3fe1-448a-a687-8eb926891e4e",
	"00000000-0000-0000-0000-000000000000",
	28,
	7,
	'Divert Sheet::UpdatePosition line: 28');
INSERT INTO E_ESS
	VALUES ("c64604cb-7d7f-4f62-86d5-2d39b459b30a",
	1,
	0,
	28,
	16,
	28,
	22,
	0,
	0,
	0,
	0,
	0,
	0);
INSERT INTO E_GES
	VALUES ("c64604cb-7d7f-4f62-86d5-2d39b459b30a");
INSERT INTO E_GSME
	VALUES ("c64604cb-7d7f-4f62-86d5-2d39b459b30a",
	"e0a943d5-8801-47e5-820d-8ee4e98f5f40");
INSERT INTO E_GEN
	VALUES ("c64604cb-7d7f-4f62-86d5-2d39b459b30a",
	"06c401c7-228d-4e2e-b650-4ee47d9c12f9");
INSERT INTO ACT_BLK
	VALUES ("73002889-bc62-4082-97fa-3bd17954ceeb",
	1,
	0,
	0,
	'',
	'',
	'',
	41,
	4,
	40,
	47,
	0,
	0,
	40,
	53,
	0,
	0,
	0,
	0,
	0,
	"24e8853a-5da3-4e42-9b4e-f351745b7555",
	"00000000-0000-0000-0000-000000000000");
INSERT INTO ACT_SMT
	VALUES ("53deca76-3def-49da-8064-1d04ca594355",
	"73002889-bc62-4082-97fa-3bd17954ceeb",
	"ceebef1e-d7c4-4a87-ad43-cf17410e2d4e",
	40,
	4,
	'Divert Sheet::UpdatePosition line: 40');
INSERT INTO ACT_SEL
	VALUES ("53deca76-3def-49da-8064-1d04ca594355",
	"1ff216c1-ae1a-4e25-81d6-2c9e69eb42da",
	0,
	'any',
	"0abd3e86-baaf-4eba-857a-28344be10790");
INSERT INTO ACT_SR
	VALUES ("53deca76-3def-49da-8064-1d04ca594355");
INSERT INTO ACT_LNK
	VALUES ("4eecd5fc-5d5f-4032-96da-e8e2d54720d8",
	'',
	"53deca76-3def-49da-8064-1d04ca594355",
	"85cc6b4f-811e-49b6-94a1-12c4143b2d77",
	"00000000-0000-0000-0000-000000000000",
	3,
	"7acab340-f561-4166-9e38-4cf9ed1dd6f4",
	40,
	47,
	40,
	53,
	0,
	0);
INSERT INTO ACT_SMT
	VALUES ("ceebef1e-d7c4-4a87-ad43-cf17410e2d4e",
	"73002889-bc62-4082-97fa-3bd17954ceeb",
	"00000000-0000-0000-0000-000000000000",
	41,
	4,
	'Divert Sheet::UpdatePosition line: 41');
INSERT INTO ACT_IF
	VALUES ("ceebef1e-d7c4-4a87-ad43-cf17410e2d4e",
	"50f86832-e9de-4ef9-8077-5e1082e3c1b2",
	"16fe3f1e-36bb-4dea-89f6-bf40bdd5f0fd",
	"00000000-0000-0000-0000-000000000000",
	"00000000-0000-0000-0000-000000000000");
INSERT INTO V_VAL
	VALUES ("0abd3e86-baaf-4eba-857a-28344be10790",
	0,
	0,
	40,
	41,
	44,
	0,
	0,
	0,
	0,
	"ba5eda7a-def5-0000-0000-000000000008",
	"73002889-bc62-4082-97fa-3bd17954ceeb");
INSERT INTO V_IRF
	VALUES ("0abd3e86-baaf-4eba-857a-28344be10790",
	"3b41acfe-43bc-4aab-83cb-a254db66cb5a");
INSERT INTO V_VAL
	VALUES ("8a3484f7-a00c-4764-aec2-986ce188585f",
	0,
	0,
	41,
	13,
	26,
	0,
	0,
	0,
	0,
	"ba5eda7a-def5-0000-0000-000000000008",
	"73002889-bc62-4082-97fa-3bd17954ceeb");
INSERT INTO V_IRF
	VALUES ("8a3484f7-a00c-4764-aec2-986ce188585f",
	"1ff216c1-ae1a-4e25-81d6-2c9e69eb42da");
INSERT INTO V_VAL
	VALUES ("16fe3f1e-36bb-4dea-89f6-bf40bdd5f0fd",
	0,
	0,
	-1,
	-1,
	-1,
	0,
	0,
	0,
	0,
	"ba5eda7a-def5-0000-0000-000000000001",
	"73002889-bc62-4082-97fa-3bd17954ceeb");
INSERT INTO V_UNY
	VALUES ("16fe3f1e-36bb-4dea-89f6-bf40bdd5f0fd",
	"8a3484f7-a00c-4764-aec2-986ce188585f",
	'empty');
INSERT INTO ACT_BLK
	VALUES ("50f86832-e9de-4ef9-8077-5e1082e3c1b2",
	1,
	0,
	0,
	'',
	'',
	'',
	46,
	7,
	43,
	49,
	0,
	0,
	43,
	57,
	0,
	0,
	0,
	0,
	0,
	"24e8853a-5da3-4e42-9b4e-f351745b7555",
	"00000000-0000-0000-0000-000000000000");
INSERT INTO ACT_SMT
	VALUES ("9dfeb953-cace-40de-ad70-de6405165149",
	"50f86832-e9de-4ef9-8077-5e1082e3c1b2",
	"5cd52858-c112-4c8f-87c9-d1d10a5ad0ec",
	43,
	7,
	'Divert Sheet::UpdatePosition line: 43');
INSERT INTO ACT_SEL
	VALUES ("9dfeb953-cace-40de-ad70-de6405165149",
	"65fbf1c8-1627-48de-9370-d964b586b454",
	1,
	'one',
	"afd1dffc-2dd8-4bb8-a739-db36866f05cc");
INSERT INTO ACT_SR
	VALUES ("9dfeb953-cace-40de-ad70-de6405165149");
INSERT INTO ACT_LNK
	VALUES ("ace5577d-7cf4-4597-845c-a11b4e52e9da",
	'',
	"9dfeb953-cace-40de-ad70-de6405165149",
	"b4789340-4fb2-4fd4-a88a-1c0a2306de24",
	"00000000-0000-0000-0000-000000000000",
	2,
	"93d48880-4e93-442f-9b69-3063f5dd25d8",
	43,
	49,
	43,
	57,
	0,
	0);
INSERT INTO ACT_SMT
	VALUES ("5cd52858-c112-4c8f-87c9-d1d10a5ad0ec",
	"50f86832-e9de-4ef9-8077-5e1082e3c1b2",
	"e71a2deb-e691-4def-8e17-fc88897776ee",
	44,
	7,
	'Divert Sheet::UpdatePosition line: 44');
INSERT INTO ACT_TFM
	VALUES ("5cd52858-c112-4c8f-87c9-d1d10a5ad0ec",
	"52361941-beb9-427b-8e37-61711145d6c4",
	"65fbf1c8-1627-48de-9370-d964b586b454",
	44,
	21,
	0,
	0);
INSERT INTO ACT_SMT
	VALUES ("e71a2deb-e691-4def-8e17-fc88897776ee",
	"50f86832-e9de-4ef9-8077-5e1082e3c1b2",
	"00000000-0000-0000-0000-000000000000",
	46,
	7,
	'Divert Sheet::UpdatePosition line: 46');
INSERT INTO ACT_DEL
	VALUES ("e71a2deb-e691-4def-8e17-fc88897776ee",
	"3b41acfe-43bc-4aab-83cb-a254db66cb5a");
INSERT INTO V_VAL
	VALUES ("afd1dffc-2dd8-4bb8-a739-db36866f05cc",
	0,
	0,
	43,
	43,
	46,
	0,
	0,
	0,
	0,
	"ba5eda7a-def5-0000-0000-000000000008",
	"50f86832-e9de-4ef9-8077-5e1082e3c1b2");
INSERT INTO V_IRF
	VALUES ("afd1dffc-2dd8-4bb8-a739-db36866f05cc",
	"3b41acfe-43bc-4aab-83cb-a254db66cb5a");
INSERT INTO V_VAR
	VALUES ("65fbf1c8-1627-48de-9370-d964b586b454",
	"50f86832-e9de-4ef9-8077-5e1082e3c1b2",
	'divert_packet',
	1,
	"ba5eda7a-def5-0000-0000-000000000008");
INSERT INTO V_INT
	VALUES ("65fbf1c8-1627-48de-9370-d964b586b454",
	0,
	"93d48880-4e93-442f-9b69-3063f5dd25d8");
INSERT INTO O_NBATTR
	VALUES ("0a7a02b2-0810-4b8d-ad46-2c29fa1cb803",
	"c06f4827-2810-4d7f-9b50-0e5bfeccfdce");
INSERT INTO O_BATTR
	VALUES ("0a7a02b2-0810-4b8d-ad46-2c29fa1cb803",
	"c06f4827-2810-4d7f-9b50-0e5bfeccfdce");
INSERT INTO O_ATTR
	VALUES ("0a7a02b2-0810-4b8d-ad46-2c29fa1cb803",
	"c06f4827-2810-4d7f-9b50-0e5bfeccfdce",
	"9b342614-a038-4953-ba36-4226f490993c",
	'position',
	'Units = mm
The position of a divert sheet is defined as the distance between the leading
edge of the sheet and the knife cut line.  If the leading edge of the sheet has
not yet reached the knife cut line the distance will be negative.',
	'',
	'position',
	0,
	"ba5eda7a-def5-0000-0000-000000000002",
	'',
	'');
INSERT INTO O_NBATTR
	VALUES ("9b342614-a038-4953-ba36-4226f490993c",
	"c06f4827-2810-4d7f-9b50-0e5bfeccfdce");
INSERT INTO O_BATTR
	VALUES ("9b342614-a038-4953-ba36-4226f490993c",
	"c06f4827-2810-4d7f-9b50-0e5bfeccfdce");
INSERT INTO O_ATTR
	VALUES ("9b342614-a038-4953-ba36-4226f490993c",
	"c06f4827-2810-4d7f-9b50-0e5bfeccfdce",
	"00000000-0000-0000-0000-000000000000",
	'Id',
	'',
	'',
	'Id',
	0,
	"ba5eda7a-def5-0000-0000-000000000002",
	'',
	'');
INSERT INTO O_NBATTR
	VALUES ("d576eaad-c7c6-4fc5-9902-c3503c2b0391",
	"c06f4827-2810-4d7f-9b50-0e5bfeccfdce");
INSERT INTO O_BATTR
	VALUES ("d576eaad-c7c6-4fc5-9902-c3503c2b0391",
	"c06f4827-2810-4d7f-9b50-0e5bfeccfdce");
INSERT INTO O_ATTR
	VALUES ("d576eaad-c7c6-4fc5-9902-c3503c2b0391",
	"c06f4827-2810-4d7f-9b50-0e5bfeccfdce",
	"0a7a02b2-0810-4b8d-ad46-2c29fa1cb803",
	'length',
	'',
	'',
	'length',
	0,
	"ba5eda7a-def5-0000-0000-000000000002",
	'',
	'');
INSERT INTO O_ID
	VALUES (0,
	"c06f4827-2810-4d7f-9b50-0e5bfeccfdce");
INSERT INTO O_OIDA
	VALUES ("9b342614-a038-4953-ba36-4226f490993c",
	"c06f4827-2810-4d7f-9b50-0e5bfeccfdce",
	0,
	'Id');
INSERT INTO O_ID
	VALUES (1,
	"c06f4827-2810-4d7f-9b50-0e5bfeccfdce");
INSERT INTO O_ID
	VALUES (2,
	"c06f4827-2810-4d7f-9b50-0e5bfeccfdce");
INSERT INTO PE_PE
	VALUES ("7518624d-ddb4-44b0-8f5e-3316cc5e6ab0",
	1,
	"dc4131cd-6623-4946-bae6-3107b2be2c64",
	"00000000-0000-0000-0000-000000000000",
	4);
INSERT INTO O_OBJ
	VALUES ("7518624d-ddb4-44b0-8f5e-3316cc5e6ab0",
	'Divert Stack',
	5,
	'DVRTSTK',
	'',
	"00000000-0000-0000-0000-000000000000");
INSERT INTO O_NBATTR
	VALUES ("2b82ac0a-d6ca-4236-8fda-624fc9099e2b",
	"7518624d-ddb4-44b0-8f5e-3316cc5e6ab0");
INSERT INTO O_BATTR
	VALUES ("2b82ac0a-d6ca-4236-8fda-624fc9099e2b",
	"7518624d-ddb4-44b0-8f5e-3316cc5e6ab0");
INSERT INTO O_ATTR
	VALUES ("2b82ac0a-d6ca-4236-8fda-624fc9099e2b",
	"7518624d-ddb4-44b0-8f5e-3316cc5e6ab0",
	"00000000-0000-0000-0000-000000000000",
	'stack_type',
	'',
	'',
	'stack_type',
	0,
	"e637c9ff-a804-4aef-b8eb-e6854f50cc68",
	'',
	'');
INSERT INTO O_NBATTR
	VALUES ("c08e1f90-6670-41ff-a5f8-0587af275a5b",
	"7518624d-ddb4-44b0-8f5e-3316cc5e6ab0");
INSERT INTO O_BATTR
	VALUES ("c08e1f90-6670-41ff-a5f8-0587af275a5b",
	"7518624d-ddb4-44b0-8f5e-3316cc5e6ab0");
INSERT INTO O_ATTR
	VALUES ("c08e1f90-6670-41ff-a5f8-0587af275a5b",
	"7518624d-ddb4-44b0-8f5e-3316cc5e6ab0",
	"2b82ac0a-d6ca-4236-8fda-624fc9099e2b",
	'number_of_sheets',
	'',
	'',
	'number_of_sheets',
	0,
	"ba5eda7a-def5-0000-0000-000000000002",
	'',
	'');
INSERT INTO O_NBATTR
	VALUES ("2e8e8ff1-9c55-4e91-9a5c-69848665a7af",
	"7518624d-ddb4-44b0-8f5e-3316cc5e6ab0");
INSERT INTO O_BATTR
	VALUES ("2e8e8ff1-9c55-4e91-9a5c-69848665a7af",
	"7518624d-ddb4-44b0-8f5e-3316cc5e6ab0");
INSERT INTO O_ATTR
	VALUES ("2e8e8ff1-9c55-4e91-9a5c-69848665a7af",
	"7518624d-ddb4-44b0-8f5e-3316cc5e6ab0",
	"c08e1f90-6670-41ff-a5f8-0587af275a5b",
	'stack_thickness',
	'',
	'',
	'stack_thickness',
	0,
	"ba5eda7a-def5-0000-0000-000000000002",
	'',
	'');
INSERT INTO O_ID
	VALUES (0,
	"7518624d-ddb4-44b0-8f5e-3316cc5e6ab0");
INSERT INTO O_ID
	VALUES (1,
	"7518624d-ddb4-44b0-8f5e-3316cc5e6ab0");
INSERT INTO O_ID
	VALUES (2,
	"7518624d-ddb4-44b0-8f5e-3316cc5e6ab0");
INSERT INTO PE_PE
	VALUES ("967dd439-60bd-4f4f-a441-17d4ef22276f",
	1,
	"dc4131cd-6623-4946-bae6-3107b2be2c64",
	"00000000-0000-0000-0000-000000000000",
	4);
INSERT INTO O_OBJ
	VALUES ("967dd439-60bd-4f4f-a441-17d4ef22276f",
	'Diverter Bay',
	6,
	'DVRTBAY',
	'',
	"00000000-0000-0000-0000-000000000000");
INSERT INTO O_NBATTR
	VALUES ("db33da01-0f4a-4707-837c-1e717c138ead",
	"967dd439-60bd-4f4f-a441-17d4ef22276f");
INSERT INTO O_BATTR
	VALUES ("db33da01-0f4a-4707-837c-1e717c138ead",
	"967dd439-60bd-4f4f-a441-17d4ef22276f");
INSERT INTO O_ATTR
	VALUES ("db33da01-0f4a-4707-837c-1e717c138ead",
	"967dd439-60bd-4f4f-a441-17d4ef22276f",
	"17dd959d-65de-4cf3-a813-73fdc5bbc94d",
	'current_state',
	'',
	'',
	'current_state',
	0,
	"ba5eda7a-def5-0000-0000-000000000006",
	'',
	'');
INSERT INTO O_NBATTR
	VALUES ("17dd959d-65de-4cf3-a813-73fdc5bbc94d",
	"967dd439-60bd-4f4f-a441-17d4ef22276f");
INSERT INTO O_BATTR
	VALUES ("17dd959d-65de-4cf3-a813-73fdc5bbc94d",
	"967dd439-60bd-4f4f-a441-17d4ef22276f");
INSERT INTO O_ATTR
	VALUES ("17dd959d-65de-4cf3-a813-73fdc5bbc94d",
	"967dd439-60bd-4f4f-a441-17d4ef22276f",
	"00000000-0000-0000-0000-000000000000",
	'sheet_settling_timer',
	'',
	'',
	'sheet_settling_timer',
	0,
	"ba5eda7a-def5-0000-0000-00000000000f",
	'',
	'');
INSERT INTO O_ID
	VALUES (0,
	"967dd439-60bd-4f4f-a441-17d4ef22276f");
INSERT INTO O_ID
	VALUES (1,
	"967dd439-60bd-4f4f-a441-17d4ef22276f");
INSERT INTO O_ID
	VALUES (2,
	"967dd439-60bd-4f4f-a441-17d4ef22276f");
INSERT INTO SM_ISM
	VALUES ("0fdd48c7-ab43-4a00-80e5-96be2beb9b8a",
	"967dd439-60bd-4f4f-a441-17d4ef22276f");
INSERT INTO SM_SM
	VALUES ("0fdd48c7-ab43-4a00-80e5-96be2beb9b8a",
	'',
	0);
INSERT INTO SM_MOORE
	VALUES ("0fdd48c7-ab43-4a00-80e5-96be2beb9b8a");
INSERT INTO SM_EVTDI
	VALUES ("2094a218-2fc8-4a9d-8c86-7125b25b5aae",
	"0fdd48c7-ab43-4a00-80e5-96be2beb9b8a",
	'sheet_caliper',
	'',
	"ba5eda7a-def5-0000-0000-000000000002",
	'',
	"76685953-4d66-4de4-8284-9779ca7ceb3c",
	"00000000-0000-0000-0000-000000000000");
INSERT INTO SM_LEVT
	VALUES ("70cf87d0-db11-473f-b572-13a079567381",
	"0fdd48c7-ab43-4a00-80e5-96be2beb9b8a",
	"00000000-0000-0000-0000-000000000000");
INSERT INTO SM_SEVT
	VALUES ("70cf87d0-db11-473f-b572-13a079567381",
	"0fdd48c7-ab43-4a00-80e5-96be2beb9b8a",
	"00000000-0000-0000-0000-000000000000");
INSERT INTO SM_EVT
	VALUES ("70cf87d0-db11-473f-b572-13a079567381",
	"0fdd48c7-ab43-4a00-80e5-96be2beb9b8a",
	"00000000-0000-0000-0000-000000000000",
	2,
	'divert_packet_received',
	0,
	'',
	'DVRTBAY2',
	'');
INSERT INTO SM_LEVT
	VALUES ("76685953-4d66-4de4-8284-9779ca7ceb3c",
	"0fdd48c7-ab43-4a00-80e5-96be2beb9b8a",
	"00000000-0000-0000-0000-000000000000");
INSERT INTO SM_SEVT
	VALUES ("76685953-4d66-4de4-8284-9779ca7ceb3c",
	"0fdd48c7-ab43-4a00-80e5-96be2beb9b8a",
	"00000000-0000-0000-0000-000000000000");
INSERT INTO SM_EVT
	VALUES ("76685953-4d66-4de4-8284-9779ca7ceb3c",
	"0fdd48c7-ab43-4a00-80e5-96be2beb9b8a",
	"00000000-0000-0000-0000-000000000000",
	1,
	'receive_sheet',
	0,
	'',
	'DVRTBAY1',
	'');
INSERT INTO SM_LEVT
	VALUES ("d53a49f4-d082-40f0-a3cc-e8a707bc2d4a",
	"0fdd48c7-ab43-4a00-80e5-96be2beb9b8a",
	"00000000-0000-0000-0000-000000000000");
INSERT INTO SM_SEVT
	VALUES ("d53a49f4-d082-40f0-a3cc-e8a707bc2d4a",
	"0fdd48c7-ab43-4a00-80e5-96be2beb9b8a",
	"00000000-0000-0000-0000-000000000000");
INSERT INTO SM_EVT
	VALUES ("d53a49f4-d082-40f0-a3cc-e8a707bc2d4a",
	"0fdd48c7-ab43-4a00-80e5-96be2beb9b8a",
	"00000000-0000-0000-0000-000000000000",
	3,
	'start_discharge',
	0,
	'',
	'DVRTBAY3',
	'');
INSERT INTO SM_LEVT
	VALUES ("ce209c72-3e77-4341-9458-7436af3c01f6",
	"0fdd48c7-ab43-4a00-80e5-96be2beb9b8a",
	"00000000-0000-0000-0000-000000000000");
INSERT INTO SM_SEVT
	VALUES ("ce209c72-3e77-4341-9458-7436af3c01f6",
	"0fdd48c7-ab43-4a00-80e5-96be2beb9b8a",
	"00000000-0000-0000-0000-000000000000");
INSERT INTO SM_EVT
	VALUES ("ce209c72-3e77-4341-9458-7436af3c01f6",
	"0fdd48c7-ab43-4a00-80e5-96be2beb9b8a",
	"00000000-0000-0000-0000-000000000000",
	4,
	'discharge_complete',
	0,
	'',
	'DVRTBAY4',
	'');
INSERT INTO SM_STATE
	VALUES ("7e8ab582-ba0b-4f59-af7c-0e0ad5b1c7c4",
	"0fdd48c7-ab43-4a00-80e5-96be2beb9b8a",
	"00000000-0000-0000-0000-000000000000",
	'Empty',
	1,
	0);
INSERT INTO SM_CH
	VALUES ("7e8ab582-ba0b-4f59-af7c-0e0ad5b1c7c4",
	"70cf87d0-db11-473f-b572-13a079567381",
	"0fdd48c7-ab43-4a00-80e5-96be2beb9b8a",
	"00000000-0000-0000-0000-000000000000",
	'');
INSERT INTO SM_SEME
	VALUES ("7e8ab582-ba0b-4f59-af7c-0e0ad5b1c7c4",
	"70cf87d0-db11-473f-b572-13a079567381",
	"0fdd48c7-ab43-4a00-80e5-96be2beb9b8a",
	"00000000-0000-0000-0000-000000000000");
INSERT INTO SM_SEME
	VALUES ("7e8ab582-ba0b-4f59-af7c-0e0ad5b1c7c4",
	"76685953-4d66-4de4-8284-9779ca7ceb3c",
	"0fdd48c7-ab43-4a00-80e5-96be2beb9b8a",
	"00000000-0000-0000-0000-000000000000");
INSERT INTO SM_CH
	VALUES ("7e8ab582-ba0b-4f59-af7c-0e0ad5b1c7c4",
	"d53a49f4-d082-40f0-a3cc-e8a707bc2d4a",
	"0fdd48c7-ab43-4a00-80e5-96be2beb9b8a",
	"00000000-0000-0000-0000-000000000000",
	'');
INSERT INTO SM_SEME
	VALUES ("7e8ab582-ba0b-4f59-af7c-0e0ad5b1c7c4",
	"d53a49f4-d082-40f0-a3cc-e8a707bc2d4a",
	"0fdd48c7-ab43-4a00-80e5-96be2beb9b8a",
	"00000000-0000-0000-0000-000000000000");
INSERT INTO SM_CH
	VALUES ("7e8ab582-ba0b-4f59-af7c-0e0ad5b1c7c4",
	"ce209c72-3e77-4341-9458-7436af3c01f6",
	"0fdd48c7-ab43-4a00-80e5-96be2beb9b8a",
	"00000000-0000-0000-0000-000000000000",
	'');
INSERT INTO SM_SEME
	VALUES ("7e8ab582-ba0b-4f59-af7c-0e0ad5b1c7c4",
	"ce209c72-3e77-4341-9458-7436af3c01f6",
	"0fdd48c7-ab43-4a00-80e5-96be2beb9b8a",
	"00000000-0000-0000-0000-000000000000");
INSERT INTO SM_MOAH
	VALUES ("f0d92bb5-bc4c-42cb-b6ee-266f6b592166",
	"0fdd48c7-ab43-4a00-80e5-96be2beb9b8a",
	"7e8ab582-ba0b-4f59-af7c-0e0ad5b1c7c4");
INSERT INTO SM_AH
	VALUES ("f0d92bb5-bc4c-42cb-b6ee-266f6b592166",
	"0fdd48c7-ab43-4a00-80e5-96be2beb9b8a");
INSERT INTO SM_ACT
	VALUES ("f0d92bb5-bc4c-42cb-b6ee-266f6b592166",
	"0fdd48c7-ab43-4a00-80e5-96be2beb9b8a",
	1,
	'// The stack has been diverted, remove it!
select one divert_stack related by self->DVRTSTK[R6];
if not_empty divert_stack;
   unrelate self from divert_stack across R6;
   delete object instance divert_stack;
end if;
',
	'');
INSERT INTO ACT_SAB
	VALUES ("0d3d5a2c-d662-4267-92ce-570fb7ef317c",
	"0fdd48c7-ab43-4a00-80e5-96be2beb9b8a",
	"f0d92bb5-bc4c-42cb-b6ee-266f6b592166");
INSERT INTO ACT_ACT
	VALUES ("0d3d5a2c-d662-4267-92ce-570fb7ef317c",
	'state',
	0,
	"4cdcbc36-42f4-40bc-9f71-ab0be3990a04",
	"00000000-0000-0000-0000-000000000000",
	0,
	'Diverter Bay::Empty',
	"00000000-0000-0000-0000-000000000000");
INSERT INTO ACT_BLK
	VALUES ("4cdcbc36-42f4-40bc-9f71-ab0be3990a04",
	1,
	0,
	0,
	'',
	'',
	'',
	3,
	1,
	2,
	42,
	0,
	0,
	2,
	50,
	0,
	0,
	0,
	0,
	0,
	"0d3d5a2c-d662-4267-92ce-570fb7ef317c",
	"00000000-0000-0000-0000-000000000000");
INSERT INTO ACT_SMT
	VALUES ("6e351e94-8873-44f4-821a-84bd50b450e3",
	"4cdcbc36-42f4-40bc-9f71-ab0be3990a04",
	"bbdd7856-21d6-4bfb-b964-f2e6155cb58b",
	2,
	1,
	'Diverter Bay::Empty line: 2');
INSERT INTO ACT_SEL
	VALUES ("6e351e94-8873-44f4-821a-84bd50b450e3",
	"44959a83-5d5b-4915-a9b4-cb625c28c791",
	1,
	'one',
	"25c94073-430f-4c47-a720-70d1e7d6fc40");
INSERT INTO ACT_SR
	VALUES ("6e351e94-8873-44f4-821a-84bd50b450e3");
INSERT INTO ACT_LNK
	VALUES ("cc4114f4-9cfb-4260-8722-16ede27090fe",
	'',
	"6e351e94-8873-44f4-821a-84bd50b450e3",
	"c0ebbb51-b3b5-4277-ac69-954f30154978",
	"00000000-0000-0000-0000-000000000000",
	2,
	"7518624d-ddb4-44b0-8f5e-3316cc5e6ab0",
	2,
	42,
	2,
	50,
	0,
	0);
INSERT INTO ACT_SMT
	VALUES ("bbdd7856-21d6-4bfb-b964-f2e6155cb58b",
	"4cdcbc36-42f4-40bc-9f71-ab0be3990a04",
	"00000000-0000-0000-0000-000000000000",
	3,
	1,
	'Diverter Bay::Empty line: 3');
INSERT INTO ACT_IF
	VALUES ("bbdd7856-21d6-4bfb-b964-f2e6155cb58b",
	"b5efb8bb-2572-40ce-a9ab-a9256305714f",
	"7b242067-005c-4b28-aa55-0357c48be257",
	"00000000-0000-0000-0000-000000000000",
	"00000000-0000-0000-0000-000000000000");
INSERT INTO V_VAL
	VALUES ("25c94073-430f-4c47-a720-70d1e7d6fc40",
	0,
	0,
	2,
	36,
	39,
	0,
	0,
	0,
	0,
	"ba5eda7a-def5-0000-0000-000000000008",
	"4cdcbc36-42f4-40bc-9f71-ab0be3990a04");
INSERT INTO V_IRF
	VALUES ("25c94073-430f-4c47-a720-70d1e7d6fc40",
	"ff294747-c93d-48a8-85a4-5422a43fc955");
INSERT INTO V_VAL
	VALUES ("93ef838b-c6ba-4893-a577-cec10543ff3f",
	0,
	0,
	3,
	14,
	25,
	0,
	0,
	0,
	0,
	"ba5eda7a-def5-0000-0000-000000000008",
	"4cdcbc36-42f4-40bc-9f71-ab0be3990a04");
INSERT INTO V_IRF
	VALUES ("93ef838b-c6ba-4893-a577-cec10543ff3f",
	"44959a83-5d5b-4915-a9b4-cb625c28c791");
INSERT INTO V_VAL
	VALUES ("7b242067-005c-4b28-aa55-0357c48be257",
	0,
	0,
	-1,
	-1,
	-1,
	0,
	0,
	0,
	0,
	"ba5eda7a-def5-0000-0000-000000000001",
	"4cdcbc36-42f4-40bc-9f71-ab0be3990a04");
INSERT INTO V_UNY
	VALUES ("7b242067-005c-4b28-aa55-0357c48be257",
	"93ef838b-c6ba-4893-a577-cec10543ff3f",
	'not_empty');
INSERT INTO V_VAR
	VALUES ("44959a83-5d5b-4915-a9b4-cb625c28c791",
	"4cdcbc36-42f4-40bc-9f71-ab0be3990a04",
	'divert_stack',
	1,
	"ba5eda7a-def5-0000-0000-000000000008");
INSERT INTO V_INT
	VALUES ("44959a83-5d5b-4915-a9b4-cb625c28c791",
	0,
	"7518624d-ddb4-44b0-8f5e-3316cc5e6ab0");
INSERT INTO V_VAR
	VALUES ("ff294747-c93d-48a8-85a4-5422a43fc955",
	"4cdcbc36-42f4-40bc-9f71-ab0be3990a04",
	'self',
	1,
	"ba5eda7a-def5-0000-0000-000000000008");
INSERT INTO V_INT
	VALUES ("ff294747-c93d-48a8-85a4-5422a43fc955",
	0,
	"967dd439-60bd-4f4f-a441-17d4ef22276f");
INSERT INTO ACT_BLK
	VALUES ("b5efb8bb-2572-40ce-a9ab-a9256305714f",
	0,
	0,
	0,
	'',
	'',
	'',
	5,
	4,
	0,
	0,
	0,
	0,
	4,
	43,
	0,
	0,
	0,
	0,
	0,
	"0d3d5a2c-d662-4267-92ce-570fb7ef317c",
	"00000000-0000-0000-0000-000000000000");
INSERT INTO ACT_SMT
	VALUES ("475f9e63-f17d-4f04-a7f7-ff4e464bf859",
	"b5efb8bb-2572-40ce-a9ab-a9256305714f",
	"6532635e-3225-4e25-924d-6e67c15d9094",
	4,
	4,
	'Diverter Bay::Empty line: 4');
INSERT INTO ACT_UNR
	VALUES ("475f9e63-f17d-4f04-a7f7-ff4e464bf859",
	"ff294747-c93d-48a8-85a4-5422a43fc955",
	"44959a83-5d5b-4915-a9b4-cb625c28c791",
	'',
	"c0ebbb51-b3b5-4277-ac69-954f30154978",
	4,
	43,
	0,
	0);
INSERT INTO ACT_SMT
	VALUES ("6532635e-3225-4e25-924d-6e67c15d9094",
	"b5efb8bb-2572-40ce-a9ab-a9256305714f",
	"00000000-0000-0000-0000-000000000000",
	5,
	4,
	'Diverter Bay::Empty line: 5');
INSERT INTO ACT_DEL
	VALUES ("6532635e-3225-4e25-924d-6e67c15d9094",
	"44959a83-5d5b-4915-a9b4-cb625c28c791");
INSERT INTO SM_STATE
	VALUES ("0aef4e5f-9046-4a6c-8c38-a63e339f4998",
	"0fdd48c7-ab43-4a00-80e5-96be2beb9b8a",
	"00000000-0000-0000-0000-000000000000",
	'WaitForDischargeWindow',
	3,
	0);
INSERT INTO SM_CH
	VALUES ("0aef4e5f-9046-4a6c-8c38-a63e339f4998",
	"70cf87d0-db11-473f-b572-13a079567381",
	"0fdd48c7-ab43-4a00-80e5-96be2beb9b8a",
	"00000000-0000-0000-0000-000000000000",
	'');
INSERT INTO SM_SEME
	VALUES ("0aef4e5f-9046-4a6c-8c38-a63e339f4998",
	"70cf87d0-db11-473f-b572-13a079567381",
	"0fdd48c7-ab43-4a00-80e5-96be2beb9b8a",
	"00000000-0000-0000-0000-000000000000");
INSERT INTO SM_SEME
	VALUES ("0aef4e5f-9046-4a6c-8c38-a63e339f4998",
	"76685953-4d66-4de4-8284-9779ca7ceb3c",
	"0fdd48c7-ab43-4a00-80e5-96be2beb9b8a",
	"00000000-0000-0000-0000-000000000000");
INSERT INTO SM_SEME
	VALUES ("0aef4e5f-9046-4a6c-8c38-a63e339f4998",
	"d53a49f4-d082-40f0-a3cc-e8a707bc2d4a",
	"0fdd48c7-ab43-4a00-80e5-96be2beb9b8a",
	"00000000-0000-0000-0000-000000000000");
INSERT INTO SM_CH
	VALUES ("0aef4e5f-9046-4a6c-8c38-a63e339f4998",
	"ce209c72-3e77-4341-9458-7436af3c01f6",
	"0fdd48c7-ab43-4a00-80e5-96be2beb9b8a",
	"00000000-0000-0000-0000-000000000000",
	'');
INSERT INTO SM_SEME
	VALUES ("0aef4e5f-9046-4a6c-8c38-a63e339f4998",
	"ce209c72-3e77-4341-9458-7436af3c01f6",
	"0fdd48c7-ab43-4a00-80e5-96be2beb9b8a",
	"00000000-0000-0000-0000-000000000000");
INSERT INTO SM_MOAH
	VALUES ("029fafd1-ac49-4fb5-a12b-c3606899e203",
	"0fdd48c7-ab43-4a00-80e5-96be2beb9b8a",
	"0aef4e5f-9046-4a6c-8c38-a63e339f4998");
INSERT INTO SM_AH
	VALUES ("029fafd1-ac49-4fb5-a12b-c3606899e203",
	"0fdd48c7-ab43-4a00-80e5-96be2beb9b8a");
INSERT INTO SM_ACT
	VALUES ("029fafd1-ac49-4fb5-a12b-c3606899e203",
	"0fdd48c7-ab43-4a00-80e5-96be2beb9b8a",
	1,
	'/* If there is another divert packet, determine if there is enough time to 
   discharge this stack before the next sheets arrive.
*/


/* Assuming enough time for now.  Initiate the discharge in 2 seconds to allow
   the sheets time to settle.
*/
create event instance timer_expired of DVRTBAY3:start_discharge() to self;
self.sheet_settling_timer = 
            TIM::timer_start(microseconds: 2 * 1000 * 1000, 
                               event_inst: timer_expired);
',
	'');
INSERT INTO ACT_SAB
	VALUES ("bcb751dc-9427-4cbf-9563-82d998b3eef8",
	"0fdd48c7-ab43-4a00-80e5-96be2beb9b8a",
	"029fafd1-ac49-4fb5-a12b-c3606899e203");
INSERT INTO ACT_ACT
	VALUES ("bcb751dc-9427-4cbf-9563-82d998b3eef8",
	'state',
	0,
	"2d8f4c7a-d649-4ed2-a985-8474d8f8af67",
	"00000000-0000-0000-0000-000000000000",
	0,
	'Diverter Bay::WaitForDischargeWindow',
	"00000000-0000-0000-0000-000000000000");
INSERT INTO ACT_BLK
	VALUES ("2d8f4c7a-d649-4ed2-a985-8474d8f8af67",
	0,
	0,
	0,
	'TIM',
	'',
	'',
	10,
	1,
	11,
	13,
	0,
	0,
	0,
	0,
	0,
	0,
	0,
	0,
	0,
	"bcb751dc-9427-4cbf-9563-82d998b3eef8",
	"00000000-0000-0000-0000-000000000000");
INSERT INTO ACT_SMT
	VALUES ("94cf3389-8b59-4420-a841-ac96533685d9",
	"2d8f4c7a-d649-4ed2-a985-8474d8f8af67",
	"2e30cfc8-42e9-4ac7-9f59-a64f2375c2b3",
	9,
	1,
	'Diverter Bay::WaitForDischargeWindow line: 9');
INSERT INTO E_ESS
	VALUES ("94cf3389-8b59-4420-a841-ac96533685d9",
	1,
	0,
	9,
	40,
	9,
	49,
	0,
	0,
	0,
	0,
	0,
	0);
INSERT INTO E_CES
	VALUES ("94cf3389-8b59-4420-a841-ac96533685d9",
	1,
	"725a52fe-825f-48ad-823b-b8459ef2e5c1");
INSERT INTO E_CSME
	VALUES ("94cf3389-8b59-4420-a841-ac96533685d9",
	"d53a49f4-d082-40f0-a3cc-e8a707bc2d4a");
INSERT INTO E_CEI
	VALUES ("94cf3389-8b59-4420-a841-ac96533685d9",
	"3c34a86a-0698-4ee0-bb04-472a6195e533");
INSERT INTO ACT_SMT
	VALUES ("2e30cfc8-42e9-4ac7-9f59-a64f2375c2b3",
	"2d8f4c7a-d649-4ed2-a985-8474d8f8af67",
	"00000000-0000-0000-0000-000000000000",
	10,
	1,
	'Diverter Bay::WaitForDischargeWindow line: 10');
INSERT INTO ACT_AI
	VALUES ("2e30cfc8-42e9-4ac7-9f59-a64f2375c2b3",
	"85fda0a8-cbe5-42a2-ab4b-9bd0d9ce8293",
	"bc3f2bcc-69d6-4999-a9c5-dedb2b1bc65c",
	0,
	0);
INSERT INTO V_VAL
	VALUES ("bc425037-b537-4c5e-8ee5-421fe3fd8eae",
	1,
	0,
	10,
	1,
	4,
	0,
	0,
	0,
	0,
	"ba5eda7a-def5-0000-0000-000000000008",
	"2d8f4c7a-d649-4ed2-a985-8474d8f8af67");
INSERT INTO V_IRF
	VALUES ("bc425037-b537-4c5e-8ee5-421fe3fd8eae",
	"3c34a86a-0698-4ee0-bb04-472a6195e533");
INSERT INTO V_VAL
	VALUES ("bc3f2bcc-69d6-4999-a9c5-dedb2b1bc65c",
	1,
	0,
	10,
	6,
	25,
	0,
	0,
	0,
	0,
	"ba5eda7a-def5-0000-0000-00000000000f",
	"2d8f4c7a-d649-4ed2-a985-8474d8f8af67");
INSERT INTO V_AVL
	VALUES ("bc3f2bcc-69d6-4999-a9c5-dedb2b1bc65c",
	"bc425037-b537-4c5e-8ee5-421fe3fd8eae",
	"967dd439-60bd-4f4f-a441-17d4ef22276f",
	"17dd959d-65de-4cf3-a813-73fdc5bbc94d");
INSERT INTO V_VAL
	VALUES ("85fda0a8-cbe5-42a2-ab4b-9bd0d9ce8293",
	0,
	0,
	11,
	18,
	-1,
	11,
	30,
	12,
	32,
	"ba5eda7a-def5-0000-0000-00000000000f",
	"2d8f4c7a-d649-4ed2-a985-8474d8f8af67");
INSERT INTO V_BRV
	VALUES ("85fda0a8-cbe5-42a2-ab4b-9bd0d9ce8293",
	"f68ac2c4-43bf-4a86-87f8-9080c3cf23df",
	1,
	11,
	13);
INSERT INTO V_VAL
	VALUES ("913ba4ed-3341-4b27-988b-5bc6d5d782c0",
	0,
	0,
	11,
	44,
	44,
	0,
	0,
	0,
	0,
	"ba5eda7a-def5-0000-0000-000000000002",
	"2d8f4c7a-d649-4ed2-a985-8474d8f8af67");
INSERT INTO V_LIN
	VALUES ("913ba4ed-3341-4b27-988b-5bc6d5d782c0",
	'2');
INSERT INTO V_VAL
	VALUES ("2129117e-1fbf-47bc-8a16-785e7eee65b5",
	0,
	0,
	-1,
	-1,
	-1,
	0,
	0,
	0,
	0,
	"ba5eda7a-def5-0000-0000-000000000002",
	"2d8f4c7a-d649-4ed2-a985-8474d8f8af67");
INSERT INTO V_BIN
	VALUES ("2129117e-1fbf-47bc-8a16-785e7eee65b5",
	"21ca6a27-5477-4cad-b8cc-25c907e88917",
	"913ba4ed-3341-4b27-988b-5bc6d5d782c0",
	'*');
INSERT INTO V_VAL
	VALUES ("21ca6a27-5477-4cad-b8cc-25c907e88917",
	0,
	0,
	11,
	48,
	51,
	0,
	0,
	0,
	0,
	"ba5eda7a-def5-0000-0000-000000000002",
	"2d8f4c7a-d649-4ed2-a985-8474d8f8af67");
INSERT INTO V_LIN
	VALUES ("21ca6a27-5477-4cad-b8cc-25c907e88917",
	'1000');
INSERT INTO V_VAL
	VALUES ("1be0e595-3880-4aa9-885a-c7fbf9208e27",
	0,
	0,
	-1,
	-1,
	-1,
	0,
	0,
	0,
	0,
	"ba5eda7a-def5-0000-0000-000000000002",
	"2d8f4c7a-d649-4ed2-a985-8474d8f8af67");
INSERT INTO V_BIN
	VALUES ("1be0e595-3880-4aa9-885a-c7fbf9208e27",
	"a7a500fe-5a00-4e88-ae33-130b99620f9f",
	"2129117e-1fbf-47bc-8a16-785e7eee65b5",
	'*');
INSERT INTO V_PAR
	VALUES ("1be0e595-3880-4aa9-885a-c7fbf9208e27",
	"00000000-0000-0000-0000-000000000000",
	"85fda0a8-cbe5-42a2-ab4b-9bd0d9ce8293",
	'microseconds',
	"cbd93504-d650-43cb-847d-5ff5ccac4bdf",
	11,
	30);
INSERT INTO V_VAL
	VALUES ("a7a500fe-5a00-4e88-ae33-130b99620f9f",
	0,
	0,
	11,
	55,
	58,
	0,
	0,
	0,
	0,
	"ba5eda7a-def5-0000-0000-000000000002",
	"2d8f4c7a-d649-4ed2-a985-8474d8f8af67");
INSERT INTO V_LIN
	VALUES ("a7a500fe-5a00-4e88-ae33-130b99620f9f",
	'1000');
INSERT INTO V_VAL
	VALUES ("cbd93504-d650-43cb-847d-5ff5ccac4bdf",
	0,
	0,
	12,
	44,
	56,
	0,
	0,
	0,
	0,
	"ba5eda7a-def5-0000-0000-00000000000a",
	"2d8f4c7a-d649-4ed2-a985-8474d8f8af67");
INSERT INTO V_TVL
	VALUES ("cbd93504-d650-43cb-847d-5ff5ccac4bdf",
	"725a52fe-825f-48ad-823b-b8459ef2e5c1");
INSERT INTO V_PAR
	VALUES ("cbd93504-d650-43cb-847d-5ff5ccac4bdf",
	"00000000-0000-0000-0000-000000000000",
	"85fda0a8-cbe5-42a2-ab4b-9bd0d9ce8293",
	'event_inst',
	"00000000-0000-0000-0000-000000000000",
	12,
	32);
INSERT INTO V_VAR
	VALUES ("725a52fe-825f-48ad-823b-b8459ef2e5c1",
	"2d8f4c7a-d649-4ed2-a985-8474d8f8af67",
	'timer_expired',
	1,
	"ba5eda7a-def5-0000-0000-00000000000a");
INSERT INTO V_TRN
	VALUES ("725a52fe-825f-48ad-823b-b8459ef2e5c1",
	"00000000-0000-0000-0000-000000000000",
	'');
INSERT INTO V_VAR
	VALUES ("3c34a86a-0698-4ee0-bb04-472a6195e533",
	"2d8f4c7a-d649-4ed2-a985-8474d8f8af67",
	'self',
	1,
	"ba5eda7a-def5-0000-0000-000000000008");
INSERT INTO V_INT
	VALUES ("3c34a86a-0698-4ee0-bb04-472a6195e533",
	0,
	"967dd439-60bd-4f4f-a441-17d4ef22276f");
INSERT INTO SM_STATE
	VALUES ("f1b825b6-0225-446b-86fa-669b675cefd6",
	"0fdd48c7-ab43-4a00-80e5-96be2beb9b8a",
	"00000000-0000-0000-0000-000000000000",
	'ReceivingSheets',
	2,
	0);
INSERT INTO SM_SEME
	VALUES ("f1b825b6-0225-446b-86fa-669b675cefd6",
	"70cf87d0-db11-473f-b572-13a079567381",
	"0fdd48c7-ab43-4a00-80e5-96be2beb9b8a",
	"00000000-0000-0000-0000-000000000000");
INSERT INTO SM_SEME
	VALUES ("f1b825b6-0225-446b-86fa-669b675cefd6",
	"76685953-4d66-4de4-8284-9779ca7ceb3c",
	"0fdd48c7-ab43-4a00-80e5-96be2beb9b8a",
	"00000000-0000-0000-0000-000000000000");
INSERT INTO SM_CH
	VALUES ("f1b825b6-0225-446b-86fa-669b675cefd6",
	"d53a49f4-d082-40f0-a3cc-e8a707bc2d4a",
	"0fdd48c7-ab43-4a00-80e5-96be2beb9b8a",
	"00000000-0000-0000-0000-000000000000",
	'');
INSERT INTO SM_SEME
	VALUES ("f1b825b6-0225-446b-86fa-669b675cefd6",
	"d53a49f4-d082-40f0-a3cc-e8a707bc2d4a",
	"0fdd48c7-ab43-4a00-80e5-96be2beb9b8a",
	"00000000-0000-0000-0000-000000000000");
INSERT INTO SM_CH
	VALUES ("f1b825b6-0225-446b-86fa-669b675cefd6",
	"ce209c72-3e77-4341-9458-7436af3c01f6",
	"0fdd48c7-ab43-4a00-80e5-96be2beb9b8a",
	"00000000-0000-0000-0000-000000000000",
	'');
INSERT INTO SM_SEME
	VALUES ("f1b825b6-0225-446b-86fa-669b675cefd6",
	"ce209c72-3e77-4341-9458-7436af3c01f6",
	"0fdd48c7-ab43-4a00-80e5-96be2beb9b8a",
	"00000000-0000-0000-0000-000000000000");
INSERT INTO SM_MOAH
	VALUES ("396a44ec-af9e-4982-819f-57b5ed875a0d",
	"0fdd48c7-ab43-4a00-80e5-96be2beb9b8a",
	"f1b825b6-0225-446b-86fa-669b675cefd6");
INSERT INTO SM_AH
	VALUES ("396a44ec-af9e-4982-819f-57b5ed875a0d",
	"0fdd48c7-ab43-4a00-80e5-96be2beb9b8a");
INSERT INTO SM_ACT
	VALUES ("396a44ec-af9e-4982-819f-57b5ed875a0d",
	"0fdd48c7-ab43-4a00-80e5-96be2beb9b8a",
	1,
	'/* Receive sheets from the divert packet.
*/

select one divert_stack related by self->DVRTSTK[R6];
if empty divert_stack;
   // divert stack doesn''t exist, create it
   create object instance divert_stack of DVRTSTK;
   relate divert_stack to self across R6;
         
   // Initialize the stacks attributes
   select one divert_packet related by self->DVRTPKT[R4];
   divert_stack.stack_type = divert_packet.type;
   divert_stack.number_of_sheets = 1;
   divert_stack.stack_thickness = rcvd_evt.sheet_caliper;
else;
   // divert stack exists, update attributes
   divert_stack.number_of_sheets = divert_stack.number_of_sheets + 1;
   divert_stack.stack_thickness = divert_stack.stack_thickness + rcvd_evt.sheet_caliper;
end if;
',
	'');
INSERT INTO ACT_SAB
	VALUES ("33043fb0-5e8b-4e3e-9365-8f01425cf274",
	"0fdd48c7-ab43-4a00-80e5-96be2beb9b8a",
	"396a44ec-af9e-4982-819f-57b5ed875a0d");
INSERT INTO ACT_ACT
	VALUES ("33043fb0-5e8b-4e3e-9365-8f01425cf274",
	'state',
	0,
	"718af138-8ce7-49fd-ac6c-03ffcd9fd287",
	"00000000-0000-0000-0000-000000000000",
	0,
	'Diverter Bay::ReceivingSheets',
	"00000000-0000-0000-0000-000000000000");
INSERT INTO ACT_BLK
	VALUES ("718af138-8ce7-49fd-ac6c-03ffcd9fd287",
	1,
	0,
	0,
	'',
	'',
	'',
	15,
	1,
	4,
	42,
	0,
	0,
	4,
	50,
	0,
	0,
	0,
	0,
	0,
	"33043fb0-5e8b-4e3e-9365-8f01425cf274",
	"00000000-0000-0000-0000-000000000000");
INSERT INTO ACT_SMT
	VALUES ("e8e7d3b0-1ace-456d-b450-3736e3c34a1d",
	"718af138-8ce7-49fd-ac6c-03ffcd9fd287",
	"cb35fc66-f39a-49e0-b303-0b4a7756fe27",
	4,
	1,
	'Diverter Bay::ReceivingSheets line: 4');
INSERT INTO ACT_SEL
	VALUES ("e8e7d3b0-1ace-456d-b450-3736e3c34a1d",
	"a0d7ee80-9b31-4d04-8530-6b6a5ae625e6",
	1,
	'one',
	"7ae970ac-087c-43d6-9a84-caf9f5985cd2");
INSERT INTO ACT_SR
	VALUES ("e8e7d3b0-1ace-456d-b450-3736e3c34a1d");
INSERT INTO ACT_LNK
	VALUES ("e730504f-6e06-4e2d-9522-26c29dd93cdf",
	'',
	"e8e7d3b0-1ace-456d-b450-3736e3c34a1d",
	"c0ebbb51-b3b5-4277-ac69-954f30154978",
	"00000000-0000-0000-0000-000000000000",
	2,
	"7518624d-ddb4-44b0-8f5e-3316cc5e6ab0",
	4,
	42,
	4,
	50,
	0,
	0);
INSERT INTO ACT_SMT
	VALUES ("cb35fc66-f39a-49e0-b303-0b4a7756fe27",
	"718af138-8ce7-49fd-ac6c-03ffcd9fd287",
	"00000000-0000-0000-0000-000000000000",
	5,
	1,
	'Diverter Bay::ReceivingSheets line: 5');
INSERT INTO ACT_IF
	VALUES ("cb35fc66-f39a-49e0-b303-0b4a7756fe27",
	"be98ec6e-7982-4705-a51d-efb88ea354a1",
	"799c8faf-7194-4346-a296-1705c1c36c41",
	"00000000-0000-0000-0000-000000000000",
	"00000000-0000-0000-0000-000000000000");
INSERT INTO ACT_SMT
	VALUES ("74b1bf34-a03c-4558-b3d4-4df259aced7d",
	"718af138-8ce7-49fd-ac6c-03ffcd9fd287",
	"00000000-0000-0000-0000-000000000000",
	15,
	1,
	'Diverter Bay::ReceivingSheets line: 15');
INSERT INTO ACT_E
	VALUES ("74b1bf34-a03c-4558-b3d4-4df259aced7d",
	"77c56a8a-f8dd-4090-a504-daaaf7ac3f50",
	"cb35fc66-f39a-49e0-b303-0b4a7756fe27");
INSERT INTO V_VAL
	VALUES ("7ae970ac-087c-43d6-9a84-caf9f5985cd2",
	0,
	0,
	4,
	36,
	39,
	0,
	0,
	0,
	0,
	"ba5eda7a-def5-0000-0000-000000000008",
	"718af138-8ce7-49fd-ac6c-03ffcd9fd287");
INSERT INTO V_IRF
	VALUES ("7ae970ac-087c-43d6-9a84-caf9f5985cd2",
	"928363b1-53cc-4e08-9d29-01cb1e99202c");
INSERT INTO V_VAL
	VALUES ("e8f5f5a5-bb43-449a-a3d8-9f4b6b1d7ce3",
	0,
	0,
	5,
	10,
	21,
	0,
	0,
	0,
	0,
	"ba5eda7a-def5-0000-0000-000000000008",
	"718af138-8ce7-49fd-ac6c-03ffcd9fd287");
INSERT INTO V_IRF
	VALUES ("e8f5f5a5-bb43-449a-a3d8-9f4b6b1d7ce3",
	"a0d7ee80-9b31-4d04-8530-6b6a5ae625e6");
INSERT INTO V_VAL
	VALUES ("799c8faf-7194-4346-a296-1705c1c36c41",
	0,
	0,
	-1,
	-1,
	-1,
	0,
	0,
	0,
	0,
	"ba5eda7a-def5-0000-0000-000000000001",
	"718af138-8ce7-49fd-ac6c-03ffcd9fd287");
INSERT INTO V_UNY
	VALUES ("799c8faf-7194-4346-a296-1705c1c36c41",
	"e8f5f5a5-bb43-449a-a3d8-9f4b6b1d7ce3",
	'empty');
INSERT INTO V_VAR
	VALUES ("a0d7ee80-9b31-4d04-8530-6b6a5ae625e6",
	"718af138-8ce7-49fd-ac6c-03ffcd9fd287",
	'divert_stack',
	1,
	"ba5eda7a-def5-0000-0000-000000000008");
INSERT INTO V_INT
	VALUES ("a0d7ee80-9b31-4d04-8530-6b6a5ae625e6",
	0,
	"7518624d-ddb4-44b0-8f5e-3316cc5e6ab0");
INSERT INTO V_VAR
	VALUES ("928363b1-53cc-4e08-9d29-01cb1e99202c",
	"718af138-8ce7-49fd-ac6c-03ffcd9fd287",
	'self',
	1,
	"ba5eda7a-def5-0000-0000-000000000008");
INSERT INTO V_INT
	VALUES ("928363b1-53cc-4e08-9d29-01cb1e99202c",
	0,
	"967dd439-60bd-4f4f-a441-17d4ef22276f");
INSERT INTO ACT_BLK
	VALUES ("be98ec6e-7982-4705-a51d-efb88ea354a1",
	1,
	0,
	0,
	'',
	'',
	'',
	14,
	4,
	11,
	46,
	0,
	0,
	11,
	54,
	0,
	0,
	0,
	0,
	0,
	"33043fb0-5e8b-4e3e-9365-8f01425cf274",
	"00000000-0000-0000-0000-000000000000");
INSERT INTO ACT_SMT
	VALUES ("b6dd7e61-a89e-4dcd-b0b1-4b81062ca8f5",
	"be98ec6e-7982-4705-a51d-efb88ea354a1",
	"86ed855f-b195-4a8e-8058-82f5fc6228af",
	7,
	4,
	'Diverter Bay::ReceivingSheets line: 7');
INSERT INTO ACT_CR
	VALUES ("b6dd7e61-a89e-4dcd-b0b1-4b81062ca8f5",
	"a0d7ee80-9b31-4d04-8530-6b6a5ae625e6",
	0,
	"7518624d-ddb4-44b0-8f5e-3316cc5e6ab0",
	7,
	43);
INSERT INTO ACT_SMT
	VALUES ("86ed855f-b195-4a8e-8058-82f5fc6228af",
	"be98ec6e-7982-4705-a51d-efb88ea354a1",
	"c3a796da-fde4-41b5-9622-d61e4c050fe7",
	8,
	4,
	'Diverter Bay::ReceivingSheets line: 8');
INSERT INTO ACT_REL
	VALUES ("86ed855f-b195-4a8e-8058-82f5fc6228af",
	"a0d7ee80-9b31-4d04-8530-6b6a5ae625e6",
	"928363b1-53cc-4e08-9d29-01cb1e99202c",
	'',
	"c0ebbb51-b3b5-4277-ac69-954f30154978",
	8,
	39,
	0,
	0);
INSERT INTO ACT_SMT
	VALUES ("c3a796da-fde4-41b5-9622-d61e4c050fe7",
	"be98ec6e-7982-4705-a51d-efb88ea354a1",
	"ce0d143b-6edb-4cd7-b734-3f5c95fea4f4",
	11,
	4,
	'Diverter Bay::ReceivingSheets line: 11');
INSERT INTO ACT_SEL
	VALUES ("c3a796da-fde4-41b5-9622-d61e4c050fe7",
	"310217c2-b927-4965-8c52-9f7d20497eb3",
	1,
	'one',
	"0a1a3599-a891-486c-9f17-d2cb35391e35");
INSERT INTO ACT_SR
	VALUES ("c3a796da-fde4-41b5-9622-d61e4c050fe7");
INSERT INTO ACT_LNK
	VALUES ("096a693d-5858-441e-aab6-b3edcc928df0",
	'',
	"c3a796da-fde4-41b5-9622-d61e4c050fe7",
	"c8ee49f6-f3b8-4a4a-afb8-e84bdd63cd6d",
	"00000000-0000-0000-0000-000000000000",
	2,
	"93d48880-4e93-442f-9b69-3063f5dd25d8",
	11,
	46,
	11,
	54,
	0,
	0);
INSERT INTO ACT_SMT
	VALUES ("ce0d143b-6edb-4cd7-b734-3f5c95fea4f4",
	"be98ec6e-7982-4705-a51d-efb88ea354a1",
	"0aecf654-0614-4ca6-b34d-6b5fcd2eba9b",
	12,
	4,
	'Diverter Bay::ReceivingSheets line: 12');
INSERT INTO ACT_AI
	VALUES ("ce0d143b-6edb-4cd7-b734-3f5c95fea4f4",
	"a0df7143-d3e2-4621-8b5b-bfa9d61ec3be",
	"9f04819e-c51e-4961-9375-39aabe42b412",
	0,
	0);
INSERT INTO ACT_SMT
	VALUES ("0aecf654-0614-4ca6-b34d-6b5fcd2eba9b",
	"be98ec6e-7982-4705-a51d-efb88ea354a1",
	"9f139011-5375-465b-8ea2-4da27835c025",
	13,
	4,
	'Diverter Bay::ReceivingSheets line: 13');
INSERT INTO ACT_AI
	VALUES ("0aecf654-0614-4ca6-b34d-6b5fcd2eba9b",
	"48eb6317-7d55-40ae-858b-d85cba2d0f4f",
	"3fd41471-186f-4b68-b578-d6ddd5ac5962",
	0,
	0);
INSERT INTO ACT_SMT
	VALUES ("9f139011-5375-465b-8ea2-4da27835c025",
	"be98ec6e-7982-4705-a51d-efb88ea354a1",
	"00000000-0000-0000-0000-000000000000",
	14,
	4,
	'Diverter Bay::ReceivingSheets line: 14');
INSERT INTO ACT_AI
	VALUES ("9f139011-5375-465b-8ea2-4da27835c025",
	"5e7d131d-3264-4def-9927-6f0dfca07f27",
	"92e438f4-25eb-4c0b-9980-106eeadf3004",
	0,
	0);
INSERT INTO V_VAL
	VALUES ("0a1a3599-a891-486c-9f17-d2cb35391e35",
	0,
	0,
	11,
	40,
	43,
	0,
	0,
	0,
	0,
	"ba5eda7a-def5-0000-0000-000000000008",
	"be98ec6e-7982-4705-a51d-efb88ea354a1");
INSERT INTO V_IRF
	VALUES ("0a1a3599-a891-486c-9f17-d2cb35391e35",
	"928363b1-53cc-4e08-9d29-01cb1e99202c");
INSERT INTO V_VAL
	VALUES ("e148d156-e9e5-45fe-862e-f365254dbc6a",
	1,
	0,
	12,
	4,
	15,
	0,
	0,
	0,
	0,
	"ba5eda7a-def5-0000-0000-000000000008",
	"be98ec6e-7982-4705-a51d-efb88ea354a1");
INSERT INTO V_IRF
	VALUES ("e148d156-e9e5-45fe-862e-f365254dbc6a",
	"a0d7ee80-9b31-4d04-8530-6b6a5ae625e6");
INSERT INTO V_VAL
	VALUES ("9f04819e-c51e-4961-9375-39aabe42b412",
	1,
	0,
	12,
	17,
	26,
	0,
	0,
	0,
	0,
	"e637c9ff-a804-4aef-b8eb-e6854f50cc68",
	"be98ec6e-7982-4705-a51d-efb88ea354a1");
INSERT INTO V_AVL
	VALUES ("9f04819e-c51e-4961-9375-39aabe42b412",
	"e148d156-e9e5-45fe-862e-f365254dbc6a",
	"7518624d-ddb4-44b0-8f5e-3316cc5e6ab0",
	"2b82ac0a-d6ca-4236-8fda-624fc9099e2b");
INSERT INTO V_VAL
	VALUES ("6647dc0a-e295-4c6b-9331-a357e4e2108d",
	0,
	0,
	12,
	30,
	42,
	0,
	0,
	0,
	0,
	"ba5eda7a-def5-0000-0000-000000000008",
	"be98ec6e-7982-4705-a51d-efb88ea354a1");
INSERT INTO V_IRF
	VALUES ("6647dc0a-e295-4c6b-9331-a357e4e2108d",
	"310217c2-b927-4965-8c52-9f7d20497eb3");
INSERT INTO V_VAL
	VALUES ("a0df7143-d3e2-4621-8b5b-bfa9d61ec3be",
	0,
	0,
	12,
	44,
	47,
	0,
	0,
	0,
	0,
	"e637c9ff-a804-4aef-b8eb-e6854f50cc68",
	"be98ec6e-7982-4705-a51d-efb88ea354a1");
INSERT INTO V_AVL
	VALUES ("a0df7143-d3e2-4621-8b5b-bfa9d61ec3be",
	"6647dc0a-e295-4c6b-9331-a357e4e2108d",
	"93d48880-4e93-442f-9b69-3063f5dd25d8",
	"979d0353-7ea9-4958-b9b4-260cee8b87f8");
INSERT INTO V_VAL
	VALUES ("ff681089-626c-48dc-9660-5b10e7f1b1d1",
	1,
	0,
	13,
	4,
	15,
	0,
	0,
	0,
	0,
	"ba5eda7a-def5-0000-0000-000000000008",
	"be98ec6e-7982-4705-a51d-efb88ea354a1");
INSERT INTO V_IRF
	VALUES ("ff681089-626c-48dc-9660-5b10e7f1b1d1",
	"a0d7ee80-9b31-4d04-8530-6b6a5ae625e6");
INSERT INTO V_VAL
	VALUES ("3fd41471-186f-4b68-b578-d6ddd5ac5962",
	1,
	0,
	13,
	17,
	32,
	0,
	0,
	0,
	0,
	"ba5eda7a-def5-0000-0000-000000000002",
	"be98ec6e-7982-4705-a51d-efb88ea354a1");
INSERT INTO V_AVL
	VALUES ("3fd41471-186f-4b68-b578-d6ddd5ac5962",
	"ff681089-626c-48dc-9660-5b10e7f1b1d1",
	"7518624d-ddb4-44b0-8f5e-3316cc5e6ab0",
	"c08e1f90-6670-41ff-a5f8-0587af275a5b");
INSERT INTO V_VAL
	VALUES ("48eb6317-7d55-40ae-858b-d85cba2d0f4f",
	0,
	0,
	13,
	36,
	36,
	0,
	0,
	0,
	0,
	"ba5eda7a-def5-0000-0000-000000000002",
	"be98ec6e-7982-4705-a51d-efb88ea354a1");
INSERT INTO V_LIN
	VALUES ("48eb6317-7d55-40ae-858b-d85cba2d0f4f",
	'1');
INSERT INTO V_VAL
	VALUES ("b2d18f19-05db-494e-aa0b-9ffbb074febe",
	1,
	0,
	14,
	4,
	15,
	0,
	0,
	0,
	0,
	"ba5eda7a-def5-0000-0000-000000000008",
	"be98ec6e-7982-4705-a51d-efb88ea354a1");
INSERT INTO V_IRF
	VALUES ("b2d18f19-05db-494e-aa0b-9ffbb074febe",
	"a0d7ee80-9b31-4d04-8530-6b6a5ae625e6");
INSERT INTO V_VAL
	VALUES ("92e438f4-25eb-4c0b-9980-106eeadf3004",
	1,
	0,
	14,
	17,
	31,
	0,
	0,
	0,
	0,
	"ba5eda7a-def5-0000-0000-000000000002",
	"be98ec6e-7982-4705-a51d-efb88ea354a1");
INSERT INTO V_AVL
	VALUES ("92e438f4-25eb-4c0b-9980-106eeadf3004",
	"b2d18f19-05db-494e-aa0b-9ffbb074febe",
	"7518624d-ddb4-44b0-8f5e-3316cc5e6ab0",
	"2e8e8ff1-9c55-4e91-9a5c-69848665a7af");
INSERT INTO V_VAL
	VALUES ("5e7d131d-3264-4def-9927-6f0dfca07f27",
	0,
	0,
	14,
	44,
	56,
	0,
	0,
	0,
	0,
	"ba5eda7a-def5-0000-0000-000000000002",
	"be98ec6e-7982-4705-a51d-efb88ea354a1");
INSERT INTO V_EDV
	VALUES ("5e7d131d-3264-4def-9927-6f0dfca07f27");
INSERT INTO V_EPR
	VALUES ("5e7d131d-3264-4def-9927-6f0dfca07f27",
	"0fdd48c7-ab43-4a00-80e5-96be2beb9b8a",
	"2094a218-2fc8-4a9d-8c86-7125b25b5aae",
	"00000000-0000-0000-0000-000000000000");
INSERT INTO V_EPR
	VALUES ("5e7d131d-3264-4def-9927-6f0dfca07f27",
	"0fdd48c7-ab43-4a00-80e5-96be2beb9b8a",
	"2094a218-2fc8-4a9d-8c86-7125b25b5aae",
	"00000000-0000-0000-0000-000000000000");
INSERT INTO V_EPR
	VALUES ("5e7d131d-3264-4def-9927-6f0dfca07f27",
	"0fdd48c7-ab43-4a00-80e5-96be2beb9b8a",
	"2094a218-2fc8-4a9d-8c86-7125b25b5aae",
	"00000000-0000-0000-0000-000000000000");
INSERT INTO V_VAR
	VALUES ("310217c2-b927-4965-8c52-9f7d20497eb3",
	"be98ec6e-7982-4705-a51d-efb88ea354a1",
	'divert_packet',
	1,
	"ba5eda7a-def5-0000-0000-000000000008");
INSERT INTO V_INT
	VALUES ("310217c2-b927-4965-8c52-9f7d20497eb3",
	0,
	"93d48880-4e93-442f-9b69-3063f5dd25d8");
INSERT INTO ACT_BLK
	VALUES ("77c56a8a-f8dd-4090-a504-daaaf7ac3f50",
	0,
	0,
	0,
	'',
	'',
	'',
	18,
	4,
	0,
	0,
	0,
	0,
	0,
	0,
	0,
	0,
	0,
	0,
	0,
	"33043fb0-5e8b-4e3e-9365-8f01425cf274",
	"00000000-0000-0000-0000-000000000000");
INSERT INTO ACT_SMT
	VALUES ("4189a2af-1164-4706-9ec9-605775fd82ba",
	"77c56a8a-f8dd-4090-a504-daaaf7ac3f50",
	"49cbf9a3-e0a7-41ac-ad01-4c8f80cb2224",
	17,
	4,
	'Diverter Bay::ReceivingSheets line: 17');
INSERT INTO ACT_AI
	VALUES ("4189a2af-1164-4706-9ec9-605775fd82ba",
	"4e63eaac-5758-4e5c-9f03-8c53ce0f3c62",
	"57d25fdc-3cfa-4710-97d0-fba2a9a2a68e",
	0,
	0);
INSERT INTO ACT_SMT
	VALUES ("49cbf9a3-e0a7-41ac-ad01-4c8f80cb2224",
	"77c56a8a-f8dd-4090-a504-daaaf7ac3f50",
	"00000000-0000-0000-0000-000000000000",
	18,
	4,
	'Diverter Bay::ReceivingSheets line: 18');
INSERT INTO ACT_AI
	VALUES ("49cbf9a3-e0a7-41ac-ad01-4c8f80cb2224",
	"fc7d80a4-ef5a-49e9-8dfe-041a0cec028d",
	"3c175bf3-aea0-47f7-b8fc-301f32a5262e",
	0,
	0);
INSERT INTO V_VAL
	VALUES ("90eec5a8-3379-4090-816b-e7877dd56670",
	1,
	0,
	17,
	4,
	15,
	0,
	0,
	0,
	0,
	"ba5eda7a-def5-0000-0000-000000000008",
	"77c56a8a-f8dd-4090-a504-daaaf7ac3f50");
INSERT INTO V_IRF
	VALUES ("90eec5a8-3379-4090-816b-e7877dd56670",
	"a0d7ee80-9b31-4d04-8530-6b6a5ae625e6");
INSERT INTO V_VAL
	VALUES ("57d25fdc-3cfa-4710-97d0-fba2a9a2a68e",
	1,
	0,
	17,
	17,
	32,
	0,
	0,
	0,
	0,
	"ba5eda7a-def5-0000-0000-000000000002",
	"77c56a8a-f8dd-4090-a504-daaaf7ac3f50");
INSERT INTO V_AVL
	VALUES ("57d25fdc-3cfa-4710-97d0-fba2a9a2a68e",
	"90eec5a8-3379-4090-816b-e7877dd56670",
	"7518624d-ddb4-44b0-8f5e-3316cc5e6ab0",
	"c08e1f90-6670-41ff-a5f8-0587af275a5b");
INSERT INTO V_VAL
	VALUES ("8ea05a79-d59a-4002-88ab-ed27b1d9ae41",
	0,
	0,
	17,
	36,
	47,
	0,
	0,
	0,
	0,
	"ba5eda7a-def5-0000-0000-000000000008",
	"77c56a8a-f8dd-4090-a504-daaaf7ac3f50");
INSERT INTO V_IRF
	VALUES ("8ea05a79-d59a-4002-88ab-ed27b1d9ae41",
	"a0d7ee80-9b31-4d04-8530-6b6a5ae625e6");
INSERT INTO V_VAL
	VALUES ("5ac2c4be-bff0-46ba-8460-67e02c9432bb",
	0,
	0,
	17,
	49,
	64,
	0,
	0,
	0,
	0,
	"ba5eda7a-def5-0000-0000-000000000002",
	"77c56a8a-f8dd-4090-a504-daaaf7ac3f50");
INSERT INTO V_AVL
	VALUES ("5ac2c4be-bff0-46ba-8460-67e02c9432bb",
	"8ea05a79-d59a-4002-88ab-ed27b1d9ae41",
	"7518624d-ddb4-44b0-8f5e-3316cc5e6ab0",
	"c08e1f90-6670-41ff-a5f8-0587af275a5b");
INSERT INTO V_VAL
	VALUES ("4e63eaac-5758-4e5c-9f03-8c53ce0f3c62",
	0,
	0,
	-1,
	-1,
	-1,
	0,
	0,
	0,
	0,
	"ba5eda7a-def5-0000-0000-000000000002",
	"77c56a8a-f8dd-4090-a504-daaaf7ac3f50");
INSERT INTO V_BIN
	VALUES ("4e63eaac-5758-4e5c-9f03-8c53ce0f3c62",
	"68b2e759-e298-4262-854a-05d5b9734d9e",
	"5ac2c4be-bff0-46ba-8460-67e02c9432bb",
	'+');
INSERT INTO V_VAL
	VALUES ("68b2e759-e298-4262-854a-05d5b9734d9e",
	0,
	0,
	17,
	68,
	68,
	0,
	0,
	0,
	0,
	"ba5eda7a-def5-0000-0000-000000000002",
	"77c56a8a-f8dd-4090-a504-daaaf7ac3f50");
INSERT INTO V_LIN
	VALUES ("68b2e759-e298-4262-854a-05d5b9734d9e",
	'1');
INSERT INTO V_VAL
	VALUES ("b6934001-ad85-4bd0-b2d5-5f2bb34c1c9b",
	1,
	0,
	18,
	4,
	15,
	0,
	0,
	0,
	0,
	"ba5eda7a-def5-0000-0000-000000000008",
	"77c56a8a-f8dd-4090-a504-daaaf7ac3f50");
INSERT INTO V_IRF
	VALUES ("b6934001-ad85-4bd0-b2d5-5f2bb34c1c9b",
	"a0d7ee80-9b31-4d04-8530-6b6a5ae625e6");
INSERT INTO V_VAL
	VALUES ("3c175bf3-aea0-47f7-b8fc-301f32a5262e",
	1,
	0,
	18,
	17,
	31,
	0,
	0,
	0,
	0,
	"ba5eda7a-def5-0000-0000-000000000002",
	"77c56a8a-f8dd-4090-a504-daaaf7ac3f50");
INSERT INTO V_AVL
	VALUES ("3c175bf3-aea0-47f7-b8fc-301f32a5262e",
	"b6934001-ad85-4bd0-b2d5-5f2bb34c1c9b",
	"7518624d-ddb4-44b0-8f5e-3316cc5e6ab0",
	"2e8e8ff1-9c55-4e91-9a5c-69848665a7af");
INSERT INTO V_VAL
	VALUES ("55c4a7b6-d39d-4491-b58f-b674afbf08a7",
	0,
	0,
	18,
	35,
	46,
	0,
	0,
	0,
	0,
	"ba5eda7a-def5-0000-0000-000000000008",
	"77c56a8a-f8dd-4090-a504-daaaf7ac3f50");
INSERT INTO V_IRF
	VALUES ("55c4a7b6-d39d-4491-b58f-b674afbf08a7",
	"a0d7ee80-9b31-4d04-8530-6b6a5ae625e6");
INSERT INTO V_VAL
	VALUES ("0fdbd639-69ed-4c73-9003-822676d8a3f5",
	0,
	0,
	18,
	48,
	62,
	0,
	0,
	0,
	0,
	"ba5eda7a-def5-0000-0000-000000000002",
	"77c56a8a-f8dd-4090-a504-daaaf7ac3f50");
INSERT INTO V_AVL
	VALUES ("0fdbd639-69ed-4c73-9003-822676d8a3f5",
	"55c4a7b6-d39d-4491-b58f-b674afbf08a7",
	"7518624d-ddb4-44b0-8f5e-3316cc5e6ab0",
	"2e8e8ff1-9c55-4e91-9a5c-69848665a7af");
INSERT INTO V_VAL
	VALUES ("fc7d80a4-ef5a-49e9-8dfe-041a0cec028d",
	0,
	0,
	-1,
	-1,
	-1,
	0,
	0,
	0,
	0,
	"ba5eda7a-def5-0000-0000-000000000002",
	"77c56a8a-f8dd-4090-a504-daaaf7ac3f50");
INSERT INTO V_BIN
	VALUES ("fc7d80a4-ef5a-49e9-8dfe-041a0cec028d",
	"f7af149f-927a-4164-941a-64ed4561c60b",
	"0fdbd639-69ed-4c73-9003-822676d8a3f5",
	'+');
INSERT INTO V_VAL
	VALUES ("f7af149f-927a-4164-941a-64ed4561c60b",
	0,
	0,
	18,
	75,
	87,
	0,
	0,
	0,
	0,
	"ba5eda7a-def5-0000-0000-000000000002",
	"77c56a8a-f8dd-4090-a504-daaaf7ac3f50");
INSERT INTO V_EDV
	VALUES ("f7af149f-927a-4164-941a-64ed4561c60b");
INSERT INTO V_EPR
	VALUES ("f7af149f-927a-4164-941a-64ed4561c60b",
	"0fdd48c7-ab43-4a00-80e5-96be2beb9b8a",
	"2094a218-2fc8-4a9d-8c86-7125b25b5aae",
	"00000000-0000-0000-0000-000000000000");
INSERT INTO V_EPR
	VALUES ("f7af149f-927a-4164-941a-64ed4561c60b",
	"0fdd48c7-ab43-4a00-80e5-96be2beb9b8a",
	"2094a218-2fc8-4a9d-8c86-7125b25b5aae",
	"00000000-0000-0000-0000-000000000000");
INSERT INTO V_EPR
	VALUES ("f7af149f-927a-4164-941a-64ed4561c60b",
	"0fdd48c7-ab43-4a00-80e5-96be2beb9b8a",
	"2094a218-2fc8-4a9d-8c86-7125b25b5aae",
	"00000000-0000-0000-0000-000000000000");
INSERT INTO SM_STATE
	VALUES ("7129d9eb-e75b-4e8a-bbc5-688b0f884941",
	"0fdd48c7-ab43-4a00-80e5-96be2beb9b8a",
	"00000000-0000-0000-0000-000000000000",
	'Discharging',
	4,
	0);
INSERT INTO SM_CH
	VALUES ("7129d9eb-e75b-4e8a-bbc5-688b0f884941",
	"70cf87d0-db11-473f-b572-13a079567381",
	"0fdd48c7-ab43-4a00-80e5-96be2beb9b8a",
	"00000000-0000-0000-0000-000000000000",
	'');
INSERT INTO SM_SEME
	VALUES ("7129d9eb-e75b-4e8a-bbc5-688b0f884941",
	"70cf87d0-db11-473f-b572-13a079567381",
	"0fdd48c7-ab43-4a00-80e5-96be2beb9b8a",
	"00000000-0000-0000-0000-000000000000");
INSERT INTO SM_CH
	VALUES ("7129d9eb-e75b-4e8a-bbc5-688b0f884941",
	"76685953-4d66-4de4-8284-9779ca7ceb3c",
	"0fdd48c7-ab43-4a00-80e5-96be2beb9b8a",
	"00000000-0000-0000-0000-000000000000",
	'');
INSERT INTO SM_SEME
	VALUES ("7129d9eb-e75b-4e8a-bbc5-688b0f884941",
	"76685953-4d66-4de4-8284-9779ca7ceb3c",
	"0fdd48c7-ab43-4a00-80e5-96be2beb9b8a",
	"00000000-0000-0000-0000-000000000000");
INSERT INTO SM_CH
	VALUES ("7129d9eb-e75b-4e8a-bbc5-688b0f884941",
	"d53a49f4-d082-40f0-a3cc-e8a707bc2d4a",
	"0fdd48c7-ab43-4a00-80e5-96be2beb9b8a",
	"00000000-0000-0000-0000-000000000000",
	'');
INSERT INTO SM_SEME
	VALUES ("7129d9eb-e75b-4e8a-bbc5-688b0f884941",
	"d53a49f4-d082-40f0-a3cc-e8a707bc2d4a",
	"0fdd48c7-ab43-4a00-80e5-96be2beb9b8a",
	"00000000-0000-0000-0000-000000000000");
INSERT INTO SM_SEME
	VALUES ("7129d9eb-e75b-4e8a-bbc5-688b0f884941",
	"ce209c72-3e77-4341-9458-7436af3c01f6",
	"0fdd48c7-ab43-4a00-80e5-96be2beb9b8a",
	"00000000-0000-0000-0000-000000000000");
INSERT INTO SM_MOAH
	VALUES ("f0a52412-fd7a-4d20-ae9f-db68a700ed25",
	"0fdd48c7-ab43-4a00-80e5-96be2beb9b8a",
	"7129d9eb-e75b-4e8a-bbc5-688b0f884941");
INSERT INTO SM_AH
	VALUES ("f0a52412-fd7a-4d20-ae9f-db68a700ed25",
	"0fdd48c7-ab43-4a00-80e5-96be2beb9b8a");
INSERT INTO SM_ACT
	VALUES ("f0a52412-fd7a-4d20-ae9f-db68a700ed25",
	"0fdd48c7-ab43-4a00-80e5-96be2beb9b8a",
	1,
	'// Instruct the Cross Transfer Conveyor to run this stack out
select one divert_stack related by self->DVRTSTK[R6];

discharge_dir = Machine_Side::Operator;
discharge_alg = Divert_Conv_Discharge_Alg::Dist_x1_Rollout;
if divert_stack.stack_type == Divert_Packet::Scrap;
   discharge_dir = Machine_Side::Drive;
   discharge_alg = Divert_Conv_Discharge_Alg::Dist_x2_Hesitating_Rollout;
end if;

select one cross_transfer_conveyor related by self->XTFRCNVR[R7];
generate XTFRCNVR6:discharge(direction: discharge_dir, control_alg: discharge_alg) to cross_transfer_conveyor;
',
	'');
INSERT INTO ACT_SAB
	VALUES ("e7724cca-e888-483f-b56f-a17124913ea3",
	"0fdd48c7-ab43-4a00-80e5-96be2beb9b8a",
	"f0a52412-fd7a-4d20-ae9f-db68a700ed25");
INSERT INTO ACT_ACT
	VALUES ("e7724cca-e888-483f-b56f-a17124913ea3",
	'state',
	0,
	"15e46c77-b0bf-4d83-b318-a09c0daa55bf",
	"00000000-0000-0000-0000-000000000000",
	0,
	'Diverter Bay::Discharging',
	"00000000-0000-0000-0000-000000000000");
INSERT INTO ACT_BLK
	VALUES ("15e46c77-b0bf-4d83-b318-a09c0daa55bf",
	1,
	0,
	0,
	'V_VAR.Var_ID',
	'direction',
	'control_alg',
	12,
	1,
	11,
	53,
	0,
	0,
	11,
	62,
	0,
	0,
	6,
	31,
	0,
	"e7724cca-e888-483f-b56f-a17124913ea3",
	"00000000-0000-0000-0000-000000000000");
INSERT INTO ACT_SMT
	VALUES ("a4a6cb52-d7e9-499b-8f6c-66748d21ffb6",
	"15e46c77-b0bf-4d83-b318-a09c0daa55bf",
	"210204b5-3e6c-4824-b763-44359f871c6b",
	2,
	1,
	'Diverter Bay::Discharging line: 2');
INSERT INTO ACT_SEL
	VALUES ("a4a6cb52-d7e9-499b-8f6c-66748d21ffb6",
	"69542a9d-c229-440b-8e90-938386896664",
	1,
	'one',
	"8e694ebf-49d5-424f-9978-0120c9b9cceb");
INSERT INTO ACT_SR
	VALUES ("a4a6cb52-d7e9-499b-8f6c-66748d21ffb6");
INSERT INTO ACT_LNK
	VALUES ("92f26006-c6d6-41d7-8fa9-e0e29cc395d2",
	'',
	"a4a6cb52-d7e9-499b-8f6c-66748d21ffb6",
	"c0ebbb51-b3b5-4277-ac69-954f30154978",
	"00000000-0000-0000-0000-000000000000",
	2,
	"7518624d-ddb4-44b0-8f5e-3316cc5e6ab0",
	2,
	42,
	2,
	50,
	0,
	0);
INSERT INTO ACT_SMT
	VALUES ("210204b5-3e6c-4824-b763-44359f871c6b",
	"15e46c77-b0bf-4d83-b318-a09c0daa55bf",
	"c9fd82eb-dc91-460a-85ed-b01f5b197e80",
	4,
	1,
	'Diverter Bay::Discharging line: 4');
INSERT INTO ACT_AI
	VALUES ("210204b5-3e6c-4824-b763-44359f871c6b",
	"a98335b1-67e2-4bc2-a5eb-81f7588931e0",
	"323f7e34-5537-4ca4-8623-615289315246",
	0,
	0);
INSERT INTO ACT_SMT
	VALUES ("c9fd82eb-dc91-460a-85ed-b01f5b197e80",
	"15e46c77-b0bf-4d83-b318-a09c0daa55bf",
	"99b8a3d4-535a-44c0-bb84-4192ab1e1441",
	5,
	1,
	'Diverter Bay::Discharging line: 5');
INSERT INTO ACT_AI
	VALUES ("c9fd82eb-dc91-460a-85ed-b01f5b197e80",
	"eb90d06e-d2f0-4c9f-a955-8067b6f54294",
	"f535e80e-e375-4663-8592-04dae1b2709f",
	0,
	0);
INSERT INTO ACT_SMT
	VALUES ("99b8a3d4-535a-44c0-bb84-4192ab1e1441",
	"15e46c77-b0bf-4d83-b318-a09c0daa55bf",
	"340e7672-e10f-423b-9fc6-d39afdce0475",
	6,
	1,
	'Diverter Bay::Discharging line: 6');
INSERT INTO ACT_IF
	VALUES ("99b8a3d4-535a-44c0-bb84-4192ab1e1441",
	"34e4a635-c4d3-4ec0-88da-84f6f1d0c288",
	"9567142a-915c-4fc5-ae5f-f0d25e3c8f45",
	"00000000-0000-0000-0000-000000000000",
	"00000000-0000-0000-0000-000000000000");
INSERT INTO ACT_SMT
	VALUES ("340e7672-e10f-423b-9fc6-d39afdce0475",
	"15e46c77-b0bf-4d83-b318-a09c0daa55bf",
	"c983f832-e1ac-4eaa-80d4-3482da94798f",
	11,
	1,
	'Diverter Bay::Discharging line: 11');
INSERT INTO ACT_SEL
	VALUES ("340e7672-e10f-423b-9fc6-d39afdce0475",
	"1a0e1826-6f84-4a6b-9662-d146977648af",
	1,
	'one',
	"49052c35-34e4-46bc-bcfe-ff2d4a31df1d");
INSERT INTO ACT_SR
	VALUES ("340e7672-e10f-423b-9fc6-d39afdce0475");
INSERT INTO ACT_LNK
	VALUES ("8c228e9e-b712-4d8b-8d0e-eb04cb8a1044",
	'',
	"340e7672-e10f-423b-9fc6-d39afdce0475",
	"11a216f9-a084-49d9-986f-1c55bb2ad746",
	"00000000-0000-0000-0000-000000000000",
	2,
	"25a7da66-8d4e-40d2-9e48-725b2461dbe9",
	11,
	53,
	11,
	62,
	0,
	0);
INSERT INTO ACT_SMT
	VALUES ("c983f832-e1ac-4eaa-80d4-3482da94798f",
	"15e46c77-b0bf-4d83-b318-a09c0daa55bf",
	"00000000-0000-0000-0000-000000000000",
	12,
	1,
	'Diverter Bay::Discharging line: 12');
INSERT INTO E_ESS
	VALUES ("c983f832-e1ac-4eaa-80d4-3482da94798f",
	1,
	0,
	12,
	10,
	12,
	20,
	11,
	53,
	12,
	30,
	12,
	56);
INSERT INTO V_PAR
	VALUES ("141d1644-3dc6-46a0-bd53-db0b76ede4f5",
	"c983f832-e1ac-4eaa-80d4-3482da94798f",
	"00000000-0000-0000-0000-000000000000",
	'control_alg',
	"00000000-0000-0000-0000-000000000000",
	12,
	56);
INSERT INTO V_PAR
	VALUES ("98009825-91ab-4366-a1b7-ad8e5f4cf737",
	"c983f832-e1ac-4eaa-80d4-3482da94798f",
	"00000000-0000-0000-0000-000000000000",
	'direction',
	"141d1644-3dc6-46a0-bd53-db0b76ede4f5",
	12,
	30);
INSERT INTO E_GES
	VALUES ("c983f832-e1ac-4eaa-80d4-3482da94798f");
INSERT INTO E_GSME
	VALUES ("c983f832-e1ac-4eaa-80d4-3482da94798f",
	"0cf712e1-9045-4a7a-8a93-33c8e994e52c");
INSERT INTO E_GEN
	VALUES ("c983f832-e1ac-4eaa-80d4-3482da94798f",
	"1a0e1826-6f84-4a6b-9662-d146977648af");
INSERT INTO V_VAL
	VALUES ("8e694ebf-49d5-424f-9978-0120c9b9cceb",
	0,
	0,
	2,
	36,
	39,
	0,
	0,
	0,
	0,
	"ba5eda7a-def5-0000-0000-000000000008",
	"15e46c77-b0bf-4d83-b318-a09c0daa55bf");
INSERT INTO V_IRF
	VALUES ("8e694ebf-49d5-424f-9978-0120c9b9cceb",
	"401ff4ec-1cce-44ab-8f79-8067ceb9dc4e");
INSERT INTO V_VAL
	VALUES ("323f7e34-5537-4ca4-8623-615289315246",
	1,
	1,
	4,
	1,
	13,
	0,
	0,
	0,
	0,
	"0b9c6b49-c1c4-48d3-a888-a76d6461cf1e",
	"15e46c77-b0bf-4d83-b318-a09c0daa55bf");
INSERT INTO V_TVL
	VALUES ("323f7e34-5537-4ca4-8623-615289315246",
	"e2d217cc-176e-40ba-a50b-9db4418d6d98");
INSERT INTO V_VAL
	VALUES ("a98335b1-67e2-4bc2-a5eb-81f7588931e0",
	0,
	0,
	4,
	31,
	38,
	0,
	0,
	0,
	0,
	"0b9c6b49-c1c4-48d3-a888-a76d6461cf1e",
	"15e46c77-b0bf-4d83-b318-a09c0daa55bf");
INSERT INTO V_LEN
	VALUES ("a98335b1-67e2-4bc2-a5eb-81f7588931e0",
	"8a56e473-108a-44f9-b892-c1029d8f5f9c",
	4,
	17);
INSERT INTO V_VAL
	VALUES ("f535e80e-e375-4663-8592-04dae1b2709f",
	1,
	1,
	5,
	1,
	13,
	0,
	0,
	0,
	0,
	"4acd14f2-8833-4e55-b0ec-4fb57786f07d",
	"15e46c77-b0bf-4d83-b318-a09c0daa55bf");
INSERT INTO V_TVL
	VALUES ("f535e80e-e375-4663-8592-04dae1b2709f",
	"13040c6c-f94a-4a72-a585-136cf0baf808");
INSERT INTO V_VAL
	VALUES ("eb90d06e-d2f0-4c9f-a955-8067b6f54294",
	0,
	0,
	5,
	44,
	58,
	0,
	0,
	0,
	0,
	"4acd14f2-8833-4e55-b0ec-4fb57786f07d",
	"15e46c77-b0bf-4d83-b318-a09c0daa55bf");
INSERT INTO V_LEN
	VALUES ("eb90d06e-d2f0-4c9f-a955-8067b6f54294",
	"e0a20419-84a9-4652-8def-8ee8303789e3",
	5,
	17);
INSERT INTO V_VAL
	VALUES ("b9547146-959e-4e3b-aa2f-5bf814557131",
	0,
	0,
	6,
	4,
	15,
	0,
	0,
	0,
	0,
	"ba5eda7a-def5-0000-0000-000000000008",
	"15e46c77-b0bf-4d83-b318-a09c0daa55bf");
INSERT INTO V_IRF
	VALUES ("b9547146-959e-4e3b-aa2f-5bf814557131",
	"69542a9d-c229-440b-8e90-938386896664");
INSERT INTO V_VAL
	VALUES ("986884b5-a981-4d0c-a227-f415a9250a6e",
	0,
	0,
	6,
	17,
	26,
	0,
	0,
	0,
	0,
	"e637c9ff-a804-4aef-b8eb-e6854f50cc68",
	"15e46c77-b0bf-4d83-b318-a09c0daa55bf");
INSERT INTO V_AVL
	VALUES ("986884b5-a981-4d0c-a227-f415a9250a6e",
	"b9547146-959e-4e3b-aa2f-5bf814557131",
	"7518624d-ddb4-44b0-8f5e-3316cc5e6ab0",
	"2b82ac0a-d6ca-4236-8fda-624fc9099e2b");
INSERT INTO V_VAL
	VALUES ("9567142a-915c-4fc5-ae5f-f0d25e3c8f45",
	0,
	0,
	-1,
	-1,
	-1,
	0,
	0,
	0,
	0,
	"ba5eda7a-def5-0000-0000-000000000001",
	"15e46c77-b0bf-4d83-b318-a09c0daa55bf");
INSERT INTO V_BIN
	VALUES ("9567142a-915c-4fc5-ae5f-f0d25e3c8f45",
	"bf82cb61-0ce9-40d6-947b-c356c6416007",
	"986884b5-a981-4d0c-a227-f415a9250a6e",
	'==');
INSERT INTO V_VAL
	VALUES ("bf82cb61-0ce9-40d6-947b-c356c6416007",
	0,
	0,
	6,
	46,
	50,
	0,
	0,
	0,
	0,
	"e637c9ff-a804-4aef-b8eb-e6854f50cc68",
	"15e46c77-b0bf-4d83-b318-a09c0daa55bf");
INSERT INTO V_LEN
	VALUES ("bf82cb61-0ce9-40d6-947b-c356c6416007",
	"efd136fc-ffa5-4a8f-9c15-d20888f656a4",
	6,
	31);
INSERT INTO V_VAL
	VALUES ("49052c35-34e4-46bc-bcfe-ff2d4a31df1d",
	0,
	0,
	11,
	47,
	50,
	0,
	0,
	0,
	0,
	"ba5eda7a-def5-0000-0000-000000000008",
	"15e46c77-b0bf-4d83-b318-a09c0daa55bf");
INSERT INTO V_IRF
	VALUES ("49052c35-34e4-46bc-bcfe-ff2d4a31df1d",
	"401ff4ec-1cce-44ab-8f79-8067ceb9dc4e");
INSERT INTO V_VAL
	VALUES ("98009825-91ab-4366-a1b7-ad8e5f4cf737",
	0,
	0,
	12,
	41,
	53,
	0,
	0,
	0,
	0,
	"0b9c6b49-c1c4-48d3-a888-a76d6461cf1e",
	"15e46c77-b0bf-4d83-b318-a09c0daa55bf");
INSERT INTO V_TVL
	VALUES ("98009825-91ab-4366-a1b7-ad8e5f4cf737",
	"e2d217cc-176e-40ba-a50b-9db4418d6d98");
INSERT INTO V_VAL
	VALUES ("141d1644-3dc6-46a0-bd53-db0b76ede4f5",
	0,
	0,
	12,
	69,
	81,
	0,
	0,
	0,
	0,
	"4acd14f2-8833-4e55-b0ec-4fb57786f07d",
	"15e46c77-b0bf-4d83-b318-a09c0daa55bf");
INSERT INTO V_TVL
	VALUES ("141d1644-3dc6-46a0-bd53-db0b76ede4f5",
	"13040c6c-f94a-4a72-a585-136cf0baf808");
INSERT INTO V_VAR
	VALUES ("69542a9d-c229-440b-8e90-938386896664",
	"15e46c77-b0bf-4d83-b318-a09c0daa55bf",
	'divert_stack',
	1,
	"ba5eda7a-def5-0000-0000-000000000008");
INSERT INTO V_INT
	VALUES ("69542a9d-c229-440b-8e90-938386896664",
	0,
	"7518624d-ddb4-44b0-8f5e-3316cc5e6ab0");
INSERT INTO V_VAR
	VALUES ("401ff4ec-1cce-44ab-8f79-8067ceb9dc4e",
	"15e46c77-b0bf-4d83-b318-a09c0daa55bf",
	'self',
	1,
	"ba5eda7a-def5-0000-0000-000000000008");
INSERT INTO V_INT
	VALUES ("401ff4ec-1cce-44ab-8f79-8067ceb9dc4e",
	0,
	"967dd439-60bd-4f4f-a441-17d4ef22276f");
INSERT INTO V_VAR
	VALUES ("e2d217cc-176e-40ba-a50b-9db4418d6d98",
	"15e46c77-b0bf-4d83-b318-a09c0daa55bf",
	'discharge_dir',
	1,
	"0b9c6b49-c1c4-48d3-a888-a76d6461cf1e");
INSERT INTO V_TRN
	VALUES ("e2d217cc-176e-40ba-a50b-9db4418d6d98",
	"00000000-0000-0000-0000-000000000000",
	'');
INSERT INTO V_VAR
	VALUES ("13040c6c-f94a-4a72-a585-136cf0baf808",
	"15e46c77-b0bf-4d83-b318-a09c0daa55bf",
	'discharge_alg',
	1,
	"4acd14f2-8833-4e55-b0ec-4fb57786f07d");
INSERT INTO V_TRN
	VALUES ("13040c6c-f94a-4a72-a585-136cf0baf808",
	"00000000-0000-0000-0000-000000000000",
	'');
INSERT INTO V_VAR
	VALUES ("1a0e1826-6f84-4a6b-9662-d146977648af",
	"15e46c77-b0bf-4d83-b318-a09c0daa55bf",
	'cross_transfer_conveyor',
	1,
	"ba5eda7a-def5-0000-0000-000000000008");
INSERT INTO V_INT
	VALUES ("1a0e1826-6f84-4a6b-9662-d146977648af",
	0,
	"25a7da66-8d4e-40d2-9e48-725b2461dbe9");
INSERT INTO ACT_BLK
	VALUES ("34e4a635-c4d3-4ec0-88da-84f6f1d0c288",
	0,
	0,
	0,
	'',
	'',
	'',
	8,
	4,
	0,
	0,
	0,
	0,
	0,
	0,
	0,
	0,
	8,
	20,
	0,
	"e7724cca-e888-483f-b56f-a17124913ea3",
	"00000000-0000-0000-0000-000000000000");
INSERT INTO ACT_SMT
	VALUES ("393d0f01-5e5e-4f3f-a4b8-a0596e5f928e",
	"34e4a635-c4d3-4ec0-88da-84f6f1d0c288",
	"5d529d2d-107f-4585-b5db-f64fa094f53b",
	7,
	4,
	'Diverter Bay::Discharging line: 7');
INSERT INTO ACT_AI
	VALUES ("393d0f01-5e5e-4f3f-a4b8-a0596e5f928e",
	"e49f6f9f-ba62-4465-9323-fec7db5c5fe0",
	"25fb2429-6a05-44ec-b7b1-d60ecc1b03ac",
	0,
	0);
INSERT INTO ACT_SMT
	VALUES ("5d529d2d-107f-4585-b5db-f64fa094f53b",
	"34e4a635-c4d3-4ec0-88da-84f6f1d0c288",
	"00000000-0000-0000-0000-000000000000",
	8,
	4,
	'Diverter Bay::Discharging line: 8');
INSERT INTO ACT_AI
	VALUES ("5d529d2d-107f-4585-b5db-f64fa094f53b",
	"4f61b6f6-d6a2-49be-a4d3-d55f93945fcc",
	"d3b99a90-e69c-4404-9a5f-1ef3b5850ada",
	0,
	0);
INSERT INTO V_VAL
	VALUES ("25fb2429-6a05-44ec-b7b1-d60ecc1b03ac",
	1,
	0,
	7,
	4,
	16,
	0,
	0,
	0,
	0,
	"0b9c6b49-c1c4-48d3-a888-a76d6461cf1e",
	"34e4a635-c4d3-4ec0-88da-84f6f1d0c288");
INSERT INTO V_TVL
	VALUES ("25fb2429-6a05-44ec-b7b1-d60ecc1b03ac",
	"e2d217cc-176e-40ba-a50b-9db4418d6d98");
INSERT INTO V_VAL
	VALUES ("e49f6f9f-ba62-4465-9323-fec7db5c5fe0",
	0,
	0,
	7,
	34,
	38,
	0,
	0,
	0,
	0,
	"0b9c6b49-c1c4-48d3-a888-a76d6461cf1e",
	"34e4a635-c4d3-4ec0-88da-84f6f1d0c288");
INSERT INTO V_LEN
	VALUES ("e49f6f9f-ba62-4465-9323-fec7db5c5fe0",
	"8a559e7f-3861-46ef-86db-7cb663135af4",
	7,
	20);
INSERT INTO V_VAL
	VALUES ("d3b99a90-e69c-4404-9a5f-1ef3b5850ada",
	1,
	0,
	8,
	4,
	16,
	0,
	0,
	0,
	0,
	"4acd14f2-8833-4e55-b0ec-4fb57786f07d",
	"34e4a635-c4d3-4ec0-88da-84f6f1d0c288");
INSERT INTO V_TVL
	VALUES ("d3b99a90-e69c-4404-9a5f-1ef3b5850ada",
	"13040c6c-f94a-4a72-a585-136cf0baf808");
INSERT INTO V_VAL
	VALUES ("4f61b6f6-d6a2-49be-a4d3-d55f93945fcc",
	0,
	0,
	8,
	47,
	72,
	0,
	0,
	0,
	0,
	"4acd14f2-8833-4e55-b0ec-4fb57786f07d",
	"34e4a635-c4d3-4ec0-88da-84f6f1d0c288");
INSERT INTO V_LEN
	VALUES ("4f61b6f6-d6a2-49be-a4d3-d55f93945fcc",
	"f9f51b3d-ae4a-491f-b3e7-cd479ef199e7",
	8,
	20);
INSERT INTO SM_NSTXN
	VALUES ("ae4d1b40-b971-4653-aa7b-a57cc39a0619",
	"0fdd48c7-ab43-4a00-80e5-96be2beb9b8a",
	"f1b825b6-0225-446b-86fa-669b675cefd6",
	"70cf87d0-db11-473f-b572-13a079567381",
	"00000000-0000-0000-0000-000000000000");
INSERT INTO SM_TAH
	VALUES ("c980485a-4a3b-458a-87a7-2f8b1254f383",
	"0fdd48c7-ab43-4a00-80e5-96be2beb9b8a",
	"ae4d1b40-b971-4653-aa7b-a57cc39a0619");
INSERT INTO SM_AH
	VALUES ("c980485a-4a3b-458a-87a7-2f8b1254f383",
	"0fdd48c7-ab43-4a00-80e5-96be2beb9b8a");
INSERT INTO SM_ACT
	VALUES ("c980485a-4a3b-458a-87a7-2f8b1254f383",
	"0fdd48c7-ab43-4a00-80e5-96be2beb9b8a",
	1,
	'',
	'');
INSERT INTO ACT_TAB
	VALUES ("2c9534fb-735c-4f02-904a-33e7ce082efd",
	"0fdd48c7-ab43-4a00-80e5-96be2beb9b8a",
	"c980485a-4a3b-458a-87a7-2f8b1254f383");
INSERT INTO ACT_ACT
	VALUES ("2c9534fb-735c-4f02-904a-33e7ce082efd",
	'transition',
	0,
	"b3b68412-a15a-4e66-870c-e9d51fcfa647",
	"00000000-0000-0000-0000-000000000000",
	0,
	'DVRTBAY2: divert_packet_received',
	"00000000-0000-0000-0000-000000000000");
INSERT INTO ACT_BLK
	VALUES ("b3b68412-a15a-4e66-870c-e9d51fcfa647",
	0,
	0,
	0,
	'',
	'',
	'',
	0,
	0,
	0,
	0,
	0,
	0,
	0,
	0,
	0,
	0,
	0,
	0,
	0,
	"2c9534fb-735c-4f02-904a-33e7ce082efd",
	"00000000-0000-0000-0000-000000000000");
INSERT INTO SM_TXN
	VALUES ("ae4d1b40-b971-4653-aa7b-a57cc39a0619",
	"0fdd48c7-ab43-4a00-80e5-96be2beb9b8a",
	"0aef4e5f-9046-4a6c-8c38-a63e339f4998",
	"00000000-0000-0000-0000-000000000000");
INSERT INTO SM_NSTXN
	VALUES ("a4e268a0-1118-46b0-afdb-bcb09f60bcdf",
	"0fdd48c7-ab43-4a00-80e5-96be2beb9b8a",
	"f1b825b6-0225-446b-86fa-669b675cefd6",
	"76685953-4d66-4de4-8284-9779ca7ceb3c",
	"00000000-0000-0000-0000-000000000000");
INSERT INTO SM_TAH
	VALUES ("7f4a7788-03ef-4c5b-a5a4-24800cf925d4",
	"0fdd48c7-ab43-4a00-80e5-96be2beb9b8a",
	"a4e268a0-1118-46b0-afdb-bcb09f60bcdf");
INSERT INTO SM_AH
	VALUES ("7f4a7788-03ef-4c5b-a5a4-24800cf925d4",
	"0fdd48c7-ab43-4a00-80e5-96be2beb9b8a");
INSERT INTO SM_ACT
	VALUES ("7f4a7788-03ef-4c5b-a5a4-24800cf925d4",
	"0fdd48c7-ab43-4a00-80e5-96be2beb9b8a",
	1,
	'',
	'');
INSERT INTO ACT_TAB
	VALUES ("e0838711-944a-472a-98ad-92db3bc69a61",
	"0fdd48c7-ab43-4a00-80e5-96be2beb9b8a",
	"7f4a7788-03ef-4c5b-a5a4-24800cf925d4");
INSERT INTO ACT_ACT
	VALUES ("e0838711-944a-472a-98ad-92db3bc69a61",
	'transition',
	0,
	"e50d14ea-b251-450b-a3b6-9f865321a547",
	"00000000-0000-0000-0000-000000000000",
	0,
	'DVRTBAY1: receive_sheet',
	"00000000-0000-0000-0000-000000000000");
INSERT INTO ACT_BLK
	VALUES ("e50d14ea-b251-450b-a3b6-9f865321a547",
	0,
	0,
	0,
	'',
	'',
	'',
	0,
	0,
	0,
	0,
	0,
	0,
	0,
	0,
	0,
	0,
	0,
	0,
	0,
	"e0838711-944a-472a-98ad-92db3bc69a61",
	"00000000-0000-0000-0000-000000000000");
INSERT INTO SM_TXN
	VALUES ("a4e268a0-1118-46b0-afdb-bcb09f60bcdf",
	"0fdd48c7-ab43-4a00-80e5-96be2beb9b8a",
	"f1b825b6-0225-446b-86fa-669b675cefd6",
	"00000000-0000-0000-0000-000000000000");
INSERT INTO SM_NSTXN
	VALUES ("a0ffcce9-59a0-4f6b-b55a-314a189817b7",
	"0fdd48c7-ab43-4a00-80e5-96be2beb9b8a",
	"7e8ab582-ba0b-4f59-af7c-0e0ad5b1c7c4",
	"76685953-4d66-4de4-8284-9779ca7ceb3c",
	"00000000-0000-0000-0000-000000000000");
INSERT INTO SM_TAH
	VALUES ("362664b9-3f3f-4deb-9784-089abec97d7e",
	"0fdd48c7-ab43-4a00-80e5-96be2beb9b8a",
	"a0ffcce9-59a0-4f6b-b55a-314a189817b7");
INSERT INTO SM_AH
	VALUES ("362664b9-3f3f-4deb-9784-089abec97d7e",
	"0fdd48c7-ab43-4a00-80e5-96be2beb9b8a");
INSERT INTO SM_ACT
	VALUES ("362664b9-3f3f-4deb-9784-089abec97d7e",
	"0fdd48c7-ab43-4a00-80e5-96be2beb9b8a",
	1,
	'',
	'');
INSERT INTO ACT_TAB
	VALUES ("6cc63cbf-4f81-4e46-8a3c-2cecd6e13dca",
	"0fdd48c7-ab43-4a00-80e5-96be2beb9b8a",
	"362664b9-3f3f-4deb-9784-089abec97d7e");
INSERT INTO ACT_ACT
	VALUES ("6cc63cbf-4f81-4e46-8a3c-2cecd6e13dca",
	'transition',
	0,
	"cf97c6cb-17ed-4386-ae8e-b2799858151d",
	"00000000-0000-0000-0000-000000000000",
	0,
	'DVRTBAY1: receive_sheet',
	"00000000-0000-0000-0000-000000000000");
INSERT INTO ACT_BLK
	VALUES ("cf97c6cb-17ed-4386-ae8e-b2799858151d",
	0,
	0,
	0,
	'',
	'',
	'',
	0,
	0,
	0,
	0,
	0,
	0,
	0,
	0,
	0,
	0,
	0,
	0,
	0,
	"6cc63cbf-4f81-4e46-8a3c-2cecd6e13dca",
	"00000000-0000-0000-0000-000000000000");
INSERT INTO SM_TXN
	VALUES ("a0ffcce9-59a0-4f6b-b55a-314a189817b7",
	"0fdd48c7-ab43-4a00-80e5-96be2beb9b8a",
	"f1b825b6-0225-446b-86fa-669b675cefd6",
	"00000000-0000-0000-0000-000000000000");
INSERT INTO SM_NSTXN
	VALUES ("184c06d4-df25-439f-933e-beb264b1e2d3",
	"0fdd48c7-ab43-4a00-80e5-96be2beb9b8a",
	"0aef4e5f-9046-4a6c-8c38-a63e339f4998",
	"76685953-4d66-4de4-8284-9779ca7ceb3c",
	"00000000-0000-0000-0000-000000000000");
INSERT INTO SM_TAH
	VALUES ("2141f675-1355-45d6-868a-f8e3aa634ffe",
	"0fdd48c7-ab43-4a00-80e5-96be2beb9b8a",
	"184c06d4-df25-439f-933e-beb264b1e2d3");
INSERT INTO SM_AH
	VALUES ("2141f675-1355-45d6-868a-f8e3aa634ffe",
	"0fdd48c7-ab43-4a00-80e5-96be2beb9b8a");
INSERT INTO SM_ACT
	VALUES ("2141f675-1355-45d6-868a-f8e3aa634ffe",
	"0fdd48c7-ab43-4a00-80e5-96be2beb9b8a",
	1,
	'',
	'');
INSERT INTO ACT_TAB
	VALUES ("e5c696d2-61a6-4948-92d2-40378b46842e",
	"0fdd48c7-ab43-4a00-80e5-96be2beb9b8a",
	"2141f675-1355-45d6-868a-f8e3aa634ffe");
INSERT INTO ACT_ACT
	VALUES ("e5c696d2-61a6-4948-92d2-40378b46842e",
	'transition',
	0,
	"92f78ce4-29f2-4995-a196-174ce319bf82",
	"00000000-0000-0000-0000-000000000000",
	0,
	'DVRTBAY1: receive_sheet',
	"00000000-0000-0000-0000-000000000000");
INSERT INTO ACT_BLK
	VALUES ("92f78ce4-29f2-4995-a196-174ce319bf82",
	0,
	0,
	0,
	'',
	'',
	'',
	0,
	0,
	0,
	0,
	0,
	0,
	0,
	0,
	0,
	0,
	0,
	0,
	0,
	"e5c696d2-61a6-4948-92d2-40378b46842e",
	"00000000-0000-0000-0000-000000000000");
INSERT INTO SM_TXN
	VALUES ("184c06d4-df25-439f-933e-beb264b1e2d3",
	"0fdd48c7-ab43-4a00-80e5-96be2beb9b8a",
	"f1b825b6-0225-446b-86fa-669b675cefd6",
	"00000000-0000-0000-0000-000000000000");
INSERT INTO SM_NSTXN
	VALUES ("d765ab45-4f31-46ce-b299-e5652d2b4ab9",
	"0fdd48c7-ab43-4a00-80e5-96be2beb9b8a",
	"0aef4e5f-9046-4a6c-8c38-a63e339f4998",
	"d53a49f4-d082-40f0-a3cc-e8a707bc2d4a",
	"00000000-0000-0000-0000-000000000000");
INSERT INTO SM_TAH
	VALUES ("d2294d20-c7cf-43a6-85c1-9fd6b4a0c056",
	"0fdd48c7-ab43-4a00-80e5-96be2beb9b8a",
	"d765ab45-4f31-46ce-b299-e5652d2b4ab9");
INSERT INTO SM_AH
	VALUES ("d2294d20-c7cf-43a6-85c1-9fd6b4a0c056",
	"0fdd48c7-ab43-4a00-80e5-96be2beb9b8a");
INSERT INTO SM_ACT
	VALUES ("d2294d20-c7cf-43a6-85c1-9fd6b4a0c056",
	"0fdd48c7-ab43-4a00-80e5-96be2beb9b8a",
	1,
	'',
	'');
INSERT INTO ACT_TAB
	VALUES ("fecfd431-9e57-441f-bd09-cffb239699d9",
	"0fdd48c7-ab43-4a00-80e5-96be2beb9b8a",
	"d2294d20-c7cf-43a6-85c1-9fd6b4a0c056");
INSERT INTO ACT_ACT
	VALUES ("fecfd431-9e57-441f-bd09-cffb239699d9",
	'transition',
	0,
	"1cda9033-1dda-47ab-93e7-1a76bda520dc",
	"00000000-0000-0000-0000-000000000000",
	0,
	'DVRTBAY3: start_discharge',
	"00000000-0000-0000-0000-000000000000");
INSERT INTO ACT_BLK
	VALUES ("1cda9033-1dda-47ab-93e7-1a76bda520dc",
	0,
	0,
	0,
	'',
	'',
	'',
	0,
	0,
	0,
	0,
	0,
	0,
	0,
	0,
	0,
	0,
	0,
	0,
	0,
	"fecfd431-9e57-441f-bd09-cffb239699d9",
	"00000000-0000-0000-0000-000000000000");
INSERT INTO SM_TXN
	VALUES ("d765ab45-4f31-46ce-b299-e5652d2b4ab9",
	"0fdd48c7-ab43-4a00-80e5-96be2beb9b8a",
	"7129d9eb-e75b-4e8a-bbc5-688b0f884941",
	"00000000-0000-0000-0000-000000000000");
INSERT INTO SM_NSTXN
	VALUES ("59788a3c-2746-4312-a94b-70aa22f0d3da",
	"0fdd48c7-ab43-4a00-80e5-96be2beb9b8a",
	"7129d9eb-e75b-4e8a-bbc5-688b0f884941",
	"ce209c72-3e77-4341-9458-7436af3c01f6",
	"00000000-0000-0000-0000-000000000000");
INSERT INTO SM_TAH
	VALUES ("170c3521-6b60-46be-a08d-a3c147707987",
	"0fdd48c7-ab43-4a00-80e5-96be2beb9b8a",
	"59788a3c-2746-4312-a94b-70aa22f0d3da");
INSERT INTO SM_AH
	VALUES ("170c3521-6b60-46be-a08d-a3c147707987",
	"0fdd48c7-ab43-4a00-80e5-96be2beb9b8a");
INSERT INTO SM_ACT
	VALUES ("170c3521-6b60-46be-a08d-a3c147707987",
	"0fdd48c7-ab43-4a00-80e5-96be2beb9b8a",
	1,
	'',
	'');
INSERT INTO ACT_TAB
	VALUES ("e26190a3-fa8e-468a-987d-e95769108c46",
	"0fdd48c7-ab43-4a00-80e5-96be2beb9b8a",
	"170c3521-6b60-46be-a08d-a3c147707987");
INSERT INTO ACT_ACT
	VALUES ("e26190a3-fa8e-468a-987d-e95769108c46",
	'transition',
	0,
	"7abcc8f7-3df5-45e9-a9a8-2617755b6d64",
	"00000000-0000-0000-0000-000000000000",
	0,
	'DVRTBAY4: discharge_complete',
	"00000000-0000-0000-0000-000000000000");
INSERT INTO ACT_BLK
	VALUES ("7abcc8f7-3df5-45e9-a9a8-2617755b6d64",
	0,
	0,
	0,
	'',
	'',
	'',
	0,
	0,
	0,
	0,
	0,
	0,
	0,
	0,
	0,
	0,
	0,
	0,
	0,
	"e26190a3-fa8e-468a-987d-e95769108c46",
	"00000000-0000-0000-0000-000000000000");
INSERT INTO SM_TXN
	VALUES ("59788a3c-2746-4312-a94b-70aa22f0d3da",
	"0fdd48c7-ab43-4a00-80e5-96be2beb9b8a",
	"7e8ab582-ba0b-4f59-af7c-0e0ad5b1c7c4",
	"00000000-0000-0000-0000-000000000000");
INSERT INTO PE_PE
	VALUES ("305400b4-2051-4933-9eda-11fff7893d50",
	1,
	"dc4131cd-6623-4946-bae6-3107b2be2c64",
	"00000000-0000-0000-0000-000000000000",
	4);
INSERT INTO O_OBJ
	VALUES ("305400b4-2051-4933-9eda-11fff7893d50",
	'Diverter Pan',
	9,
	'DVTPAN',
	'',
	"00000000-0000-0000-0000-000000000000");
INSERT INTO O_NBATTR
	VALUES ("e4bba2b5-6c6a-4c46-aac2-7dcb1b5fba0f",
	"305400b4-2051-4933-9eda-11fff7893d50");
INSERT INTO O_BATTR
	VALUES ("e4bba2b5-6c6a-4c46-aac2-7dcb1b5fba0f",
	"305400b4-2051-4933-9eda-11fff7893d50");
INSERT INTO O_ATTR
	VALUES ("e4bba2b5-6c6a-4c46-aac2-7dcb1b5fba0f",
	"305400b4-2051-4933-9eda-11fff7893d50",
	"00000000-0000-0000-0000-000000000000",
	'position',
	'',
	'',
	'position',
	0,
	"ba5eda7a-def5-0000-0000-000000000002",
	'',
	'');
INSERT INTO O_NBATTR
	VALUES ("19a86a5a-dfb6-4179-9c14-6503512bfa54",
	"305400b4-2051-4933-9eda-11fff7893d50");
INSERT INTO O_BATTR
	VALUES ("19a86a5a-dfb6-4179-9c14-6503512bfa54",
	"305400b4-2051-4933-9eda-11fff7893d50");
INSERT INTO O_ATTR
	VALUES ("19a86a5a-dfb6-4179-9c14-6503512bfa54",
	"305400b4-2051-4933-9eda-11fff7893d50",
	"e4bba2b5-6c6a-4c46-aac2-7dcb1b5fba0f",
	'current_state',
	'',
	'',
	'current_state',
	0,
	"ba5eda7a-def5-0000-0000-000000000006",
	'',
	'');
INSERT INTO O_ID
	VALUES (0,
	"305400b4-2051-4933-9eda-11fff7893d50");
INSERT INTO O_ID
	VALUES (1,
	"305400b4-2051-4933-9eda-11fff7893d50");
INSERT INTO O_ID
	VALUES (2,
	"305400b4-2051-4933-9eda-11fff7893d50");
INSERT INTO SM_ISM
	VALUES ("03bacc9c-d1f0-4c23-b36e-03b019edbf1e",
	"305400b4-2051-4933-9eda-11fff7893d50");
INSERT INTO SM_SM
	VALUES ("03bacc9c-d1f0-4c23-b36e-03b019edbf1e",
	'',
	0);
INSERT INTO SM_MOORE
	VALUES ("03bacc9c-d1f0-4c23-b36e-03b019edbf1e");
INSERT INTO SM_NLEVT
	VALUES ("f7a273e2-1014-41df-b756-469627381097",
	"03bacc9c-d1f0-4c23-b36e-03b019edbf1e",
	"00000000-0000-0000-0000-000000000000",
	"e0a943d5-8801-47e5-820d-8ee4e98f5f40",
	"6110756b-f976-4fd3-bf1e-c88222878dbd",
	"00000000-0000-0000-0000-000000000000",
	'');
INSERT INTO SM_SEVT
	VALUES ("f7a273e2-1014-41df-b756-469627381097",
	"03bacc9c-d1f0-4c23-b36e-03b019edbf1e",
	"00000000-0000-0000-0000-000000000000");
INSERT INTO SM_EVT
	VALUES ("f7a273e2-1014-41df-b756-469627381097",
	"03bacc9c-d1f0-4c23-b36e-03b019edbf1e",
	"00000000-0000-0000-0000-000000000000",
	2,
	'de_activate',
	0,
	'',
	'ACTR2*',
	'');
INSERT INTO SM_NLEVT
	VALUES ("3d2a505c-9ccf-44cd-bb72-1497f70a5f5d",
	"03bacc9c-d1f0-4c23-b36e-03b019edbf1e",
	"00000000-0000-0000-0000-000000000000",
	"fe8564b3-1381-4481-8f71-eacda34d89ea",
	"6110756b-f976-4fd3-bf1e-c88222878dbd",
	"00000000-0000-0000-0000-000000000000",
	'');
INSERT INTO SM_SEVT
	VALUES ("3d2a505c-9ccf-44cd-bb72-1497f70a5f5d",
	"03bacc9c-d1f0-4c23-b36e-03b019edbf1e",
	"00000000-0000-0000-0000-000000000000");
INSERT INTO SM_EVT
	VALUES ("3d2a505c-9ccf-44cd-bb72-1497f70a5f5d",
	"03bacc9c-d1f0-4c23-b36e-03b019edbf1e",
	"00000000-0000-0000-0000-000000000000",
	1,
	'activate',
	0,
	'',
	'ACTR1*',
	'');
INSERT INTO SM_LEVT
	VALUES ("0d375ca2-8eec-4da7-8774-0ba540b0b206",
	"03bacc9c-d1f0-4c23-b36e-03b019edbf1e",
	"00000000-0000-0000-0000-000000000000");
INSERT INTO SM_SEVT
	VALUES ("0d375ca2-8eec-4da7-8774-0ba540b0b206",
	"03bacc9c-d1f0-4c23-b36e-03b019edbf1e",
	"00000000-0000-0000-0000-000000000000");
INSERT INTO SM_EVT
	VALUES ("0d375ca2-8eec-4da7-8774-0ba540b0b206",
	"03bacc9c-d1f0-4c23-b36e-03b019edbf1e",
	"00000000-0000-0000-0000-000000000000",
	3,
	'LowerPan',
	0,
	'',
	'DVTPAN3',
	'');
INSERT INTO SM_STATE
	VALUES ("6d9f8bda-738d-4332-848b-8ff717c6f0e4",
	"03bacc9c-d1f0-4c23-b36e-03b019edbf1e",
	"00000000-0000-0000-0000-000000000000",
	'PanDown',
	3,
	0);
INSERT INTO SM_CH
	VALUES ("6d9f8bda-738d-4332-848b-8ff717c6f0e4",
	"f7a273e2-1014-41df-b756-469627381097",
	"03bacc9c-d1f0-4c23-b36e-03b019edbf1e",
	"00000000-0000-0000-0000-000000000000",
	'');
INSERT INTO SM_SEME
	VALUES ("6d9f8bda-738d-4332-848b-8ff717c6f0e4",
	"f7a273e2-1014-41df-b756-469627381097",
	"03bacc9c-d1f0-4c23-b36e-03b019edbf1e",
	"00000000-0000-0000-0000-000000000000");
INSERT INTO SM_SEME
	VALUES ("6d9f8bda-738d-4332-848b-8ff717c6f0e4",
	"3d2a505c-9ccf-44cd-bb72-1497f70a5f5d",
	"03bacc9c-d1f0-4c23-b36e-03b019edbf1e",
	"00000000-0000-0000-0000-000000000000");
INSERT INTO SM_CH
	VALUES ("6d9f8bda-738d-4332-848b-8ff717c6f0e4",
	"0d375ca2-8eec-4da7-8774-0ba540b0b206",
	"03bacc9c-d1f0-4c23-b36e-03b019edbf1e",
	"00000000-0000-0000-0000-000000000000",
	'');
INSERT INTO SM_SEME
	VALUES ("6d9f8bda-738d-4332-848b-8ff717c6f0e4",
	"0d375ca2-8eec-4da7-8774-0ba540b0b206",
	"03bacc9c-d1f0-4c23-b36e-03b019edbf1e",
	"00000000-0000-0000-0000-000000000000");
INSERT INTO SM_MOAH
	VALUES ("aaa2b250-ad07-4d98-a9cd-08df210af9a4",
	"03bacc9c-d1f0-4c23-b36e-03b019edbf1e",
	"6d9f8bda-738d-4332-848b-8ff717c6f0e4");
INSERT INTO SM_AH
	VALUES ("aaa2b250-ad07-4d98-a9cd-08df210af9a4",
	"03bacc9c-d1f0-4c23-b36e-03b019edbf1e");
INSERT INTO SM_ACT
	VALUES ("aaa2b250-ad07-4d98-a9cd-08df210af9a4",
	"03bacc9c-d1f0-4c23-b36e-03b019edbf1e",
	1,
	'',
	'');
INSERT INTO ACT_SAB
	VALUES ("0ffaadd3-be35-4d75-bfdc-85b3bff884d1",
	"03bacc9c-d1f0-4c23-b36e-03b019edbf1e",
	"aaa2b250-ad07-4d98-a9cd-08df210af9a4");
INSERT INTO ACT_ACT
	VALUES ("0ffaadd3-be35-4d75-bfdc-85b3bff884d1",
	'state',
	0,
	"4590bf74-771e-426a-baee-a6e1baa45412",
	"00000000-0000-0000-0000-000000000000",
	0,
	'Diverter Pan::PanDown',
	"00000000-0000-0000-0000-000000000000");
INSERT INTO ACT_BLK
	VALUES ("4590bf74-771e-426a-baee-a6e1baa45412",
	0,
	0,
	0,
	'',
	'',
	'',
	0,
	0,
	0,
	0,
	0,
	0,
	0,
	0,
	0,
	0,
	0,
	0,
	0,
	"0ffaadd3-be35-4d75-bfdc-85b3bff884d1",
	"00000000-0000-0000-0000-000000000000");
INSERT INTO SM_STATE
	VALUES ("51d96170-d471-43cb-b80c-9f36a258474e",
	"03bacc9c-d1f0-4c23-b36e-03b019edbf1e",
	"00000000-0000-0000-0000-000000000000",
	'PanUp',
	2,
	0);
INSERT INTO SM_SEME
	VALUES ("51d96170-d471-43cb-b80c-9f36a258474e",
	"f7a273e2-1014-41df-b756-469627381097",
	"03bacc9c-d1f0-4c23-b36e-03b019edbf1e",
	"00000000-0000-0000-0000-000000000000");
INSERT INTO SM_CH
	VALUES ("51d96170-d471-43cb-b80c-9f36a258474e",
	"3d2a505c-9ccf-44cd-bb72-1497f70a5f5d",
	"03bacc9c-d1f0-4c23-b36e-03b019edbf1e",
	"00000000-0000-0000-0000-000000000000",
	'');
INSERT INTO SM_SEME
	VALUES ("51d96170-d471-43cb-b80c-9f36a258474e",
	"3d2a505c-9ccf-44cd-bb72-1497f70a5f5d",
	"03bacc9c-d1f0-4c23-b36e-03b019edbf1e",
	"00000000-0000-0000-0000-000000000000");
INSERT INTO SM_CH
	VALUES ("51d96170-d471-43cb-b80c-9f36a258474e",
	"0d375ca2-8eec-4da7-8774-0ba540b0b206",
	"03bacc9c-d1f0-4c23-b36e-03b019edbf1e",
	"00000000-0000-0000-0000-000000000000",
	'');
INSERT INTO SM_SEME
	VALUES ("51d96170-d471-43cb-b80c-9f36a258474e",
	"0d375ca2-8eec-4da7-8774-0ba540b0b206",
	"03bacc9c-d1f0-4c23-b36e-03b019edbf1e",
	"00000000-0000-0000-0000-000000000000");
INSERT INTO SM_MOAH
	VALUES ("0d459c25-3bef-4ec4-ada8-c5a77f23b73e",
	"03bacc9c-d1f0-4c23-b36e-03b019edbf1e",
	"51d96170-d471-43cb-b80c-9f36a258474e");
INSERT INTO SM_AH
	VALUES ("0d459c25-3bef-4ec4-ada8-c5a77f23b73e",
	"03bacc9c-d1f0-4c23-b36e-03b019edbf1e");
INSERT INTO SM_ACT
	VALUES ("0d459c25-3bef-4ec4-ada8-c5a77f23b73e",
	"03bacc9c-d1f0-4c23-b36e-03b019edbf1e",
	1,
	'',
	'');
INSERT INTO ACT_SAB
	VALUES ("e094d904-18fa-479e-aad9-a63a409b15bd",
	"03bacc9c-d1f0-4c23-b36e-03b019edbf1e",
	"0d459c25-3bef-4ec4-ada8-c5a77f23b73e");
INSERT INTO ACT_ACT
	VALUES ("e094d904-18fa-479e-aad9-a63a409b15bd",
	'state',
	0,
	"1f6c27e7-f3c8-45a9-a6f5-7a3baff46e78",
	"00000000-0000-0000-0000-000000000000",
	0,
	'Diverter Pan::PanUp',
	"00000000-0000-0000-0000-000000000000");
INSERT INTO ACT_BLK
	VALUES ("1f6c27e7-f3c8-45a9-a6f5-7a3baff46e78",
	0,
	0,
	0,
	'',
	'',
	'',
	0,
	0,
	0,
	0,
	0,
	0,
	0,
	0,
	0,
	0,
	0,
	0,
	0,
	"e094d904-18fa-479e-aad9-a63a409b15bd",
	"00000000-0000-0000-0000-000000000000");
INSERT INTO SM_STATE
	VALUES ("749d8d2c-c55e-4f63-9e9a-c5476bd5edcb",
	"03bacc9c-d1f0-4c23-b36e-03b019edbf1e",
	"00000000-0000-0000-0000-000000000000",
	'Initial',
	1,
	0);
INSERT INTO SM_CH
	VALUES ("749d8d2c-c55e-4f63-9e9a-c5476bd5edcb",
	"f7a273e2-1014-41df-b756-469627381097",
	"03bacc9c-d1f0-4c23-b36e-03b019edbf1e",
	"00000000-0000-0000-0000-000000000000",
	'');
INSERT INTO SM_SEME
	VALUES ("749d8d2c-c55e-4f63-9e9a-c5476bd5edcb",
	"f7a273e2-1014-41df-b756-469627381097",
	"03bacc9c-d1f0-4c23-b36e-03b019edbf1e",
	"00000000-0000-0000-0000-000000000000");
INSERT INTO SM_CH
	VALUES ("749d8d2c-c55e-4f63-9e9a-c5476bd5edcb",
	"3d2a505c-9ccf-44cd-bb72-1497f70a5f5d",
	"03bacc9c-d1f0-4c23-b36e-03b019edbf1e",
	"00000000-0000-0000-0000-000000000000",
	'');
INSERT INTO SM_SEME
	VALUES ("749d8d2c-c55e-4f63-9e9a-c5476bd5edcb",
	"3d2a505c-9ccf-44cd-bb72-1497f70a5f5d",
	"03bacc9c-d1f0-4c23-b36e-03b019edbf1e",
	"00000000-0000-0000-0000-000000000000");
INSERT INTO SM_SEME
	VALUES ("749d8d2c-c55e-4f63-9e9a-c5476bd5edcb",
	"0d375ca2-8eec-4da7-8774-0ba540b0b206",
	"03bacc9c-d1f0-4c23-b36e-03b019edbf1e",
	"00000000-0000-0000-0000-000000000000");
INSERT INTO SM_MOAH
	VALUES ("acd9dc2b-a1e9-4070-856d-0133b63d0dad",
	"03bacc9c-d1f0-4c23-b36e-03b019edbf1e",
	"749d8d2c-c55e-4f63-9e9a-c5476bd5edcb");
INSERT INTO SM_AH
	VALUES ("acd9dc2b-a1e9-4070-856d-0133b63d0dad",
	"03bacc9c-d1f0-4c23-b36e-03b019edbf1e");
INSERT INTO SM_ACT
	VALUES ("acd9dc2b-a1e9-4070-856d-0133b63d0dad",
	"03bacc9c-d1f0-4c23-b36e-03b019edbf1e",
	1,
	'',
	'');
INSERT INTO ACT_SAB
	VALUES ("49984196-c156-47af-98bb-828888434565",
	"03bacc9c-d1f0-4c23-b36e-03b019edbf1e",
	"acd9dc2b-a1e9-4070-856d-0133b63d0dad");
INSERT INTO ACT_ACT
	VALUES ("49984196-c156-47af-98bb-828888434565",
	'state',
	0,
	"77d22cd5-ca91-42fa-883f-ec8dbe388e8d",
	"00000000-0000-0000-0000-000000000000",
	0,
	'Diverter Pan::Initial',
	"00000000-0000-0000-0000-000000000000");
INSERT INTO ACT_BLK
	VALUES ("77d22cd5-ca91-42fa-883f-ec8dbe388e8d",
	0,
	0,
	0,
	'',
	'',
	'',
	0,
	0,
	0,
	0,
	0,
	0,
	0,
	0,
	0,
	0,
	0,
	0,
	0,
	"49984196-c156-47af-98bb-828888434565",
	"00000000-0000-0000-0000-000000000000");
INSERT INTO SM_NSTXN
	VALUES ("abfba185-db09-4d0c-8388-d7be93164b13",
	"03bacc9c-d1f0-4c23-b36e-03b019edbf1e",
	"6d9f8bda-738d-4332-848b-8ff717c6f0e4",
	"3d2a505c-9ccf-44cd-bb72-1497f70a5f5d",
	"00000000-0000-0000-0000-000000000000");
INSERT INTO SM_TAH
	VALUES ("5ae3bce3-900a-4e9b-bc88-8810cf65e1bb",
	"03bacc9c-d1f0-4c23-b36e-03b019edbf1e",
	"abfba185-db09-4d0c-8388-d7be93164b13");
INSERT INTO SM_AH
	VALUES ("5ae3bce3-900a-4e9b-bc88-8810cf65e1bb",
	"03bacc9c-d1f0-4c23-b36e-03b019edbf1e");
INSERT INTO SM_ACT
	VALUES ("5ae3bce3-900a-4e9b-bc88-8810cf65e1bb",
	"03bacc9c-d1f0-4c23-b36e-03b019edbf1e",
	1,
	'',
	'');
INSERT INTO ACT_TAB
	VALUES ("798c4dd7-daaf-4c91-84ba-485f39db3137",
	"03bacc9c-d1f0-4c23-b36e-03b019edbf1e",
	"5ae3bce3-900a-4e9b-bc88-8810cf65e1bb");
INSERT INTO ACT_ACT
	VALUES ("798c4dd7-daaf-4c91-84ba-485f39db3137",
	'transition',
	0,
	"4eeb79f8-531f-49eb-bb41-b3c304d42fae",
	"00000000-0000-0000-0000-000000000000",
	0,
	'activate::Actuator',
	"00000000-0000-0000-0000-000000000000");
INSERT INTO ACT_BLK
	VALUES ("4eeb79f8-531f-49eb-bb41-b3c304d42fae",
	0,
	0,
	0,
	'',
	'',
	'',
	0,
	0,
	0,
	0,
	0,
	0,
	0,
	0,
	0,
	0,
	0,
	0,
	0,
	"798c4dd7-daaf-4c91-84ba-485f39db3137",
	"00000000-0000-0000-0000-000000000000");
INSERT INTO SM_TXN
	VALUES ("abfba185-db09-4d0c-8388-d7be93164b13",
	"03bacc9c-d1f0-4c23-b36e-03b019edbf1e",
	"51d96170-d471-43cb-b80c-9f36a258474e",
	"00000000-0000-0000-0000-000000000000");
INSERT INTO SM_NSTXN
	VALUES ("e7355164-1ae2-42e5-9ae1-32d4fd2e3d75",
	"03bacc9c-d1f0-4c23-b36e-03b019edbf1e",
	"51d96170-d471-43cb-b80c-9f36a258474e",
	"f7a273e2-1014-41df-b756-469627381097",
	"00000000-0000-0000-0000-000000000000");
INSERT INTO SM_TAH
	VALUES ("808590b7-be0b-47df-9228-885afe4ae47a",
	"03bacc9c-d1f0-4c23-b36e-03b019edbf1e",
	"e7355164-1ae2-42e5-9ae1-32d4fd2e3d75");
INSERT INTO SM_AH
	VALUES ("808590b7-be0b-47df-9228-885afe4ae47a",
	"03bacc9c-d1f0-4c23-b36e-03b019edbf1e");
INSERT INTO SM_ACT
	VALUES ("808590b7-be0b-47df-9228-885afe4ae47a",
	"03bacc9c-d1f0-4c23-b36e-03b019edbf1e",
	1,
	'',
	'');
INSERT INTO ACT_TAB
	VALUES ("e81f3637-cc15-43d1-ad8d-804a2bf1999d",
	"03bacc9c-d1f0-4c23-b36e-03b019edbf1e",
	"808590b7-be0b-47df-9228-885afe4ae47a");
INSERT INTO ACT_ACT
	VALUES ("e81f3637-cc15-43d1-ad8d-804a2bf1999d",
	'transition',
	0,
	"9c2b0290-3f6e-433f-bbfc-c2c191f3c617",
	"00000000-0000-0000-0000-000000000000",
	0,
	'de_activate::Actuator',
	"00000000-0000-0000-0000-000000000000");
INSERT INTO ACT_BLK
	VALUES ("9c2b0290-3f6e-433f-bbfc-c2c191f3c617",
	0,
	0,
	0,
	'',
	'',
	'',
	0,
	0,
	0,
	0,
	0,
	0,
	0,
	0,
	0,
	0,
	0,
	0,
	0,
	"e81f3637-cc15-43d1-ad8d-804a2bf1999d",
	"00000000-0000-0000-0000-000000000000");
INSERT INTO SM_TXN
	VALUES ("e7355164-1ae2-42e5-9ae1-32d4fd2e3d75",
	"03bacc9c-d1f0-4c23-b36e-03b019edbf1e",
	"6d9f8bda-738d-4332-848b-8ff717c6f0e4",
	"00000000-0000-0000-0000-000000000000");
INSERT INTO SM_NSTXN
	VALUES ("1ac8d886-4215-4151-bb79-66b21d9515a6",
	"03bacc9c-d1f0-4c23-b36e-03b019edbf1e",
	"749d8d2c-c55e-4f63-9e9a-c5476bd5edcb",
	"0d375ca2-8eec-4da7-8774-0ba540b0b206",
	"00000000-0000-0000-0000-000000000000");
INSERT INTO SM_TAH
	VALUES ("dcb51183-5641-439c-bd06-43213a3300d8",
	"03bacc9c-d1f0-4c23-b36e-03b019edbf1e",
	"1ac8d886-4215-4151-bb79-66b21d9515a6");
INSERT INTO SM_AH
	VALUES ("dcb51183-5641-439c-bd06-43213a3300d8",
	"03bacc9c-d1f0-4c23-b36e-03b019edbf1e");
INSERT INTO SM_ACT
	VALUES ("dcb51183-5641-439c-bd06-43213a3300d8",
	"03bacc9c-d1f0-4c23-b36e-03b019edbf1e",
	1,
	'',
	'');
INSERT INTO ACT_TAB
	VALUES ("d8ba8320-683f-4247-9a2e-b3db2c7fe739",
	"03bacc9c-d1f0-4c23-b36e-03b019edbf1e",
	"dcb51183-5641-439c-bd06-43213a3300d8");
INSERT INTO ACT_ACT
	VALUES ("d8ba8320-683f-4247-9a2e-b3db2c7fe739",
	'transition',
	0,
	"afbb6e87-860d-46e7-bba8-384c691a3fea",
	"00000000-0000-0000-0000-000000000000",
	0,
	'DVTPAN3: LowerPan',
	"00000000-0000-0000-0000-000000000000");
INSERT INTO ACT_BLK
	VALUES ("afbb6e87-860d-46e7-bba8-384c691a3fea",
	0,
	0,
	0,
	'',
	'',
	'',
	0,
	0,
	0,
	0,
	0,
	0,
	0,
	0,
	0,
	0,
	0,
	0,
	0,
	"d8ba8320-683f-4247-9a2e-b3db2c7fe739",
	"00000000-0000-0000-0000-000000000000");
INSERT INTO SM_TXN
	VALUES ("1ac8d886-4215-4151-bb79-66b21d9515a6",
	"03bacc9c-d1f0-4c23-b36e-03b019edbf1e",
	"6d9f8bda-738d-4332-848b-8ff717c6f0e4",
	"00000000-0000-0000-0000-000000000000");
INSERT INTO PE_PE
	VALUES ("383c6d8c-1272-4d44-a081-627be54df5e3",
	1,
	"dc4131cd-6623-4946-bae6-3107b2be2c64",
	"00000000-0000-0000-0000-000000000000",
	4);
INSERT INTO O_OBJ
	VALUES ("383c6d8c-1272-4d44-a081-627be54df5e3",
	'Fingers',
	8,
	'FNGRS',
	'',
	"00000000-0000-0000-0000-000000000000");
INSERT INTO O_NBATTR
	VALUES ("1701df20-f278-4701-abed-3d20bbc9d3d8",
	"383c6d8c-1272-4d44-a081-627be54df5e3");
INSERT INTO O_BATTR
	VALUES ("1701df20-f278-4701-abed-3d20bbc9d3d8",
	"383c6d8c-1272-4d44-a081-627be54df5e3");
INSERT INTO O_ATTR
	VALUES ("1701df20-f278-4701-abed-3d20bbc9d3d8",
	"383c6d8c-1272-4d44-a081-627be54df5e3",
	"00000000-0000-0000-0000-000000000000",
	'position',
	'Relative to Pivot Point',
	'',
	'position',
	0,
	"ba5eda7a-def5-0000-0000-000000000002",
	'',
	'');
INSERT INTO O_NBATTR
	VALUES ("be2513d8-5074-4ef8-ac34-79cff11eeedd",
	"383c6d8c-1272-4d44-a081-627be54df5e3");
INSERT INTO O_BATTR
	VALUES ("be2513d8-5074-4ef8-ac34-79cff11eeedd",
	"383c6d8c-1272-4d44-a081-627be54df5e3");
INSERT INTO O_ATTR
	VALUES ("be2513d8-5074-4ef8-ac34-79cff11eeedd",
	"383c6d8c-1272-4d44-a081-627be54df5e3",
	"1701df20-f278-4701-abed-3d20bbc9d3d8",
	'lower_time',
	'',
	'',
	'lower_time',
	0,
	"ba5eda7a-def5-0000-0000-000000000002",
	'',
	'');
INSERT INTO O_NBATTR
	VALUES ("2320eda4-50f6-4640-8c6a-5b0f6c423675",
	"383c6d8c-1272-4d44-a081-627be54df5e3");
INSERT INTO O_BATTR
	VALUES ("2320eda4-50f6-4640-8c6a-5b0f6c423675",
	"383c6d8c-1272-4d44-a081-627be54df5e3");
INSERT INTO O_ATTR
	VALUES ("2320eda4-50f6-4640-8c6a-5b0f6c423675",
	"383c6d8c-1272-4d44-a081-627be54df5e3",
	"be2513d8-5074-4ef8-ac34-79cff11eeedd",
	'raise_time',
	'',
	'',
	'raise_time',
	0,
	"ba5eda7a-def5-0000-0000-000000000002",
	'',
	'');
INSERT INTO O_NBATTR
	VALUES ("f3de988c-f3ed-4097-b39d-9fcd3bea4ac4",
	"383c6d8c-1272-4d44-a081-627be54df5e3");
INSERT INTO O_BATTR
	VALUES ("f3de988c-f3ed-4097-b39d-9fcd3bea4ac4",
	"383c6d8c-1272-4d44-a081-627be54df5e3");
INSERT INTO O_ATTR
	VALUES ("f3de988c-f3ed-4097-b39d-9fcd3bea4ac4",
	"383c6d8c-1272-4d44-a081-627be54df5e3",
	"2320eda4-50f6-4640-8c6a-5b0f6c423675",
	'current_state',
	'',
	'',
	'current_state',
	0,
	"ba5eda7a-def5-0000-0000-000000000006",
	'',
	'');
INSERT INTO O_ID
	VALUES (0,
	"383c6d8c-1272-4d44-a081-627be54df5e3");
INSERT INTO O_ID
	VALUES (1,
	"383c6d8c-1272-4d44-a081-627be54df5e3");
INSERT INTO O_ID
	VALUES (2,
	"383c6d8c-1272-4d44-a081-627be54df5e3");
INSERT INTO SM_ISM
	VALUES ("af1bfc3f-d8d8-4791-8487-4c2f4888c674",
	"383c6d8c-1272-4d44-a081-627be54df5e3");
INSERT INTO SM_SM
	VALUES ("af1bfc3f-d8d8-4791-8487-4c2f4888c674",
	'',
	0);
INSERT INTO SM_MOORE
	VALUES ("af1bfc3f-d8d8-4791-8487-4c2f4888c674");
INSERT INTO SM_NLEVT
	VALUES ("82863fa2-1340-4e19-92ed-203f4850d98a",
	"af1bfc3f-d8d8-4791-8487-4c2f4888c674",
	"00000000-0000-0000-0000-000000000000",
	"e0a943d5-8801-47e5-820d-8ee4e98f5f40",
	"6110756b-f976-4fd3-bf1e-c88222878dbd",
	"00000000-0000-0000-0000-000000000000",
	'');
INSERT INTO SM_SEVT
	VALUES ("82863fa2-1340-4e19-92ed-203f4850d98a",
	"af1bfc3f-d8d8-4791-8487-4c2f4888c674",
	"00000000-0000-0000-0000-000000000000");
INSERT INTO SM_EVT
	VALUES ("82863fa2-1340-4e19-92ed-203f4850d98a",
	"af1bfc3f-d8d8-4791-8487-4c2f4888c674",
	"00000000-0000-0000-0000-000000000000",
	2,
	'de_activate',
	0,
	'',
	'ACTR2*',
	'');
INSERT INTO SM_NLEVT
	VALUES ("12c521b8-cc23-4a98-918b-c96f17735b3b",
	"af1bfc3f-d8d8-4791-8487-4c2f4888c674",
	"00000000-0000-0000-0000-000000000000",
	"fe8564b3-1381-4481-8f71-eacda34d89ea",
	"6110756b-f976-4fd3-bf1e-c88222878dbd",
	"00000000-0000-0000-0000-000000000000",
	'');
INSERT INTO SM_SEVT
	VALUES ("12c521b8-cc23-4a98-918b-c96f17735b3b",
	"af1bfc3f-d8d8-4791-8487-4c2f4888c674",
	"00000000-0000-0000-0000-000000000000");
INSERT INTO SM_EVT
	VALUES ("12c521b8-cc23-4a98-918b-c96f17735b3b",
	"af1bfc3f-d8d8-4791-8487-4c2f4888c674",
	"00000000-0000-0000-0000-000000000000",
	1,
	'activate',
	0,
	'',
	'ACTR1*',
	'');
INSERT INTO SM_STATE
	VALUES ("9f3f83af-519c-4d6f-a569-ceb74d72d87a",
	"af1bfc3f-d8d8-4791-8487-4c2f4888c674",
	"00000000-0000-0000-0000-000000000000",
	'Raised',
	1,
	0);
INSERT INTO SM_CH
	VALUES ("9f3f83af-519c-4d6f-a569-ceb74d72d87a",
	"82863fa2-1340-4e19-92ed-203f4850d98a",
	"af1bfc3f-d8d8-4791-8487-4c2f4888c674",
	"00000000-0000-0000-0000-000000000000",
	'');
INSERT INTO SM_SEME
	VALUES ("9f3f83af-519c-4d6f-a569-ceb74d72d87a",
	"82863fa2-1340-4e19-92ed-203f4850d98a",
	"af1bfc3f-d8d8-4791-8487-4c2f4888c674",
	"00000000-0000-0000-0000-000000000000");
INSERT INTO SM_SEME
	VALUES ("9f3f83af-519c-4d6f-a569-ceb74d72d87a",
	"12c521b8-cc23-4a98-918b-c96f17735b3b",
	"af1bfc3f-d8d8-4791-8487-4c2f4888c674",
	"00000000-0000-0000-0000-000000000000");
INSERT INTO SM_MOAH
	VALUES ("4c81aca7-1dc8-4f08-9d96-443abe932104",
	"af1bfc3f-d8d8-4791-8487-4c2f4888c674",
	"9f3f83af-519c-4d6f-a569-ceb74d72d87a");
INSERT INTO SM_AH
	VALUES ("4c81aca7-1dc8-4f08-9d96-443abe932104",
	"af1bfc3f-d8d8-4791-8487-4c2f4888c674");
INSERT INTO SM_ACT
	VALUES ("4c81aca7-1dc8-4f08-9d96-443abe932104",
	"af1bfc3f-d8d8-4791-8487-4c2f4888c674",
	1,
	'',
	'');
INSERT INTO ACT_SAB
	VALUES ("cecdf164-7678-46f0-8b7e-92936d1e3413",
	"af1bfc3f-d8d8-4791-8487-4c2f4888c674",
	"4c81aca7-1dc8-4f08-9d96-443abe932104");
INSERT INTO ACT_ACT
	VALUES ("cecdf164-7678-46f0-8b7e-92936d1e3413",
	'state',
	0,
	"e229c375-788a-40c2-9b9c-3332e84f3c88",
	"00000000-0000-0000-0000-000000000000",
	0,
	'Fingers::Raised',
	"00000000-0000-0000-0000-000000000000");
INSERT INTO ACT_BLK
	VALUES ("e229c375-788a-40c2-9b9c-3332e84f3c88",
	0,
	0,
	0,
	'',
	'',
	'',
	0,
	0,
	0,
	0,
	0,
	0,
	0,
	0,
	0,
	0,
	0,
	0,
	0,
	"cecdf164-7678-46f0-8b7e-92936d1e3413",
	"00000000-0000-0000-0000-000000000000");
INSERT INTO SM_STATE
	VALUES ("cd0210e7-691a-4dc9-a07d-0582eca49e2a",
	"af1bfc3f-d8d8-4791-8487-4c2f4888c674",
	"00000000-0000-0000-0000-000000000000",
	'Lowered',
	2,
	0);
INSERT INTO SM_SEME
	VALUES ("cd0210e7-691a-4dc9-a07d-0582eca49e2a",
	"82863fa2-1340-4e19-92ed-203f4850d98a",
	"af1bfc3f-d8d8-4791-8487-4c2f4888c674",
	"00000000-0000-0000-0000-000000000000");
INSERT INTO SM_CH
	VALUES ("cd0210e7-691a-4dc9-a07d-0582eca49e2a",
	"12c521b8-cc23-4a98-918b-c96f17735b3b",
	"af1bfc3f-d8d8-4791-8487-4c2f4888c674",
	"00000000-0000-0000-0000-000000000000",
	'');
INSERT INTO SM_SEME
	VALUES ("cd0210e7-691a-4dc9-a07d-0582eca49e2a",
	"12c521b8-cc23-4a98-918b-c96f17735b3b",
	"af1bfc3f-d8d8-4791-8487-4c2f4888c674",
	"00000000-0000-0000-0000-000000000000");
INSERT INTO SM_MOAH
	VALUES ("3661c53a-7f0a-4692-8f52-fed36b30a647",
	"af1bfc3f-d8d8-4791-8487-4c2f4888c674",
	"cd0210e7-691a-4dc9-a07d-0582eca49e2a");
INSERT INTO SM_AH
	VALUES ("3661c53a-7f0a-4692-8f52-fed36b30a647",
	"af1bfc3f-d8d8-4791-8487-4c2f4888c674");
INSERT INTO SM_ACT
	VALUES ("3661c53a-7f0a-4692-8f52-fed36b30a647",
	"af1bfc3f-d8d8-4791-8487-4c2f4888c674",
	1,
	'',
	'');
INSERT INTO ACT_SAB
	VALUES ("248c6dd4-01d9-45c7-9928-6ecae5b7af31",
	"af1bfc3f-d8d8-4791-8487-4c2f4888c674",
	"3661c53a-7f0a-4692-8f52-fed36b30a647");
INSERT INTO ACT_ACT
	VALUES ("248c6dd4-01d9-45c7-9928-6ecae5b7af31",
	'state',
	0,
	"d8fb2f37-f7ba-4507-853f-1e9d97e1efdf",
	"00000000-0000-0000-0000-000000000000",
	0,
	'Fingers::Lowered',
	"00000000-0000-0000-0000-000000000000");
INSERT INTO ACT_BLK
	VALUES ("d8fb2f37-f7ba-4507-853f-1e9d97e1efdf",
	0,
	0,
	0,
	'',
	'',
	'',
	0,
	0,
	0,
	0,
	0,
	0,
	0,
	0,
	0,
	0,
	0,
	0,
	0,
	"248c6dd4-01d9-45c7-9928-6ecae5b7af31",
	"00000000-0000-0000-0000-000000000000");
INSERT INTO SM_NSTXN
	VALUES ("2dfef20d-a2ad-49e2-aa0f-621b71f8a5ea",
	"af1bfc3f-d8d8-4791-8487-4c2f4888c674",
	"9f3f83af-519c-4d6f-a569-ceb74d72d87a",
	"12c521b8-cc23-4a98-918b-c96f17735b3b",
	"00000000-0000-0000-0000-000000000000");
INSERT INTO SM_TAH
	VALUES ("fc33ea04-17b0-4ae6-815d-24436d4d839c",
	"af1bfc3f-d8d8-4791-8487-4c2f4888c674",
	"2dfef20d-a2ad-49e2-aa0f-621b71f8a5ea");
INSERT INTO SM_AH
	VALUES ("fc33ea04-17b0-4ae6-815d-24436d4d839c",
	"af1bfc3f-d8d8-4791-8487-4c2f4888c674");
INSERT INTO SM_ACT
	VALUES ("fc33ea04-17b0-4ae6-815d-24436d4d839c",
	"af1bfc3f-d8d8-4791-8487-4c2f4888c674",
	1,
	'',
	'');
INSERT INTO ACT_TAB
	VALUES ("967e1d07-b541-46fd-b298-69199d5abe34",
	"af1bfc3f-d8d8-4791-8487-4c2f4888c674",
	"fc33ea04-17b0-4ae6-815d-24436d4d839c");
INSERT INTO ACT_ACT
	VALUES ("967e1d07-b541-46fd-b298-69199d5abe34",
	'transition',
	0,
	"4b21d7fd-1889-4618-8640-7104ed2792ef",
	"00000000-0000-0000-0000-000000000000",
	0,
	'activate::Actuator',
	"00000000-0000-0000-0000-000000000000");
INSERT INTO ACT_BLK
	VALUES ("4b21d7fd-1889-4618-8640-7104ed2792ef",
	0,
	0,
	0,
	'',
	'',
	'',
	0,
	0,
	0,
	0,
	0,
	0,
	0,
	0,
	0,
	0,
	0,
	0,
	0,
	"967e1d07-b541-46fd-b298-69199d5abe34",
	"00000000-0000-0000-0000-000000000000");
INSERT INTO SM_TXN
	VALUES ("2dfef20d-a2ad-49e2-aa0f-621b71f8a5ea",
	"af1bfc3f-d8d8-4791-8487-4c2f4888c674",
	"cd0210e7-691a-4dc9-a07d-0582eca49e2a",
	"00000000-0000-0000-0000-000000000000");
INSERT INTO SM_NSTXN
	VALUES ("0bf1b3fb-b4a5-4e24-bedd-2481d283fe3b",
	"af1bfc3f-d8d8-4791-8487-4c2f4888c674",
	"cd0210e7-691a-4dc9-a07d-0582eca49e2a",
	"82863fa2-1340-4e19-92ed-203f4850d98a",
	"00000000-0000-0000-0000-000000000000");
INSERT INTO SM_TAH
	VALUES ("8b00dc15-5bf1-4ce3-8342-fad48d359b3a",
	"af1bfc3f-d8d8-4791-8487-4c2f4888c674",
	"0bf1b3fb-b4a5-4e24-bedd-2481d283fe3b");
INSERT INTO SM_AH
	VALUES ("8b00dc15-5bf1-4ce3-8342-fad48d359b3a",
	"af1bfc3f-d8d8-4791-8487-4c2f4888c674");
INSERT INTO SM_ACT
	VALUES ("8b00dc15-5bf1-4ce3-8342-fad48d359b3a",
	"af1bfc3f-d8d8-4791-8487-4c2f4888c674",
	1,
	'',
	'');
INSERT INTO ACT_TAB
	VALUES ("f2e0143c-f5d1-4172-a9f8-c598af7a801d",
	"af1bfc3f-d8d8-4791-8487-4c2f4888c674",
	"8b00dc15-5bf1-4ce3-8342-fad48d359b3a");
INSERT INTO ACT_ACT
	VALUES ("f2e0143c-f5d1-4172-a9f8-c598af7a801d",
	'transition',
	0,
	"9990b361-adf8-4198-a03c-ee08b4c43511",
	"00000000-0000-0000-0000-000000000000",
	0,
	'de_activate::Actuator',
	"00000000-0000-0000-0000-000000000000");
INSERT INTO ACT_BLK
	VALUES ("9990b361-adf8-4198-a03c-ee08b4c43511",
	0,
	0,
	0,
	'',
	'',
	'',
	0,
	0,
	0,
	0,
	0,
	0,
	0,
	0,
	0,
	0,
	0,
	0,
	0,
	"f2e0143c-f5d1-4172-a9f8-c598af7a801d",
	"00000000-0000-0000-0000-000000000000");
INSERT INTO SM_TXN
	VALUES ("0bf1b3fb-b4a5-4e24-bedd-2481d283fe3b",
	"af1bfc3f-d8d8-4791-8487-4c2f4888c674",
	"9f3f83af-519c-4d6f-a569-ceb74d72d87a",
	"00000000-0000-0000-0000-000000000000");
INSERT INTO PE_PE
	VALUES ("7acab340-f561-4166-9e38-4cf9ed1dd6f4",
	1,
	"dc4131cd-6623-4946-bae6-3107b2be2c64",
	"00000000-0000-0000-0000-000000000000",
	4);
INSERT INTO O_OBJ
	VALUES ("7acab340-f561-4166-9e38-4cf9ed1dd6f4",
	'Tracking Point',
	4,
	'TRKPT',
	'',
	"00000000-0000-0000-0000-000000000000");
INSERT INTO O_NBATTR
	VALUES ("14ff47a4-cfbb-4b5b-8a5a-b708400828dc",
	"7acab340-f561-4166-9e38-4cf9ed1dd6f4");
INSERT INTO O_BATTR
	VALUES ("14ff47a4-cfbb-4b5b-8a5a-b708400828dc",
	"7acab340-f561-4166-9e38-4cf9ed1dd6f4");
INSERT INTO O_ATTR
	VALUES ("14ff47a4-cfbb-4b5b-8a5a-b708400828dc",
	"7acab340-f561-4166-9e38-4cf9ed1dd6f4",
	"582be5fa-616c-43e0-b279-56372c57229c",
	'actual_position',
	'Units = mm
The physical position on the machine measured from the knife cut line,
where the interaction is desired to occur with the divert sheet.',
	'',
	'actual_position',
	0,
	"ba5eda7a-def5-0000-0000-000000000002",
	'',
	'');
INSERT INTO O_NBATTR
	VALUES ("e8ae9d10-187d-4e5e-9dcf-b3f1a535c957",
	"7acab340-f561-4166-9e38-4cf9ed1dd6f4");
INSERT INTO O_BATTR
	VALUES ("e8ae9d10-187d-4e5e-9dcf-b3f1a535c957",
	"7acab340-f561-4166-9e38-4cf9ed1dd6f4");
INSERT INTO O_ATTR
	VALUES ("e8ae9d10-187d-4e5e-9dcf-b3f1a535c957",
	"7acab340-f561-4166-9e38-4cf9ed1dd6f4",
	"377b478c-236d-4b6b-8c77-47e4632bc6c8",
	'type',
	'Identity of type of event to fire when tracking point is reached.',
	'',
	'type',
	0,
	"f961515d-472a-4432-b8cf-b197121dd833",
	'',
	'');
INSERT INTO O_NBATTR
	VALUES ("3f445b9e-0cd9-4c40-a615-2a61f9a65d5b",
	"7acab340-f561-4166-9e38-4cf9ed1dd6f4");
INSERT INTO O_BATTR
	VALUES ("3f445b9e-0cd9-4c40-a615-2a61f9a65d5b",
	"7acab340-f561-4166-9e38-4cf9ed1dd6f4");
INSERT INTO O_ATTR
	VALUES ("3f445b9e-0cd9-4c40-a615-2a61f9a65d5b",
	"7acab340-f561-4166-9e38-4cf9ed1dd6f4",
	"14ff47a4-cfbb-4b5b-8a5a-b708400828dc",
	'offset_time',
	'Units = mSec
The actuator''s delay to change position.',
	'',
	'offset_time',
	0,
	"ba5eda7a-def5-0000-0000-000000000002",
	'',
	'');
INSERT INTO O_NBATTR
	VALUES ("377b478c-236d-4b6b-8c77-47e4632bc6c8",
	"7acab340-f561-4166-9e38-4cf9ed1dd6f4");
INSERT INTO O_BATTR
	VALUES ("377b478c-236d-4b6b-8c77-47e4632bc6c8",
	"7acab340-f561-4166-9e38-4cf9ed1dd6f4");
INSERT INTO O_ATTR
	VALUES ("377b478c-236d-4b6b-8c77-47e4632bc6c8",
	"7acab340-f561-4166-9e38-4cf9ed1dd6f4",
	"3f445b9e-0cd9-4c40-a615-2a61f9a65d5b",
	'effective_position',
	'Units = mm
The position of the divert sheet specified edge when the tracking point is reached
based on the offset_time and speed the divert sheet is traveling.  If the
offset_time is 0, then the effective_position will be equal to the actual_position.',
	'',
	'effective_position',
	0,
	"ba5eda7a-def5-0000-0000-000000000002",
	'',
	'');
INSERT INTO O_NBATTR
	VALUES ("582be5fa-616c-43e0-b279-56372c57229c",
	"7acab340-f561-4166-9e38-4cf9ed1dd6f4");
INSERT INTO O_BATTR
	VALUES ("582be5fa-616c-43e0-b279-56372c57229c",
	"7acab340-f561-4166-9e38-4cf9ed1dd6f4");
INSERT INTO O_ATTR
	VALUES ("582be5fa-616c-43e0-b279-56372c57229c",
	"7acab340-f561-4166-9e38-4cf9ed1dd6f4",
	"51833501-f903-4b9a-876c-49e5f4e98d71",
	'edge_to_track',
	'Defines which edge of the sheet should be used as the comparison reference.',
	'',
	'edge_to_track',
	0,
	"a4eb2471-acf5-42f0-ad8b-e089fda62049",
	'',
	'');
INSERT INTO O_REF
	VALUES ("7acab340-f561-4166-9e38-4cf9ed1dd6f4",
	"c06f4827-2810-4d7f-9b50-0e5bfeccfdce",
	0,
	"9b342614-a038-4953-ba36-4226f490993c",
	"85cc6b4f-811e-49b6-94a1-12c4143b2d77",
	"5461d0fc-baac-4973-8411-bfaf929a9617",
	"1ab2e58f-c742-42a5-ade9-dfb684789073",
	"6c0a2ae8-9af0-4cad-a576-dcec9972fa92",
	"b9694276-4d91-426b-88b3-4bb0571c4d81",
	"00000000-0000-0000-0000-000000000000",
	0,
	'',
	'Divert Sheet',
	'Id',
	'R3.''responds to position of''');
INSERT INTO O_RATTR
	VALUES ("6c0a2ae8-9af0-4cad-a576-dcec9972fa92",
	"7acab340-f561-4166-9e38-4cf9ed1dd6f4",
	"9b342614-a038-4953-ba36-4226f490993c",
	"c06f4827-2810-4d7f-9b50-0e5bfeccfdce",
	1,
	'Id');
INSERT INTO O_ATTR
	VALUES ("6c0a2ae8-9af0-4cad-a576-dcec9972fa92",
	"7acab340-f561-4166-9e38-4cf9ed1dd6f4",
	"00000000-0000-0000-0000-000000000000",
	'TRKDVRTSHT_Id',
	'',
	'TRKDVRTSHT_',
	'Id',
	1,
	"ba5eda7a-def5-0000-0000-000000000007",
	'',
	'');
INSERT INTO O_REF
	VALUES ("7acab340-f561-4166-9e38-4cf9ed1dd6f4",
	"e530f8f2-a9fb-46e0-b7d9-9c46dc77bc67",
	0,
	"5be94755-35b2-414e-a4cb-41e5b4d8d00a",
	"85cc6b4f-811e-49b6-94a1-12c4143b2d77",
	"5461d0fc-baac-4973-8411-bfaf929a9617",
	"e0e30026-2c25-474b-b208-e8f5aa386703",
	"51833501-f903-4b9a-876c-49e5f4e98d71",
	"859ecd7b-e7f5-4ceb-a18c-4ee02cdda764",
	"00000000-0000-0000-0000-000000000000",
	0,
	'',
	'Actuator',
	'Id',
	'R3.''initiates motion on''');
INSERT INTO O_RATTR
	VALUES ("51833501-f903-4b9a-876c-49e5f4e98d71",
	"7acab340-f561-4166-9e38-4cf9ed1dd6f4",
	"5be94755-35b2-414e-a4cb-41e5b4d8d00a",
	"e530f8f2-a9fb-46e0-b7d9-9c46dc77bc67",
	1,
	'Id');
INSERT INTO O_ATTR
	VALUES ("51833501-f903-4b9a-876c-49e5f4e98d71",
	"7acab340-f561-4166-9e38-4cf9ed1dd6f4",
	"6c0a2ae8-9af0-4cad-a576-dcec9972fa92",
	'ACTR_Id',
	'',
	'ACTR_',
	'Id',
	1,
	"ba5eda7a-def5-0000-0000-000000000007",
	'',
	'');
INSERT INTO O_ID
	VALUES (0,
	"7acab340-f561-4166-9e38-4cf9ed1dd6f4");
INSERT INTO O_OIDA
	VALUES ("6c0a2ae8-9af0-4cad-a576-dcec9972fa92",
	"7acab340-f561-4166-9e38-4cf9ed1dd6f4",
	0,
	'TRKDVRTSHT_Id');
INSERT INTO O_OIDA
	VALUES ("51833501-f903-4b9a-876c-49e5f4e98d71",
	"7acab340-f561-4166-9e38-4cf9ed1dd6f4",
	0,
	'ACTR_Id');
INSERT INTO O_ID
	VALUES (1,
	"7acab340-f561-4166-9e38-4cf9ed1dd6f4");
INSERT INTO O_ID
	VALUES (2,
	"7acab340-f561-4166-9e38-4cf9ed1dd6f4");
INSERT INTO SM_ASM
	VALUES ("3ce0f266-a7af-4b57-b6f4-1d995a91b332",
	"7acab340-f561-4166-9e38-4cf9ed1dd6f4");
INSERT INTO SM_SM
	VALUES ("3ce0f266-a7af-4b57-b6f4-1d995a91b332",
	'',
	0);
INSERT INTO SM_MOORE
	VALUES ("3ce0f266-a7af-4b57-b6f4-1d995a91b332");
INSERT INTO SM_LEVT
	VALUES ("82917f2d-0211-4832-8f72-c3635ce86587",
	"3ce0f266-a7af-4b57-b6f4-1d995a91b332",
	"00000000-0000-0000-0000-000000000000");
INSERT INTO SM_SEVT
	VALUES ("82917f2d-0211-4832-8f72-c3635ce86587",
	"3ce0f266-a7af-4b57-b6f4-1d995a91b332",
	"00000000-0000-0000-0000-000000000000");
INSERT INTO SM_EVT
	VALUES ("82917f2d-0211-4832-8f72-c3635ce86587",
	"3ce0f266-a7af-4b57-b6f4-1d995a91b332",
	"00000000-0000-0000-0000-000000000000",
	1,
	'correct_position',
	0,
	'',
	'TRKPT_A1',
	'');
INSERT INTO SM_STATE
	VALUES ("9fc5c503-aa4c-4bfd-b208-54747a046a71",
	"3ce0f266-a7af-4b57-b6f4-1d995a91b332",
	"00000000-0000-0000-0000-000000000000",
	'CorrectForVelocity',
	1,
	0);
INSERT INTO SM_SEME
	VALUES ("9fc5c503-aa4c-4bfd-b208-54747a046a71",
	"82917f2d-0211-4832-8f72-c3635ce86587",
	"3ce0f266-a7af-4b57-b6f4-1d995a91b332",
	"00000000-0000-0000-0000-000000000000");
INSERT INTO SM_MOAH
	VALUES ("701594a3-4b02-421e-8e60-1703de8eb42a",
	"3ce0f266-a7af-4b57-b6f4-1d995a91b332",
	"9fc5c503-aa4c-4bfd-b208-54747a046a71");
INSERT INTO SM_AH
	VALUES ("701594a3-4b02-421e-8e60-1703de8eb42a",
	"3ce0f266-a7af-4b57-b6f4-1d995a91b332");
INSERT INTO SM_ACT
	VALUES ("701594a3-4b02-421e-8e60-1703de8eb42a",
	"3ce0f266-a7af-4b57-b6f4-1d995a91b332",
	1,
	'// Update the position of all tracking points

// Obtain the current velocity of the sheet handling system
sheet_handler_velocity = 0; // velocity from required interface
   
select many tracking_points from TRKPT;
for each tracking_point in tracking_points;
   // x0 = x1 - (v0 * t) : Not accounting for acceleration changes
   tracking_point.effective_position = tracking_point.actual_position - (sheet_handler_velocity * tracking_point.offset_time); // * scaling for proper units; 
   
end for;
',
	'');
INSERT INTO ACT_SAB
	VALUES ("d316b30a-eda3-4730-b27f-b2f8d343d862",
	"3ce0f266-a7af-4b57-b6f4-1d995a91b332",
	"701594a3-4b02-421e-8e60-1703de8eb42a");
INSERT INTO ACT_ACT
	VALUES ("d316b30a-eda3-4730-b27f-b2f8d343d862",
	'class state',
	0,
	"1a5d9748-f1b9-4e9e-b530-9fc1fc14a589",
	"00000000-0000-0000-0000-000000000000",
	0,
	'Tracking Point::CorrectForVelocity',
	"00000000-0000-0000-0000-000000000000");
INSERT INTO ACT_BLK
	VALUES ("1a5d9748-f1b9-4e9e-b530-9fc1fc14a589",
	1,
	0,
	0,
	'',
	'',
	'',
	7,
	1,
	6,
	34,
	0,
	0,
	0,
	0,
	0,
	0,
	0,
	0,
	0,
	"d316b30a-eda3-4730-b27f-b2f8d343d862",
	"00000000-0000-0000-0000-000000000000");
INSERT INTO ACT_SMT
	VALUES ("60bd723e-8d8f-40fb-9058-44b4e2e4d41a",
	"1a5d9748-f1b9-4e9e-b530-9fc1fc14a589",
	"fba574dc-679a-4e09-bb91-8e7bbf730aba",
	4,
	1,
	'Tracking Point::CorrectForVelocity line: 4');
INSERT INTO ACT_AI
	VALUES ("60bd723e-8d8f-40fb-9058-44b4e2e4d41a",
	"5a55b034-f1bd-45b3-92dc-4ce2384cd7f7",
	"5c7032af-8ce1-4e83-a8c9-38002b2ca296",
	0,
	0);
INSERT INTO ACT_SMT
	VALUES ("fba574dc-679a-4e09-bb91-8e7bbf730aba",
	"1a5d9748-f1b9-4e9e-b530-9fc1fc14a589",
	"9ef1c3fb-fcd2-43fc-81bb-3b62cc14eff0",
	6,
	1,
	'Tracking Point::CorrectForVelocity line: 6');
INSERT INTO ACT_FIO
	VALUES ("fba574dc-679a-4e09-bb91-8e7bbf730aba",
	"cfdd70a7-44a7-4049-89d6-46b4377e871c",
	1,
	'many',
	"7acab340-f561-4166-9e38-4cf9ed1dd6f4",
	6,
	34);
INSERT INTO ACT_SMT
	VALUES ("9ef1c3fb-fcd2-43fc-81bb-3b62cc14eff0",
	"1a5d9748-f1b9-4e9e-b530-9fc1fc14a589",
	"00000000-0000-0000-0000-000000000000",
	7,
	1,
	'Tracking Point::CorrectForVelocity line: 7');
INSERT INTO ACT_FOR
	VALUES ("9ef1c3fb-fcd2-43fc-81bb-3b62cc14eff0",
	"5f1f4eef-9ab9-4612-bfca-c77b1043706f",
	1,
	"cf640e9e-92af-4a8a-aed6-31e72351e908",
	"cfdd70a7-44a7-4049-89d6-46b4377e871c",
	"7acab340-f561-4166-9e38-4cf9ed1dd6f4");
INSERT INTO V_VAL
	VALUES ("5c7032af-8ce1-4e83-a8c9-38002b2ca296",
	1,
	1,
	4,
	1,
	22,
	0,
	0,
	0,
	0,
	"ba5eda7a-def5-0000-0000-000000000002",
	"1a5d9748-f1b9-4e9e-b530-9fc1fc14a589");
INSERT INTO V_TVL
	VALUES ("5c7032af-8ce1-4e83-a8c9-38002b2ca296",
	"2dab4379-15b9-4b4d-a273-b6a217a851f3");
INSERT INTO V_VAL
	VALUES ("5a55b034-f1bd-45b3-92dc-4ce2384cd7f7",
	0,
	0,
	4,
	26,
	26,
	0,
	0,
	0,
	0,
	"ba5eda7a-def5-0000-0000-000000000002",
	"1a5d9748-f1b9-4e9e-b530-9fc1fc14a589");
INSERT INTO V_LIN
	VALUES ("5a55b034-f1bd-45b3-92dc-4ce2384cd7f7",
	'0');
INSERT INTO V_VAR
	VALUES ("2dab4379-15b9-4b4d-a273-b6a217a851f3",
	"1a5d9748-f1b9-4e9e-b530-9fc1fc14a589",
	'sheet_handler_velocity',
	1,
	"ba5eda7a-def5-0000-0000-000000000002");
INSERT INTO V_TRN
	VALUES ("2dab4379-15b9-4b4d-a273-b6a217a851f3",
	"00000000-0000-0000-0000-000000000000",
	'');
INSERT INTO V_VAR
	VALUES ("cfdd70a7-44a7-4049-89d6-46b4377e871c",
	"1a5d9748-f1b9-4e9e-b530-9fc1fc14a589",
	'tracking_points',
	1,
	"ba5eda7a-def5-0000-0000-000000000009");
INSERT INTO V_INS
	VALUES ("cfdd70a7-44a7-4049-89d6-46b4377e871c",
	"7acab340-f561-4166-9e38-4cf9ed1dd6f4");
INSERT INTO V_VAR
	VALUES ("cf640e9e-92af-4a8a-aed6-31e72351e908",
	"1a5d9748-f1b9-4e9e-b530-9fc1fc14a589",
	'tracking_point',
	1,
	"ba5eda7a-def5-0000-0000-000000000008");
INSERT INTO V_INT
	VALUES ("cf640e9e-92af-4a8a-aed6-31e72351e908",
	1,
	"7acab340-f561-4166-9e38-4cf9ed1dd6f4");
INSERT INTO ACT_BLK
	VALUES ("5f1f4eef-9ab9-4612-bfca-c77b1043706f",
	0,
	0,
	0,
	'',
	'',
	'',
	9,
	4,
	0,
	0,
	0,
	0,
	0,
	0,
	0,
	0,
	0,
	0,
	0,
	"d316b30a-eda3-4730-b27f-b2f8d343d862",
	"00000000-0000-0000-0000-000000000000");
INSERT INTO ACT_SMT
	VALUES ("e343f6c3-21fc-4023-a22c-4ff12b72c7fa",
	"5f1f4eef-9ab9-4612-bfca-c77b1043706f",
	"00000000-0000-0000-0000-000000000000",
	9,
	4,
	'Tracking Point::CorrectForVelocity line: 9');
INSERT INTO ACT_AI
	VALUES ("e343f6c3-21fc-4023-a22c-4ff12b72c7fa",
	"756b502c-9d92-429c-8d19-0e8fd567e204",
	"bc13afef-7063-44d1-b3fe-0e3711dfa664",
	0,
	0);
INSERT INTO V_VAL
	VALUES ("a2a06832-23fc-4040-afe4-eb03edfe9e64",
	1,
	0,
	9,
	4,
	17,
	0,
	0,
	0,
	0,
	"ba5eda7a-def5-0000-0000-000000000008",
	"5f1f4eef-9ab9-4612-bfca-c77b1043706f");
INSERT INTO V_IRF
	VALUES ("a2a06832-23fc-4040-afe4-eb03edfe9e64",
	"cf640e9e-92af-4a8a-aed6-31e72351e908");
INSERT INTO V_VAL
	VALUES ("bc13afef-7063-44d1-b3fe-0e3711dfa664",
	1,
	0,
	9,
	19,
	36,
	0,
	0,
	0,
	0,
	"ba5eda7a-def5-0000-0000-000000000002",
	"5f1f4eef-9ab9-4612-bfca-c77b1043706f");
INSERT INTO V_AVL
	VALUES ("bc13afef-7063-44d1-b3fe-0e3711dfa664",
	"a2a06832-23fc-4040-afe4-eb03edfe9e64",
	"7acab340-f561-4166-9e38-4cf9ed1dd6f4",
	"377b478c-236d-4b6b-8c77-47e4632bc6c8");
INSERT INTO V_VAL
	VALUES ("f9c21109-b91c-4ce2-93bd-28c2404a16db",
	0,
	0,
	9,
	40,
	53,
	0,
	0,
	0,
	0,
	"ba5eda7a-def5-0000-0000-000000000008",
	"5f1f4eef-9ab9-4612-bfca-c77b1043706f");
INSERT INTO V_IRF
	VALUES ("f9c21109-b91c-4ce2-93bd-28c2404a16db",
	"cf640e9e-92af-4a8a-aed6-31e72351e908");
INSERT INTO V_VAL
	VALUES ("7dc13676-7a00-4050-a426-2ae0029a8a44",
	0,
	0,
	9,
	55,
	69,
	0,
	0,
	0,
	0,
	"ba5eda7a-def5-0000-0000-000000000002",
	"5f1f4eef-9ab9-4612-bfca-c77b1043706f");
INSERT INTO V_AVL
	VALUES ("7dc13676-7a00-4050-a426-2ae0029a8a44",
	"f9c21109-b91c-4ce2-93bd-28c2404a16db",
	"7acab340-f561-4166-9e38-4cf9ed1dd6f4",
	"14ff47a4-cfbb-4b5b-8a5a-b708400828dc");
INSERT INTO V_VAL
	VALUES ("756b502c-9d92-429c-8d19-0e8fd567e204",
	0,
	0,
	-1,
	-1,
	-1,
	0,
	0,
	0,
	0,
	"ba5eda7a-def5-0000-0000-000000000002",
	"5f1f4eef-9ab9-4612-bfca-c77b1043706f");
INSERT INTO V_BIN
	VALUES ("756b502c-9d92-429c-8d19-0e8fd567e204",
	"b48e63b8-7972-405d-b539-f54746304d3e",
	"7dc13676-7a00-4050-a426-2ae0029a8a44",
	'-');
INSERT INTO V_VAL
	VALUES ("c30795db-1073-4d8e-a95f-9cb8e691da5f",
	0,
	0,
	9,
	74,
	95,
	0,
	0,
	0,
	0,
	"ba5eda7a-def5-0000-0000-000000000002",
	"5f1f4eef-9ab9-4612-bfca-c77b1043706f");
INSERT INTO V_TVL
	VALUES ("c30795db-1073-4d8e-a95f-9cb8e691da5f",
	"2dab4379-15b9-4b4d-a273-b6a217a851f3");
INSERT INTO V_VAL
	VALUES ("b48e63b8-7972-405d-b539-f54746304d3e",
	0,
	0,
	-1,
	-1,
	-1,
	0,
	0,
	0,
	0,
	"ba5eda7a-def5-0000-0000-000000000002",
	"5f1f4eef-9ab9-4612-bfca-c77b1043706f");
INSERT INTO V_BIN
	VALUES ("b48e63b8-7972-405d-b539-f54746304d3e",
	"64734e96-f52c-41ee-8cc8-5a12f7c8a526",
	"c30795db-1073-4d8e-a95f-9cb8e691da5f",
	'*');
INSERT INTO V_VAL
	VALUES ("ad7b6b3b-de85-4933-89d0-4a70e7ad06df",
	0,
	0,
	9,
	99,
	112,
	0,
	0,
	0,
	0,
	"ba5eda7a-def5-0000-0000-000000000008",
	"5f1f4eef-9ab9-4612-bfca-c77b1043706f");
INSERT INTO V_IRF
	VALUES ("ad7b6b3b-de85-4933-89d0-4a70e7ad06df",
	"cf640e9e-92af-4a8a-aed6-31e72351e908");
INSERT INTO V_VAL
	VALUES ("64734e96-f52c-41ee-8cc8-5a12f7c8a526",
	0,
	0,
	9,
	114,
	124,
	0,
	0,
	0,
	0,
	"ba5eda7a-def5-0000-0000-000000000002",
	"5f1f4eef-9ab9-4612-bfca-c77b1043706f");
INSERT INTO V_AVL
	VALUES ("64734e96-f52c-41ee-8cc8-5a12f7c8a526",
	"ad7b6b3b-de85-4933-89d0-4a70e7ad06df",
	"7acab340-f561-4166-9e38-4cf9ed1dd6f4",
	"3f445b9e-0cd9-4c40-a615-2a61f9a65d5b");
INSERT INTO SM_NSTXN
	VALUES ("f295515f-ef7a-4757-b100-0fb48a35d8cc",
	"3ce0f266-a7af-4b57-b6f4-1d995a91b332",
	"9fc5c503-aa4c-4bfd-b208-54747a046a71",
	"82917f2d-0211-4832-8f72-c3635ce86587",
	"00000000-0000-0000-0000-000000000000");
INSERT INTO SM_TAH
	VALUES ("37caedbd-43ac-4552-b54c-0b1e02650916",
	"3ce0f266-a7af-4b57-b6f4-1d995a91b332",
	"f295515f-ef7a-4757-b100-0fb48a35d8cc");
INSERT INTO SM_AH
	VALUES ("37caedbd-43ac-4552-b54c-0b1e02650916",
	"3ce0f266-a7af-4b57-b6f4-1d995a91b332");
INSERT INTO SM_ACT
	VALUES ("37caedbd-43ac-4552-b54c-0b1e02650916",
	"3ce0f266-a7af-4b57-b6f4-1d995a91b332",
	1,
	'',
	'');
INSERT INTO ACT_TAB
	VALUES ("6dc45001-698c-448e-97db-bdf366922016",
	"3ce0f266-a7af-4b57-b6f4-1d995a91b332",
	"37caedbd-43ac-4552-b54c-0b1e02650916");
INSERT INTO ACT_ACT
	VALUES ("6dc45001-698c-448e-97db-bdf366922016",
	'class transition',
	0,
	"c5fa4e81-4762-4e24-b939-e394f48ffb07",
	"00000000-0000-0000-0000-000000000000",
	0,
	'TRKPT_A1: correct_position',
	"00000000-0000-0000-0000-000000000000");
INSERT INTO ACT_BLK
	VALUES ("c5fa4e81-4762-4e24-b939-e394f48ffb07",
	0,
	0,
	0,
	'',
	'',
	'',
	0,
	0,
	0,
	0,
	0,
	0,
	0,
	0,
	0,
	0,
	0,
	0,
	0,
	"6dc45001-698c-448e-97db-bdf366922016",
	"00000000-0000-0000-0000-000000000000");
INSERT INTO SM_TXN
	VALUES ("f295515f-ef7a-4757-b100-0fb48a35d8cc",
	"3ce0f266-a7af-4b57-b6f4-1d995a91b332",
	"9fc5c503-aa4c-4bfd-b208-54747a046a71",
	"00000000-0000-0000-0000-000000000000");
INSERT INTO PE_PE
	VALUES ("9f288296-6f47-4bbd-8e24-6c9d21b52107",
	1,
	"bf615416-0763-4262-8eb6-10dfd1cee710",
	"00000000-0000-0000-0000-000000000000",
	7);
INSERT INTO EP_PKG
	VALUES ("9f288296-6f47-4bbd-8e24-6c9d21b52107",
	"00000000-0000-0000-0000-000000000000",
	"a4578804-6c2e-4c96-9428-cb3a7061868f",
	'UnitTest',
	'',
	0);
INSERT INTO EP_PKG
	VALUES ("c1255101-6ddb-4fec-a7ae-60dd88ec7bb6",
	"a4578804-6c2e-4c96-9428-cb3a7061868f",
	"a4578804-6c2e-4c96-9428-cb3a7061868f",
	'PhysicalCompModel_pg1',
	'',
	0);
INSERT INTO PE_PE
	VALUES ("d30da557-7a09-4c80-9408-1164fb319e47",
	1,
	"c1255101-6ddb-4fec-a7ae-60dd88ec7bb6",
	"00000000-0000-0000-0000-000000000000",
	21);
INSERT INTO CL_IC
	VALUES ("d30da557-7a09-4c80-9408-1164fb319e47",
	"2a75e635-7488-4082-a32b-7af2e8a798d3",
	"00000000-0000-0000-0000-000000000000",
	"00000000-0000-0000-0000-000000000000",
	0,
	'',
	'Diverter::PhysicalCompModel_pg1::Motor_Drive',
	'');
INSERT INTO CL_POR
	VALUES ("d30da557-7a09-4c80-9408-1164fb319e47",
	"46faa2b3-4c21-40e7-a35a-67a650e11c40",
	'Port1',
	"92c17d18-dcb2-49df-be2b-9dc32670f985");
INSERT INTO CL_IIR
	VALUES ("7587adfe-6711-4365-b6a6-d6a632b962d7",
	"c9f6c881-f358-4733-9871-7d489bbc42f4",
	"92c17d18-dcb2-49df-be2b-9dc32670f985",
	"00000000-0000-0000-0000-000000000000",
	'Motor Drive',
	'');
INSERT INTO CL_IP
	VALUES ("7587adfe-6711-4365-b6a6-d6a632b962d7",
	'Motor Drive',
	'');
INSERT INTO CL_IPINS
	VALUES ("72935551-de54-47b4-9c15-701680fbe6c9",
	"7587adfe-6711-4365-b6a6-d6a632b962d7");
INSERT INTO PE_PE
	VALUES ("f08b6d37-3ad6-469c-a440-b45d0b7abdce",
	1,
	"c1255101-6ddb-4fec-a7ae-60dd88ec7bb6",
	"00000000-0000-0000-0000-000000000000",
	21);
INSERT INTO CL_IC
	VALUES ("f08b6d37-3ad6-469c-a440-b45d0b7abdce",
	"733af74b-574f-4b3c-a6db-163e13ebc681",
	"00000000-0000-0000-0000-000000000000",
	"00000000-0000-0000-0000-000000000000",
	0,
	'',
	'Diverter::PhysicalCompModel_pg1::Motor_Drive_FB',
	'');
INSERT INTO CL_POR
	VALUES ("f08b6d37-3ad6-469c-a440-b45d0b7abdce",
	"7cec034b-d3b5-4176-a49f-f14bed847df9",
	'Port1',
	"d87ab0a7-6b03-40f2-9f33-f714a57582c7");
INSERT INTO CL_IIR
	VALUES ("cd9449c2-74c5-4064-a3c5-afbb846dc692",
	"e8bc31f0-b58a-44cc-b1dd-0f62cdebee27",
	"d87ab0a7-6b03-40f2-9f33-f714a57582c7",
	"00000000-0000-0000-0000-000000000000",
	'Motor Drive Feedback',
	'');
INSERT INTO CL_IP
	VALUES ("cd9449c2-74c5-4064-a3c5-afbb846dc692",
	'Motor Drive Feedback',
	'');
INSERT INTO CL_IPINS
	VALUES ("8aafe31d-7614-4d83-b0d7-8294ae98513f",
	"cd9449c2-74c5-4064-a3c5-afbb846dc692");
INSERT INTO CL_POR
	VALUES ("f08b6d37-3ad6-469c-a440-b45d0b7abdce",
	"81fff0dd-014f-4872-9c28-299bac7c6fcf",
	'Port2',
	"e5e91789-fdb6-46fc-a7f6-d39494c5567d");
INSERT INTO CL_IIR
	VALUES ("e1a08e66-d0cb-4d99-a852-a327b9d2e287",
	"d065814a-f941-4a76-91ae-e5d3608928ea",
	"e5e91789-fdb6-46fc-a7f6-d39494c5567d",
	"00000000-0000-0000-0000-000000000000",
	'Position Feedback',
	'');
INSERT INTO CL_IR
	VALUES ("e1a08e66-d0cb-4d99-a852-a327b9d2e287",
	"00000000-0000-0000-0000-000000000000",
	'Position Feedback',
	'');
INSERT INTO PE_PE
	VALUES ("7dafc71e-5db4-4a73-9dbc-3fb23309fcea",
	1,
	"c1255101-6ddb-4fec-a7ae-60dd88ec7bb6",
	"00000000-0000-0000-0000-000000000000",
	21);
INSERT INTO CL_IC
	VALUES ("7dafc71e-5db4-4a73-9dbc-3fb23309fcea",
	"733af74b-574f-4b3c-a6db-163e13ebc681",
	"00000000-0000-0000-0000-000000000000",
	"00000000-0000-0000-0000-000000000000",
	0,
	'Divert Pan',
	'Diverter::PhysicalCompModel_pg1::Motor_Drive_FB:Divert Pan',
	'');
INSERT INTO CL_POR
	VALUES ("7dafc71e-5db4-4a73-9dbc-3fb23309fcea",
	"7cec034b-d3b5-4176-a49f-f14bed847df9",
	'Port1',
	"d7710957-5aea-47db-9f1f-6501790c7bbc");
INSERT INTO CL_IIR
	VALUES ("fc2a5943-3136-4a49-9314-b911e69f7422",
	"e8bc31f0-b58a-44cc-b1dd-0f62cdebee27",
	"d7710957-5aea-47db-9f1f-6501790c7bbc",
	"00000000-0000-0000-0000-000000000000",
	'Motor Drive Feedback',
	'');
INSERT INTO CL_IP
	VALUES ("fc2a5943-3136-4a49-9314-b911e69f7422",
	'Motor Drive Feedback',
	'');
INSERT INTO CL_IPINS
	VALUES ("2c60b558-c749-49f3-b040-24c2c51c800b",
	"fc2a5943-3136-4a49-9314-b911e69f7422");
INSERT INTO CL_POR
	VALUES ("7dafc71e-5db4-4a73-9dbc-3fb23309fcea",
	"81fff0dd-014f-4872-9c28-299bac7c6fcf",
	'Port2',
	"90e81d04-c997-4ad1-9f56-86394779900b");
INSERT INTO CL_IIR
	VALUES ("ec722637-e2eb-4fa3-a69b-2cef06a03f45",
	"d065814a-f941-4a76-91ae-e5d3608928ea",
	"90e81d04-c997-4ad1-9f56-86394779900b",
	"00000000-0000-0000-0000-000000000000",
	'Position Feedback',
	'');
INSERT INTO CL_IR
	VALUES ("ec722637-e2eb-4fa3-a69b-2cef06a03f45",
	"00000000-0000-0000-0000-000000000000",
	'Position Feedback',
	'');
INSERT INTO PE_PE
	VALUES ("d0a0dae4-c302-43b3-827b-cc4306a34f15",
	1,
	"c1255101-6ddb-4fec-a7ae-60dd88ec7bb6",
	"00000000-0000-0000-0000-000000000000",
	21);
INSERT INTO CL_IC
	VALUES ("d0a0dae4-c302-43b3-827b-cc4306a34f15",
	"2a75e635-7488-4082-a32b-7af2e8a798d3",
	"00000000-0000-0000-0000-000000000000",
	"00000000-0000-0000-0000-000000000000",
	0,
	'Cross Transfer Conveyor',
	'Diverter::PhysicalCompModel_pg1::Motor_Drive:Cross Transfer Conveyor',
	'');
INSERT INTO CL_POR
	VALUES ("d0a0dae4-c302-43b3-827b-cc4306a34f15",
	"46faa2b3-4c21-40e7-a35a-67a650e11c40",
	'Port1',
	"97aae3b7-005f-4cce-bd7c-ca3f2f5e6008");
INSERT INTO CL_IIR
	VALUES ("d3019573-3ab0-4eae-a285-59215672ae04",
	"c9f6c881-f358-4733-9871-7d489bbc42f4",
	"97aae3b7-005f-4cce-bd7c-ca3f2f5e6008",
	"00000000-0000-0000-0000-000000000000",
	'Motor Drive',
	'');
INSERT INTO CL_IP
	VALUES ("d3019573-3ab0-4eae-a285-59215672ae04",
	'Motor Drive',
	'');
INSERT INTO CL_IPINS
	VALUES ("9e7663b7-c8ac-4c85-b7ad-fb58af323c76",
	"d3019573-3ab0-4eae-a285-59215672ae04");
INSERT INTO PE_PE
	VALUES ("e49714c0-8b2e-4536-bed0-84216e9b5c5a",
	1,
	"c1255101-6ddb-4fec-a7ae-60dd88ec7bb6",
	"00000000-0000-0000-0000-000000000000",
	21);
INSERT INTO CL_IC
	VALUES ("e49714c0-8b2e-4536-bed0-84216e9b5c5a",
	"2a75e635-7488-4082-a32b-7af2e8a798d3",
	"00000000-0000-0000-0000-000000000000",
	"00000000-0000-0000-0000-000000000000",
	0,
	'Vacuum Blower',
	'Diverter::PhysicalCompModel_pg1::Motor_Drive:Vacuum Blower',
	'');
INSERT INTO CL_POR
	VALUES ("e49714c0-8b2e-4536-bed0-84216e9b5c5a",
	"46faa2b3-4c21-40e7-a35a-67a650e11c40",
	'Port1',
	"26298b1e-9ca4-443d-a381-bc92d00f8ef0");
INSERT INTO CL_IIR
	VALUES ("ec300652-548e-4a4c-8c5f-14ab53312379",
	"c9f6c881-f358-4733-9871-7d489bbc42f4",
	"26298b1e-9ca4-443d-a381-bc92d00f8ef0",
	"00000000-0000-0000-0000-000000000000",
	'Motor Drive',
	'');
INSERT INTO CL_IP
	VALUES ("ec300652-548e-4a4c-8c5f-14ab53312379",
	'Motor Drive',
	'');
INSERT INTO CL_IPINS
	VALUES ("9c17204e-5bdc-43a0-aa30-7dc890faea2b",
	"ec300652-548e-4a4c-8c5f-14ab53312379");
INSERT INTO PE_PE
	VALUES ("b7141019-5025-4751-a868-c94bb5f66323",
	1,
	"c1255101-6ddb-4fec-a7ae-60dd88ec7bb6",
	"00000000-0000-0000-0000-000000000000",
	21);
INSERT INTO CL_IC
	VALUES ("b7141019-5025-4751-a868-c94bb5f66323",
	"2a75e635-7488-4082-a32b-7af2e8a798d3",
	"00000000-0000-0000-0000-000000000000",
	"00000000-0000-0000-0000-000000000000",
	0,
	'Vacuum Conveyor',
	'Diverter::PhysicalCompModel_pg1::Motor_Drive:Vacuum Conveyor',
	'');
INSERT INTO CL_POR
	VALUES ("b7141019-5025-4751-a868-c94bb5f66323",
	"46faa2b3-4c21-40e7-a35a-67a650e11c40",
	'Port1',
	"b5141ed8-362e-45da-b20a-5e6627cfb323");
INSERT INTO CL_IIR
	VALUES ("0108c8bd-ca3a-47ce-8c78-1f84931b089e",
	"c9f6c881-f358-4733-9871-7d489bbc42f4",
	"b5141ed8-362e-45da-b20a-5e6627cfb323",
	"00000000-0000-0000-0000-000000000000",
	'Motor Drive',
	'');
INSERT INTO CL_IP
	VALUES ("0108c8bd-ca3a-47ce-8c78-1f84931b089e",
	'Motor Drive',
	'');
INSERT INTO CL_IPINS
	VALUES ("94f962f0-00d6-4cb0-b4a9-b02e85ada09f",
	"0108c8bd-ca3a-47ce-8c78-1f84931b089e");
INSERT INTO PE_PE
	VALUES ("fda2926c-88c3-4597-ba08-e1bc5327b18c",
	1,
	"c1255101-6ddb-4fec-a7ae-60dd88ec7bb6",
	"00000000-0000-0000-0000-000000000000",
	21);
INSERT INTO CL_IC
	VALUES ("fda2926c-88c3-4597-ba08-e1bc5327b18c",
	"a4605b4a-4a74-44d8-9189-5b6213128115",
	"00000000-0000-0000-0000-000000000000",
	"00000000-0000-0000-0000-000000000000",
	0,
	'Shingle Separator',
	'Diverter::PhysicalCompModel_pg1::Motor_Drive_Reg:Shingle Separator',
	'');
INSERT INTO CL_POR
	VALUES ("fda2926c-88c3-4597-ba08-e1bc5327b18c",
	"c6cf7b61-b3be-4229-a1f3-868c4d215635",
	'Port1',
	"93f01dca-54b7-4a62-82a6-2c20620da5c9");
INSERT INTO CL_IIR
	VALUES ("c6d22236-1500-46c1-9ca9-02742b441df6",
	"0f5400df-9b42-4de7-8398-cf9b704d1d17",
	"93f01dca-54b7-4a62-82a6-2c20620da5c9",
	"00000000-0000-0000-0000-000000000000",
	'Motor Drive Registration',
	'');
INSERT INTO CL_IP
	VALUES ("c6d22236-1500-46c1-9ca9-02742b441df6",
	'Motor Drive Registration',
	'');
INSERT INTO CL_IPINS
	VALUES ("ea35df9b-3048-4575-a98b-63013fea5e49",
	"c6d22236-1500-46c1-9ca9-02742b441df6");
INSERT INTO CL_POR
	VALUES ("fda2926c-88c3-4597-ba08-e1bc5327b18c",
	"d72b908e-bcab-4ffd-a779-a2a398adb38b",
	'Port2',
	"708d5b4b-5385-4d91-bcf9-0e32fffc6fc7");
INSERT INTO CL_IIR
	VALUES ("c4e30944-5c59-426b-8af8-999c8117d4a3",
	"a1c4bef4-b79d-4bf6-86db-a8ef78131305",
	"708d5b4b-5385-4d91-bcf9-0e32fffc6fc7",
	"00000000-0000-0000-0000-000000000000",
	'Registration',
	'');
INSERT INTO CL_IR
	VALUES ("c4e30944-5c59-426b-8af8-999c8117d4a3",
	"00000000-0000-0000-0000-000000000000",
	'Registration',
	'');
INSERT INTO PE_PE
	VALUES ("a09d8e6b-60b9-4404-9e3c-33db43e7ffaf",
	1,
	"c1255101-6ddb-4fec-a7ae-60dd88ec7bb6",
	"00000000-0000-0000-0000-000000000000",
	21);
INSERT INTO CL_IC
	VALUES ("a09d8e6b-60b9-4404-9e3c-33db43e7ffaf",
	"2a75e635-7488-4082-a32b-7af2e8a798d3",
	"00000000-0000-0000-0000-000000000000",
	"00000000-0000-0000-0000-000000000000",
	0,
	'',
	'Diverter::PhysicalCompModel_pg1::Motor_Drive',
	'');
INSERT INTO CL_POR
	VALUES ("a09d8e6b-60b9-4404-9e3c-33db43e7ffaf",
	"46faa2b3-4c21-40e7-a35a-67a650e11c40",
	'Port1',
	"ca0b4b4c-c57d-4eea-97cd-d732bf0ffffb");
INSERT INTO CL_IIR
	VALUES ("37bde218-29d6-484c-a69b-be692a7c624f",
	"c9f6c881-f358-4733-9871-7d489bbc42f4",
	"ca0b4b4c-c57d-4eea-97cd-d732bf0ffffb",
	"00000000-0000-0000-0000-000000000000",
	'Motor Drive',
	'');
INSERT INTO CL_IP
	VALUES ("37bde218-29d6-484c-a69b-be692a7c624f",
	'Motor Drive',
	'');
INSERT INTO CL_IPINS
	VALUES ("182a0658-cee1-4795-a20c-61ae3b78ac9d",
	"37bde218-29d6-484c-a69b-be692a7c624f");
INSERT INTO PE_PE
	VALUES ("72935551-de54-47b4-9c15-701680fbe6c9",
	1,
	"c1255101-6ddb-4fec-a7ae-60dd88ec7bb6",
	"00000000-0000-0000-0000-000000000000",
	22);
INSERT INTO C_SF
	VALUES ("72935551-de54-47b4-9c15-701680fbe6c9",
	"f46e2aed-a64b-4a48-a506-06857e79c368",
	"c9f6c881-f358-4733-9871-7d489bbc42f4",
	'',
	'Motor_Drive::Port1::Motor Drive -o)- Pull Roll::Port1::Motor Drive');
INSERT INTO PE_PE
	VALUES ("8aafe31d-7614-4d83-b0d7-8294ae98513f",
	1,
	"c1255101-6ddb-4fec-a7ae-60dd88ec7bb6",
	"00000000-0000-0000-0000-000000000000",
	22);
INSERT INTO C_SF
	VALUES ("8aafe31d-7614-4d83-b0d7-8294ae98513f",
	"9b1407d6-7219-481b-acec-719348998ec7",
	"e8bc31f0-b58a-44cc-b1dd-0f62cdebee27",
	'',
	'Motor_Drive_FB::Port1::Motor Drive Feedback -o)- CTM Sensor::Motor_Drive::Motor Drive Feedback');
INSERT INTO PE_PE
	VALUES ("2c60b558-c749-49f3-b040-24c2c51c800b",
	1,
	"c1255101-6ddb-4fec-a7ae-60dd88ec7bb6",
	"00000000-0000-0000-0000-000000000000",
	22);
INSERT INTO C_SF
	VALUES ("2c60b558-c749-49f3-b040-24c2c51c800b",
	"f8e81b24-1160-4b14-be5b-058d8dbf7be0",
	"e8bc31f0-b58a-44cc-b1dd-0f62cdebee27",
	'',
	'Motor_Drive_FB::Port1::Motor Drive Feedback -o)- Diverter::Port1::Motor Drive Feedback');
INSERT INTO PE_PE
	VALUES ("9e7663b7-c8ac-4c85-b7ad-fb58af323c76",
	1,
	"c1255101-6ddb-4fec-a7ae-60dd88ec7bb6",
	"00000000-0000-0000-0000-000000000000",
	22);
INSERT INTO C_SF
	VALUES ("9e7663b7-c8ac-4c85-b7ad-fb58af323c76",
	"a37c56cc-895d-4ee1-9d77-055afea9d2e7",
	"c9f6c881-f358-4733-9871-7d489bbc42f4",
	'',
	'Motor_Drive::Port1::Motor Drive -o)- Diverter::Port2::Motor Drive');
INSERT INTO PE_PE
	VALUES ("9c17204e-5bdc-43a0-aa30-7dc890faea2b",
	1,
	"c1255101-6ddb-4fec-a7ae-60dd88ec7bb6",
	"00000000-0000-0000-0000-000000000000",
	22);
INSERT INTO C_SF
	VALUES ("9c17204e-5bdc-43a0-aa30-7dc890faea2b",
	"73e34585-de61-4675-bf6e-d5e958c8384d",
	"c9f6c881-f358-4733-9871-7d489bbc42f4",
	'',
	'Motor_Drive::Port1::Motor Drive -o)- Shingling Section::Port1::Motor Drive');
INSERT INTO PE_PE
	VALUES ("94f962f0-00d6-4cb0-b4a9-b02e85ada09f",
	1,
	"c1255101-6ddb-4fec-a7ae-60dd88ec7bb6",
	"00000000-0000-0000-0000-000000000000",
	22);
INSERT INTO C_SF
	VALUES ("94f962f0-00d6-4cb0-b4a9-b02e85ada09f",
	"ea5f7a7d-2369-42cd-b57f-44dca50b61f0",
	"c9f6c881-f358-4733-9871-7d489bbc42f4",
	'',
	'Motor_Drive::Port1::Motor Drive -o)- Shingling Section::Port2::Motor Drive');
INSERT INTO PE_PE
	VALUES ("ea35df9b-3048-4575-a98b-63013fea5e49",
	1,
	"c1255101-6ddb-4fec-a7ae-60dd88ec7bb6",
	"00000000-0000-0000-0000-000000000000",
	22);
INSERT INTO C_SF
	VALUES ("ea35df9b-3048-4575-a98b-63013fea5e49",
	"3109bfc2-3334-4a8a-87a5-75b5feb14ef3",
	"0f5400df-9b42-4de7-8398-cf9b704d1d17",
	'',
	'Motor_Drive_Reg::Port1::Motor Drive Registration -o)- Bar Conveyor::Port1::Motor Drive Registration');
INSERT INTO PE_PE
	VALUES ("182a0658-cee1-4795-a20c-61ae3b78ac9d",
	1,
	"c1255101-6ddb-4fec-a7ae-60dd88ec7bb6",
	"00000000-0000-0000-0000-000000000000",
	22);
INSERT INTO C_SF
	VALUES ("182a0658-cee1-4795-a20c-61ae3b78ac9d",
	"91e8fcf6-34af-46ad-810a-ae4b9ff97b5a",
	"c9f6c881-f358-4733-9871-7d489bbc42f4",
	'',
	'Motor_Drive::Port1::Motor Drive -o)- High Speed Nip::Port1::Motor Drive');
INSERT INTO PE_PE
	VALUES ("d78535a7-44fc-454c-a7f5-c3e760117fd8",
	1,
	"c1255101-6ddb-4fec-a7ae-60dd88ec7bb6",
	"00000000-0000-0000-0000-000000000000",
	2);
INSERT INTO C_C
	VALUES ("d78535a7-44fc-454c-a7f5-c3e760117fd8",
	"00000000-0000-0000-0000-000000000000",
	"00000000-0000-0000-0000-000000000000",
	'Bar Conveyor',
	'',
	0,
	"00000000-0000-0000-0000-000000000000",
	0,
	'');
INSERT INTO C_PO
	VALUES ("2741a578-b51a-47fb-ba62-db1f3f551055",
	"d78535a7-44fc-454c-a7f5-c3e760117fd8",
	'Port1',
	0,
	0);
INSERT INTO C_IR
	VALUES ("3109bfc2-3334-4a8a-87a5-75b5feb14ef3",
	"3c1dcdd8-7c74-424e-b1db-a572a6522a07",
	"00000000-0000-0000-0000-000000000000",
	"2741a578-b51a-47fb-ba62-db1f3f551055");
INSERT INTO C_R
	VALUES ("3109bfc2-3334-4a8a-87a5-75b5feb14ef3",
	'Motor Drive Registration',
	'',
	'Unnamed Interface',
	'Bar Conveyor::Port1::Motor Drive Registration');
INSERT INTO PE_PE
	VALUES ("cbab6af9-d0b4-4a6e-b58e-79e9d2f69b36",
	1,
	"c1255101-6ddb-4fec-a7ae-60dd88ec7bb6",
	"00000000-0000-0000-0000-000000000000",
	2);
INSERT INTO C_C
	VALUES ("cbab6af9-d0b4-4a6e-b58e-79e9d2f69b36",
	"00000000-0000-0000-0000-000000000000",
	"00000000-0000-0000-0000-000000000000",
	'CTM Sensor',
	'',
	0,
	"00000000-0000-0000-0000-000000000000",
	0,
	'');
INSERT INTO C_PO
	VALUES ("52e824a3-5450-4519-b30f-6a3e4d368ddd",
	"cbab6af9-d0b4-4a6e-b58e-79e9d2f69b36",
	'Motor_Drive',
	0,
	0);
INSERT INTO C_IR
	VALUES ("9b1407d6-7219-481b-acec-719348998ec7",
	"a1a9c25a-8d89-40c6-b46c-fede4cd833b3",
	"00000000-0000-0000-0000-000000000000",
	"52e824a3-5450-4519-b30f-6a3e4d368ddd");
INSERT INTO C_R
	VALUES ("9b1407d6-7219-481b-acec-719348998ec7",
	'Motor Drive Feedback',
	'',
	'Unnamed Interface',
	'CTM Sensor::Motor_Drive::Motor Drive Feedback');
INSERT INTO C_PO
	VALUES ("df283699-f68d-4edd-a722-5bf76f48d468",
	"cbab6af9-d0b4-4a6e-b58e-79e9d2f69b36",
	'Port1',
	0,
	0);
INSERT INTO C_IR
	VALUES ("7f94da27-38b8-4519-ad1c-393319590e58",
	"03fab345-148d-4fe8-a305-1236b83e8a76",
	"00000000-0000-0000-0000-000000000000",
	"df283699-f68d-4edd-a722-5bf76f48d468");
INSERT INTO C_R
	VALUES ("7f94da27-38b8-4519-ad1c-393319590e58",
	'CTM Sensor Digital IO',
	'',
	'Unnamed Interface',
	'CTM Sensor::Port1::CTM Sensor Digital IO');
INSERT INTO SPR_REP
	VALUES ("7f8c8cae-3504-435d-8168-6ff1a7de183a",
	"1f8d17a5-1c86-4b4a-bfd4-012d19a5ba90",
	"7f94da27-38b8-4519-ad1c-393319590e58");
INSERT INTO SPR_RS
	VALUES ("7f8c8cae-3504-435d-8168-6ff1a7de183a",
	'HomeReferenceOverTravelProx',
	'',
	'',
	1);
INSERT INTO ACT_RSB
	VALUES ("9298656e-a4bd-421f-aa6b-a2ea8df511b6",
	"7f8c8cae-3504-435d-8168-6ff1a7de183a");
INSERT INTO ACT_ACT
	VALUES ("9298656e-a4bd-421f-aa6b-a2ea8df511b6",
	'signal',
	0,
	"1b95197c-6082-4597-b362-4dcfdbf32e06",
	"00000000-0000-0000-0000-000000000000",
	0,
	'Port1::CTM Sensor Digital IO::HomeReferenceOverTravelProx',
	"00000000-0000-0000-0000-000000000000");
INSERT INTO ACT_BLK
	VALUES ("1b95197c-6082-4597-b362-4dcfdbf32e06",
	0,
	0,
	0,
	'',
	'',
	'',
	0,
	0,
	0,
	0,
	0,
	0,
	0,
	0,
	0,
	0,
	0,
	0,
	0,
	"9298656e-a4bd-421f-aa6b-a2ea8df511b6",
	"00000000-0000-0000-0000-000000000000");
INSERT INTO PE_PE
	VALUES ("d6d6d00f-ca06-412f-817b-d932dc8631d4",
	1,
	"c1255101-6ddb-4fec-a7ae-60dd88ec7bb6",
	"00000000-0000-0000-0000-000000000000",
	2);
INSERT INTO C_C
	VALUES ("d6d6d00f-ca06-412f-817b-d932dc8631d4",
	"00000000-0000-0000-0000-000000000000",
	"00000000-0000-0000-0000-000000000000",
	'Diverter',
	'',
	0,
	"00000000-0000-0000-0000-000000000000",
	0,
	'');
INSERT INTO C_PO
	VALUES ("585cb255-448e-44d5-8cc3-1145ecaca937",
	"d6d6d00f-ca06-412f-817b-d932dc8631d4",
	'Port1',
	0,
	0);
INSERT INTO C_IR
	VALUES ("f8e81b24-1160-4b14-be5b-058d8dbf7be0",
	"a1a9c25a-8d89-40c6-b46c-fede4cd833b3",
	"00000000-0000-0000-0000-000000000000",
	"585cb255-448e-44d5-8cc3-1145ecaca937");
INSERT INTO C_R
	VALUES ("f8e81b24-1160-4b14-be5b-058d8dbf7be0",
	'Motor Drive Feedback',
	'',
	'Unnamed Interface',
	'Diverter::Port1::Motor Drive Feedback');
INSERT INTO C_PO
	VALUES ("d81e84fe-f666-49dd-91ee-35df8c6f49c4",
	"d6d6d00f-ca06-412f-817b-d932dc8631d4",
	'Port2',
	0,
	0);
INSERT INTO C_IR
	VALUES ("a37c56cc-895d-4ee1-9d77-055afea9d2e7",
	"72ea15e4-cb3c-4947-bf2d-c0901c81a79d",
	"00000000-0000-0000-0000-000000000000",
	"d81e84fe-f666-49dd-91ee-35df8c6f49c4");
INSERT INTO C_R
	VALUES ("a37c56cc-895d-4ee1-9d77-055afea9d2e7",
	'Motor Drive',
	'',
	'Unnamed Interface',
	'Diverter::Port2::Motor Drive');
INSERT INTO C_PO
	VALUES ("2cfbfc57-56f3-45c2-b330-6e53be50b3a0",
	"d6d6d00f-ca06-412f-817b-d932dc8631d4",
	'Port3',
	0,
	0);
INSERT INTO C_IR
	VALUES ("69172769-d898-4957-ad5e-a41cf643eb61",
	"8ed00d11-c952-4dae-859d-bac33c5df19e",
	"00000000-0000-0000-0000-000000000000",
	"2cfbfc57-56f3-45c2-b330-6e53be50b3a0");
INSERT INTO C_R
	VALUES ("69172769-d898-4957-ad5e-a41cf643eb61",
	'Diverter Digital IO',
	'',
	'Unnamed Interface',
	'Diverter::Port3::Diverter Digital IO');
INSERT INTO SPR_REP
	VALUES ("a0fbef24-9ce4-45cd-92ab-3dd737a99a98",
	"41975c9a-c2ad-4a5b-a85e-0b3133faedab",
	"69172769-d898-4957-ad5e-a41cf643eb61");
INSERT INTO SPR_RS
	VALUES ("a0fbef24-9ce4-45cd-92ab-3dd737a99a98",
	'UserInputs_Jog_InspectionSheet_FoilSense',
	'',
	'',
	1);
INSERT INTO ACT_RSB
	VALUES ("dea36b11-118e-433f-b2b9-14fc4d4f1ace",
	"a0fbef24-9ce4-45cd-92ab-3dd737a99a98");
INSERT INTO ACT_ACT
	VALUES ("dea36b11-118e-433f-b2b9-14fc4d4f1ace",
	'signal',
	0,
	"13273205-d2b2-4ab5-89d4-06b10629d472",
	"00000000-0000-0000-0000-000000000000",
	0,
	'Port3::Diverter Digital IO::UserInputs_Jog_InspectionSheet_FoilSense',
	"00000000-0000-0000-0000-000000000000");
INSERT INTO ACT_BLK
	VALUES ("13273205-d2b2-4ab5-89d4-06b10629d472",
	0,
	0,
	0,
	'',
	'',
	'',
	0,
	0,
	0,
	0,
	0,
	0,
	0,
	0,
	0,
	0,
	0,
	0,
	0,
	"dea36b11-118e-433f-b2b9-14fc4d4f1ace",
	"00000000-0000-0000-0000-000000000000");
INSERT INTO SPR_REP
	VALUES ("46f0a061-499b-4fce-9907-8ba68b7abe4f",
	"9a1fed2d-c442-4c42-96ca-0afd68b4eaab",
	"69172769-d898-4957-ad5e-a41cf643eb61");
INSERT INTO SPR_RS
	VALUES ("46f0a061-499b-4fce-9907-8ba68b7abe4f",
	'LockedInRunPosition',
	'',
	'',
	1);
INSERT INTO ACT_RSB
	VALUES ("e0cb0042-14a9-42c6-8c8e-c50a5185020c",
	"46f0a061-499b-4fce-9907-8ba68b7abe4f");
INSERT INTO ACT_ACT
	VALUES ("e0cb0042-14a9-42c6-8c8e-c50a5185020c",
	'signal',
	0,
	"7e7ae8af-b7b3-44c0-8bb0-a083d338bca8",
	"00000000-0000-0000-0000-000000000000",
	0,
	'Port3::Diverter Digital IO::LockedInRunPosition',
	"00000000-0000-0000-0000-000000000000");
INSERT INTO ACT_BLK
	VALUES ("7e7ae8af-b7b3-44c0-8bb0-a083d338bca8",
	0,
	0,
	0,
	'',
	'',
	'',
	0,
	0,
	0,
	0,
	0,
	0,
	0,
	0,
	0,
	0,
	0,
	0,
	0,
	"e0cb0042-14a9-42c6-8c8e-c50a5185020c",
	"00000000-0000-0000-0000-000000000000");
INSERT INTO SPR_REP
	VALUES ("c54c55e7-3caf-4409-9a65-ff1d861df44c",
	"8d9419fe-2e3a-4d0f-b546-419ac7b48723",
	"69172769-d898-4957-ad5e-a41cf643eb61");
INSERT INTO SPR_RO
	VALUES ("c54c55e7-3caf-4409-9a65-ff1d861df44c",
	'Fingers',
	'',
	'',
	1);
INSERT INTO ACT_ROB
	VALUES ("a51f189f-ede8-4216-81ff-b2d108201942",
	"c54c55e7-3caf-4409-9a65-ff1d861df44c");
INSERT INTO ACT_ACT
	VALUES ("a51f189f-ede8-4216-81ff-b2d108201942",
	'interface operation',
	0,
	"c1e30b52-8ab7-4931-80b4-d5c223e6bf2b",
	"00000000-0000-0000-0000-000000000000",
	0,
	'Port3::Diverter Digital IO::Fingers',
	"00000000-0000-0000-0000-000000000000");
INSERT INTO ACT_BLK
	VALUES ("c1e30b52-8ab7-4931-80b4-d5c223e6bf2b",
	0,
	0,
	0,
	'',
	'',
	'',
	0,
	0,
	0,
	0,
	0,
	0,
	0,
	0,
	0,
	0,
	0,
	0,
	0,
	"a51f189f-ede8-4216-81ff-b2d108201942",
	"00000000-0000-0000-0000-000000000000");
INSERT INTO SPR_REP
	VALUES ("b08417de-06ac-4215-bc5f-2060c611d682",
	"f9e3fe36-4f1e-465d-943c-618f069ee394",
	"69172769-d898-4957-ad5e-a41cf643eb61");
INSERT INTO SPR_RO
	VALUES ("b08417de-06ac-4215-bc5f-2060c611d682",
	'AirBlast',
	'',
	'',
	1);
INSERT INTO ACT_ROB
	VALUES ("e1c83cfb-0512-400e-a9cb-85ee0c5239d8",
	"b08417de-06ac-4215-bc5f-2060c611d682");
INSERT INTO ACT_ACT
	VALUES ("e1c83cfb-0512-400e-a9cb-85ee0c5239d8",
	'interface operation',
	0,
	"58f4ed67-d8e8-4b96-b06b-0a6ed76665e0",
	"00000000-0000-0000-0000-000000000000",
	0,
	'Port3::Diverter Digital IO::AirBlast',
	"00000000-0000-0000-0000-000000000000");
INSERT INTO ACT_BLK
	VALUES ("58f4ed67-d8e8-4b96-b06b-0a6ed76665e0",
	0,
	0,
	0,
	'',
	'',
	'',
	0,
	0,
	0,
	0,
	0,
	0,
	0,
	0,
	0,
	0,
	0,
	0,
	0,
	"e1c83cfb-0512-400e-a9cb-85ee0c5239d8",
	"00000000-0000-0000-0000-000000000000");
INSERT INTO PE_PE
	VALUES ("47b56af2-735c-4368-b009-fd89946b9ff7",
	1,
	"c1255101-6ddb-4fec-a7ae-60dd88ec7bb6",
	"00000000-0000-0000-0000-000000000000",
	2);
INSERT INTO C_C
	VALUES ("47b56af2-735c-4368-b009-fd89946b9ff7",
	"00000000-0000-0000-0000-000000000000",
	"00000000-0000-0000-0000-000000000000",
	'High Speed Nip',
	'',
	0,
	"00000000-0000-0000-0000-000000000000",
	0,
	'');
INSERT INTO C_PO
	VALUES ("6d0eef2a-11b0-48e0-a231-e6667c04ddfa",
	"47b56af2-735c-4368-b009-fd89946b9ff7",
	'Port1',
	0,
	0);
INSERT INTO C_IR
	VALUES ("91e8fcf6-34af-46ad-810a-ae4b9ff97b5a",
	"72ea15e4-cb3c-4947-bf2d-c0901c81a79d",
	"00000000-0000-0000-0000-000000000000",
	"6d0eef2a-11b0-48e0-a231-e6667c04ddfa");
INSERT INTO C_R
	VALUES ("91e8fcf6-34af-46ad-810a-ae4b9ff97b5a",
	'Motor Drive',
	'',
	'Unnamed Interface',
	'High Speed Nip::Port1::Motor Drive');
INSERT INTO C_PO
	VALUES ("412ca1e3-2e1a-49b3-afe0-e6a8b564a0d4",
	"47b56af2-735c-4368-b009-fd89946b9ff7",
	'Port2',
	0,
	0);
INSERT INTO C_IR
	VALUES ("226584ff-a3c4-4a42-941a-cfc7070e84ba",
	"30469f66-939f-4adf-be45-1ccdb8fce990",
	"00000000-0000-0000-0000-000000000000",
	"412ca1e3-2e1a-49b3-afe0-e6a8b564a0d4");
INSERT INTO C_R
	VALUES ("226584ff-a3c4-4a42-941a-cfc7070e84ba",
	'E_to_P',
	'',
	'Unnamed Interface',
	'High Speed Nip::Port2::E_to_P');
INSERT INTO PE_PE
	VALUES ("119b9799-7b57-4d49-b74b-ae158a696593",
	1,
	"c1255101-6ddb-4fec-a7ae-60dd88ec7bb6",
	"00000000-0000-0000-0000-000000000000",
	2);
INSERT INTO C_C
	VALUES ("119b9799-7b57-4d49-b74b-ae158a696593",
	"00000000-0000-0000-0000-000000000000",
	"00000000-0000-0000-0000-000000000000",
	'Knife Cylinder',
	'',
	0,
	"00000000-0000-0000-0000-000000000000",
	0,
	'');
INSERT INTO PE_PE
	VALUES ("2a75e635-7488-4082-a32b-7af2e8a798d3",
	1,
	"c1255101-6ddb-4fec-a7ae-60dd88ec7bb6",
	"00000000-0000-0000-0000-000000000000",
	2);
INSERT INTO C_C
	VALUES ("2a75e635-7488-4082-a32b-7af2e8a798d3",
	"00000000-0000-0000-0000-000000000000",
	"00000000-0000-0000-0000-000000000000",
	'Motor_Drive',
	'',
	0,
	"00000000-0000-0000-0000-000000000000",
	1,
	'');
INSERT INTO C_PO
	VALUES ("46faa2b3-4c21-40e7-a35a-67a650e11c40",
	"2a75e635-7488-4082-a32b-7af2e8a798d3",
	'Port1',
	0,
	0);
INSERT INTO C_IR
	VALUES ("c9f6c881-f358-4733-9871-7d489bbc42f4",
	"72ea15e4-cb3c-4947-bf2d-c0901c81a79d",
	"00000000-0000-0000-0000-000000000000",
	"46faa2b3-4c21-40e7-a35a-67a650e11c40");
INSERT INTO C_P
	VALUES ("c9f6c881-f358-4733-9871-7d489bbc42f4",
	'Motor Drive',
	'Unnamed Interface',
	'',
	'Motor_Drive::Port1::Motor Drive');
INSERT INTO PE_PE
	VALUES ("2cd2cbfe-3fe5-47c2-8e60-b26259fefda7",
	1,
	"c1255101-6ddb-4fec-a7ae-60dd88ec7bb6",
	"00000000-0000-0000-0000-000000000000",
	2);
INSERT INTO C_C
	VALUES ("2cd2cbfe-3fe5-47c2-8e60-b26259fefda7",
	"00000000-0000-0000-0000-000000000000",
	"00000000-0000-0000-0000-000000000000",
	'Motor_Drive_Brake',
	'',
	0,
	"00000000-0000-0000-0000-000000000000",
	0,
	'');
INSERT INTO C_PO
	VALUES ("3796bd95-55be-4790-a052-5953e98509c1",
	"2cd2cbfe-3fe5-47c2-8e60-b26259fefda7",
	'Port1',
	0,
	0);
INSERT INTO C_IR
	VALUES ("f787f677-dcf5-44b8-95d8-0ac79a237c1c",
	"2b798115-3e72-4428-a942-a734d86e7ba2",
	"00000000-0000-0000-0000-000000000000",
	"3796bd95-55be-4790-a052-5953e98509c1");
INSERT INTO C_P
	VALUES ("f787f677-dcf5-44b8-95d8-0ac79a237c1c",
	'Motor Drive Brake',
	'Unnamed Interface',
	'',
	'Motor_Drive_Brake::Port1::Motor Drive Brake');
INSERT INTO C_PO
	VALUES ("7b4672e2-671a-47eb-bb87-3a1e4d9b8a3d",
	"2cd2cbfe-3fe5-47c2-8e60-b26259fefda7",
	'Port2',
	0,
	0);
INSERT INTO C_IR
	VALUES ("97f21b28-823b-4ecb-8369-cb921fa5aaa1",
	"6a3d88a2-c258-49d7-8384-acff46f06e0e",
	"00000000-0000-0000-0000-000000000000",
	"7b4672e2-671a-47eb-bb87-3a1e4d9b8a3d");
INSERT INTO C_R
	VALUES ("97f21b28-823b-4ecb-8369-cb921fa5aaa1",
	'Position Feedback',
	'',
	'Unnamed Interface',
	'Motor_Drive_Brake::Port2::Position Feedback');
INSERT INTO C_PO
	VALUES ("0a4fcda2-8a78-4adc-9abc-3188675fd418",
	"2cd2cbfe-3fe5-47c2-8e60-b26259fefda7",
	'Port3',
	0,
	0);
INSERT INTO C_IR
	VALUES ("50d8d4f4-3967-470a-9335-90258568275b",
	"cc6ec2e1-8c97-4de3-a21d-2329b0d1661e",
	"00000000-0000-0000-0000-000000000000",
	"0a4fcda2-8a78-4adc-9abc-3188675fd418");
INSERT INTO C_R
	VALUES ("50d8d4f4-3967-470a-9335-90258568275b",
	'Brake',
	'',
	'Unnamed Interface',
	'Motor_Drive_Brake::Port3::Brake');
INSERT INTO PE_PE
	VALUES ("733af74b-574f-4b3c-a6db-163e13ebc681",
	1,
	"c1255101-6ddb-4fec-a7ae-60dd88ec7bb6",
	"00000000-0000-0000-0000-000000000000",
	2);
INSERT INTO C_C
	VALUES ("733af74b-574f-4b3c-a6db-163e13ebc681",
	"00000000-0000-0000-0000-000000000000",
	"00000000-0000-0000-0000-000000000000",
	'Motor_Drive_FB',
	'',
	0,
	"00000000-0000-0000-0000-000000000000",
	0,
	'');
INSERT INTO C_PO
	VALUES ("7cec034b-d3b5-4176-a49f-f14bed847df9",
	"733af74b-574f-4b3c-a6db-163e13ebc681",
	'Port1',
	0,
	0);
INSERT INTO C_IR
	VALUES ("e8bc31f0-b58a-44cc-b1dd-0f62cdebee27",
	"a1a9c25a-8d89-40c6-b46c-fede4cd833b3",
	"00000000-0000-0000-0000-000000000000",
	"7cec034b-d3b5-4176-a49f-f14bed847df9");
INSERT INTO C_P
	VALUES ("e8bc31f0-b58a-44cc-b1dd-0f62cdebee27",
	'Motor Drive Feedback',
	'Unnamed Interface',
	'',
	'Motor_Drive_FB::Port1::Motor Drive Feedback');
INSERT INTO C_PO
	VALUES ("81fff0dd-014f-4872-9c28-299bac7c6fcf",
	"733af74b-574f-4b3c-a6db-163e13ebc681",
	'Port2',
	0,
	0);
INSERT INTO C_IR
	VALUES ("d065814a-f941-4a76-91ae-e5d3608928ea",
	"6a3d88a2-c258-49d7-8384-acff46f06e0e",
	"00000000-0000-0000-0000-000000000000",
	"81fff0dd-014f-4872-9c28-299bac7c6fcf");
INSERT INTO C_R
	VALUES ("d065814a-f941-4a76-91ae-e5d3608928ea",
	'Position Feedback',
	'',
	'Unnamed Interface',
	'Motor_Drive_FB::Port2::Position Feedback');
INSERT INTO PE_PE
	VALUES ("a4605b4a-4a74-44d8-9189-5b6213128115",
	1,
	"c1255101-6ddb-4fec-a7ae-60dd88ec7bb6",
	"00000000-0000-0000-0000-000000000000",
	2);
INSERT INTO C_C
	VALUES ("a4605b4a-4a74-44d8-9189-5b6213128115",
	"00000000-0000-0000-0000-000000000000",
	"00000000-0000-0000-0000-000000000000",
	'Motor_Drive_Reg',
	'',
	0,
	"00000000-0000-0000-0000-000000000000",
	0,
	'');
INSERT INTO C_PO
	VALUES ("c6cf7b61-b3be-4229-a1f3-868c4d215635",
	"a4605b4a-4a74-44d8-9189-5b6213128115",
	'Port1',
	0,
	0);
INSERT INTO C_IR
	VALUES ("0f5400df-9b42-4de7-8398-cf9b704d1d17",
	"3c1dcdd8-7c74-424e-b1db-a572a6522a07",
	"00000000-0000-0000-0000-000000000000",
	"c6cf7b61-b3be-4229-a1f3-868c4d215635");
INSERT INTO C_P
	VALUES ("0f5400df-9b42-4de7-8398-cf9b704d1d17",
	'Motor Drive Registration',
	'Unnamed Interface',
	'',
	'Motor_Drive_Reg::Port1::Motor Drive Registration');
INSERT INTO C_PO
	VALUES ("d72b908e-bcab-4ffd-a779-a2a398adb38b",
	"a4605b4a-4a74-44d8-9189-5b6213128115",
	'Port2',
	0,
	0);
INSERT INTO C_IR
	VALUES ("a1c4bef4-b79d-4bf6-86db-a8ef78131305",
	"9df279ce-273d-409c-9ec1-d54e2635021d",
	"00000000-0000-0000-0000-000000000000",
	"d72b908e-bcab-4ffd-a779-a2a398adb38b");
INSERT INTO C_R
	VALUES ("a1c4bef4-b79d-4bf6-86db-a8ef78131305",
	'Registration',
	'',
	'Unnamed Interface',
	'Motor_Drive_Reg::Port2::Registration');
INSERT INTO PE_PE
	VALUES ("a4b0c15b-5aa2-423d-9a56-5f24fd115b18",
	1,
	"c1255101-6ddb-4fec-a7ae-60dd88ec7bb6",
	"00000000-0000-0000-0000-000000000000",
	2);
INSERT INTO C_C
	VALUES ("a4b0c15b-5aa2-423d-9a56-5f24fd115b18",
	"00000000-0000-0000-0000-000000000000",
	"00000000-0000-0000-0000-000000000000",
	'Pull Roll',
	'',
	0,
	"00000000-0000-0000-0000-000000000000",
	0,
	'');
INSERT INTO C_PO
	VALUES ("c5933a63-21bf-4d65-a6ea-f4edd9aff399",
	"a4b0c15b-5aa2-423d-9a56-5f24fd115b18",
	'Port1',
	0,
	0);
INSERT INTO C_IR
	VALUES ("f46e2aed-a64b-4a48-a506-06857e79c368",
	"72ea15e4-cb3c-4947-bf2d-c0901c81a79d",
	"00000000-0000-0000-0000-000000000000",
	"c5933a63-21bf-4d65-a6ea-f4edd9aff399");
INSERT INTO C_R
	VALUES ("f46e2aed-a64b-4a48-a506-06857e79c368",
	'Motor Drive',
	'',
	'Unnamed Interface',
	'Pull Roll::Port1::Motor Drive');
INSERT INTO PE_PE
	VALUES ("b286d1ce-36be-4766-94b0-7c0bd4081f5e",
	1,
	"c1255101-6ddb-4fec-a7ae-60dd88ec7bb6",
	"00000000-0000-0000-0000-000000000000",
	2);
INSERT INTO C_C
	VALUES ("b286d1ce-36be-4766-94b0-7c0bd4081f5e",
	"00000000-0000-0000-0000-000000000000",
	"00000000-0000-0000-0000-000000000000",
	'Shingling Section',
	'',
	0,
	"00000000-0000-0000-0000-000000000000",
	0,
	'');
INSERT INTO C_PO
	VALUES ("396836ba-5664-4dd1-b9a8-2131a0829881",
	"b286d1ce-36be-4766-94b0-7c0bd4081f5e",
	'Port1',
	0,
	0);
INSERT INTO C_IR
	VALUES ("73e34585-de61-4675-bf6e-d5e958c8384d",
	"72ea15e4-cb3c-4947-bf2d-c0901c81a79d",
	"00000000-0000-0000-0000-000000000000",
	"396836ba-5664-4dd1-b9a8-2131a0829881");
INSERT INTO C_R
	VALUES ("73e34585-de61-4675-bf6e-d5e958c8384d",
	'Motor Drive',
	'',
	'Unnamed Interface',
	'Shingling Section::Port1::Motor Drive');
INSERT INTO C_PO
	VALUES ("3274fd35-641d-401d-a8b1-234e0a9963c2",
	"b286d1ce-36be-4766-94b0-7c0bd4081f5e",
	'Port2',
	0,
	0);
INSERT INTO C_IR
	VALUES ("ea5f7a7d-2369-42cd-b57f-44dca50b61f0",
	"72ea15e4-cb3c-4947-bf2d-c0901c81a79d",
	"00000000-0000-0000-0000-000000000000",
	"3274fd35-641d-401d-a8b1-234e0a9963c2");
INSERT INTO C_R
	VALUES ("ea5f7a7d-2369-42cd-b57f-44dca50b61f0",
	'Motor Drive',
	'',
	'Unnamed Interface',
	'Shingling Section::Port2::Motor Drive');
INSERT INTO C_PO
	VALUES ("e0b9101b-632b-42d7-95a6-9a4e40d638f4",
	"b286d1ce-36be-4766-94b0-7c0bd4081f5e",
	'Port3',
	0,
	0);
INSERT INTO C_IR
	VALUES ("981c55f8-3eb8-4561-bed3-c21981158a75",
	"0a4e403d-58ba-4877-9a1c-6f7a091c1e44",
	"00000000-0000-0000-0000-000000000000",
	"e0b9101b-632b-42d7-95a6-9a4e40d638f4");
INSERT INTO C_R
	VALUES ("981c55f8-3eb8-4561-bed3-c21981158a75",
	'Shingling Section Digital IO',
	'',
	'Unnamed Interface',
	'Shingling Section::Port3::Shingling Section Digital IO');
INSERT INTO SPR_REP
	VALUES ("4e634fde-8219-4623-8825-eb1401c1692c",
	"f0811efe-9e0d-4676-bd18-5327d5720b29",
	"981c55f8-3eb8-4561-bed3-c21981158a75");
INSERT INTO SPR_RO
	VALUES ("4e634fde-8219-4623-8825-eb1401c1692c",
	'MainDampers',
	'',
	'',
	1);
INSERT INTO ACT_ROB
	VALUES ("0415a3b6-8225-418b-9c98-25e10c4634b8",
	"4e634fde-8219-4623-8825-eb1401c1692c");
INSERT INTO ACT_ACT
	VALUES ("0415a3b6-8225-418b-9c98-25e10c4634b8",
	'interface operation',
	0,
	"55f9c13a-a112-43c7-befb-c7c8682759d6",
	"00000000-0000-0000-0000-000000000000",
	0,
	'Port3::Shingling Section Digital IO::MainDampers',
	"00000000-0000-0000-0000-000000000000");
INSERT INTO ACT_BLK
	VALUES ("55f9c13a-a112-43c7-befb-c7c8682759d6",
	0,
	0,
	0,
	'',
	'',
	'',
	0,
	0,
	0,
	0,
	0,
	0,
	0,
	0,
	0,
	0,
	0,
	0,
	0,
	"0415a3b6-8225-418b-9c98-25e10c4634b8",
	"00000000-0000-0000-0000-000000000000");
INSERT INTO SPR_REP
	VALUES ("853510e1-971b-43b2-a7cf-12997dfa69e2",
	"ef82e5ee-2590-4feb-849f-150dcd547098",
	"981c55f8-3eb8-4561-bed3-c21981158a75");
INSERT INTO SPR_RO
	VALUES ("853510e1-971b-43b2-a7cf-12997dfa69e2",
	'ChamberDampers',
	'',
	'',
	1);
INSERT INTO ACT_ROB
	VALUES ("b580e7b7-b29b-4565-9c1e-5fbc86025a27",
	"853510e1-971b-43b2-a7cf-12997dfa69e2");
INSERT INTO ACT_ACT
	VALUES ("b580e7b7-b29b-4565-9c1e-5fbc86025a27",
	'interface operation',
	0,
	"bb24a992-1aa7-49cf-a0da-3cdd53e945a8",
	"00000000-0000-0000-0000-000000000000",
	0,
	'Port3::Shingling Section Digital IO::ChamberDampers',
	"00000000-0000-0000-0000-000000000000");
INSERT INTO ACT_BLK
	VALUES ("bb24a992-1aa7-49cf-a0da-3cdd53e945a8",
	0,
	0,
	0,
	'',
	'',
	'',
	0,
	0,
	0,
	0,
	0,
	0,
	0,
	0,
	0,
	0,
	0,
	0,
	0,
	"b580e7b7-b29b-4565-9c1e-5fbc86025a27",
	"00000000-0000-0000-0000-000000000000");
INSERT INTO SPR_REP
	VALUES ("ff1bdc0d-1a4a-4de6-b926-9c9e8817bf08",
	"213f30dc-2c2e-42ed-a750-5a549f103bb7",
	"981c55f8-3eb8-4561-bed3-c21981158a75");
INSERT INTO SPR_RO
	VALUES ("ff1bdc0d-1a4a-4de6-b926-9c9e8817bf08",
	'SyncVacCylinders',
	'',
	'',
	1);
INSERT INTO ACT_ROB
	VALUES ("ac581494-75d5-4069-a6d7-7b77fde55c0c",
	"ff1bdc0d-1a4a-4de6-b926-9c9e8817bf08");
INSERT INTO ACT_ACT
	VALUES ("ac581494-75d5-4069-a6d7-7b77fde55c0c",
	'interface operation',
	0,
	"4ee0cb89-7b33-4c4a-b5b0-b6230173e8bb",
	"00000000-0000-0000-0000-000000000000",
	0,
	'Port3::Shingling Section Digital IO::SyncVacCylinders',
	"00000000-0000-0000-0000-000000000000");
INSERT INTO ACT_BLK
	VALUES ("4ee0cb89-7b33-4c4a-b5b0-b6230173e8bb",
	0,
	0,
	0,
	'',
	'',
	'',
	0,
	0,
	0,
	0,
	0,
	0,
	0,
	0,
	0,
	0,
	0,
	0,
	0,
	"ac581494-75d5-4069-a6d7-7b77fde55c0c",
	"00000000-0000-0000-0000-000000000000");
INSERT INTO SPR_REP
	VALUES ("b3c0efbf-32bf-49a3-971e-6222bb73d561",
	"0192e544-c33c-442a-9026-1ede4045397f",
	"981c55f8-3eb8-4561-bed3-c21981158a75");
INSERT INTO SPR_RO
	VALUES ("b3c0efbf-32bf-49a3-971e-6222bb73d561",
	'Multi_Flute',
	'',
	'',
	1);
INSERT INTO ACT_ROB
	VALUES ("82490f20-a801-467e-ba1d-a2c48c9f7e7a",
	"b3c0efbf-32bf-49a3-971e-6222bb73d561");
INSERT INTO ACT_ACT
	VALUES ("82490f20-a801-467e-ba1d-a2c48c9f7e7a",
	'interface operation',
	0,
	"63317c0f-744e-4468-a541-180686c6beb2",
	"00000000-0000-0000-0000-000000000000",
	0,
	'Port3::Shingling Section Digital IO::Multi_Flute',
	"00000000-0000-0000-0000-000000000000");
INSERT INTO ACT_BLK
	VALUES ("63317c0f-744e-4468-a541-180686c6beb2",
	0,
	0,
	0,
	'',
	'',
	'',
	0,
	0,
	0,
	0,
	0,
	0,
	0,
	0,
	0,
	0,
	0,
	0,
	0,
	"82490f20-a801-467e-ba1d-a2c48c9f7e7a",
	"00000000-0000-0000-0000-000000000000");
INSERT INTO C_PO
	VALUES ("8b89a010-d49d-4b85-a02c-57d112a946b2",
	"b286d1ce-36be-4766-94b0-7c0bd4081f5e",
	'Port4',
	0,
	0);
INSERT INTO C_IR
	VALUES ("7456d6d4-c895-42ae-8033-15f8956f51bc",
	"30469f66-939f-4adf-be45-1ccdb8fce990",
	"00000000-0000-0000-0000-000000000000",
	"8b89a010-d49d-4b85-a02c-57d112a946b2");
INSERT INTO C_R
	VALUES ("7456d6d4-c895-42ae-8033-15f8956f51bc",
	'E_to_P',
	'',
	'Unnamed Interface',
	'Shingling Section::Port4::E_to_P');
INSERT INTO PE_PE
	VALUES ("cc6ec2e1-8c97-4de3-a21d-2329b0d1661e",
	1,
	"c1255101-6ddb-4fec-a7ae-60dd88ec7bb6",
	"00000000-0000-0000-0000-000000000000",
	6);
INSERT INTO C_I
	VALUES ("cc6ec2e1-8c97-4de3-a21d-2329b0d1661e",
	"00000000-0000-0000-0000-000000000000",
	'Brake',
	'');
INSERT INTO PE_PE
	VALUES ("03fab345-148d-4fe8-a305-1236b83e8a76",
	1,
	"c1255101-6ddb-4fec-a7ae-60dd88ec7bb6",
	"00000000-0000-0000-0000-000000000000",
	6);
INSERT INTO C_I
	VALUES ("03fab345-148d-4fe8-a305-1236b83e8a76",
	"00000000-0000-0000-0000-000000000000",
	'CTM Sensor Digital IO',
	'');
INSERT INTO C_EP
	VALUES ("1f8d17a5-1c86-4b4a-bfd4-012d19a5ba90",
	"03fab345-148d-4fe8-a305-1236b83e8a76",
	-1,
	'HomeReferenceOverTravelProx',
	'');
INSERT INTO C_AS
	VALUES ("1f8d17a5-1c86-4b4a-bfd4-012d19a5ba90",
	'HomeReferenceOverTravelProx',
	'',
	1,
	"00000000-0000-0000-0000-000000000000");
INSERT INTO PE_PE
	VALUES ("8ed00d11-c952-4dae-859d-bac33c5df19e",
	1,
	"c1255101-6ddb-4fec-a7ae-60dd88ec7bb6",
	"00000000-0000-0000-0000-000000000000",
	6);
INSERT INTO C_I
	VALUES ("8ed00d11-c952-4dae-859d-bac33c5df19e",
	"00000000-0000-0000-0000-000000000000",
	'Diverter Digital IO',
	'');
INSERT INTO C_EP
	VALUES ("41975c9a-c2ad-4a5b-a85e-0b3133faedab",
	"8ed00d11-c952-4dae-859d-bac33c5df19e",
	-1,
	'UserInputs_Jog_InspectionSheet_FoilSense',
	'');
INSERT INTO C_AS
	VALUES ("41975c9a-c2ad-4a5b-a85e-0b3133faedab",
	'UserInputs_Jog_InspectionSheet_FoilSense',
	'',
	1,
	"00000000-0000-0000-0000-000000000000");
INSERT INTO C_EP
	VALUES ("9a1fed2d-c442-4c42-96ca-0afd68b4eaab",
	"8ed00d11-c952-4dae-859d-bac33c5df19e",
	-1,
	'LockedInRunPosition',
	'');
INSERT INTO C_AS
	VALUES ("9a1fed2d-c442-4c42-96ca-0afd68b4eaab",
	'LockedInRunPosition',
	'',
	1,
	"41975c9a-c2ad-4a5b-a85e-0b3133faedab");
INSERT INTO C_EP
	VALUES ("8d9419fe-2e3a-4d0f-b546-419ac7b48723",
	"8ed00d11-c952-4dae-859d-bac33c5df19e",
	-1,
	'Fingers',
	'');
INSERT INTO C_IO
	VALUES ("8d9419fe-2e3a-4d0f-b546-419ac7b48723",
	"ba5eda7a-def5-0000-0000-000000000000",
	'Fingers',
	'',
	0,
	'',
	"00000000-0000-0000-0000-000000000000");
INSERT INTO C_EP
	VALUES ("f9e3fe36-4f1e-465d-943c-618f069ee394",
	"8ed00d11-c952-4dae-859d-bac33c5df19e",
	-1,
	'AirBlast',
	'');
INSERT INTO C_IO
	VALUES ("f9e3fe36-4f1e-465d-943c-618f069ee394",
	"ba5eda7a-def5-0000-0000-000000000000",
	'AirBlast',
	'',
	0,
	'',
	"8d9419fe-2e3a-4d0f-b546-419ac7b48723");
INSERT INTO PE_PE
	VALUES ("30469f66-939f-4adf-be45-1ccdb8fce990",
	1,
	"c1255101-6ddb-4fec-a7ae-60dd88ec7bb6",
	"00000000-0000-0000-0000-000000000000",
	6);
INSERT INTO C_I
	VALUES ("30469f66-939f-4adf-be45-1ccdb8fce990",
	"00000000-0000-0000-0000-000000000000",
	'E_to_P',
	'');
INSERT INTO PE_PE
	VALUES ("2b798115-3e72-4428-a942-a734d86e7ba2",
	1,
	"c1255101-6ddb-4fec-a7ae-60dd88ec7bb6",
	"00000000-0000-0000-0000-000000000000",
	6);
INSERT INTO C_I
	VALUES ("2b798115-3e72-4428-a942-a734d86e7ba2",
	"00000000-0000-0000-0000-000000000000",
	'Motor Drive Brake',
	'');
INSERT INTO PE_PE
	VALUES ("a1a9c25a-8d89-40c6-b46c-fede4cd833b3",
	1,
	"c1255101-6ddb-4fec-a7ae-60dd88ec7bb6",
	"00000000-0000-0000-0000-000000000000",
	6);
INSERT INTO C_I
	VALUES ("a1a9c25a-8d89-40c6-b46c-fede4cd833b3",
	"00000000-0000-0000-0000-000000000000",
	'Motor Drive Feedback',
	'');
INSERT INTO PE_PE
	VALUES ("3c1dcdd8-7c74-424e-b1db-a572a6522a07",
	1,
	"c1255101-6ddb-4fec-a7ae-60dd88ec7bb6",
	"00000000-0000-0000-0000-000000000000",
	6);
INSERT INTO C_I
	VALUES ("3c1dcdd8-7c74-424e-b1db-a572a6522a07",
	"00000000-0000-0000-0000-000000000000",
	'Motor Drive Registration',
	'');
INSERT INTO PE_PE
	VALUES ("72ea15e4-cb3c-4947-bf2d-c0901c81a79d",
	1,
	"c1255101-6ddb-4fec-a7ae-60dd88ec7bb6",
	"00000000-0000-0000-0000-000000000000",
	6);
INSERT INTO C_I
	VALUES ("72ea15e4-cb3c-4947-bf2d-c0901c81a79d",
	"00000000-0000-0000-0000-000000000000",
	'Motor Drive',
	'');
INSERT INTO PE_PE
	VALUES ("6a3d88a2-c258-49d7-8384-acff46f06e0e",
	1,
	"c1255101-6ddb-4fec-a7ae-60dd88ec7bb6",
	"00000000-0000-0000-0000-000000000000",
	6);
INSERT INTO C_I
	VALUES ("6a3d88a2-c258-49d7-8384-acff46f06e0e",
	"00000000-0000-0000-0000-000000000000",
	'Position Feedback',
	'');
INSERT INTO PE_PE
	VALUES ("9df279ce-273d-409c-9ec1-d54e2635021d",
	1,
	"c1255101-6ddb-4fec-a7ae-60dd88ec7bb6",
	"00000000-0000-0000-0000-000000000000",
	6);
INSERT INTO C_I
	VALUES ("9df279ce-273d-409c-9ec1-d54e2635021d",
	"00000000-0000-0000-0000-000000000000",
	'Registration',
	'');
INSERT INTO PE_PE
	VALUES ("0a4e403d-58ba-4877-9a1c-6f7a091c1e44",
	1,
	"c1255101-6ddb-4fec-a7ae-60dd88ec7bb6",
	"00000000-0000-0000-0000-000000000000",
	6);
INSERT INTO C_I
	VALUES ("0a4e403d-58ba-4877-9a1c-6f7a091c1e44",
	"00000000-0000-0000-0000-000000000000",
	'Shingling Section Digital IO',
	'');
INSERT INTO C_EP
	VALUES ("f0811efe-9e0d-4676-bd18-5327d5720b29",
	"0a4e403d-58ba-4877-9a1c-6f7a091c1e44",
	-1,
	'MainDampers',
	'');
INSERT INTO C_IO
	VALUES ("f0811efe-9e0d-4676-bd18-5327d5720b29",
	"ba5eda7a-def5-0000-0000-000000000000",
	'MainDampers',
	'',
	0,
	'',
	"00000000-0000-0000-0000-000000000000");
INSERT INTO C_EP
	VALUES ("ef82e5ee-2590-4feb-849f-150dcd547098",
	"0a4e403d-58ba-4877-9a1c-6f7a091c1e44",
	-1,
	'ChamberDampers',
	'');
INSERT INTO C_IO
	VALUES ("ef82e5ee-2590-4feb-849f-150dcd547098",
	"ba5eda7a-def5-0000-0000-000000000000",
	'ChamberDampers',
	'',
	0,
	'',
	"f0811efe-9e0d-4676-bd18-5327d5720b29");
INSERT INTO C_EP
	VALUES ("213f30dc-2c2e-42ed-a750-5a549f103bb7",
	"0a4e403d-58ba-4877-9a1c-6f7a091c1e44",
	-1,
	'SyncVacCylinders',
	'');
INSERT INTO C_IO
	VALUES ("213f30dc-2c2e-42ed-a750-5a549f103bb7",
	"ba5eda7a-def5-0000-0000-000000000000",
	'SyncVacCylinders',
	'',
	0,
	'',
	"ef82e5ee-2590-4feb-849f-150dcd547098");
INSERT INTO C_EP
	VALUES ("0192e544-c33c-442a-9026-1ede4045397f",
	"0a4e403d-58ba-4877-9a1c-6f7a091c1e44",
	-1,
	'Multi_Flute',
	'');
INSERT INTO C_IO
	VALUES ("0192e544-c33c-442a-9026-1ede4045397f",
	"ba5eda7a-def5-0000-0000-000000000000",
	'Multi_Flute',
	'',
	0,
	'',
	"213f30dc-2c2e-42ed-a750-5a549f103bb7");
INSERT INTO EP_PKG
	VALUES ("775c60b7-244d-4a7e-9422-7c65bc89b2a4",
	"a4578804-6c2e-4c96-9428-cb3a7061868f",
	"a4578804-6c2e-4c96-9428-cb3a7061868f",
	'PhysicalCompModel_pg2',
	'',
	0);
INSERT INTO PE_PE
	VALUES ("e42d4de8-404e-4e08-a615-05e5aa1c53e7",
	1,
	"775c60b7-244d-4a7e-9422-7c65bc89b2a4",
	"00000000-0000-0000-0000-000000000000",
	2);
INSERT INTO C_C
	VALUES ("e42d4de8-404e-4e08-a615-05e5aa1c53e7",
	"00000000-0000-0000-0000-000000000000",
	"00000000-0000-0000-0000-000000000000",
	'Backstop',
	'',
	0,
	"00000000-0000-0000-0000-000000000000",
	0,
	'');
INSERT INTO C_PO
	VALUES ("87da463c-8563-4561-8078-796b6fb99c64",
	"e42d4de8-404e-4e08-a615-05e5aa1c53e7",
	'Port1',
	0,
	0);
INSERT INTO C_IR
	VALUES ("a4941226-64ec-42e8-95bf-c56a0b6efb4e",
	"2b798115-3e72-4428-a942-a734d86e7ba2",
	"00000000-0000-0000-0000-000000000000",
	"87da463c-8563-4561-8078-796b6fb99c64");
INSERT INTO C_R
	VALUES ("a4941226-64ec-42e8-95bf-c56a0b6efb4e",
	'Motor Drive Brake',
	'',
	'Unnamed Interface',
	'Backstop::Port1::Motor Drive Brake');
INSERT INTO C_PO
	VALUES ("b26ca853-52e1-4050-a5e8-97014a09b511",
	"e42d4de8-404e-4e08-a615-05e5aa1c53e7",
	'Port2',
	0,
	0);
INSERT INTO C_IR
	VALUES ("e6a58ed0-7e1a-49a3-acad-49a1fad85a2e",
	"72ea15e4-cb3c-4947-bf2d-c0901c81a79d",
	"00000000-0000-0000-0000-000000000000",
	"b26ca853-52e1-4050-a5e8-97014a09b511");
INSERT INTO C_R
	VALUES ("e6a58ed0-7e1a-49a3-acad-49a1fad85a2e",
	'Motor Drive',
	'',
	'Unnamed Interface',
	'Backstop::Port2::Motor Drive');
INSERT INTO C_PO
	VALUES ("651629bb-a02e-4595-9fcd-c5e70ba30682",
	"e42d4de8-404e-4e08-a615-05e5aa1c53e7",
	'Port3',
	0,
	0);
INSERT INTO C_IR
	VALUES ("8b16f25d-543e-4876-aff7-07b43df6cd0f",
	"2f180720-95aa-41d5-8838-2c7cc9950c86",
	"00000000-0000-0000-0000-000000000000",
	"651629bb-a02e-4595-9fcd-c5e70ba30682");
INSERT INTO C_R
	VALUES ("8b16f25d-543e-4876-aff7-07b43df6cd0f",
	'Backstop Digital IO',
	'',
	'Unnamed Interface',
	'Backstop::Port3::Backstop Digital IO');
INSERT INTO SPR_REP
	VALUES ("fe862e66-4d11-446c-8ce1-40ecce4b226f",
	"92a89049-3df3-4619-8866-c5257bd82788",
	"8b16f25d-543e-4876-aff7-07b43df6cd0f");
INSERT INTO SPR_RS
	VALUES ("fe862e66-4d11-446c-8ce1-40ecce4b226f",
	'BackstopJammed',
	'',
	'',
	1);
INSERT INTO ACT_RSB
	VALUES ("5cfb1591-207a-45c2-875a-8331c8019ac2",
	"fe862e66-4d11-446c-8ce1-40ecce4b226f");
INSERT INTO ACT_ACT
	VALUES ("5cfb1591-207a-45c2-875a-8331c8019ac2",
	'signal',
	0,
	"3250593c-7472-4492-bb9c-ea356c4b5dd9",
	"00000000-0000-0000-0000-000000000000",
	0,
	'Port3::Backstop Digital IO::BackstopJammed',
	"00000000-0000-0000-0000-000000000000");
INSERT INTO ACT_BLK
	VALUES ("3250593c-7472-4492-bb9c-ea356c4b5dd9",
	0,
	0,
	0,
	'',
	'',
	'',
	0,
	0,
	0,
	0,
	0,
	0,
	0,
	0,
	0,
	0,
	0,
	0,
	0,
	"5cfb1591-207a-45c2-875a-8331c8019ac2",
	"00000000-0000-0000-0000-000000000000");
INSERT INTO SPR_REP
	VALUES ("cd15215f-ac9a-4682-85b2-4f5b5966d879",
	"6bcc632f-1ff5-4d88-b897-5aaa32368719",
	"8b16f25d-543e-4876-aff7-07b43df6cd0f");
INSERT INTO SPR_RS
	VALUES ("cd15215f-ac9a-4682-85b2-4f5b5966d879",
	'StackHeightSensors',
	'',
	'',
	1);
INSERT INTO ACT_RSB
	VALUES ("106eb752-27eb-4487-9d93-76419af693a3",
	"cd15215f-ac9a-4682-85b2-4f5b5966d879");
INSERT INTO ACT_ACT
	VALUES ("106eb752-27eb-4487-9d93-76419af693a3",
	'signal',
	0,
	"b09ed65f-994f-4332-8f25-77fd88c96cf1",
	"00000000-0000-0000-0000-000000000000",
	0,
	'Port3::Backstop Digital IO::StackHeightSensors',
	"00000000-0000-0000-0000-000000000000");
INSERT INTO ACT_BLK
	VALUES ("b09ed65f-994f-4332-8f25-77fd88c96cf1",
	0,
	0,
	0,
	'',
	'',
	'',
	0,
	0,
	0,
	0,
	0,
	0,
	0,
	0,
	0,
	0,
	0,
	0,
	0,
	"106eb752-27eb-4487-9d93-76419af693a3",
	"00000000-0000-0000-0000-000000000000");
INSERT INTO SPR_REP
	VALUES ("4ed0f27b-d429-4344-a10e-e70564d9228f",
	"6881a81f-2e59-417c-b99f-3b558502d36d",
	"8b16f25d-543e-4876-aff7-07b43df6cd0f");
INSERT INTO SPR_RO
	VALUES ("4ed0f27b-d429-4344-a10e-e70564d9228f",
	'UpDownCylinder',
	'',
	'',
	1);
INSERT INTO ACT_ROB
	VALUES ("204c7c50-2422-4f4e-91b4-f50949f56fe9",
	"4ed0f27b-d429-4344-a10e-e70564d9228f");
INSERT INTO ACT_ACT
	VALUES ("204c7c50-2422-4f4e-91b4-f50949f56fe9",
	'interface operation',
	0,
	"bb61cbc0-000f-44ad-b59c-a0a8901379e8",
	"00000000-0000-0000-0000-000000000000",
	0,
	'Port3::Backstop Digital IO::UpDownCylinder',
	"00000000-0000-0000-0000-000000000000");
INSERT INTO ACT_BLK
	VALUES ("bb61cbc0-000f-44ad-b59c-a0a8901379e8",
	0,
	0,
	0,
	'',
	'',
	'',
	0,
	0,
	0,
	0,
	0,
	0,
	0,
	0,
	0,
	0,
	0,
	0,
	0,
	"204c7c50-2422-4f4e-91b4-f50949f56fe9",
	"00000000-0000-0000-0000-000000000000");
INSERT INTO SPR_REP
	VALUES ("a1364caf-49e2-4ce3-a2ca-38748eede2dd",
	"34bfcd69-1405-44cd-a976-164711063ae2",
	"8b16f25d-543e-4876-aff7-07b43df6cd0f");
INSERT INTO SPR_RO
	VALUES ("a1364caf-49e2-4ce3-a2ca-38748eede2dd",
	'BundleOffsetUpDownCylinder',
	'',
	'',
	1);
INSERT INTO ACT_ROB
	VALUES ("503e64df-c5b6-4d26-9aaa-94d3124cd6d5",
	"a1364caf-49e2-4ce3-a2ca-38748eede2dd");
INSERT INTO ACT_ACT
	VALUES ("503e64df-c5b6-4d26-9aaa-94d3124cd6d5",
	'interface operation',
	0,
	"f53c4556-7a0c-4c4d-8e56-34e52bbbff37",
	"00000000-0000-0000-0000-000000000000",
	0,
	'Port3::Backstop Digital IO::BundleOffsetUpDownCylinder',
	"00000000-0000-0000-0000-000000000000");
INSERT INTO ACT_BLK
	VALUES ("f53c4556-7a0c-4c4d-8e56-34e52bbbff37",
	0,
	0,
	0,
	'',
	'',
	'',
	0,
	0,
	0,
	0,
	0,
	0,
	0,
	0,
	0,
	0,
	0,
	0,
	0,
	"503e64df-c5b6-4d26-9aaa-94d3124cd6d5",
	"00000000-0000-0000-0000-000000000000");
INSERT INTO PE_PE
	VALUES ("ba2b963b-35d5-42db-89ad-abe9cf5e4a6e",
	1,
	"775c60b7-244d-4a7e-9422-7c65bc89b2a4",
	"00000000-0000-0000-0000-000000000000",
	21);
INSERT INTO CL_IC
	VALUES ("ba2b963b-35d5-42db-89ad-abe9cf5e4a6e",
	"2a75e635-7488-4082-a32b-7af2e8a798d3",
	"00000000-0000-0000-0000-000000000000",
	"00000000-0000-0000-0000-000000000000",
	0,
	'Flat Belts 1 to 5',
	'Diverter::PhysicalCompModel_pg1::Motor_Drive:Flat Belts 1 to 5',
	'');
INSERT INTO CL_POR
	VALUES ("ba2b963b-35d5-42db-89ad-abe9cf5e4a6e",
	"246f147a-6ba1-4ad5-bde5-6d0b928bde96",
	'Port1',
	"522c6904-8ea2-4462-a7a3-a6ca23418e56");
INSERT INTO CL_IIR
	VALUES ("7cf6bf28-f993-4535-9ba2-b260604acb75",
	"c9f6c881-f358-4733-9871-7d489bbc42f4",
	"522c6904-8ea2-4462-a7a3-a6ca23418e56",
	"00000000-0000-0000-0000-000000000000",
	'Motor Drive',
	'');
INSERT INTO CL_IP
	VALUES ("7cf6bf28-f993-4535-9ba2-b260604acb75",
	'Motor Drive',
	'');
INSERT INTO CL_IPINS
	VALUES ("f1753e70-ed59-4cfb-ae12-3c4f90bfa535",
	"7cf6bf28-f993-4535-9ba2-b260604acb75");
INSERT INTO PE_PE
	VALUES ("067a16e4-c621-4d35-8408-95c7f429424c",
	1,
	"775c60b7-244d-4a7e-9422-7c65bc89b2a4",
	"00000000-0000-0000-0000-000000000000",
	21);
INSERT INTO CL_IC
	VALUES ("067a16e4-c621-4d35-8408-95c7f429424c",
	"2cd2cbfe-3fe5-47c2-8e60-b26259fefda7",
	"00000000-0000-0000-0000-000000000000",
	"00000000-0000-0000-0000-000000000000",
	0,
	'',
	'Diverter::PhysicalCompModel_pg1::Motor_Drive_Brake',
	'');
INSERT INTO CL_POR
	VALUES ("067a16e4-c621-4d35-8408-95c7f429424c",
	"d94b4a22-7bae-4722-996e-43d7b74edbf2",
	'Port1',
	"bac7931f-7654-444a-9fb6-777c5b4c4fa5");
INSERT INTO CL_IIR
	VALUES ("cd83fa3b-e8a3-401b-bf2b-e830f5a5b05c",
	"f787f677-dcf5-44b8-95d8-0ac79a237c1c",
	"bac7931f-7654-444a-9fb6-777c5b4c4fa5",
	"00000000-0000-0000-0000-000000000000",
	'Motor Drive Brake',
	'');
INSERT INTO CL_IP
	VALUES ("cd83fa3b-e8a3-401b-bf2b-e830f5a5b05c",
	'Motor Drive Brake',
	'');
INSERT INTO CL_IPINS
	VALUES ("6bcfd526-8591-4c57-8c55-dfafc5ac0421",
	"cd83fa3b-e8a3-401b-bf2b-e830f5a5b05c");
INSERT INTO CL_POR
	VALUES ("067a16e4-c621-4d35-8408-95c7f429424c",
	"a40343de-f8b7-478b-af61-e4534a98bb72",
	'Port2',
	"5feb42e4-ff14-45ac-9bbd-e80c512912b9");
INSERT INTO CL_IIR
	VALUES ("766d2d9e-7579-4577-8c37-a678fc391f47",
	"97f21b28-823b-4ecb-8369-cb921fa5aaa1",
	"5feb42e4-ff14-45ac-9bbd-e80c512912b9",
	"00000000-0000-0000-0000-000000000000",
	'Position Feedback',
	'');
INSERT INTO CL_IR
	VALUES ("766d2d9e-7579-4577-8c37-a678fc391f47",
	"00000000-0000-0000-0000-000000000000",
	'Position Feedback',
	'');
INSERT INTO CL_POR
	VALUES ("067a16e4-c621-4d35-8408-95c7f429424c",
	"da95fe78-01d2-423c-b4b7-141c0baad6ac",
	'Port3',
	"3b48e9d3-09d7-4507-92ce-485a35305b19");
INSERT INTO CL_IIR
	VALUES ("50a9555a-c37f-4eba-a628-59cad8289bba",
	"50d8d4f4-3967-470a-9335-90258568275b",
	"3b48e9d3-09d7-4507-92ce-485a35305b19",
	"00000000-0000-0000-0000-000000000000",
	'Brake',
	'');
INSERT INTO CL_IR
	VALUES ("50a9555a-c37f-4eba-a628-59cad8289bba",
	"00000000-0000-0000-0000-000000000000",
	'Brake',
	'');
INSERT INTO PE_PE
	VALUES ("d4d48488-b8d1-4ca5-8167-682d9eb2fa6e",
	1,
	"775c60b7-244d-4a7e-9422-7c65bc89b2a4",
	"00000000-0000-0000-0000-000000000000",
	21);
INSERT INTO CL_IC
	VALUES ("d4d48488-b8d1-4ca5-8167-682d9eb2fa6e",
	"733af74b-574f-4b3c-a6db-163e13ebc681",
	"00000000-0000-0000-0000-000000000000",
	"00000000-0000-0000-0000-000000000000",
	0,
	'',
	'Diverter::PhysicalCompModel_pg1::Motor_Drive_FB',
	'');
INSERT INTO CL_POR
	VALUES ("d4d48488-b8d1-4ca5-8167-682d9eb2fa6e",
	"650def71-027e-4e39-b8bb-99bfecd36a24",
	'Port1',
	"51a83dd4-9aad-4101-8ee6-0c19284abb2f");
INSERT INTO CL_IIR
	VALUES ("a84ee2ca-3c7a-4cde-9717-68abedea0628",
	"e8bc31f0-b58a-44cc-b1dd-0f62cdebee27",
	"51a83dd4-9aad-4101-8ee6-0c19284abb2f",
	"00000000-0000-0000-0000-000000000000",
	'Motor Drive Feedback',
	'');
INSERT INTO CL_IP
	VALUES ("a84ee2ca-3c7a-4cde-9717-68abedea0628",
	'Motor Drive Feedback',
	'');
INSERT INTO CL_IPINS
	VALUES ("0c136905-439b-46cd-862c-583e493dcaa2",
	"a84ee2ca-3c7a-4cde-9717-68abedea0628");
INSERT INTO CL_POR
	VALUES ("d4d48488-b8d1-4ca5-8167-682d9eb2fa6e",
	"4d5474b3-da23-4788-8007-ad3d980d22bf",
	'Port2',
	"7f00b63c-9e32-4056-825d-fea3318be070");
INSERT INTO CL_IIR
	VALUES ("f6bcb513-092d-4602-b954-2a0280ccac11",
	"d065814a-f941-4a76-91ae-e5d3608928ea",
	"7f00b63c-9e32-4056-825d-fea3318be070",
	"00000000-0000-0000-0000-000000000000",
	'Position Feedback',
	'');
INSERT INTO CL_IR
	VALUES ("f6bcb513-092d-4602-b954-2a0280ccac11",
	"00000000-0000-0000-0000-000000000000",
	'Position Feedback',
	'');
INSERT INTO PE_PE
	VALUES ("3749c79a-8c21-4903-bd80-ed11ebe1ecf4",
	1,
	"775c60b7-244d-4a7e-9422-7c65bc89b2a4",
	"00000000-0000-0000-0000-000000000000",
	21);
INSERT INTO CL_IC
	VALUES ("3749c79a-8c21-4903-bd80-ed11ebe1ecf4",
	"2cd2cbfe-3fe5-47c2-8e60-b26259fefda7",
	"00000000-0000-0000-0000-000000000000",
	"00000000-0000-0000-0000-000000000000",
	0,
	'Positioning',
	'Diverter::PhysicalCompModel_pg1::Motor_Drive_Brake:Positioning',
	'');
INSERT INTO CL_POR
	VALUES ("3749c79a-8c21-4903-bd80-ed11ebe1ecf4",
	"d94b4a22-7bae-4722-996e-43d7b74edbf2",
	'Port1',
	"87ab4c7c-0504-41d3-9d17-f55f5f89bb9b");
INSERT INTO CL_IIR
	VALUES ("15ae127a-7dca-417a-ab9a-f4d0023ad7a7",
	"f787f677-dcf5-44b8-95d8-0ac79a237c1c",
	"87ab4c7c-0504-41d3-9d17-f55f5f89bb9b",
	"00000000-0000-0000-0000-000000000000",
	'Motor Drive Brake',
	'');
INSERT INTO CL_IP
	VALUES ("15ae127a-7dca-417a-ab9a-f4d0023ad7a7",
	'Motor Drive Brake',
	'');
INSERT INTO CL_IPINS
	VALUES ("90ee55c8-d37d-4328-afcc-bd9a21e898c5",
	"15ae127a-7dca-417a-ab9a-f4d0023ad7a7");
INSERT INTO CL_POR
	VALUES ("3749c79a-8c21-4903-bd80-ed11ebe1ecf4",
	"a40343de-f8b7-478b-af61-e4534a98bb72",
	'Port2',
	"93c902c5-c9fb-402d-a247-7ede6b601843");
INSERT INTO CL_IIR
	VALUES ("93f3b85e-d681-47ac-a03c-97e9b647b922",
	"97f21b28-823b-4ecb-8369-cb921fa5aaa1",
	"93c902c5-c9fb-402d-a247-7ede6b601843",
	"00000000-0000-0000-0000-000000000000",
	'Position Feedback',
	'');
INSERT INTO CL_IR
	VALUES ("93f3b85e-d681-47ac-a03c-97e9b647b922",
	"00000000-0000-0000-0000-000000000000",
	'Position Feedback',
	'');
INSERT INTO CL_POR
	VALUES ("3749c79a-8c21-4903-bd80-ed11ebe1ecf4",
	"da95fe78-01d2-423c-b4b7-141c0baad6ac",
	'Port3',
	"ad7c3097-3bd1-405d-a7f7-28dace0d7995");
INSERT INTO CL_IIR
	VALUES ("4c75d773-17b8-4a70-8e22-d159fd3f6d8f",
	"50d8d4f4-3967-470a-9335-90258568275b",
	"ad7c3097-3bd1-405d-a7f7-28dace0d7995",
	"00000000-0000-0000-0000-000000000000",
	'Brake',
	'');
INSERT INTO CL_IR
	VALUES ("4c75d773-17b8-4a70-8e22-d159fd3f6d8f",
	"00000000-0000-0000-0000-000000000000",
	'Brake',
	'');
INSERT INTO PE_PE
	VALUES ("7c02476f-c2d9-4cc3-85ff-b4a1b6d5e0ad",
	1,
	"775c60b7-244d-4a7e-9422-7c65bc89b2a4",
	"00000000-0000-0000-0000-000000000000",
	21);
INSERT INTO CL_IC
	VALUES ("7c02476f-c2d9-4cc3-85ff-b4a1b6d5e0ad",
	"2a75e635-7488-4082-a32b-7af2e8a798d3",
	"00000000-0000-0000-0000-000000000000",
	"00000000-0000-0000-0000-000000000000",
	0,
	'Oscillator',
	'Diverter::PhysicalCompModel_pg1::Motor_Drive:Oscillator',
	'');
INSERT INTO CL_POR
	VALUES ("7c02476f-c2d9-4cc3-85ff-b4a1b6d5e0ad",
	"246f147a-6ba1-4ad5-bde5-6d0b928bde96",
	'Port1',
	"d21b6102-809a-42f3-a5a1-81490fd85037");
INSERT INTO CL_IIR
	VALUES ("0a355743-579e-4387-a845-dde146dbbd5b",
	"c9f6c881-f358-4733-9871-7d489bbc42f4",
	"d21b6102-809a-42f3-a5a1-81490fd85037",
	"00000000-0000-0000-0000-000000000000",
	'Motor Drive',
	'');
INSERT INTO CL_IP
	VALUES ("0a355743-579e-4387-a845-dde146dbbd5b",
	'Motor Drive',
	'');
INSERT INTO CL_IPINS
	VALUES ("ccbf4074-99ef-47d5-b844-cc95a4055170",
	"0a355743-579e-4387-a845-dde146dbbd5b");
INSERT INTO PE_PE
	VALUES ("f1753e70-ed59-4cfb-ae12-3c4f90bfa535",
	1,
	"775c60b7-244d-4a7e-9422-7c65bc89b2a4",
	"00000000-0000-0000-0000-000000000000",
	22);
INSERT INTO C_SF
	VALUES ("f1753e70-ed59-4cfb-ae12-3c4f90bfa535",
	"86932596-7e9a-4e27-a1a1-a6c215ee47f2",
	"c9f6c881-f358-4733-9871-7d489bbc42f4",
	'',
	'Motor_Drive::Port1::Motor Drive -o)- Flat Belts::Port1::Motor Drive');
INSERT INTO PE_PE
	VALUES ("6bcfd526-8591-4c57-8c55-dfafc5ac0421",
	1,
	"775c60b7-244d-4a7e-9422-7c65bc89b2a4",
	"00000000-0000-0000-0000-000000000000",
	22);
INSERT INTO C_SF
	VALUES ("6bcfd526-8591-4c57-8c55-dfafc5ac0421",
	"4514f873-60f5-4cbb-b7fd-c301471a4ba4",
	"f787f677-dcf5-44b8-95d8-0ac79a237c1c",
	'',
	'Motor_Drive_Brake::Port1::Motor Drive Brake -o)- Lift Bay::Port1::Motor Drive Brake');
INSERT INTO PE_PE
	VALUES ("0c136905-439b-46cd-862c-583e493dcaa2",
	1,
	"775c60b7-244d-4a7e-9422-7c65bc89b2a4",
	"00000000-0000-0000-0000-000000000000",
	22);
INSERT INTO C_SF
	VALUES ("0c136905-439b-46cd-862c-583e493dcaa2",
	"cbb63ccb-9db5-4fee-a5b1-5fb2700287ae",
	"e8bc31f0-b58a-44cc-b1dd-0f62cdebee27",
	'',
	'Motor_Drive_FB::Port1::Motor Drive Feedback -o)- Lift Conveyor::Port1::Motor Drive Feedback');
INSERT INTO PE_PE
	VALUES ("90ee55c8-d37d-4328-afcc-bd9a21e898c5",
	1,
	"775c60b7-244d-4a7e-9422-7c65bc89b2a4",
	"00000000-0000-0000-0000-000000000000",
	22);
INSERT INTO C_SF
	VALUES ("90ee55c8-d37d-4328-afcc-bd9a21e898c5",
	"a4941226-64ec-42e8-95bf-c56a0b6efb4e",
	"f787f677-dcf5-44b8-95d8-0ac79a237c1c",
	'',
	'Motor_Drive_Brake::Port1::Motor Drive Brake -o)- Backstop::Port1::Motor Drive Brake');
INSERT INTO PE_PE
	VALUES ("ccbf4074-99ef-47d5-b844-cc95a4055170",
	1,
	"775c60b7-244d-4a7e-9422-7c65bc89b2a4",
	"00000000-0000-0000-0000-000000000000",
	22);
INSERT INTO C_SF
	VALUES ("ccbf4074-99ef-47d5-b844-cc95a4055170",
	"e6a58ed0-7e1a-49a3-acad-49a1fad85a2e",
	"c9f6c881-f358-4733-9871-7d489bbc42f4",
	'',
	'Motor_Drive::Port1::Motor Drive -o)- Backstop::Port2::Motor Drive');
INSERT INTO PE_PE
	VALUES ("4b82a186-0503-4423-b579-664d688518a0",
	1,
	"775c60b7-244d-4a7e-9422-7c65bc89b2a4",
	"00000000-0000-0000-0000-000000000000",
	2);
INSERT INTO C_C
	VALUES ("4b82a186-0503-4423-b579-664d688518a0",
	"00000000-0000-0000-0000-000000000000",
	"00000000-0000-0000-0000-000000000000",
	'Flat Belts',
	'',
	0,
	"00000000-0000-0000-0000-000000000000",
	0,
	'');
INSERT INTO C_PO
	VALUES ("8911ba47-f070-4af5-9353-a9ee5b527008",
	"4b82a186-0503-4423-b579-664d688518a0",
	'Port1',
	0,
	0);
INSERT INTO C_IR
	VALUES ("86932596-7e9a-4e27-a1a1-a6c215ee47f2",
	"72ea15e4-cb3c-4947-bf2d-c0901c81a79d",
	"00000000-0000-0000-0000-000000000000",
	"8911ba47-f070-4af5-9353-a9ee5b527008");
INSERT INTO C_R
	VALUES ("86932596-7e9a-4e27-a1a1-a6c215ee47f2",
	'Motor Drive',
	'',
	'Unnamed Interface',
	'Flat Belts::Port1::Motor Drive');
INSERT INTO PE_PE
	VALUES ("4b80cfd3-efa5-4ac6-89dc-1408cf92acb5",
	1,
	"775c60b7-244d-4a7e-9422-7c65bc89b2a4",
	"00000000-0000-0000-0000-000000000000",
	2);
INSERT INTO C_C
	VALUES ("4b80cfd3-efa5-4ac6-89dc-1408cf92acb5",
	"00000000-0000-0000-0000-000000000000",
	"00000000-0000-0000-0000-000000000000",
	'Lift Bay',
	'',
	0,
	"00000000-0000-0000-0000-000000000000",
	0,
	'');
INSERT INTO C_PO
	VALUES ("a3e37ef9-427a-4070-acf5-53ca2a9e621b",
	"4b80cfd3-efa5-4ac6-89dc-1408cf92acb5",
	'Port1',
	0,
	0);
INSERT INTO C_IR
	VALUES ("4514f873-60f5-4cbb-b7fd-c301471a4ba4",
	"2b798115-3e72-4428-a942-a734d86e7ba2",
	"00000000-0000-0000-0000-000000000000",
	"a3e37ef9-427a-4070-acf5-53ca2a9e621b");
INSERT INTO C_R
	VALUES ("4514f873-60f5-4cbb-b7fd-c301471a4ba4",
	'Motor Drive Brake',
	'',
	'Unnamed Interface',
	'Lift Bay::Port1::Motor Drive Brake');
INSERT INTO C_PO
	VALUES ("fb122a42-5775-476e-b846-97cd58576feb",
	"4b80cfd3-efa5-4ac6-89dc-1408cf92acb5",
	'Port2',
	0,
	0);
INSERT INTO C_IR
	VALUES ("c2f6ebee-b96b-4b74-9612-1fdce9d30afc",
	"6b679645-4f8a-4cf7-976a-56cef790c845",
	"00000000-0000-0000-0000-000000000000",
	"fb122a42-5775-476e-b846-97cd58576feb");
INSERT INTO C_R
	VALUES ("c2f6ebee-b96b-4b74-9612-1fdce9d30afc",
	'Lift Bay Digital IO',
	'',
	'Unnamed Interface',
	'Lift Bay::Port2::Lift Bay Digital IO');
INSERT INTO SPR_REP
	VALUES ("4bdbd286-785e-495f-9911-246c549c0c8c",
	"c830c960-6bce-4281-9f96-e9fa3a9e1b4e",
	"c2f6ebee-b96b-4b74-9612-1fdce9d30afc");
INSERT INTO SPR_RS
	VALUES ("4bdbd286-785e-495f-9911-246c549c0c8c",
	'CounterWeightMaxUpSensor',
	'',
	'',
	1);
INSERT INTO ACT_RSB
	VALUES ("735079a8-a3e9-4b1b-b0ba-1f8511a81e63",
	"4bdbd286-785e-495f-9911-246c549c0c8c");
INSERT INTO ACT_ACT
	VALUES ("735079a8-a3e9-4b1b-b0ba-1f8511a81e63",
	'signal',
	0,
	"d245cdba-68c2-4e7a-bd89-861fb9ee73c6",
	"00000000-0000-0000-0000-000000000000",
	0,
	'Port2::Lift Bay Digital IO::CounterWeightMaxUpSensor',
	"00000000-0000-0000-0000-000000000000");
INSERT INTO ACT_BLK
	VALUES ("d245cdba-68c2-4e7a-bd89-861fb9ee73c6",
	0,
	0,
	0,
	'',
	'',
	'',
	0,
	0,
	0,
	0,
	0,
	0,
	0,
	0,
	0,
	0,
	0,
	0,
	0,
	"735079a8-a3e9-4b1b-b0ba-1f8511a81e63",
	"00000000-0000-0000-0000-000000000000");
INSERT INTO SPR_REP
	VALUES ("7f4e3691-7d94-4f23-807e-db2d0bb4f1c4",
	"844d2b83-b098-40de-973b-f11d7d4b72d6",
	"c2f6ebee-b96b-4b74-9612-1fdce9d30afc");
INSERT INTO SPR_RO
	VALUES ("7f4e3691-7d94-4f23-807e-db2d0bb4f1c4",
	'BundleOffsetExtendCylinder',
	'',
	'',
	1);
INSERT INTO ACT_ROB
	VALUES ("56c5371d-e156-4723-9f67-38527d9ccba9",
	"7f4e3691-7d94-4f23-807e-db2d0bb4f1c4");
INSERT INTO ACT_ACT
	VALUES ("56c5371d-e156-4723-9f67-38527d9ccba9",
	'interface operation',
	0,
	"4998eb7e-4349-4aa6-bf69-62ed9a40d07b",
	"00000000-0000-0000-0000-000000000000",
	0,
	'Port2::Lift Bay Digital IO::BundleOffsetExtendCylinder',
	"00000000-0000-0000-0000-000000000000");
INSERT INTO ACT_BLK
	VALUES ("4998eb7e-4349-4aa6-bf69-62ed9a40d07b",
	0,
	0,
	0,
	'',
	'',
	'',
	0,
	0,
	0,
	0,
	0,
	0,
	0,
	0,
	0,
	0,
	0,
	0,
	0,
	"56c5371d-e156-4723-9f67-38527d9ccba9",
	"00000000-0000-0000-0000-000000000000");
INSERT INTO SPR_REP
	VALUES ("6c2619b8-b02f-46f6-9d74-eca8d630b129",
	"aad193d6-c749-4283-abdd-725fe60d0f4b",
	"c2f6ebee-b96b-4b74-9612-1fdce9d30afc");
INSERT INTO SPR_RO
	VALUES ("6c2619b8-b02f-46f6-9d74-eca8d630b129",
	'BundleOffsetTopSheetHoldCylinder',
	'',
	'',
	1);
INSERT INTO ACT_ROB
	VALUES ("05c37b6f-af7c-4d75-bd7f-e6799c8d2d3e",
	"6c2619b8-b02f-46f6-9d74-eca8d630b129");
INSERT INTO ACT_ACT
	VALUES ("05c37b6f-af7c-4d75-bd7f-e6799c8d2d3e",
	'interface operation',
	0,
	"53683a70-826a-4e39-bb71-2246ac79c2a9",
	"00000000-0000-0000-0000-000000000000",
	0,
	'Port2::Lift Bay Digital IO::BundleOffsetTopSheetHoldCylinder',
	"00000000-0000-0000-0000-000000000000");
INSERT INTO ACT_BLK
	VALUES ("53683a70-826a-4e39-bb71-2246ac79c2a9",
	0,
	0,
	0,
	'',
	'',
	'',
	0,
	0,
	0,
	0,
	0,
	0,
	0,
	0,
	0,
	0,
	0,
	0,
	0,
	"05c37b6f-af7c-4d75-bd7f-e6799c8d2d3e",
	"00000000-0000-0000-0000-000000000000");
INSERT INTO C_PO
	VALUES ("4f03a0a8-4f95-4394-a362-57636ddc3d34",
	"4b80cfd3-efa5-4ac6-89dc-1408cf92acb5",
	'Shingle Thickness',
	0,
	0);
INSERT INTO C_IR
	VALUES ("5e796ce1-234e-46b2-8f5f-c407779724fe",
	"6a3d88a2-c258-49d7-8384-acff46f06e0e",
	"00000000-0000-0000-0000-000000000000",
	"4f03a0a8-4f95-4394-a362-57636ddc3d34");
INSERT INTO C_R
	VALUES ("5e796ce1-234e-46b2-8f5f-c407779724fe",
	'Position Feedback',
	'',
	'Unnamed Interface',
	'Lift Bay::Shingle Thickness::Position Feedback');
INSERT INTO PE_PE
	VALUES ("f51cef93-1343-4d14-8a84-042e4fa925f3",
	1,
	"775c60b7-244d-4a7e-9422-7c65bc89b2a4",
	"00000000-0000-0000-0000-000000000000",
	2);
INSERT INTO C_C
	VALUES ("f51cef93-1343-4d14-8a84-042e4fa925f3",
	"00000000-0000-0000-0000-000000000000",
	"00000000-0000-0000-0000-000000000000",
	'Lift Conveyor',
	'',
	0,
	"00000000-0000-0000-0000-000000000000",
	0,
	'');
INSERT INTO C_PO
	VALUES ("d9e64b79-9bce-4d6d-83a4-dae6cdec5128",
	"f51cef93-1343-4d14-8a84-042e4fa925f3",
	'Port1',
	0,
	0);
INSERT INTO C_IR
	VALUES ("cbb63ccb-9db5-4fee-a5b1-5fb2700287ae",
	"a1a9c25a-8d89-40c6-b46c-fede4cd833b3",
	"00000000-0000-0000-0000-000000000000",
	"d9e64b79-9bce-4d6d-83a4-dae6cdec5128");
INSERT INTO C_R
	VALUES ("cbb63ccb-9db5-4fee-a5b1-5fb2700287ae",
	'Motor Drive Feedback',
	'',
	'Unnamed Interface',
	'Lift Conveyor::Port1::Motor Drive Feedback');
INSERT INTO C_PO
	VALUES ("a138a86c-f483-43a5-b7bb-c10bbc2b2d01",
	"f51cef93-1343-4d14-8a84-042e4fa925f3",
	'Port2',
	0,
	0);
INSERT INTO C_IR
	VALUES ("86166381-f753-4695-8f58-7bab74397027",
	"a1434a0e-0020-42bd-8cae-ac111ce57e2e",
	"00000000-0000-0000-0000-000000000000",
	"a138a86c-f483-43a5-b7bb-c10bbc2b2d01");
INSERT INTO C_R
	VALUES ("86166381-f753-4695-8f58-7bab74397027",
	'Downstream Conveyor',
	'',
	'Unnamed Interface',
	'Lift Conveyor::Port2::Downstream Conveyor');
INSERT INTO C_PO
	VALUES ("e314c954-c993-48d3-ac2d-e85a690cabd3",
	"f51cef93-1343-4d14-8a84-042e4fa925f3",
	'Port3',
	0,
	0);
INSERT INTO C_IR
	VALUES ("9c0f6ee0-7fa9-4025-a6f6-b2f6d3926e28",
	"314408e4-9308-46a8-8499-5bb199af20e5",
	"00000000-0000-0000-0000-000000000000",
	"e314c954-c993-48d3-ac2d-e85a690cabd3");
INSERT INTO C_R
	VALUES ("9c0f6ee0-7fa9-4025-a6f6-b2f6d3926e28",
	'Lift Conveyor Digital IO',
	'',
	'Unnamed Interface',
	'Lift Conveyor::Port3::Lift Conveyor Digital IO');
INSERT INTO SPR_REP
	VALUES ("a86a2845-f482-4c6b-9cc2-6386973e1c90",
	"9288b086-3981-4c11-9110-c688a7d95560",
	"9c0f6ee0-7fa9-4025-a6f6-b2f6d3926e28");
INSERT INTO SPR_RS
	VALUES ("a86a2845-f482-4c6b-9cc2-6386973e1c90",
	'StackSensePE',
	'',
	'',
	1);
INSERT INTO ACT_RSB
	VALUES ("7d9b307c-76db-48f6-824d-8dffa67e46b7",
	"a86a2845-f482-4c6b-9cc2-6386973e1c90");
INSERT INTO ACT_ACT
	VALUES ("7d9b307c-76db-48f6-824d-8dffa67e46b7",
	'signal',
	0,
	"fb463544-f636-48a1-8b2c-73b5479fc953",
	"00000000-0000-0000-0000-000000000000",
	0,
	'Port3::Lift Conveyor Digital IO::StackSensePE',
	"00000000-0000-0000-0000-000000000000");
INSERT INTO ACT_BLK
	VALUES ("fb463544-f636-48a1-8b2c-73b5479fc953",
	0,
	0,
	0,
	'',
	'',
	'',
	0,
	0,
	0,
	0,
	0,
	0,
	0,
	0,
	0,
	0,
	0,
	0,
	0,
	"7d9b307c-76db-48f6-824d-8dffa67e46b7",
	"00000000-0000-0000-0000-000000000000");
INSERT INTO SPR_REP
	VALUES ("b839275b-1acd-46e2-be2a-0ef549333b8e",
	"8d6de180-83ff-4eab-8d2d-56b395f64165",
	"9c0f6ee0-7fa9-4025-a6f6-b2f6d3926e28");
INSERT INTO SPR_RS
	VALUES ("b839275b-1acd-46e2-be2a-0ef549333b8e",
	'EarlyStackRollout',
	'',
	'',
	1);
INSERT INTO ACT_RSB
	VALUES ("7f1ada03-9ddd-48e0-8173-f9cce0583d12",
	"b839275b-1acd-46e2-be2a-0ef549333b8e");
INSERT INTO ACT_ACT
	VALUES ("7f1ada03-9ddd-48e0-8173-f9cce0583d12",
	'signal',
	0,
	"136dc4fc-f9fa-4606-a443-6d8c946525b3",
	"00000000-0000-0000-0000-000000000000",
	0,
	'Port3::Lift Conveyor Digital IO::EarlyStackRollout',
	"00000000-0000-0000-0000-000000000000");
INSERT INTO ACT_BLK
	VALUES ("136dc4fc-f9fa-4606-a443-6d8c946525b3",
	0,
	0,
	0,
	'',
	'',
	'',
	0,
	0,
	0,
	0,
	0,
	0,
	0,
	0,
	0,
	0,
	0,
	0,
	0,
	"7f1ada03-9ddd-48e0-8173-f9cce0583d12",
	"00000000-0000-0000-0000-000000000000");
INSERT INTO PE_PE
	VALUES ("fd08c25b-d066-431f-a27c-aec7e3aa93f7",
	1,
	"775c60b7-244d-4a7e-9422-7c65bc89b2a4",
	"00000000-0000-0000-0000-000000000000",
	2);
INSERT INTO C_C
	VALUES ("fd08c25b-d066-431f-a27c-aec7e3aa93f7",
	"00000000-0000-0000-0000-000000000000",
	"00000000-0000-0000-0000-000000000000",
	'Safety System',
	'',
	0,
	"00000000-0000-0000-0000-000000000000",
	0,
	'');
INSERT INTO C_PO
	VALUES ("070e2163-abf9-4cd7-9fff-868c04fb72bc",
	"fd08c25b-d066-431f-a27c-aec7e3aa93f7",
	'Port1',
	0,
	0);
INSERT INTO C_IR
	VALUES ("6f77fef7-61a1-4196-9f25-7360f0521bd1",
	"6b068062-4a26-412a-a612-89251039251d",
	"00000000-0000-0000-0000-000000000000",
	"070e2163-abf9-4cd7-9fff-868c04fb72bc");
INSERT INTO C_P
	VALUES ("6f77fef7-61a1-4196-9f25-7360f0521bd1",
	'Safety System Client',
	'Unnamed Interface',
	'',
	'Safety System::Port1::Safety System Client');
INSERT INTO C_PO
	VALUES ("0db11c46-e8f6-460e-acbe-5a2d1f4e4b47",
	"fd08c25b-d066-431f-a27c-aec7e3aa93f7",
	'Port2',
	0,
	0);
INSERT INTO C_IR
	VALUES ("ace35c11-912f-47d6-b7e8-45f561ded268",
	"cd77b1a3-ea51-469e-bf6f-05a5c293745c",
	"00000000-0000-0000-0000-000000000000",
	"0db11c46-e8f6-460e-acbe-5a2d1f4e4b47");
INSERT INTO C_R
	VALUES ("ace35c11-912f-47d6-b7e8-45f561ded268",
	'Safety System Monitor',
	'',
	'Unnamed Interface',
	'Safety System::Port2::Safety System Monitor');
INSERT INTO SPR_REP
	VALUES ("bbdbc979-290c-4c7d-ae8c-6747cb7c6008",
	"626b6de6-afd8-41ae-b754-bf4eb92bfe23",
	"ace35c11-912f-47d6-b7e8-45f561ded268");
INSERT INTO SPR_RS
	VALUES ("bbdbc979-290c-4c7d-ae8c-6747cb7c6008",
	'UpperLevelInfeedConveyorAccess',
	'',
	'',
	1);
INSERT INTO ACT_RSB
	VALUES ("b3da48bb-2024-44a3-82bc-cab359c501ba",
	"bbdbc979-290c-4c7d-ae8c-6747cb7c6008");
INSERT INTO ACT_ACT
	VALUES ("b3da48bb-2024-44a3-82bc-cab359c501ba",
	'signal',
	0,
	"3a81acf3-1faf-48a1-a34d-c83d065294d7",
	"00000000-0000-0000-0000-000000000000",
	0,
	'Port2::Safety System Monitor::UpperLevelInfeedConveyorAccess',
	"00000000-0000-0000-0000-000000000000");
INSERT INTO ACT_BLK
	VALUES ("3a81acf3-1faf-48a1-a34d-c83d065294d7",
	0,
	0,
	0,
	'',
	'',
	'',
	0,
	0,
	0,
	0,
	0,
	0,
	0,
	0,
	0,
	0,
	0,
	0,
	0,
	"b3da48bb-2024-44a3-82bc-cab359c501ba",
	"00000000-0000-0000-0000-000000000000");
INSERT INTO SPR_REP
	VALUES ("1cd99c50-5f68-4333-afb3-82580e6aea4f",
	"eb1dcb2e-cbac-4538-a378-9946257c74c0",
	"ace35c11-912f-47d6-b7e8-45f561ded268");
INSERT INTO SPR_RS
	VALUES ("1cd99c50-5f68-4333-afb3-82580e6aea4f",
	'SafetyTripCable',
	'',
	'',
	1);
INSERT INTO ACT_RSB
	VALUES ("f154c76d-2a7a-45bd-9088-c1e44fe50e1e",
	"1cd99c50-5f68-4333-afb3-82580e6aea4f");
INSERT INTO ACT_ACT
	VALUES ("f154c76d-2a7a-45bd-9088-c1e44fe50e1e",
	'signal',
	0,
	"cba6ab66-8a1c-47f4-b435-58feb95d3096",
	"00000000-0000-0000-0000-000000000000",
	0,
	'Port2::Safety System Monitor::SafetyTripCable',
	"00000000-0000-0000-0000-000000000000");
INSERT INTO ACT_BLK
	VALUES ("cba6ab66-8a1c-47f4-b435-58feb95d3096",
	0,
	0,
	0,
	'',
	'',
	'',
	0,
	0,
	0,
	0,
	0,
	0,
	0,
	0,
	0,
	0,
	0,
	0,
	0,
	"f154c76d-2a7a-45bd-9088-c1e44fe50e1e",
	"00000000-0000-0000-0000-000000000000");
INSERT INTO SPR_REP
	VALUES ("3f8411ba-6034-48a7-a69b-074dff9082c3",
	"0194096b-6253-4d42-8a6d-cae4d70cd609",
	"ace35c11-912f-47d6-b7e8-45f561ded268");
INSERT INTO SPR_RS
	VALUES ("3f8411ba-6034-48a7-a69b-074dff9082c3",
	'LiftRaiseObstructionPE',
	'',
	'',
	1);
INSERT INTO ACT_RSB
	VALUES ("72511ce8-071e-4c1b-b6f4-d94cc27be974",
	"3f8411ba-6034-48a7-a69b-074dff9082c3");
INSERT INTO ACT_ACT
	VALUES ("72511ce8-071e-4c1b-b6f4-d94cc27be974",
	'signal',
	0,
	"c6995b9e-2cb5-41d3-bc26-36b5d079fbfa",
	"00000000-0000-0000-0000-000000000000",
	0,
	'Port2::Safety System Monitor::LiftRaiseObstructionPE',
	"00000000-0000-0000-0000-000000000000");
INSERT INTO ACT_BLK
	VALUES ("c6995b9e-2cb5-41d3-bc26-36b5d079fbfa",
	0,
	0,
	0,
	'',
	'',
	'',
	0,
	0,
	0,
	0,
	0,
	0,
	0,
	0,
	0,
	0,
	0,
	0,
	0,
	"72511ce8-071e-4c1b-b6f4-d94cc27be974",
	"00000000-0000-0000-0000-000000000000");
INSERT INTO SPR_REP
	VALUES ("5ceb97fb-0e2d-44bf-bf99-60da5479199d",
	"064eb584-52bf-4e05-95aa-1ccc689ee373",
	"ace35c11-912f-47d6-b7e8-45f561ded268");
INSERT INTO SPR_RS
	VALUES ("5ceb97fb-0e2d-44bf-bf99-60da5479199d",
	'SheetHandlingSlidingDoorSw',
	'',
	'',
	1);
INSERT INTO ACT_RSB
	VALUES ("dac30f0c-9a76-4e34-a739-ee4e9b437f99",
	"5ceb97fb-0e2d-44bf-bf99-60da5479199d");
INSERT INTO ACT_ACT
	VALUES ("dac30f0c-9a76-4e34-a739-ee4e9b437f99",
	'signal',
	0,
	"c6f83877-4cf2-4067-aa4b-e636fcf16007",
	"00000000-0000-0000-0000-000000000000",
	0,
	'Port2::Safety System Monitor::SheetHandlingSlidingDoorSw',
	"00000000-0000-0000-0000-000000000000");
INSERT INTO ACT_BLK
	VALUES ("c6f83877-4cf2-4067-aa4b-e636fcf16007",
	0,
	0,
	0,
	'',
	'',
	'',
	0,
	0,
	0,
	0,
	0,
	0,
	0,
	0,
	0,
	0,
	0,
	0,
	0,
	"dac30f0c-9a76-4e34-a739-ee4e9b437f99",
	"00000000-0000-0000-0000-000000000000");
INSERT INTO SPR_REP
	VALUES ("5891f313-a4ba-436a-a4fe-3118e2399f27",
	"1855cd46-82d5-46bf-ac46-af8d5571100e",
	"ace35c11-912f-47d6-b7e8-45f561ded268");
INSERT INTO SPR_RS
	VALUES ("5891f313-a4ba-436a-a4fe-3118e2399f27",
	'LiftBayScan',
	'',
	'',
	1);
INSERT INTO ACT_RSB
	VALUES ("07b608c4-6810-4262-8f6e-419917a76c73",
	"5891f313-a4ba-436a-a4fe-3118e2399f27");
INSERT INTO ACT_ACT
	VALUES ("07b608c4-6810-4262-8f6e-419917a76c73",
	'signal',
	0,
	"bfa79356-7c5e-446b-85ad-13968333aa49",
	"00000000-0000-0000-0000-000000000000",
	0,
	'Port2::Safety System Monitor::LiftBayScan',
	"00000000-0000-0000-0000-000000000000");
INSERT INTO ACT_BLK
	VALUES ("bfa79356-7c5e-446b-85ad-13968333aa49",
	0,
	0,
	0,
	'',
	'',
	'',
	0,
	0,
	0,
	0,
	0,
	0,
	0,
	0,
	0,
	0,
	0,
	0,
	0,
	"07b608c4-6810-4262-8f6e-419917a76c73",
	"00000000-0000-0000-0000-000000000000");
INSERT INTO SPR_REP
	VALUES ("e39f6e64-241f-4a18-8532-08e40aadcbcb",
	"1bc6c789-06a0-4dea-9b9e-9e9653b3728d",
	"ace35c11-912f-47d6-b7e8-45f561ded268");
INSERT INTO SPR_RS
	VALUES ("e39f6e64-241f-4a18-8532-08e40aadcbcb",
	'LiftDownObstructionPE',
	'',
	'',
	1);
INSERT INTO ACT_RSB
	VALUES ("427a1485-95a0-4e7d-8d97-4b2a3cd062cf",
	"e39f6e64-241f-4a18-8532-08e40aadcbcb");
INSERT INTO ACT_ACT
	VALUES ("427a1485-95a0-4e7d-8d97-4b2a3cd062cf",
	'signal',
	0,
	"f04918e2-7d2b-4536-8746-53bdd5045164",
	"00000000-0000-0000-0000-000000000000",
	0,
	'Port2::Safety System Monitor::LiftDownObstructionPE',
	"00000000-0000-0000-0000-000000000000");
INSERT INTO ACT_BLK
	VALUES ("f04918e2-7d2b-4536-8746-53bdd5045164",
	0,
	0,
	0,
	'',
	'',
	'',
	0,
	0,
	0,
	0,
	0,
	0,
	0,
	0,
	0,
	0,
	0,
	0,
	0,
	"427a1485-95a0-4e7d-8d97-4b2a3cd062cf",
	"00000000-0000-0000-0000-000000000000");
INSERT INTO SPR_REP
	VALUES ("76c87468-e6ee-4816-9999-d5ad221ef1c3",
	"a3f19a01-9db3-4379-98be-6687dda33992",
	"ace35c11-912f-47d6-b7e8-45f561ded268");
INSERT INTO SPR_RS
	VALUES ("76c87468-e6ee-4816-9999-d5ad221ef1c3",
	'LiftMidPointObstructionPE',
	'',
	'',
	1);
INSERT INTO ACT_RSB
	VALUES ("3a89f254-fa6f-4053-be26-58f776767c05",
	"76c87468-e6ee-4816-9999-d5ad221ef1c3");
INSERT INTO ACT_ACT
	VALUES ("3a89f254-fa6f-4053-be26-58f776767c05",
	'signal',
	0,
	"1a33ff53-2266-41d4-8356-ac03c7be38fb",
	"00000000-0000-0000-0000-000000000000",
	0,
	'Port2::Safety System Monitor::LiftMidPointObstructionPE',
	"00000000-0000-0000-0000-000000000000");
INSERT INTO ACT_BLK
	VALUES ("1a33ff53-2266-41d4-8356-ac03c7be38fb",
	0,
	0,
	0,
	'',
	'',
	'',
	0,
	0,
	0,
	0,
	0,
	0,
	0,
	0,
	0,
	0,
	0,
	0,
	0,
	"3a89f254-fa6f-4053-be26-58f776767c05",
	"00000000-0000-0000-0000-000000000000");
INSERT INTO SPR_REP
	VALUES ("67853112-fb51-4a37-95dd-9ed8c7262b2f",
	"ffe73687-319f-44d1-b92a-bf0c767546f3",
	"ace35c11-912f-47d6-b7e8-45f561ded268");
INSERT INTO SPR_RS
	VALUES ("67853112-fb51-4a37-95dd-9ed8c7262b2f",
	'LiftDownLimitSw',
	'',
	'',
	1);
INSERT INTO ACT_RSB
	VALUES ("255c12b0-de26-4e5f-9b24-adeeb86bcc29",
	"67853112-fb51-4a37-95dd-9ed8c7262b2f");
INSERT INTO ACT_ACT
	VALUES ("255c12b0-de26-4e5f-9b24-adeeb86bcc29",
	'signal',
	0,
	"0cbd6797-51e6-4c19-b318-0e3a928a358f",
	"00000000-0000-0000-0000-000000000000",
	0,
	'Port2::Safety System Monitor::LiftDownLimitSw',
	"00000000-0000-0000-0000-000000000000");
INSERT INTO ACT_BLK
	VALUES ("0cbd6797-51e6-4c19-b318-0e3a928a358f",
	0,
	0,
	0,
	'',
	'',
	'',
	0,
	0,
	0,
	0,
	0,
	0,
	0,
	0,
	0,
	0,
	0,
	0,
	0,
	"255c12b0-de26-4e5f-9b24-adeeb86bcc29",
	"00000000-0000-0000-0000-000000000000");
INSERT INTO SPR_REP
	VALUES ("3b05b32c-5cb2-45a9-913d-3b3fb5fabed0",
	"5804ae6f-0a48-4df1-b270-2db45f28cdf9",
	"ace35c11-912f-47d6-b7e8-45f561ded268");
INSERT INTO SPR_RS
	VALUES ("3b05b32c-5cb2-45a9-913d-3b3fb5fabed0",
	'PalletInfeedObstructionPE',
	'',
	'',
	1);
INSERT INTO ACT_RSB
	VALUES ("fcd7d218-63e3-4f8d-b55a-30d5fb52113a",
	"3b05b32c-5cb2-45a9-913d-3b3fb5fabed0");
INSERT INTO ACT_ACT
	VALUES ("fcd7d218-63e3-4f8d-b55a-30d5fb52113a",
	'signal',
	0,
	"92b9b707-de74-4700-b489-6a3195adb8d5",
	"00000000-0000-0000-0000-000000000000",
	0,
	'Port2::Safety System Monitor::PalletInfeedObstructionPE',
	"00000000-0000-0000-0000-000000000000");
INSERT INTO ACT_BLK
	VALUES ("92b9b707-de74-4700-b489-6a3195adb8d5",
	0,
	0,
	0,
	'',
	'',
	'',
	0,
	0,
	0,
	0,
	0,
	0,
	0,
	0,
	0,
	0,
	0,
	0,
	0,
	"fcd7d218-63e3-4f8d-b55a-30d5fb52113a",
	"00000000-0000-0000-0000-000000000000");
INSERT INTO SPR_REP
	VALUES ("2a413c74-0774-4184-b00f-67a5a6bf8d71",
	"b4b01433-c43e-48ad-a100-c582fddd3e38",
	"ace35c11-912f-47d6-b7e8-45f561ded268");
INSERT INTO SPR_RS
	VALUES ("2a413c74-0774-4184-b00f-67a5a6bf8d71",
	'LiftTableLiftLocksEngagedProx',
	'',
	'',
	1);
INSERT INTO ACT_RSB
	VALUES ("89c38653-8f8e-4da3-b184-36c049a96744",
	"2a413c74-0774-4184-b00f-67a5a6bf8d71");
INSERT INTO ACT_ACT
	VALUES ("89c38653-8f8e-4da3-b184-36c049a96744",
	'signal',
	0,
	"2b43a720-f81e-4bc1-a813-7c286b7e53ba",
	"00000000-0000-0000-0000-000000000000",
	0,
	'Port2::Safety System Monitor::LiftTableLiftLocksEngagedProx',
	"00000000-0000-0000-0000-000000000000");
INSERT INTO ACT_BLK
	VALUES ("2b43a720-f81e-4bc1-a813-7c286b7e53ba",
	0,
	0,
	0,
	'',
	'',
	'',
	0,
	0,
	0,
	0,
	0,
	0,
	0,
	0,
	0,
	0,
	0,
	0,
	0,
	"89c38653-8f8e-4da3-b184-36c049a96744",
	"00000000-0000-0000-0000-000000000000");
INSERT INTO SPR_REP
	VALUES ("ea73668a-df29-4444-ba63-86d0b1266826",
	"3f773e1b-e71e-476b-91a3-6fc0b5b6942a",
	"ace35c11-912f-47d6-b7e8-45f561ded268");
INSERT INTO SPR_RS
	VALUES ("ea73668a-df29-4444-ba63-86d0b1266826",
	'LiftChainFailureProx',
	'',
	'',
	1);
INSERT INTO ACT_RSB
	VALUES ("dd385e90-f2b0-4384-9555-bbd6a8e5ae1e",
	"ea73668a-df29-4444-ba63-86d0b1266826");
INSERT INTO ACT_ACT
	VALUES ("dd385e90-f2b0-4384-9555-bbd6a8e5ae1e",
	'signal',
	0,
	"f403d77a-bf6e-4bfd-bef7-d0d71adda481",
	"00000000-0000-0000-0000-000000000000",
	0,
	'Port2::Safety System Monitor::LiftChainFailureProx',
	"00000000-0000-0000-0000-000000000000");
INSERT INTO ACT_BLK
	VALUES ("f403d77a-bf6e-4bfd-bef7-d0d71adda481",
	0,
	0,
	0,
	'',
	'',
	'',
	0,
	0,
	0,
	0,
	0,
	0,
	0,
	0,
	0,
	0,
	0,
	0,
	0,
	"dd385e90-f2b0-4384-9555-bbd6a8e5ae1e",
	"00000000-0000-0000-0000-000000000000");
INSERT INTO PE_PE
	VALUES ("2f180720-95aa-41d5-8838-2c7cc9950c86",
	1,
	"775c60b7-244d-4a7e-9422-7c65bc89b2a4",
	"00000000-0000-0000-0000-000000000000",
	6);
INSERT INTO C_I
	VALUES ("2f180720-95aa-41d5-8838-2c7cc9950c86",
	"00000000-0000-0000-0000-000000000000",
	'Backstop Digital IO',
	'');
INSERT INTO C_EP
	VALUES ("92a89049-3df3-4619-8866-c5257bd82788",
	"2f180720-95aa-41d5-8838-2c7cc9950c86",
	-1,
	'BackstopJammed',
	'');
INSERT INTO C_AS
	VALUES ("92a89049-3df3-4619-8866-c5257bd82788",
	'BackstopJammed',
	'',
	1,
	"00000000-0000-0000-0000-000000000000");
INSERT INTO C_EP
	VALUES ("6bcc632f-1ff5-4d88-b897-5aaa32368719",
	"2f180720-95aa-41d5-8838-2c7cc9950c86",
	-1,
	'StackHeightSensors',
	'');
INSERT INTO C_AS
	VALUES ("6bcc632f-1ff5-4d88-b897-5aaa32368719",
	'StackHeightSensors',
	'',
	1,
	"92a89049-3df3-4619-8866-c5257bd82788");
INSERT INTO C_EP
	VALUES ("6881a81f-2e59-417c-b99f-3b558502d36d",
	"2f180720-95aa-41d5-8838-2c7cc9950c86",
	-1,
	'UpDownCylinder',
	'');
INSERT INTO C_IO
	VALUES ("6881a81f-2e59-417c-b99f-3b558502d36d",
	"ba5eda7a-def5-0000-0000-000000000000",
	'UpDownCylinder',
	'',
	0,
	'',
	"00000000-0000-0000-0000-000000000000");
INSERT INTO C_EP
	VALUES ("34bfcd69-1405-44cd-a976-164711063ae2",
	"2f180720-95aa-41d5-8838-2c7cc9950c86",
	-1,
	'BundleOffsetUpDownCylinder',
	'');
INSERT INTO C_IO
	VALUES ("34bfcd69-1405-44cd-a976-164711063ae2",
	"ba5eda7a-def5-0000-0000-000000000000",
	'BundleOffsetUpDownCylinder',
	'',
	0,
	'',
	"6881a81f-2e59-417c-b99f-3b558502d36d");
INSERT INTO PE_PE
	VALUES ("a1434a0e-0020-42bd-8cae-ac111ce57e2e",
	1,
	"775c60b7-244d-4a7e-9422-7c65bc89b2a4",
	"00000000-0000-0000-0000-000000000000",
	6);
INSERT INTO C_I
	VALUES ("a1434a0e-0020-42bd-8cae-ac111ce57e2e",
	"00000000-0000-0000-0000-000000000000",
	'Downstream Conveyor',
	'');
INSERT INTO PE_PE
	VALUES ("6b679645-4f8a-4cf7-976a-56cef790c845",
	1,
	"775c60b7-244d-4a7e-9422-7c65bc89b2a4",
	"00000000-0000-0000-0000-000000000000",
	6);
INSERT INTO C_I
	VALUES ("6b679645-4f8a-4cf7-976a-56cef790c845",
	"00000000-0000-0000-0000-000000000000",
	'Lift Bay Digital IO',
	'');
INSERT INTO C_EP
	VALUES ("c830c960-6bce-4281-9f96-e9fa3a9e1b4e",
	"6b679645-4f8a-4cf7-976a-56cef790c845",
	-1,
	'CounterWeightMaxUpSensor',
	'');
INSERT INTO C_AS
	VALUES ("c830c960-6bce-4281-9f96-e9fa3a9e1b4e",
	'CounterWeightMaxUpSensor',
	'',
	1,
	"00000000-0000-0000-0000-000000000000");
INSERT INTO C_EP
	VALUES ("844d2b83-b098-40de-973b-f11d7d4b72d6",
	"6b679645-4f8a-4cf7-976a-56cef790c845",
	-1,
	'BundleOffsetExtendCylinder',
	'');
INSERT INTO C_IO
	VALUES ("844d2b83-b098-40de-973b-f11d7d4b72d6",
	"ba5eda7a-def5-0000-0000-000000000000",
	'BundleOffsetExtendCylinder',
	'',
	0,
	'',
	"00000000-0000-0000-0000-000000000000");
INSERT INTO C_EP
	VALUES ("aad193d6-c749-4283-abdd-725fe60d0f4b",
	"6b679645-4f8a-4cf7-976a-56cef790c845",
	-1,
	'BundleOffsetTopSheetHoldCylinder',
	'');
INSERT INTO C_IO
	VALUES ("aad193d6-c749-4283-abdd-725fe60d0f4b",
	"ba5eda7a-def5-0000-0000-000000000000",
	'BundleOffsetTopSheetHoldCylinder',
	'',
	0,
	'',
	"844d2b83-b098-40de-973b-f11d7d4b72d6");
INSERT INTO PE_PE
	VALUES ("314408e4-9308-46a8-8499-5bb199af20e5",
	1,
	"775c60b7-244d-4a7e-9422-7c65bc89b2a4",
	"00000000-0000-0000-0000-000000000000",
	6);
INSERT INTO C_I
	VALUES ("314408e4-9308-46a8-8499-5bb199af20e5",
	"00000000-0000-0000-0000-000000000000",
	'Lift Conveyor Digital IO',
	'');
INSERT INTO C_EP
	VALUES ("9288b086-3981-4c11-9110-c688a7d95560",
	"314408e4-9308-46a8-8499-5bb199af20e5",
	-1,
	'StackSensePE',
	'');
INSERT INTO C_AS
	VALUES ("9288b086-3981-4c11-9110-c688a7d95560",
	'StackSensePE',
	'',
	1,
	"00000000-0000-0000-0000-000000000000");
INSERT INTO C_EP
	VALUES ("8d6de180-83ff-4eab-8d2d-56b395f64165",
	"314408e4-9308-46a8-8499-5bb199af20e5",
	-1,
	'EarlyStackRollout',
	'');
INSERT INTO C_AS
	VALUES ("8d6de180-83ff-4eab-8d2d-56b395f64165",
	'EarlyStackRollout',
	'',
	1,
	"9288b086-3981-4c11-9110-c688a7d95560");
INSERT INTO PE_PE
	VALUES ("6b068062-4a26-412a-a612-89251039251d",
	1,
	"775c60b7-244d-4a7e-9422-7c65bc89b2a4",
	"00000000-0000-0000-0000-000000000000",
	6);
INSERT INTO C_I
	VALUES ("6b068062-4a26-412a-a612-89251039251d",
	"00000000-0000-0000-0000-000000000000",
	'Safety System Client',
	'');
INSERT INTO PE_PE
	VALUES ("cd77b1a3-ea51-469e-bf6f-05a5c293745c",
	1,
	"775c60b7-244d-4a7e-9422-7c65bc89b2a4",
	"00000000-0000-0000-0000-000000000000",
	6);
INSERT INTO C_I
	VALUES ("cd77b1a3-ea51-469e-bf6f-05a5c293745c",
	"00000000-0000-0000-0000-000000000000",
	'Safety System Monitor',
	'');
INSERT INTO C_EP
	VALUES ("626b6de6-afd8-41ae-b754-bf4eb92bfe23",
	"cd77b1a3-ea51-469e-bf6f-05a5c293745c",
	-1,
	'UpperLevelInfeedConveyorAccess',
	'');
INSERT INTO C_AS
	VALUES ("626b6de6-afd8-41ae-b754-bf4eb92bfe23",
	'UpperLevelInfeedConveyorAccess',
	'',
	1,
	"00000000-0000-0000-0000-000000000000");
INSERT INTO C_EP
	VALUES ("eb1dcb2e-cbac-4538-a378-9946257c74c0",
	"cd77b1a3-ea51-469e-bf6f-05a5c293745c",
	-1,
	'SafetyTripCable',
	'');
INSERT INTO C_AS
	VALUES ("eb1dcb2e-cbac-4538-a378-9946257c74c0",
	'SafetyTripCable',
	'',
	1,
	"626b6de6-afd8-41ae-b754-bf4eb92bfe23");
INSERT INTO C_EP
	VALUES ("0194096b-6253-4d42-8a6d-cae4d70cd609",
	"cd77b1a3-ea51-469e-bf6f-05a5c293745c",
	-1,
	'LiftRaiseObstructionPE',
	'');
INSERT INTO C_AS
	VALUES ("0194096b-6253-4d42-8a6d-cae4d70cd609",
	'LiftRaiseObstructionPE',
	'',
	1,
	"eb1dcb2e-cbac-4538-a378-9946257c74c0");
INSERT INTO C_EP
	VALUES ("064eb584-52bf-4e05-95aa-1ccc689ee373",
	"cd77b1a3-ea51-469e-bf6f-05a5c293745c",
	-1,
	'SheetHandlingSlidingDoorSw',
	'');
INSERT INTO C_AS
	VALUES ("064eb584-52bf-4e05-95aa-1ccc689ee373",
	'SheetHandlingSlidingDoorSw',
	'',
	1,
	"0194096b-6253-4d42-8a6d-cae4d70cd609");
INSERT INTO C_EP
	VALUES ("1855cd46-82d5-46bf-ac46-af8d5571100e",
	"cd77b1a3-ea51-469e-bf6f-05a5c293745c",
	-1,
	'LiftBayScan',
	'');
INSERT INTO C_AS
	VALUES ("1855cd46-82d5-46bf-ac46-af8d5571100e",
	'LiftBayScan',
	'',
	1,
	"064eb584-52bf-4e05-95aa-1ccc689ee373");
INSERT INTO C_EP
	VALUES ("1bc6c789-06a0-4dea-9b9e-9e9653b3728d",
	"cd77b1a3-ea51-469e-bf6f-05a5c293745c",
	-1,
	'LiftDownObstructionPE',
	'');
INSERT INTO C_AS
	VALUES ("1bc6c789-06a0-4dea-9b9e-9e9653b3728d",
	'LiftDownObstructionPE',
	'',
	1,
	"1855cd46-82d5-46bf-ac46-af8d5571100e");
INSERT INTO C_EP
	VALUES ("a3f19a01-9db3-4379-98be-6687dda33992",
	"cd77b1a3-ea51-469e-bf6f-05a5c293745c",
	-1,
	'LiftMidPointObstructionPE',
	'');
INSERT INTO C_AS
	VALUES ("a3f19a01-9db3-4379-98be-6687dda33992",
	'LiftMidPointObstructionPE',
	'',
	1,
	"1bc6c789-06a0-4dea-9b9e-9e9653b3728d");
INSERT INTO C_EP
	VALUES ("ffe73687-319f-44d1-b92a-bf0c767546f3",
	"cd77b1a3-ea51-469e-bf6f-05a5c293745c",
	-1,
	'LiftDownLimitSw',
	'');
INSERT INTO C_AS
	VALUES ("ffe73687-319f-44d1-b92a-bf0c767546f3",
	'LiftDownLimitSw',
	'',
	1,
	"a3f19a01-9db3-4379-98be-6687dda33992");
INSERT INTO C_EP
	VALUES ("5804ae6f-0a48-4df1-b270-2db45f28cdf9",
	"cd77b1a3-ea51-469e-bf6f-05a5c293745c",
	-1,
	'PalletInfeedObstructionPE',
	'');
INSERT INTO C_AS
	VALUES ("5804ae6f-0a48-4df1-b270-2db45f28cdf9",
	'PalletInfeedObstructionPE',
	'',
	1,
	"ffe73687-319f-44d1-b92a-bf0c767546f3");
INSERT INTO C_EP
	VALUES ("b4b01433-c43e-48ad-a100-c582fddd3e38",
	"cd77b1a3-ea51-469e-bf6f-05a5c293745c",
	-1,
	'LiftTableLiftLocksEngagedProx',
	'');
INSERT INTO C_AS
	VALUES ("b4b01433-c43e-48ad-a100-c582fddd3e38",
	'LiftTableLiftLocksEngagedProx',
	'',
	1,
	"5804ae6f-0a48-4df1-b270-2db45f28cdf9");
INSERT INTO C_EP
	VALUES ("3f773e1b-e71e-476b-91a3-6fc0b5b6942a",
	"cd77b1a3-ea51-469e-bf6f-05a5c293745c",
	-1,
	'LiftChainFailureProx',
	'');
INSERT INTO C_AS
	VALUES ("3f773e1b-e71e-476b-91a3-6fc0b5b6942a",
	'LiftChainFailureProx',
	'',
	1,
	"b4b01433-c43e-48ad-a100-c582fddd3e38");
INSERT INTO C_C_PROXY
	VALUES ("857d8bf8-51d0-4c6a-87d3-777cbdcc7160",
	"00000000-0000-0000-0000-000000000000",
	"00000000-0000-0000-0000-000000000000",
	'prv_JogMotor_ExpResp',
	'',
	0,
	"00000000-0000-0000-0000-000000000000",
	0,
	'',
	'../../../Intf_MotorDrive/models/Intf_MotorDrive/ClientInterface/JogMotor/TestComponents/prv_JogMotor_ExpResp/prv_JogMotor_ExpResp.xtuml');
INSERT INTO C_AS_PROXY
	VALUES ("5088c18b-e00f-4dd3-b4a9-4f3e6167a4e1",
	'jog',
	'',
	0,
	"00000000-0000-0000-0000-000000000000",
	'../../../Intf_MotorDrive/models/Intf_MotorDrive/ClientInterface/JogMotor/JogMotor/JogMotor.xtuml');
INSERT INTO C_PP_PROXY
	VALUES ("78023594-0cca-4136-94cf-390307f0e11c",
	"5088c18b-e00f-4dd3-b4a9-4f3e6167a4e1",
	"10a457d6-e25e-4dbe-a48f-0682e976c4bf",
	'direction',
	'',
	0,
	'',
	"00000000-0000-0000-0000-000000000000",
	'../../../Intf_MotorDrive/models/Intf_MotorDrive/ClientInterface/JogMotor/JogMotor/JogMotor.xtuml');
INSERT INTO C_PP_PROXY
	VALUES ("682d8317-4f82-49f7-9eb7-a604575b632b",
	"5088c18b-e00f-4dd3-b4a9-4f3e6167a4e1",
	"ba5eda7a-def5-0000-0000-000000000002",
	'velocity',
	'',
	0,
	'',
	"78023594-0cca-4136-94cf-390307f0e11c",
	'../../../Intf_MotorDrive/models/Intf_MotorDrive/ClientInterface/JogMotor/JogMotor/JogMotor.xtuml');
INSERT INTO C_PP_PROXY
	VALUES ("c18aafc1-5eb5-4a68-9f6f-0b38927a281d",
	"5088c18b-e00f-4dd3-b4a9-4f3e6167a4e1",
	"ba5eda7a-def5-0000-0000-000000000002",
	'acceleration',
	'',
	0,
	'',
	"682d8317-4f82-49f7-9eb7-a604575b632b",
	'../../../Intf_MotorDrive/models/Intf_MotorDrive/ClientInterface/JogMotor/JogMotor/JogMotor.xtuml');
INSERT INTO C_PP_PROXY
	VALUES ("fda63fab-5fdc-461e-b4af-d3d978cf51e8",
	"5088c18b-e00f-4dd3-b4a9-4f3e6167a4e1",
	"ba5eda7a-def5-0000-0000-000000000002",
	'duration',
	'',
	0,
	'',
	"c18aafc1-5eb5-4a68-9f6f-0b38927a281d",
	'../../../Intf_MotorDrive/models/Intf_MotorDrive/ClientInterface/JogMotor/JogMotor/JogMotor.xtuml');
INSERT INTO C_AS_PROXY
	VALUES ("9241cf5d-2f11-4b22-9139-4bd3137ca986",
	'stop',
	'',
	0,
	"5088c18b-e00f-4dd3-b4a9-4f3e6167a4e1",
	'../../../Intf_MotorDrive/models/Intf_MotorDrive/ClientInterface/JogMotor/JogMotor/JogMotor.xtuml');
INSERT INTO C_AS_PROXY
	VALUES ("ad786695-010d-4e54-86a6-57e572786231",
	'xtfr_jog_switch_position_changed',
	'',
	0,
	"75c6ef98-13ed-4d3f-af8e-966a6574358b",
	'../../../Intf_Diverter/models/Intf_Diverter/DiverterInterfaces/DiverterClient/DiverterClient.xtuml');
INSERT INTO C_PP_PROXY
	VALUES ("08bf01d4-2033-48cc-a3d4-ee8bb4eb9520",
	"ad786695-010d-4e54-86a6-57e572786231",
	"f69263cd-bbf1-4447-ab8c-6ca928791356",
	'new_position',
	'',
	0,
	'',
	"00000000-0000-0000-0000-000000000000",
	'../../../Intf_Diverter/models/Intf_Diverter/DiverterInterfaces/DiverterClient/DiverterClient.xtuml');
INSERT INTO C_AS_PROXY
	VALUES ("6959782d-b94d-4525-9720-fcb3ab20776f",
	'motion_initiated',
	'This signal is an indicator to the client of the interface that the last motion
instruction has been executed.  A new motion instruction can now be send from 
the client.',
	1,
	"9241cf5d-2f11-4b22-9139-4bd3137ca986",
	'../../../Intf_MotorDrive/models/Intf_MotorDrive/ClientInterface/JogMotor/JogMotor/JogMotor.xtuml');
INSERT INTO C_AS_PROXY
	VALUES ("7830f4a2-ff94-4ac8-a5d1-fd897ee6bfaf",
	'motion_complete',
	'This signal informs the client that the motor is no longer rotating and the 
drive is about to be disabled.  This signal will only occur after a stop has
been issued by the client of the interface or after a timed velocity move is
finished.',
	1,
	"6959782d-b94d-4525-9720-fcb3ab20776f",
	'../../../Intf_MotorDrive/models/Intf_MotorDrive/ClientInterface/JogMotor/JogMotor/JogMotor.xtuml');
INSERT INTO S_DT_PROXY
	VALUES ("e637c9ff-a804-4aef-b8eb-e6854f50cc68",
	"00000000-0000-0000-0000-000000000000",
	'Divert_Packet',
	'',
	'',
	'../../../Intf_Diverter/models/Intf_Diverter/DataTypes/DataTypes.xtuml');
INSERT INTO C_PP_PROXY
	VALUES ("a1d04f96-6866-452c-b1c0-01fc438b7c4c",
	"f057388f-df84-4155-94c4-b3fb64b631d2",
	"e637c9ff-a804-4aef-b8eb-e6854f50cc68",
	'divert_type',
	'',
	0,
	'',
	"00000000-0000-0000-0000-000000000000",
	'../../../Intf_Diverter/models/Intf_Diverter/DiverterInterfaces/DiverterClient/DiverterClient.xtuml');
INSERT INTO C_PP_PROXY
	VALUES ("7dbd1f14-2ca8-4481-879b-039ebdef131f",
	"f057388f-df84-4155-94c4-b3fb64b631d2",
	"ba5eda7a-def5-0000-0000-000000000002",
	'packet_start_position',
	'',
	0,
	'',
	"a1d04f96-6866-452c-b1c0-01fc438b7c4c",
	'../../../Intf_Diverter/models/Intf_Diverter/DiverterInterfaces/DiverterClient/DiverterClient.xtuml');
INSERT INTO C_PP_PROXY
	VALUES ("891e5c83-c654-415c-bf46-9141a327aeb9",
	"f057388f-df84-4155-94c4-b3fb64b631d2",
	"ba5eda7a-def5-0000-0000-000000000002",
	'sheet_length',
	'',
	0,
	'',
	"7dbd1f14-2ca8-4481-879b-039ebdef131f",
	'../../../Intf_Diverter/models/Intf_Diverter/DiverterInterfaces/DiverterClient/DiverterClient.xtuml');
INSERT INTO C_PP_PROXY
	VALUES ("024af0b9-5d13-4fca-bfec-7c530938e4f6",
	"f057388f-df84-4155-94c4-b3fb64b631d2",
	"ba5eda7a-def5-0000-0000-000000000002",
	'number_of_sheets',
	'',
	0,
	'',
	"891e5c83-c654-415c-bf46-9141a327aeb9",
	'../../../Intf_Diverter/models/Intf_Diverter/DiverterInterfaces/DiverterClient/DiverterClient.xtuml');
INSERT INTO C_EP_PROXY
	VALUES ("f057388f-df84-4155-94c4-b3fb64b631d2",
	"1c4072df-4470-4866-9416-5fa08e4b28be",
	-1,
	'divert_pending',
	'',
	'../../../Intf_Diverter/models/Intf_Diverter/DiverterInterfaces/DiverterClient/DiverterClient.xtuml');
INSERT INTO C_EP_PROXY
	VALUES ("617e5f69-340e-4966-9b58-2ed30ec3c58d",
	"1c4072df-4470-4866-9416-5fa08e4b28be",
	-1,
	'request_status',
	'True - Diverter Ready, False - Diverter Not Ready
Operation returns the current state of the diverter system.  
',
	'../../../Intf_Diverter/models/Intf_Diverter/DiverterInterfaces/DiverterClient/DiverterClient.xtuml');
INSERT INTO C_EP_PROXY
	VALUES ("75c6ef98-13ed-4d3f-af8e-966a6574358b",
	"1c4072df-4470-4866-9416-5fa08e4b28be",
	-1,
	'diverter_ready',
	'',
	'../../../Intf_Diverter/models/Intf_Diverter/DiverterInterfaces/DiverterClient/DiverterClient.xtuml');
INSERT INTO C_EP_PROXY
	VALUES ("c9114946-3cdf-4418-98be-3c89197a5f21",
	"1c4072df-4470-4866-9416-5fa08e4b28be",
	-1,
	'get_xtfr_jog_switch_position',
	'',
	'../../../Intf_Diverter/models/Intf_Diverter/DiverterInterfaces/DiverterClient/DiverterClient.xtuml');
INSERT INTO S_DT_PROXY
	VALUES ("f69263cd-bbf1-4447-ab8c-6ca928791356",
	"00000000-0000-0000-0000-000000000000",
	'Jog_Switch_Position',
	'',
	'',
	'../../../Intf_Diverter/models/Intf_Diverter/DataTypes/DataTypes.xtuml');
INSERT INTO S_ENUM_PROXY
	VALUES ("cc9f160f-a5c8-4fc3-aa88-61d05088ce18",
	'Stop',
	'',
	"f69263cd-bbf1-4447-ab8c-6ca928791356",
	"00000000-0000-0000-0000-000000000000",
	'../../../Intf_Diverter/models/Intf_Diverter/DataTypes/DataTypes.xtuml');
INSERT INTO S_ENUM_PROXY
	VALUES ("a25ea528-6e48-4c6d-8159-95c1136a228f",
	'Operator',
	'',
	"f69263cd-bbf1-4447-ab8c-6ca928791356",
	"cc9f160f-a5c8-4fc3-aa88-61d05088ce18",
	'../../../Intf_Diverter/models/Intf_Diverter/DataTypes/DataTypes.xtuml');
INSERT INTO S_ENUM_PROXY
	VALUES ("7dc639d1-4772-4dea-abb8-715959ea3b70",
	'Drive',
	'',
	"f69263cd-bbf1-4447-ab8c-6ca928791356",
	"a25ea528-6e48-4c6d-8159-95c1136a228f",
	'../../../Intf_Diverter/models/Intf_Diverter/DataTypes/DataTypes.xtuml');
INSERT INTO S_ENUM_PROXY
	VALUES ("21928aeb-3d5b-4c8c-8cdb-d79fa51ecb6d",
	'Impossible',
	'',
	"f69263cd-bbf1-4447-ab8c-6ca928791356",
	"7dc639d1-4772-4dea-abb8-715959ea3b70",
	'../../../Intf_Diverter/models/Intf_Diverter/DataTypes/DataTypes.xtuml');
INSERT INTO S_ENUM_PROXY
	VALUES ("8a56e473-108a-44f9-b892-c1029d8f5f9c",
	'Operator',
	'Identifies the side of the machine the operator uses to control the machine.',
	"0b9c6b49-c1c4-48d3-a888-a76d6461cf1e",
	"00000000-0000-0000-0000-000000000000",
	'../../../Types_Corrugated/models/Types_Corrugated/DataTypes/DataTypes.xtuml');
INSERT INTO S_DT_PROXY
	VALUES ("0b9c6b49-c1c4-48d3-a888-a76d6461cf1e",
	"00000000-0000-0000-0000-000000000000",
	'Machine_Side',
	'',
	'',
	'../../../Types_Corrugated/models/Types_Corrugated/DataTypes/DataTypes.xtuml');
INSERT INTO S_ENUM_PROXY
	VALUES ("8a559e7f-3861-46ef-86db-7cb663135af4",
	'Drive',
	'Identifies the side of the machine where the drive cabinets are located.',
	"0b9c6b49-c1c4-48d3-a888-a76d6461cf1e",
	"8a56e473-108a-44f9-b892-c1029d8f5f9c",
	'../../../Types_Corrugated/models/Types_Corrugated/DataTypes/DataTypes.xtuml');
INSERT INTO C_EP_PROXY
	VALUES ("ad786695-010d-4e54-86a6-57e572786231",
	"1c4072df-4470-4866-9416-5fa08e4b28be",
	-1,
	'xtfr_jog_switch_position_changed',
	'',
	'../../../Intf_Diverter/models/Intf_Diverter/DiverterInterfaces/DiverterClient/DiverterClient.xtuml');
INSERT INTO C_I_PROXY
	VALUES ("1c4072df-4470-4866-9416-5fa08e4b28be",
	"00000000-0000-0000-0000-000000000000",
	'DiverterClient',
	'',
	'../../../Intf_Diverter/models/Intf_Diverter/DiverterInterfaces/DiverterClient/DiverterClient.xtuml');
INSERT INTO C_I_PROXY
	VALUES ("53af1b5f-f2a3-44c3-9e01-551a6dbc7829",
	"00000000-0000-0000-0000-000000000000",
	'PneumaticControlValve',
	'',
	'../../../Intf_Diverter/models/Intf_Diverter/DiverterInterfaces/PneumaticControlValve/PneumaticControlValve.xtuml');
INSERT INTO C_EP_PROXY
	VALUES ("5088c18b-e00f-4dd3-b4a9-4f3e6167a4e1",
	"52db6895-1faf-4f37-903b-e183212300aa",
	-1,
	'jog',
	'',
	'../../../Intf_MotorDrive/models/Intf_MotorDrive/ClientInterface/JogMotor/JogMotor/JogMotor.xtuml');
INSERT INTO C_EP_PROXY
	VALUES ("9241cf5d-2f11-4b22-9139-4bd3137ca986",
	"52db6895-1faf-4f37-903b-e183212300aa",
	-1,
	'stop',
	'',
	'../../../Intf_MotorDrive/models/Intf_MotorDrive/ClientInterface/JogMotor/JogMotor/JogMotor.xtuml');
INSERT INTO C_EP_PROXY
	VALUES ("6959782d-b94d-4525-9720-fcb3ab20776f",
	"52db6895-1faf-4f37-903b-e183212300aa",
	-1,
	'motion_initiated',
	'This signal is an indicator to the client of the interface that the last motion
instruction has been executed.  A new motion instruction can now be send from 
the client.',
	'../../../Intf_MotorDrive/models/Intf_MotorDrive/ClientInterface/JogMotor/JogMotor/JogMotor.xtuml');
INSERT INTO C_EP_PROXY
	VALUES ("7830f4a2-ff94-4ac8-a5d1-fd897ee6bfaf",
	"52db6895-1faf-4f37-903b-e183212300aa",
	-1,
	'motion_complete',
	'This signal informs the client that the motor is no longer rotating and the 
drive is about to be disabled.  This signal will only occur after a stop has
been issued by the client of the interface or after a timed velocity move is
finished.',
	'../../../Intf_MotorDrive/models/Intf_MotorDrive/ClientInterface/JogMotor/JogMotor/JogMotor.xtuml');
INSERT INTO C_I_PROXY
	VALUES ("52db6895-1faf-4f37-903b-e183212300aa",
	"00000000-0000-0000-0000-000000000000",
	'JogMotor',
	'',
	'../../../Intf_MotorDrive/models/Intf_MotorDrive/ClientInterface/JogMotor/JogMotor/JogMotor.xtuml');
INSERT INTO C_I_PROXY
	VALUES ("c05eb167-3bf3-4c2f-8a02-681482983586",
	"00000000-0000-0000-0000-000000000000",
	'DivertMotor',
	'',
	'../../../Intf_Diverter/models/Intf_Diverter/DiverterInterfaces/DivertMotor/DivertMotor.xtuml');
INSERT INTO C_EP_PROXY
	VALUES ("8ee99fda-5497-4931-a625-3fdc9793c2e9",
	"6585f459-e4e1-4bcf-a79d-20860fa3054a",
	-1,
	'CutPulse',
	'',
	'../../../Intf_Diverter/models/Intf_Diverter/DiverterInterfaces/SpeedSignal/SpeedSignal.xtuml');
INSERT INTO C_I_PROXY
	VALUES ("6585f459-e4e1-4bcf-a79d-20860fa3054a",
	"00000000-0000-0000-0000-000000000000",
	'SpeedSignal',
	'',
	'../../../Intf_Diverter/models/Intf_Diverter/DiverterInterfaces/SpeedSignal/SpeedSignal.xtuml');
INSERT INTO S_DT_PROXY
	VALUES ("10a457d6-e25e-4dbe-a48f-0682e976c4bf",
	"00000000-0000-0000-0000-000000000000",
	'Motor_Direction',
	'',
	'',
	'../../../Intf_MotorDrive/models/Intf_MotorDrive/DataTypes/DataTypes.xtuml');
INSERT INTO S_ENUM_PROXY
	VALUES ("a14e5643-f258-49e7-8187-18b88e03990f",
	'Forward',
	'',
	"10a457d6-e25e-4dbe-a48f-0682e976c4bf",
	"00000000-0000-0000-0000-000000000000",
	'../../../Intf_MotorDrive/models/Intf_MotorDrive/DataTypes/DataTypes.xtuml');
INSERT INTO S_ENUM_PROXY
	VALUES ("882fef21-352d-4904-b937-58432d0a9513",
	'Reverse',
	'',
	"10a457d6-e25e-4dbe-a48f-0682e976c4bf",
	"a14e5643-f258-49e7-8187-18b88e03990f",
	'../../../Intf_MotorDrive/models/Intf_MotorDrive/DataTypes/DataTypes.xtuml');
INSERT INTO S_BRG_PROXY
	VALUES ("f68ac2c4-43bf-4a86-87f8-9080c3cf23df",
	"44362569-1c07-45d1-b40d-40523b843955",
	'timer_start',
	'This bridge operation starts a timer set to expire in the specified number of
microseconds, generating the passed event upon expiration. Returns the instance
handle of the timer.',
	1,
	"ba5eda7a-def5-0000-0000-00000000000f",
	'',
	1,
	'',
	'../../../BridgePoint_EE/models/BridgePoint_EE/BP_EE/BP_EE.xtuml');
INSERT INTO S_ENUM_PROXY
	VALUES ("efd136fc-ffa5-4a8f-9c15-d20888f656a4",
	'Scrap',
	'',
	"e637c9ff-a804-4aef-b8eb-e6854f50cc68",
	"00000000-0000-0000-0000-000000000000",
	'../../../Intf_Diverter/models/Intf_Diverter/DataTypes/DataTypes.xtuml');
-- root-types-contained: SystemModel_c
-- BP 7.1 content: StreamData syschar: 3 persistence-version: 7.1.6

INSERT INTO S_SYS
	VALUES ("b6f42688-d479-4460-a729-5b24bba7ca43",
	'BridgePoint_EE',
	1);
INSERT INTO EP_PKG
	VALUES ("a06f913c-e618-4699-9063-de3ed31e794b",
	"b6f42688-d479-4460-a729-5b24bba7ca43",
	"b6f42688-d479-4460-a729-5b24bba7ca43",
	'BP_EE',
	'',
	0);
INSERT INTO PE_PE
	VALUES ("89ad365a-7d0f-41bf-aeda-82a6eec92d8d",
	1,
	"a06f913c-e618-4699-9063-de3ed31e794b",
	"00000000-0000-0000-0000-000000000000",
	5);
INSERT INTO S_EE
	VALUES ("89ad365a-7d0f-41bf-aeda-82a6eec92d8d",
	'Architecture',
	'',
	'ARCH',
	"00000000-0000-0000-0000-000000000000",
	'',
	'Architecture',
	1);
INSERT INTO S_BRG
	VALUES ("bed73298-7288-4141-b039-01d5fda54a17",
	"89ad365a-7d0f-41bf-aeda-82a6eec92d8d",
	'shutdown',
	'',
	0,
	"ba5eda7a-def5-0000-0000-000000000000",
	'control stop;',
	1,
	'');
INSERT INTO ACT_BRB
	VALUES ("705ee146-9c33-402e-9e71-da17f473187a",
	"bed73298-7288-4141-b039-01d5fda54a17");
INSERT INTO ACT_ACT
	VALUES ("705ee146-9c33-402e-9e71-da17f473187a",
	'bridge',
	0,
	"792e5546-9221-4237-8710-e602f2ac930c",
	"00000000-0000-0000-0000-000000000000",
	0,
	'Architecture::shutdown',
	"00000000-0000-0000-0000-000000000000");
INSERT INTO ACT_BLK
	VALUES ("792e5546-9221-4237-8710-e602f2ac930c",
	0,
	0,
	0,
	'',
	'',
	'',
	1,
	1,
	0,
	0,
	0,
	0,
	0,
	0,
	0,
	0,
	0,
	0,
	0,
	"705ee146-9c33-402e-9e71-da17f473187a",
	"00000000-0000-0000-0000-000000000000");
INSERT INTO ACT_SMT
	VALUES ("0d96668b-540e-479f-a46c-03c1c13ee9e7",
	"792e5546-9221-4237-8710-e602f2ac930c",
	"00000000-0000-0000-0000-000000000000",
	1,
	1,
	'Architecture::shutdown line: 1');
INSERT INTO ACT_CTL
	VALUES ("0d96668b-540e-479f-a46c-03c1c13ee9e7");
INSERT INTO PE_PE
	VALUES ("e87a1ecb-0ba7-417e-8810-8c09018e9d7d",
	1,
	"a06f913c-e618-4699-9063-de3ed31e794b",
	"00000000-0000-0000-0000-000000000000",
	5);
INSERT INTO S_EE
	VALUES ("e87a1ecb-0ba7-417e-8810-8c09018e9d7d",
	'Logging',
	'',
	'LOG',
	"00000000-0000-0000-0000-000000000000",
	'',
	'Logging',
	1);
INSERT INTO S_BRG
	VALUES ("49fc55cd-5c12-410d-9290-c761057cebb6",
	"e87a1ecb-0ba7-417e-8810-8c09018e9d7d",
	'LogSuccess',
	'',
	0,
	"ba5eda7a-def5-0000-0000-000000000000",
	'',
	1,
	'');
INSERT INTO S_BPARM
	VALUES ("50e0afd0-1c75-4c7f-acdb-17da6b51444b",
	"49fc55cd-5c12-410d-9290-c761057cebb6",
	'message',
	"ba5eda7a-def5-0000-0000-000000000004",
	0,
	'',
	"00000000-0000-0000-0000-000000000000",
	'');
INSERT INTO ACT_BRB
	VALUES ("ead31e11-1886-4012-918d-250f291bac51",
	"49fc55cd-5c12-410d-9290-c761057cebb6");
INSERT INTO ACT_ACT
	VALUES ("ead31e11-1886-4012-918d-250f291bac51",
	'bridge',
	0,
	"b539ab2b-81ed-4979-9698-b77d3f409081",
	"00000000-0000-0000-0000-000000000000",
	0,
	'Logging::LogSuccess',
	"00000000-0000-0000-0000-000000000000");
INSERT INTO ACT_BLK
	VALUES ("b539ab2b-81ed-4979-9698-b77d3f409081",
	0,
	0,
	0,
	'',
	'',
	'',
	0,
	0,
	0,
	0,
	0,
	0,
	0,
	0,
	0,
	0,
	0,
	0,
	0,
	"ead31e11-1886-4012-918d-250f291bac51",
	"00000000-0000-0000-0000-000000000000");
INSERT INTO S_BRG
	VALUES ("dadff2cb-fad3-49b6-8fa6-5863576e7ffc",
	"e87a1ecb-0ba7-417e-8810-8c09018e9d7d",
	'LogFailure',
	'',
	0,
	"ba5eda7a-def5-0000-0000-000000000000",
	'',
	1,
	'');
INSERT INTO S_BPARM
	VALUES ("c209a476-4e86-41b6-a66e-255bbd9d5110",
	"dadff2cb-fad3-49b6-8fa6-5863576e7ffc",
	'message',
	"ba5eda7a-def5-0000-0000-000000000004",
	0,
	'',
	"00000000-0000-0000-0000-000000000000",
	'');
INSERT INTO ACT_BRB
	VALUES ("7a16a33c-f273-46fb-8f03-25810237e569",
	"dadff2cb-fad3-49b6-8fa6-5863576e7ffc");
INSERT INTO ACT_ACT
	VALUES ("7a16a33c-f273-46fb-8f03-25810237e569",
	'bridge',
	0,
	"2c11430b-f7cf-4473-9744-3721a9469429",
	"00000000-0000-0000-0000-000000000000",
	0,
	'Logging::LogFailure',
	"00000000-0000-0000-0000-000000000000");
INSERT INTO ACT_BLK
	VALUES ("2c11430b-f7cf-4473-9744-3721a9469429",
	0,
	0,
	0,
	'',
	'',
	'',
	0,
	0,
	0,
	0,
	0,
	0,
	0,
	0,
	0,
	0,
	0,
	0,
	0,
	"7a16a33c-f273-46fb-8f03-25810237e569",
	"00000000-0000-0000-0000-000000000000");
INSERT INTO S_BRG
	VALUES ("56c71ca3-d3dd-4c8f-a930-4c4cb4a91794",
	"e87a1ecb-0ba7-417e-8810-8c09018e9d7d",
	'LogInfo',
	'',
	0,
	"ba5eda7a-def5-0000-0000-000000000000",
	'',
	1,
	'');
INSERT INTO S_BPARM
	VALUES ("259d33a3-4055-479c-aea1-d4bb0917915f",
	"56c71ca3-d3dd-4c8f-a930-4c4cb4a91794",
	'message',
	"ba5eda7a-def5-0000-0000-000000000004",
	0,
	'',
	"00000000-0000-0000-0000-000000000000",
	'');
INSERT INTO ACT_BRB
	VALUES ("172a2682-91ab-41da-87b3-119aa17682f9",
	"56c71ca3-d3dd-4c8f-a930-4c4cb4a91794");
INSERT INTO ACT_ACT
	VALUES ("172a2682-91ab-41da-87b3-119aa17682f9",
	'bridge',
	0,
	"f128c4e1-429d-4a35-bc9e-9f795a66f821",
	"00000000-0000-0000-0000-000000000000",
	0,
	'Logging::LogInfo',
	"00000000-0000-0000-0000-000000000000");
INSERT INTO ACT_BLK
	VALUES ("f128c4e1-429d-4a35-bc9e-9f795a66f821",
	0,
	0,
	0,
	'',
	'',
	'',
	0,
	0,
	0,
	0,
	0,
	0,
	0,
	0,
	0,
	0,
	0,
	0,
	0,
	"172a2682-91ab-41da-87b3-119aa17682f9",
	"00000000-0000-0000-0000-000000000000");
INSERT INTO S_BRG
	VALUES ("e9f99af0-95a3-4e7f-ab57-962fd50545ab",
	"e87a1ecb-0ba7-417e-8810-8c09018e9d7d",
	'LogDate',
	'',
	0,
	"ba5eda7a-def5-0000-0000-000000000000",
	'',
	1,
	'');
INSERT INTO S_BPARM
	VALUES ("2abd39a8-ac37-4f49-97d9-e25c0ad27f49",
	"e9f99af0-95a3-4e7f-ab57-962fd50545ab",
	'd',
	"ba5eda7a-def5-0000-0000-00000000000e",
	0,
	'',
	"00000000-0000-0000-0000-000000000000",
	'');
INSERT INTO S_BPARM
	VALUES ("6ef6388f-f212-4fee-961f-7a0b7cfb77a1",
	"e9f99af0-95a3-4e7f-ab57-962fd50545ab",
	'message',
	"ba5eda7a-def5-0000-0000-000000000004",
	0,
	'',
	"2abd39a8-ac37-4f49-97d9-e25c0ad27f49",
	'');
INSERT INTO ACT_BRB
	VALUES ("842063b0-fb39-459a-81da-6604af959a74",
	"e9f99af0-95a3-4e7f-ab57-962fd50545ab");
INSERT INTO ACT_ACT
	VALUES ("842063b0-fb39-459a-81da-6604af959a74",
	'bridge',
	0,
	"70c6f0ef-63d3-454f-8747-8af823bd68be",
	"00000000-0000-0000-0000-000000000000",
	0,
	'Logging::LogDate',
	"00000000-0000-0000-0000-000000000000");
INSERT INTO ACT_BLK
	VALUES ("70c6f0ef-63d3-454f-8747-8af823bd68be",
	0,
	0,
	0,
	'',
	'',
	'',
	0,
	0,
	0,
	0,
	0,
	0,
	0,
	0,
	0,
	0,
	0,
	0,
	0,
	"842063b0-fb39-459a-81da-6604af959a74",
	"00000000-0000-0000-0000-000000000000");
INSERT INTO S_BRG
	VALUES ("65452fb1-800d-40a9-9e69-8431b2e35f8a",
	"e87a1ecb-0ba7-417e-8810-8c09018e9d7d",
	'LogTime',
	'',
	0,
	"ba5eda7a-def5-0000-0000-000000000000",
	'',
	1,
	'');
INSERT INTO S_BPARM
	VALUES ("ade2fea3-fdd1-4800-bbc9-85ee5e58f5d7",
	"65452fb1-800d-40a9-9e69-8431b2e35f8a",
	't',
	"ba5eda7a-def5-0000-0000-000000000010",
	0,
	'',
	"f0e40bc8-01a5-46cd-b043-f90d4099eaf2",
	'');
INSERT INTO S_BPARM
	VALUES ("f0e40bc8-01a5-46cd-b043-f90d4099eaf2",
	"65452fb1-800d-40a9-9e69-8431b2e35f8a",
	'message',
	"ba5eda7a-def5-0000-0000-000000000004",
	0,
	'',
	"00000000-0000-0000-0000-000000000000",
	'');
INSERT INTO ACT_BRB
	VALUES ("02d384fb-fdff-467a-b4a2-9d7fc0a757f3",
	"65452fb1-800d-40a9-9e69-8431b2e35f8a");
INSERT INTO ACT_ACT
	VALUES ("02d384fb-fdff-467a-b4a2-9d7fc0a757f3",
	'bridge',
	0,
	"ff53a877-874d-4b9f-8d83-e873d39bb9e1",
	"00000000-0000-0000-0000-000000000000",
	0,
	'Logging::LogTime',
	"00000000-0000-0000-0000-000000000000");
INSERT INTO ACT_BLK
	VALUES ("ff53a877-874d-4b9f-8d83-e873d39bb9e1",
	0,
	0,
	0,
	'',
	'',
	'',
	0,
	0,
	0,
	0,
	0,
	0,
	0,
	0,
	0,
	0,
	0,
	0,
	0,
	"02d384fb-fdff-467a-b4a2-9d7fc0a757f3",
	"00000000-0000-0000-0000-000000000000");
INSERT INTO S_BRG
	VALUES ("a8469f08-6ce8-4d6f-9728-24edc53cfb05",
	"e87a1ecb-0ba7-417e-8810-8c09018e9d7d",
	'LogReal',
	'',
	0,
	"ba5eda7a-def5-0000-0000-000000000000",
	'',
	1,
	'');
INSERT INTO S_BPARM
	VALUES ("32f7e0fc-9ac5-4d0a-b07b-c06860c8c2a5",
	"a8469f08-6ce8-4d6f-9728-24edc53cfb05",
	'r',
	"ba5eda7a-def5-0000-0000-000000000003",
	0,
	'',
	"a8a44ef6-ee03-478e-8063-d459d8fe6b3b",
	'');
INSERT INTO S_BPARM
	VALUES ("a8a44ef6-ee03-478e-8063-d459d8fe6b3b",
	"a8469f08-6ce8-4d6f-9728-24edc53cfb05",
	'message',
	"ba5eda7a-def5-0000-0000-000000000004",
	0,
	'',
	"00000000-0000-0000-0000-000000000000",
	'');
INSERT INTO ACT_BRB
	VALUES ("d9a6920c-5a65-40c0-9f92-593e82e69149",
	"a8469f08-6ce8-4d6f-9728-24edc53cfb05");
INSERT INTO ACT_ACT
	VALUES ("d9a6920c-5a65-40c0-9f92-593e82e69149",
	'bridge',
	0,
	"3ccdc204-172e-4b7b-9958-46d887b699d5",
	"00000000-0000-0000-0000-000000000000",
	0,
	'Logging::LogReal',
	"00000000-0000-0000-0000-000000000000");
INSERT INTO ACT_BLK
	VALUES ("3ccdc204-172e-4b7b-9958-46d887b699d5",
	0,
	0,
	0,
	'',
	'',
	'',
	0,
	0,
	0,
	0,
	0,
	0,
	0,
	0,
	0,
	0,
	0,
	0,
	0,
	"d9a6920c-5a65-40c0-9f92-593e82e69149",
	"00000000-0000-0000-0000-000000000000");
INSERT INTO S_BRG
	VALUES ("c1cb0752-7d66-4e61-84ce-c70938b30d97",
	"e87a1ecb-0ba7-417e-8810-8c09018e9d7d",
	'LogInteger',
	'',
	0,
	"ba5eda7a-def5-0000-0000-000000000000",
	'',
	1,
	'');
INSERT INTO S_BPARM
	VALUES ("df81bdac-ac62-47a2-8c77-8c9fcfcca160",
	"c1cb0752-7d66-4e61-84ce-c70938b30d97",
	'message',
	"ba5eda7a-def5-0000-0000-000000000002",
	0,
	'',
	"00000000-0000-0000-0000-000000000000",
	'');
INSERT INTO ACT_BRB
	VALUES ("1208e5e4-4c33-4c8d-a921-0878563fc110",
	"c1cb0752-7d66-4e61-84ce-c70938b30d97");
INSERT INTO ACT_ACT
	VALUES ("1208e5e4-4c33-4c8d-a921-0878563fc110",
	'bridge',
	0,
	"a660d1ea-d045-469d-a1bc-8e24295b584e",
	"00000000-0000-0000-0000-000000000000",
	0,
	'Logging::LogInteger',
	"00000000-0000-0000-0000-000000000000");
INSERT INTO ACT_BLK
	VALUES ("a660d1ea-d045-469d-a1bc-8e24295b584e",
	0,
	0,
	0,
	'',
	'',
	'',
	0,
	0,
	0,
	0,
	0,
	0,
	0,
	0,
	0,
	0,
	0,
	0,
	0,
	"1208e5e4-4c33-4c8d-a921-0878563fc110",
	"00000000-0000-0000-0000-000000000000");
INSERT INTO PE_PE
	VALUES ("44362569-1c07-45d1-b40d-40523b843955",
	1,
	"a06f913c-e618-4699-9063-de3ed31e794b",
	"00000000-0000-0000-0000-000000000000",
	5);
INSERT INTO S_EE
	VALUES ("44362569-1c07-45d1-b40d-40523b843955",
	'Time',
	'The Time external entity provides date, timestamp, and timer related operations.',
	'TIM',
	"00000000-0000-0000-0000-000000000000",
	'',
	'Time',
	1);
INSERT INTO S_BRG
	VALUES ("17677fab-1c93-4176-8bb6-ed1a87d1c80a",
	"44362569-1c07-45d1-b40d-40523b843955",
	'current_date',
	'',
	1,
	"ba5eda7a-def5-0000-0000-00000000000e",
	'',
	1,
	'');
INSERT INTO ACT_BRB
	VALUES ("e9fac59b-b4bc-4eda-95c8-96a17c28ad6b",
	"17677fab-1c93-4176-8bb6-ed1a87d1c80a");
INSERT INTO ACT_ACT
	VALUES ("e9fac59b-b4bc-4eda-95c8-96a17c28ad6b",
	'bridge',
	0,
	"35f68451-ca8c-4c3e-83f5-c93ffee9f6c8",
	"00000000-0000-0000-0000-000000000000",
	0,
	'Time::current_date',
	"00000000-0000-0000-0000-000000000000");
INSERT INTO ACT_BLK
	VALUES ("35f68451-ca8c-4c3e-83f5-c93ffee9f6c8",
	0,
	0,
	0,
	'',
	'',
	'',
	0,
	0,
	0,
	0,
	0,
	0,
	0,
	0,
	0,
	0,
	0,
	0,
	0,
	"e9fac59b-b4bc-4eda-95c8-96a17c28ad6b",
	"00000000-0000-0000-0000-000000000000");
INSERT INTO S_BRG
	VALUES ("eb9f0edb-0f26-4f01-a3d8-1dd32b409965",
	"44362569-1c07-45d1-b40d-40523b843955",
	'create_date',
	'',
	1,
	"ba5eda7a-def5-0000-0000-00000000000e",
	'',
	1,
	'');
INSERT INTO S_BPARM
	VALUES ("5d17483c-2d7f-4435-a82a-9a9ab51ccdc2",
	"eb9f0edb-0f26-4f01-a3d8-1dd32b409965",
	'second',
	"ba5eda7a-def5-0000-0000-000000000002",
	0,
	'',
	"f03ce6fb-3410-4d35-bdef-4c02afa6a05f",
	'');
INSERT INTO S_BPARM
	VALUES ("e01e01fb-5c09-4667-ac45-ebf1249d70e4",
	"eb9f0edb-0f26-4f01-a3d8-1dd32b409965",
	'minute',
	"ba5eda7a-def5-0000-0000-000000000002",
	0,
	'',
	"bbe68d10-6536-4f42-a5a3-4f513977ee0e",
	'');
INSERT INTO S_BPARM
	VALUES ("bbe68d10-6536-4f42-a5a3-4f513977ee0e",
	"eb9f0edb-0f26-4f01-a3d8-1dd32b409965",
	'hour',
	"ba5eda7a-def5-0000-0000-000000000002",
	0,
	'',
	"afe2a04d-eff6-47a2-b1bb-d51dae0b7cb9",
	'');
INSERT INTO S_BPARM
	VALUES ("afe2a04d-eff6-47a2-b1bb-d51dae0b7cb9",
	"eb9f0edb-0f26-4f01-a3d8-1dd32b409965",
	'day',
	"ba5eda7a-def5-0000-0000-000000000002",
	0,
	'',
	"00000000-0000-0000-0000-000000000000",
	'');
INSERT INTO S_BPARM
	VALUES ("f03ce6fb-3410-4d35-bdef-4c02afa6a05f",
	"eb9f0edb-0f26-4f01-a3d8-1dd32b409965",
	'month',
	"ba5eda7a-def5-0000-0000-000000000002",
	0,
	'',
	"e01e01fb-5c09-4667-ac45-ebf1249d70e4",
	'');
INSERT INTO S_BPARM
	VALUES ("0f195a24-143d-499d-8052-2682ddca4fd1",
	"eb9f0edb-0f26-4f01-a3d8-1dd32b409965",
	'year',
	"ba5eda7a-def5-0000-0000-000000000002",
	0,
	'',
	"5d17483c-2d7f-4435-a82a-9a9ab51ccdc2",
	'');
INSERT INTO ACT_BRB
	VALUES ("ae3cbfd3-a858-4406-ba2a-552203734690",
	"eb9f0edb-0f26-4f01-a3d8-1dd32b409965");
INSERT INTO ACT_ACT
	VALUES ("ae3cbfd3-a858-4406-ba2a-552203734690",
	'bridge',
	0,
	"13c98e2d-3be3-435b-b00c-bed27f467693",
	"00000000-0000-0000-0000-000000000000",
	0,
	'Time::create_date',
	"00000000-0000-0000-0000-000000000000");
INSERT INTO ACT_BLK
	VALUES ("13c98e2d-3be3-435b-b00c-bed27f467693",
	0,
	0,
	0,
	'',
	'',
	'',
	0,
	0,
	0,
	0,
	0,
	0,
	0,
	0,
	0,
	0,
	0,
	0,
	0,
	"ae3cbfd3-a858-4406-ba2a-552203734690",
	"00000000-0000-0000-0000-000000000000");
INSERT INTO S_BRG
	VALUES ("68c892da-18e1-4ce0-84ce-ed7c7fc32123",
	"44362569-1c07-45d1-b40d-40523b843955",
	'get_second',
	'',
	1,
	"ba5eda7a-def5-0000-0000-000000000002",
	'',
	1,
	'');
INSERT INTO S_BPARM
	VALUES ("c508403b-7f16-48be-91ab-49d46d444163",
	"68c892da-18e1-4ce0-84ce-ed7c7fc32123",
	'date',
	"ba5eda7a-def5-0000-0000-00000000000e",
	0,
	'',
	"00000000-0000-0000-0000-000000000000",
	'');
INSERT INTO ACT_BRB
	VALUES ("49dfdc2e-577b-4646-9c00-a5e5af2b8892",
	"68c892da-18e1-4ce0-84ce-ed7c7fc32123");
INSERT INTO ACT_ACT
	VALUES ("49dfdc2e-577b-4646-9c00-a5e5af2b8892",
	'bridge',
	0,
	"788d13ac-153e-46cc-afc3-9848cc3d7add",
	"00000000-0000-0000-0000-000000000000",
	0,
	'Time::get_second',
	"00000000-0000-0000-0000-000000000000");
INSERT INTO ACT_BLK
	VALUES ("788d13ac-153e-46cc-afc3-9848cc3d7add",
	0,
	0,
	0,
	'',
	'',
	'',
	0,
	0,
	0,
	0,
	0,
	0,
	0,
	0,
	0,
	0,
	0,
	0,
	0,
	"49dfdc2e-577b-4646-9c00-a5e5af2b8892",
	"00000000-0000-0000-0000-000000000000");
INSERT INTO S_BRG
	VALUES ("30bf1e1f-29a0-450b-af17-f587ee5a6aba",
	"44362569-1c07-45d1-b40d-40523b843955",
	'get_minute',
	'',
	1,
	"ba5eda7a-def5-0000-0000-000000000002",
	'',
	1,
	'');
INSERT INTO S_BPARM
	VALUES ("acf70fbd-804f-4763-b731-5ced98ef4a82",
	"30bf1e1f-29a0-450b-af17-f587ee5a6aba",
	'date',
	"ba5eda7a-def5-0000-0000-00000000000e",
	0,
	'',
	"00000000-0000-0000-0000-000000000000",
	'');
INSERT INTO ACT_BRB
	VALUES ("9415f98b-8954-4dea-9835-37b0f57ef775",
	"30bf1e1f-29a0-450b-af17-f587ee5a6aba");
INSERT INTO ACT_ACT
	VALUES ("9415f98b-8954-4dea-9835-37b0f57ef775",
	'bridge',
	0,
	"8b7e837f-0c1a-44c7-a2db-40fe8067e355",
	"00000000-0000-0000-0000-000000000000",
	0,
	'Time::get_minute',
	"00000000-0000-0000-0000-000000000000");
INSERT INTO ACT_BLK
	VALUES ("8b7e837f-0c1a-44c7-a2db-40fe8067e355",
	0,
	0,
	0,
	'',
	'',
	'',
	0,
	0,
	0,
	0,
	0,
	0,
	0,
	0,
	0,
	0,
	0,
	0,
	0,
	"9415f98b-8954-4dea-9835-37b0f57ef775",
	"00000000-0000-0000-0000-000000000000");
INSERT INTO S_BRG
	VALUES ("b02eb77a-ed14-409c-b26a-b03b547d0c31",
	"44362569-1c07-45d1-b40d-40523b843955",
	'get_hour',
	'',
	1,
	"ba5eda7a-def5-0000-0000-000000000002",
	'',
	1,
	'');
INSERT INTO S_BPARM
	VALUES ("215a9da6-75a6-4f6e-8784-3eb1cef93e41",
	"b02eb77a-ed14-409c-b26a-b03b547d0c31",
	'date',
	"ba5eda7a-def5-0000-0000-00000000000e",
	0,
	'',
	"00000000-0000-0000-0000-000000000000",
	'');
INSERT INTO ACT_BRB
	VALUES ("93d0698f-6d24-43c7-af98-6c3fd167b1b3",
	"b02eb77a-ed14-409c-b26a-b03b547d0c31");
INSERT INTO ACT_ACT
	VALUES ("93d0698f-6d24-43c7-af98-6c3fd167b1b3",
	'bridge',
	0,
	"f0011470-f027-4687-aa44-9ca654f2b836",
	"00000000-0000-0000-0000-000000000000",
	0,
	'Time::get_hour',
	"00000000-0000-0000-0000-000000000000");
INSERT INTO ACT_BLK
	VALUES ("f0011470-f027-4687-aa44-9ca654f2b836",
	0,
	0,
	0,
	'',
	'',
	'',
	0,
	0,
	0,
	0,
	0,
	0,
	0,
	0,
	0,
	0,
	0,
	0,
	0,
	"93d0698f-6d24-43c7-af98-6c3fd167b1b3",
	"00000000-0000-0000-0000-000000000000");
INSERT INTO S_BRG
	VALUES ("12613fb0-ac5c-4b9e-b298-52b321d09c9b",
	"44362569-1c07-45d1-b40d-40523b843955",
	'get_day',
	'',
	1,
	"ba5eda7a-def5-0000-0000-000000000002",
	'',
	1,
	'');
INSERT INTO S_BPARM
	VALUES ("44f5a91f-7b27-4cb9-ad59-9e94985bb8eb",
	"12613fb0-ac5c-4b9e-b298-52b321d09c9b",
	'date',
	"ba5eda7a-def5-0000-0000-00000000000e",
	0,
	'',
	"00000000-0000-0000-0000-000000000000",
	'');
INSERT INTO ACT_BRB
	VALUES ("dcadd7bf-ad31-42b9-a20e-4d8f261a1232",
	"12613fb0-ac5c-4b9e-b298-52b321d09c9b");
INSERT INTO ACT_ACT
	VALUES ("dcadd7bf-ad31-42b9-a20e-4d8f261a1232",
	'bridge',
	0,
	"f54da202-70f5-4b88-9c75-ee26093a5699",
	"00000000-0000-0000-0000-000000000000",
	0,
	'Time::get_day',
	"00000000-0000-0000-0000-000000000000");
INSERT INTO ACT_BLK
	VALUES ("f54da202-70f5-4b88-9c75-ee26093a5699",
	0,
	0,
	0,
	'',
	'',
	'',
	0,
	0,
	0,
	0,
	0,
	0,
	0,
	0,
	0,
	0,
	0,
	0,
	0,
	"dcadd7bf-ad31-42b9-a20e-4d8f261a1232",
	"00000000-0000-0000-0000-000000000000");
INSERT INTO S_BRG
	VALUES ("2f0cf2c9-5712-483f-9b9a-1e7d4394e651",
	"44362569-1c07-45d1-b40d-40523b843955",
	'get_month',
	'',
	1,
	"ba5eda7a-def5-0000-0000-000000000002",
	'',
	1,
	'');
INSERT INTO S_BPARM
	VALUES ("b16352d8-7230-4623-b063-2a48dc6aca0b",
	"2f0cf2c9-5712-483f-9b9a-1e7d4394e651",
	'date',
	"ba5eda7a-def5-0000-0000-00000000000e",
	0,
	'',
	"00000000-0000-0000-0000-000000000000",
	'');
INSERT INTO ACT_BRB
	VALUES ("082623e9-fc79-4823-8767-6fc2d768ccdd",
	"2f0cf2c9-5712-483f-9b9a-1e7d4394e651");
INSERT INTO ACT_ACT
	VALUES ("082623e9-fc79-4823-8767-6fc2d768ccdd",
	'bridge',
	0,
	"12fd2375-bc48-4c39-82e5-531c3b7cf13d",
	"00000000-0000-0000-0000-000000000000",
	0,
	'Time::get_month',
	"00000000-0000-0000-0000-000000000000");
INSERT INTO ACT_BLK
	VALUES ("12fd2375-bc48-4c39-82e5-531c3b7cf13d",
	0,
	0,
	0,
	'',
	'',
	'',
	0,
	0,
	0,
	0,
	0,
	0,
	0,
	0,
	0,
	0,
	0,
	0,
	0,
	"082623e9-fc79-4823-8767-6fc2d768ccdd",
	"00000000-0000-0000-0000-000000000000");
INSERT INTO S_BRG
	VALUES ("4c7e3813-0d22-42c6-9272-04a4baa99de2",
	"44362569-1c07-45d1-b40d-40523b843955",
	'get_year',
	'',
	1,
	"ba5eda7a-def5-0000-0000-000000000002",
	'',
	1,
	'');
INSERT INTO S_BPARM
	VALUES ("dfe11d6a-7f57-4aef-83d6-22952097b650",
	"4c7e3813-0d22-42c6-9272-04a4baa99de2",
	'date',
	"ba5eda7a-def5-0000-0000-00000000000e",
	0,
	'',
	"00000000-0000-0000-0000-000000000000",
	'');
INSERT INTO ACT_BRB
	VALUES ("0d7dce41-8e06-4af4-b8bb-7fc4aa09529e",
	"4c7e3813-0d22-42c6-9272-04a4baa99de2");
INSERT INTO ACT_ACT
	VALUES ("0d7dce41-8e06-4af4-b8bb-7fc4aa09529e",
	'bridge',
	0,
	"5fe6e849-b19c-4e8e-a047-e9e24aa5225a",
	"00000000-0000-0000-0000-000000000000",
	0,
	'Time::get_year',
	"00000000-0000-0000-0000-000000000000");
INSERT INTO ACT_BLK
	VALUES ("5fe6e849-b19c-4e8e-a047-e9e24aa5225a",
	0,
	0,
	0,
	'',
	'',
	'',
	0,
	0,
	0,
	0,
	0,
	0,
	0,
	0,
	0,
	0,
	0,
	0,
	0,
	"0d7dce41-8e06-4af4-b8bb-7fc4aa09529e",
	"00000000-0000-0000-0000-000000000000");
INSERT INTO S_BRG
	VALUES ("d7498431-c005-4e40-ae74-13d30ef140df",
	"44362569-1c07-45d1-b40d-40523b843955",
	'current_clock',
	'',
	1,
	"ba5eda7a-def5-0000-0000-000000000010",
	'',
	1,
	'');
INSERT INTO ACT_BRB
	VALUES ("089861d0-0146-4cba-8d13-68aa5737bbba",
	"d7498431-c005-4e40-ae74-13d30ef140df");
INSERT INTO ACT_ACT
	VALUES ("089861d0-0146-4cba-8d13-68aa5737bbba",
	'bridge',
	0,
	"392cb478-30a5-411a-be90-b638380059a4",
	"00000000-0000-0000-0000-000000000000",
	0,
	'Time::current_clock',
	"00000000-0000-0000-0000-000000000000");
INSERT INTO ACT_BLK
	VALUES ("392cb478-30a5-411a-be90-b638380059a4",
	0,
	0,
	0,
	'',
	'',
	'',
	0,
	0,
	0,
	0,
	0,
	0,
	0,
	0,
	0,
	0,
	0,
	0,
	0,
	"089861d0-0146-4cba-8d13-68aa5737bbba",
	"00000000-0000-0000-0000-000000000000");
INSERT INTO S_BRG
	VALUES ("f68ac2c4-43bf-4a86-87f8-9080c3cf23df",
	"44362569-1c07-45d1-b40d-40523b843955",
	'timer_start',
	'This bridge operation starts a timer set to expire in the specified number of
microseconds, generating the passed event upon expiration. Returns the instance
handle of the timer.',
	1,
	"ba5eda7a-def5-0000-0000-00000000000f",
	'',
	1,
	'');
INSERT INTO S_BPARM
	VALUES ("9b49f45a-ca4b-4794-8bf4-d49b34bd6eaa",
	"f68ac2c4-43bf-4a86-87f8-9080c3cf23df",
	'microseconds',
	"ba5eda7a-def5-0000-0000-000000000002",
	0,
	'',
	"bafd777f-4f13-4d4c-b5d6-0f61bbc0f274",
	'');
INSERT INTO S_BPARM
	VALUES ("bafd777f-4f13-4d4c-b5d6-0f61bbc0f274",
	"f68ac2c4-43bf-4a86-87f8-9080c3cf23df",
	'event_inst',
	"ba5eda7a-def5-0000-0000-00000000000a",
	0,
	'',
	"00000000-0000-0000-0000-000000000000",
	'');
INSERT INTO ACT_BRB
	VALUES ("06e133a8-0f68-48f7-9344-bd5df5763c55",
	"f68ac2c4-43bf-4a86-87f8-9080c3cf23df");
INSERT INTO ACT_ACT
	VALUES ("06e133a8-0f68-48f7-9344-bd5df5763c55",
	'bridge',
	0,
	"99ceaac0-6aca-4b1a-8199-cdbdaac6b89f",
	"00000000-0000-0000-0000-000000000000",
	0,
	'Time::timer_start',
	"00000000-0000-0000-0000-000000000000");
INSERT INTO ACT_BLK
	VALUES ("99ceaac0-6aca-4b1a-8199-cdbdaac6b89f",
	0,
	0,
	0,
	'',
	'',
	'',
	0,
	0,
	0,
	0,
	0,
	0,
	0,
	0,
	0,
	0,
	0,
	0,
	0,
	"06e133a8-0f68-48f7-9344-bd5df5763c55",
	"00000000-0000-0000-0000-000000000000");
INSERT INTO S_BRG
	VALUES ("1e926105-aaed-4bd8-9d71-9d042ec511f5",
	"44362569-1c07-45d1-b40d-40523b843955",
	'timer_start_recurring',
	'This bridge operation starts a timer set to expire in the specified number of
microseconds, generating the passed event upon expiration. Upon expiration, the
timer will be restarted and fire again in the specified number of microseconds
generating the passed event. This bridge operation returns the instance handle
of the timer.',
	1,
	"ba5eda7a-def5-0000-0000-00000000000f",
	'',
	1,
	'');
INSERT INTO S_BPARM
	VALUES ("72641200-ea84-441a-9272-f4f285ff3c5a",
	"1e926105-aaed-4bd8-9d71-9d042ec511f5",
	'microseconds',
	"ba5eda7a-def5-0000-0000-000000000002",
	0,
	'',
	"e01a10c1-876f-4118-9431-7260257e5a04",
	'');
INSERT INTO S_BPARM
	VALUES ("e01a10c1-876f-4118-9431-7260257e5a04",
	"1e926105-aaed-4bd8-9d71-9d042ec511f5",
	'event_inst',
	"ba5eda7a-def5-0000-0000-00000000000a",
	0,
	'',
	"00000000-0000-0000-0000-000000000000",
	'');
INSERT INTO ACT_BRB
	VALUES ("9234aa46-b6ce-467c-80e3-47af507ad032",
	"1e926105-aaed-4bd8-9d71-9d042ec511f5");
INSERT INTO ACT_ACT
	VALUES ("9234aa46-b6ce-467c-80e3-47af507ad032",
	'bridge',
	0,
	"9b8d92a3-aac4-4340-b6e3-af58ed7660f7",
	"00000000-0000-0000-0000-000000000000",
	0,
	'Time::timer_start_recurring',
	"00000000-0000-0000-0000-000000000000");
INSERT INTO ACT_BLK
	VALUES ("9b8d92a3-aac4-4340-b6e3-af58ed7660f7",
	0,
	0,
	0,
	'',
	'',
	'',
	0,
	0,
	0,
	0,
	0,
	0,
	0,
	0,
	0,
	0,
	0,
	0,
	0,
	"9234aa46-b6ce-467c-80e3-47af507ad032",
	"00000000-0000-0000-0000-000000000000");
INSERT INTO S_BRG
	VALUES ("8f15c934-32db-4fa6-9263-b46fc73cfaa8",
	"44362569-1c07-45d1-b40d-40523b843955",
	'timer_remaining_time',
	'Returns the time remaining (in microseconds) for the passed timer instance. If
the timer has expired, a zero value is returned.',
	1,
	"ba5eda7a-def5-0000-0000-000000000002",
	'',
	1,
	'');
INSERT INTO S_BPARM
	VALUES ("9d485536-9f05-466f-98ad-b98cf34c629f",
	"8f15c934-32db-4fa6-9263-b46fc73cfaa8",
	'timer_inst_ref',
	"ba5eda7a-def5-0000-0000-00000000000f",
	0,
	'',
	"00000000-0000-0000-0000-000000000000",
	'');
INSERT INTO ACT_BRB
	VALUES ("41caccaa-9a1c-43c4-a530-22d06a8b9c30",
	"8f15c934-32db-4fa6-9263-b46fc73cfaa8");
INSERT INTO ACT_ACT
	VALUES ("41caccaa-9a1c-43c4-a530-22d06a8b9c30",
	'bridge',
	0,
	"1f664093-0d7e-4a5a-8b94-8532c6821bc3",
	"00000000-0000-0000-0000-000000000000",
	0,
	'Time::timer_remaining_time',
	"00000000-0000-0000-0000-000000000000");
INSERT INTO ACT_BLK
	VALUES ("1f664093-0d7e-4a5a-8b94-8532c6821bc3",
	0,
	0,
	0,
	'',
	'',
	'',
	0,
	0,
	0,
	0,
	0,
	0,
	0,
	0,
	0,
	0,
	0,
	0,
	0,
	"41caccaa-9a1c-43c4-a530-22d06a8b9c30",
	"00000000-0000-0000-0000-000000000000");
INSERT INTO S_BRG
	VALUES ("15fbe7f3-f252-4d0c-ad61-93d9917849a7",
	"44362569-1c07-45d1-b40d-40523b843955",
	'timer_reset_time',
	'This bridge operation attempts to set the passed existing timer to expire in
the specified number of microseconds. If the timer exists (that is, it has not
expired), a TRUE value is returned. If the timer no longer exists, a FALSE value
is returned.',
	1,
	"ba5eda7a-def5-0000-0000-000000000001",
	'',
	1,
	'');
INSERT INTO S_BPARM
	VALUES ("49be4e45-615b-49a1-a59a-afcef7ea3b4b",
	"15fbe7f3-f252-4d0c-ad61-93d9917849a7",
	'timer_inst_ref',
	"ba5eda7a-def5-0000-0000-00000000000f",
	0,
	'',
	"57138084-d19a-47cd-87ba-36297cdcc31b",
	'');
INSERT INTO S_BPARM
	VALUES ("57138084-d19a-47cd-87ba-36297cdcc31b",
	"15fbe7f3-f252-4d0c-ad61-93d9917849a7",
	'microseconds',
	"ba5eda7a-def5-0000-0000-000000000002",
	0,
	'',
	"00000000-0000-0000-0000-000000000000",
	'');
INSERT INTO ACT_BRB
	VALUES ("e782f4ee-e827-4c0f-ae38-ebfe9c94ceaa",
	"15fbe7f3-f252-4d0c-ad61-93d9917849a7");
INSERT INTO ACT_ACT
	VALUES ("e782f4ee-e827-4c0f-ae38-ebfe9c94ceaa",
	'bridge',
	0,
	"90dc7b2f-a10b-4886-bb4b-450aaa6a8292",
	"00000000-0000-0000-0000-000000000000",
	0,
	'Time::timer_reset_time',
	"00000000-0000-0000-0000-000000000000");
INSERT INTO ACT_BLK
	VALUES ("90dc7b2f-a10b-4886-bb4b-450aaa6a8292",
	0,
	0,
	0,
	'',
	'',
	'',
	0,
	0,
	0,
	0,
	0,
	0,
	0,
	0,
	0,
	0,
	0,
	0,
	0,
	"e782f4ee-e827-4c0f-ae38-ebfe9c94ceaa",
	"00000000-0000-0000-0000-000000000000");
INSERT INTO S_BRG
	VALUES ("f764087e-8fa4-4be1-98ba-32d05eb68227",
	"44362569-1c07-45d1-b40d-40523b843955",
	'timer_add_time',
	'This bridge operation attempts to add the specified number of microseconds to a
passed existing timer. If the timer exists (that is, it has not expired), a TRUE
value is returned. If the timer no longer exists, a FALSE value is returned.',
	1,
	"ba5eda7a-def5-0000-0000-000000000001",
	'',
	1,
	'');
INSERT INTO S_BPARM
	VALUES ("c8ce5497-0401-46c6-9561-1fa2bbe47bba",
	"f764087e-8fa4-4be1-98ba-32d05eb68227",
	'timer_inst_ref',
	"ba5eda7a-def5-0000-0000-00000000000f",
	0,
	'',
	"6290c184-235f-40c6-a3ab-b608197c4248",
	'');
INSERT INTO S_BPARM
	VALUES ("6290c184-235f-40c6-a3ab-b608197c4248",
	"f764087e-8fa4-4be1-98ba-32d05eb68227",
	'microseconds',
	"ba5eda7a-def5-0000-0000-000000000002",
	0,
	'',
	"00000000-0000-0000-0000-000000000000",
	'');
INSERT INTO ACT_BRB
	VALUES ("93f843a8-e827-489a-a2d4-23ab1f456411",
	"f764087e-8fa4-4be1-98ba-32d05eb68227");
INSERT INTO ACT_ACT
	VALUES ("93f843a8-e827-489a-a2d4-23ab1f456411",
	'bridge',
	0,
	"8d1efe25-1384-41e9-a9ba-148a902bb663",
	"00000000-0000-0000-0000-000000000000",
	0,
	'Time::timer_add_time',
	"00000000-0000-0000-0000-000000000000");
INSERT INTO ACT_BLK
	VALUES ("8d1efe25-1384-41e9-a9ba-148a902bb663",
	0,
	0,
	0,
	'',
	'',
	'',
	0,
	0,
	0,
	0,
	0,
	0,
	0,
	0,
	0,
	0,
	0,
	0,
	0,
	"93f843a8-e827-489a-a2d4-23ab1f456411",
	"00000000-0000-0000-0000-000000000000");
INSERT INTO S_BRG
	VALUES ("3cc25b5e-6b71-400b-97f2-63e04794f4c4",
	"44362569-1c07-45d1-b40d-40523b843955",
	'timer_cancel',
	'This bridge operation cancels and deletes the passed timer instance. If the 
timer exists (that is, it had not expired), a TRUE value is returned. If the
timer no longer exists, a FALSE value is returned.',
	1,
	"ba5eda7a-def5-0000-0000-000000000001",
	'',
	1,
	'');
INSERT INTO S_BPARM
	VALUES ("29f907dc-2ce9-4bed-adad-b788da62f918",
	"3cc25b5e-6b71-400b-97f2-63e04794f4c4",
	'timer_inst_ref',
	"ba5eda7a-def5-0000-0000-00000000000f",
	0,
	'',
	"00000000-0000-0000-0000-000000000000",
	'');
INSERT INTO ACT_BRB
	VALUES ("327c84d2-2250-4c06-8d68-d2f302f7a706",
	"3cc25b5e-6b71-400b-97f2-63e04794f4c4");
INSERT INTO ACT_ACT
	VALUES ("327c84d2-2250-4c06-8d68-d2f302f7a706",
	'bridge',
	0,
	"260127c9-9ece-4fde-ad00-aca57ef2ae94",
	"00000000-0000-0000-0000-000000000000",
	0,
	'Time::timer_cancel',
	"00000000-0000-0000-0000-000000000000");
INSERT INTO ACT_BLK
	VALUES ("260127c9-9ece-4fde-ad00-aca57ef2ae94",
	0,
	0,
	0,
	'',
	'',
	'',
	0,
	0,
	0,
	0,
	0,
	0,
	0,
	0,
	0,
	0,
	0,
	0,
	0,
	"327c84d2-2250-4c06-8d68-d2f302f7a706",
	"00000000-0000-0000-0000-000000000000");
-- root-types-contained: SystemModel_c
-- BP 7.1 content: StreamData syschar: 3 persistence-version: 7.1.6

INSERT INTO S_SYS
	VALUES ("c545ab42-0b1f-46e0-9e57-bca70d835c6c",
	'Types_Corrugated',
	1);
INSERT INTO EP_PKG
	VALUES ("d7879312-827c-4150-a33e-75101890b8e9",
	"c545ab42-0b1f-46e0-9e57-bca70d835c6c",
	"c545ab42-0b1f-46e0-9e57-bca70d835c6c",
	'DataTypes',
	'',
	0);
INSERT INTO PE_PE
	VALUES ("0b9c6b49-c1c4-48d3-a888-a76d6461cf1e",
	1,
	"d7879312-827c-4150-a33e-75101890b8e9",
	"00000000-0000-0000-0000-000000000000",
	3);
INSERT INTO S_DT
	VALUES ("0b9c6b49-c1c4-48d3-a888-a76d6461cf1e",
	"00000000-0000-0000-0000-000000000000",
	'Machine_Side',
	'',
	'');
INSERT INTO S_EDT
	VALUES ("0b9c6b49-c1c4-48d3-a888-a76d6461cf1e");
INSERT INTO S_ENUM
	VALUES ("8a56e473-108a-44f9-b892-c1029d8f5f9c",
	'Operator',
	'Identifies the side of the machine the operator uses to control the machine.',
	"0b9c6b49-c1c4-48d3-a888-a76d6461cf1e",
	"00000000-0000-0000-0000-000000000000");
INSERT INTO S_ENUM
	VALUES ("8a559e7f-3861-46ef-86db-7cb663135af4",
	'Drive',
	'Identifies the side of the machine where the drive cabinets are located.',
	"0b9c6b49-c1c4-48d3-a888-a76d6461cf1e",
	"8a56e473-108a-44f9-b892-c1029d8f5f9c");
-- root-types-contained: SystemModel_c
-- BP 7.1 content: StreamData syschar: 3 persistence-version: 7.1.6

INSERT INTO S_SYS
	VALUES ("5d6861b0-d06b-46b6-b4e1-a463d1fc8b18",
	'Intf_Diverter',
	1);
INSERT INTO EP_PKG
	VALUES ("e8a5107b-1ec5-4a7b-9499-bb6f72d908fb",
	"5d6861b0-d06b-46b6-b4e1-a463d1fc8b18",
	"5d6861b0-d06b-46b6-b4e1-a463d1fc8b18",
	'DataTypes',
	'',
	0);
INSERT INTO PE_PE
	VALUES ("e637c9ff-a804-4aef-b8eb-e6854f50cc68",
	1,
	"e8a5107b-1ec5-4a7b-9499-bb6f72d908fb",
	"00000000-0000-0000-0000-000000000000",
	3);
INSERT INTO S_DT
	VALUES ("e637c9ff-a804-4aef-b8eb-e6854f50cc68",
	"00000000-0000-0000-0000-000000000000",
	'Divert_Packet',
	'',
	'');
INSERT INTO S_EDT
	VALUES ("e637c9ff-a804-4aef-b8eb-e6854f50cc68");
INSERT INTO S_ENUM
	VALUES ("efd136fc-ffa5-4a8f-9c15-d20888f656a4",
	'Scrap',
	'',
	"e637c9ff-a804-4aef-b8eb-e6854f50cc68",
	"00000000-0000-0000-0000-000000000000");
INSERT INTO S_ENUM
	VALUES ("8077035d-6c06-4a98-8da1-668472117889",
	'Inspection',
	'',
	"e637c9ff-a804-4aef-b8eb-e6854f50cc68",
	"efd136fc-ffa5-4a8f-9c15-d20888f656a4");
INSERT INTO PE_PE
	VALUES ("f69263cd-bbf1-4447-ab8c-6ca928791356",
	1,
	"e8a5107b-1ec5-4a7b-9499-bb6f72d908fb",
	"00000000-0000-0000-0000-000000000000",
	3);
INSERT INTO S_DT
	VALUES ("f69263cd-bbf1-4447-ab8c-6ca928791356",
	"00000000-0000-0000-0000-000000000000",
	'Jog_Switch_Position',
	'',
	'');
INSERT INTO S_EDT
	VALUES ("f69263cd-bbf1-4447-ab8c-6ca928791356");
INSERT INTO S_ENUM
	VALUES ("cc9f160f-a5c8-4fc3-aa88-61d05088ce18",
	'Stop',
	'',
	"f69263cd-bbf1-4447-ab8c-6ca928791356",
	"00000000-0000-0000-0000-000000000000");
INSERT INTO S_ENUM
	VALUES ("a25ea528-6e48-4c6d-8159-95c1136a228f",
	'Operator',
	'',
	"f69263cd-bbf1-4447-ab8c-6ca928791356",
	"cc9f160f-a5c8-4fc3-aa88-61d05088ce18");
INSERT INTO S_ENUM
	VALUES ("7dc639d1-4772-4dea-abb8-715959ea3b70",
	'Drive',
	'',
	"f69263cd-bbf1-4447-ab8c-6ca928791356",
	"a25ea528-6e48-4c6d-8159-95c1136a228f");
INSERT INTO S_ENUM
	VALUES ("21928aeb-3d5b-4c8c-8cdb-d79fa51ecb6d",
	'Impossible',
	'',
	"f69263cd-bbf1-4447-ab8c-6ca928791356",
	"7dc639d1-4772-4dea-abb8-715959ea3b70");
INSERT INTO EP_PKG
	VALUES ("554df2db-1a3d-4596-8aca-3a562bf45cb6",
	"5d6861b0-d06b-46b6-b4e1-a463d1fc8b18",
	"5d6861b0-d06b-46b6-b4e1-a463d1fc8b18",
	'DiverterInterfaces',
	'',
	0);
INSERT INTO PE_PE
	VALUES ("c05eb167-3bf3-4c2f-8a02-681482983586",
	1,
	"554df2db-1a3d-4596-8aca-3a562bf45cb6",
	"00000000-0000-0000-0000-000000000000",
	6);
INSERT INTO C_I
	VALUES ("c05eb167-3bf3-4c2f-8a02-681482983586",
	"00000000-0000-0000-0000-000000000000",
	'DivertMotor',
	'');
INSERT INTO PE_PE
	VALUES ("1c4072df-4470-4866-9416-5fa08e4b28be",
	1,
	"554df2db-1a3d-4596-8aca-3a562bf45cb6",
	"00000000-0000-0000-0000-000000000000",
	6);
INSERT INTO C_I
	VALUES ("1c4072df-4470-4866-9416-5fa08e4b28be",
	"00000000-0000-0000-0000-000000000000",
	'DiverterClient',
	'');
INSERT INTO C_EP
	VALUES ("f057388f-df84-4155-94c4-b3fb64b631d2",
	"1c4072df-4470-4866-9416-5fa08e4b28be",
	-1,
	'divert_pending',
	'');
INSERT INTO C_AS
	VALUES ("f057388f-df84-4155-94c4-b3fb64b631d2",
	'divert_pending',
	'',
	0,
	"00000000-0000-0000-0000-000000000000");
INSERT INTO C_PP
	VALUES ("a1d04f96-6866-452c-b1c0-01fc438b7c4c",
	"f057388f-df84-4155-94c4-b3fb64b631d2",
	"e637c9ff-a804-4aef-b8eb-e6854f50cc68",
	'divert_type',
	'',
	0,
	'',
	"00000000-0000-0000-0000-000000000000");
INSERT INTO C_PP
	VALUES ("7dbd1f14-2ca8-4481-879b-039ebdef131f",
	"f057388f-df84-4155-94c4-b3fb64b631d2",
	"ba5eda7a-def5-0000-0000-000000000002",
	'packet_start_position',
	'',
	0,
	'',
	"a1d04f96-6866-452c-b1c0-01fc438b7c4c");
INSERT INTO C_PP
	VALUES ("891e5c83-c654-415c-bf46-9141a327aeb9",
	"f057388f-df84-4155-94c4-b3fb64b631d2",
	"ba5eda7a-def5-0000-0000-000000000002",
	'sheet_length',
	'',
	0,
	'',
	"7dbd1f14-2ca8-4481-879b-039ebdef131f");
INSERT INTO C_PP
	VALUES ("024af0b9-5d13-4fca-bfec-7c530938e4f6",
	"f057388f-df84-4155-94c4-b3fb64b631d2",
	"ba5eda7a-def5-0000-0000-000000000002",
	'number_of_sheets',
	'',
	0,
	'',
	"891e5c83-c654-415c-bf46-9141a327aeb9");
INSERT INTO C_EP
	VALUES ("75c6ef98-13ed-4d3f-af8e-966a6574358b",
	"1c4072df-4470-4866-9416-5fa08e4b28be",
	-1,
	'diverter_ready',
	'');
INSERT INTO C_AS
	VALUES ("75c6ef98-13ed-4d3f-af8e-966a6574358b",
	'diverter_ready',
	'',
	1,
	"f057388f-df84-4155-94c4-b3fb64b631d2");
INSERT INTO C_PP
	VALUES ("739dd604-8245-439f-8c0e-559e9487c05d",
	"75c6ef98-13ed-4d3f-af8e-966a6574358b",
	"ba5eda7a-def5-0000-0000-000000000001",
	'ready',
	'',
	0,
	'',
	"00000000-0000-0000-0000-000000000000");
INSERT INTO C_EP
	VALUES ("617e5f69-340e-4966-9b58-2ed30ec3c58d",
	"1c4072df-4470-4866-9416-5fa08e4b28be",
	-1,
	'request_status',
	'True - Diverter Ready, False - Diverter Not Ready
Operation returns the current state of the diverter system.  
');
INSERT INTO C_IO
	VALUES ("617e5f69-340e-4966-9b58-2ed30ec3c58d",
	"ba5eda7a-def5-0000-0000-000000000001",
	'request_status',
	'True - Diverter Ready, False - Diverter Not Ready
Operation returns the current state of the diverter system.  
',
	0,
	'',
	"00000000-0000-0000-0000-000000000000");
INSERT INTO C_EP
	VALUES ("c9114946-3cdf-4418-98be-3c89197a5f21",
	"1c4072df-4470-4866-9416-5fa08e4b28be",
	-1,
	'get_xtfr_jog_switch_position',
	'');
INSERT INTO C_IO
	VALUES ("c9114946-3cdf-4418-98be-3c89197a5f21",
	"f69263cd-bbf1-4447-ab8c-6ca928791356",
	'get_xtfr_jog_switch_position',
	'',
	1,
	'',
	"617e5f69-340e-4966-9b58-2ed30ec3c58d");
INSERT INTO C_EP
	VALUES ("ad786695-010d-4e54-86a6-57e572786231",
	"1c4072df-4470-4866-9416-5fa08e4b28be",
	-1,
	'xtfr_jog_switch_position_changed',
	'');
INSERT INTO C_AS
	VALUES ("ad786695-010d-4e54-86a6-57e572786231",
	'xtfr_jog_switch_position_changed',
	'',
	0,
	"75c6ef98-13ed-4d3f-af8e-966a6574358b");
INSERT INTO C_PP
	VALUES ("08bf01d4-2033-48cc-a3d4-ee8bb4eb9520",
	"ad786695-010d-4e54-86a6-57e572786231",
	"f69263cd-bbf1-4447-ab8c-6ca928791356",
	'new_position',
	'',
	0,
	'',
	"00000000-0000-0000-0000-000000000000");
INSERT INTO PE_PE
	VALUES ("1fa20169-f00d-4a13-968d-9a9af5b26147",
	1,
	"554df2db-1a3d-4596-8aca-3a562bf45cb6",
	"00000000-0000-0000-0000-000000000000",
	6);
INSERT INTO C_I
	VALUES ("1fa20169-f00d-4a13-968d-9a9af5b26147",
	"00000000-0000-0000-0000-000000000000",
	'E_to_P',
	'');
INSERT INTO C_EP
	VALUES ("a3256710-9489-4c24-9168-5be1df87eb29",
	"1fa20169-f00d-4a13-968d-9a9af5b26147",
	-1,
	'set_pressure',
	'');
INSERT INTO C_IO
	VALUES ("a3256710-9489-4c24-9168-5be1df87eb29",
	"ba5eda7a-def5-0000-0000-000000000000",
	'set_pressure',
	'',
	0,
	'',
	"00000000-0000-0000-0000-000000000000");
INSERT INTO C_PP
	VALUES ("cf3ca878-49db-42f6-8a95-483619ffe717",
	"a3256710-9489-4c24-9168-5be1df87eb29",
	"ba5eda7a-def5-0000-0000-000000000002",
	'pressure',
	'',
	0,
	'',
	"00000000-0000-0000-0000-000000000000");
INSERT INTO PE_PE
	VALUES ("53af1b5f-f2a3-44c3-9e01-551a6dbc7829",
	1,
	"554df2db-1a3d-4596-8aca-3a562bf45cb6",
	"00000000-0000-0000-0000-000000000000",
	6);
INSERT INTO C_I
	VALUES ("53af1b5f-f2a3-44c3-9e01-551a6dbc7829",
	"00000000-0000-0000-0000-000000000000",
	'PneumaticControlValve',
	'');
INSERT INTO PE_PE
	VALUES ("6585f459-e4e1-4bcf-a79d-20860fa3054a",
	1,
	"554df2db-1a3d-4596-8aca-3a562bf45cb6",
	"00000000-0000-0000-0000-000000000000",
	6);
INSERT INTO C_I
	VALUES ("6585f459-e4e1-4bcf-a79d-20860fa3054a",
	"00000000-0000-0000-0000-000000000000",
	'SpeedSignal',
	'');
INSERT INTO C_EP
	VALUES ("8ee99fda-5497-4931-a625-3fdc9793c2e9",
	"6585f459-e4e1-4bcf-a79d-20860fa3054a",
	-1,
	'CutPulse',
	'');
INSERT INTO C_AS
	VALUES ("8ee99fda-5497-4931-a625-3fdc9793c2e9",
	'CutPulse',
	'',
	1,
	"00000000-0000-0000-0000-000000000000");
-- root-types-contained: SystemModel_c
-- BP 7.1 content: StreamData syschar: 3 persistence-version: 7.1.6

INSERT INTO S_SYS
	VALUES ("96493490-05b1-4840-ab78-5af4de985c2e",
	'VelocityControlDrive',
	1);
INSERT INTO EP_PKG
	VALUES ("8dbd2d73-5427-42e3-92c3-634941fd44d6",
	"96493490-05b1-4840-ab78-5af4de985c2e",
	"96493490-05b1-4840-ab78-5af4de985c2e",
	'Analysis',
	'',
	0);
INSERT INTO EP_PKG
	VALUES ("7b1b6c41-5205-42cd-bc2b-3356cc05b93f",
	"96493490-05b1-4840-ab78-5af4de985c2e",
	"96493490-05b1-4840-ab78-5af4de985c2e",
	'Design',
	'Here I am',
	900);
INSERT INTO PE_PE
	VALUES ("78e7b6c9-53f0-4ba2-834a-6feb1a5d3cf0",
	1,
	"7b1b6c41-5205-42cd-bc2b-3356cc05b93f",
	"00000000-0000-0000-0000-000000000000",
	2);
INSERT INTO C_C
	VALUES ("78e7b6c9-53f0-4ba2-834a-6feb1a5d3cf0",
	"00000000-0000-0000-0000-000000000000",
	"00000000-0000-0000-0000-000000000000",
	'Velocity Control Drive',
	'',
	0,
	"00000000-0000-0000-0000-000000000000",
	0,
	'');
INSERT INTO C_PO
	VALUES ("c7a32a3f-a5ac-4494-9b05-cc7703aa5645",
	"78e7b6c9-53f0-4ba2-834a-6feb1a5d3cf0",
	'drive',
	0,
	0);
INSERT INTO C_IR
	VALUES ("a14814cf-e29b-4a8a-88ee-a6f09971cf9c",
	"486d54bc-ee94-4a64-a1d6-fdf91050f010",
	"00000000-0000-0000-0000-000000000000",
	"c7a32a3f-a5ac-4494-9b05-cc7703aa5645");
INSERT INTO C_R
	VALUES ("a14814cf-e29b-4a8a-88ee-a6f09971cf9c",
	'VelocityControlDrive',
	'',
	'Unnamed Interface',
	'Velocity Control Drive::drive::VelocityControlDrive');
INSERT INTO SPR_REP
	VALUES ("f5853345-ece9-4258-8311-5c637eccba14",
	"53d569a8-e722-4a0a-aadb-c95aa7042db7",
	"a14814cf-e29b-4a8a-88ee-a6f09971cf9c");
INSERT INTO SPR_RS
	VALUES ("f5853345-ece9-4258-8311-5c637eccba14",
	'enable_drive',
	'',
	'',
	1);
INSERT INTO ACT_RSB
	VALUES ("3dad672c-92b7-46fd-a291-44a62cb899b4",
	"f5853345-ece9-4258-8311-5c637eccba14");
INSERT INTO ACT_ACT
	VALUES ("3dad672c-92b7-46fd-a291-44a62cb899b4",
	'signal',
	0,
	"39ed1820-db53-467f-9886-cef369cbadce",
	"00000000-0000-0000-0000-000000000000",
	0,
	'drive::VelocityControlDrive::enable_drive',
	"00000000-0000-0000-0000-000000000000");
INSERT INTO ACT_BLK
	VALUES ("39ed1820-db53-467f-9886-cef369cbadce",
	0,
	0,
	0,
	'',
	'',
	'',
	0,
	0,
	0,
	0,
	0,
	0,
	0,
	0,
	0,
	0,
	0,
	0,
	0,
	"3dad672c-92b7-46fd-a291-44a62cb899b4",
	"00000000-0000-0000-0000-000000000000");
INSERT INTO SPR_REP
	VALUES ("583a4c72-8011-425d-a3b9-31a1b6a69c09",
	"d7bcdc2b-f917-4b82-b213-48faa98c11d9",
	"a14814cf-e29b-4a8a-88ee-a6f09971cf9c");
INSERT INTO SPR_RS
	VALUES ("583a4c72-8011-425d-a3b9-31a1b6a69c09",
	'jog_motor',
	'',
	'',
	1);
INSERT INTO ACT_RSB
	VALUES ("2c011e73-f86f-48a2-9fbd-426e200d40eb",
	"583a4c72-8011-425d-a3b9-31a1b6a69c09");
INSERT INTO ACT_ACT
	VALUES ("2c011e73-f86f-48a2-9fbd-426e200d40eb",
	'signal',
	0,
	"d96d3ea9-6597-44a3-9daa-7415da1375be",
	"00000000-0000-0000-0000-000000000000",
	0,
	'drive::VelocityControlDrive::jog_motor',
	"00000000-0000-0000-0000-000000000000");
INSERT INTO ACT_BLK
	VALUES ("d96d3ea9-6597-44a3-9daa-7415da1375be",
	0,
	0,
	0,
	'',
	'',
	'',
	0,
	0,
	0,
	0,
	0,
	0,
	0,
	0,
	0,
	0,
	0,
	0,
	0,
	"2c011e73-f86f-48a2-9fbd-426e200d40eb",
	"00000000-0000-0000-0000-000000000000");
INSERT INTO SPR_REP
	VALUES ("0609de86-de27-4cba-826c-ed178dcab4bf",
	"3c759268-cd74-44ce-a96a-ee9613bd2bf9",
	"a14814cf-e29b-4a8a-88ee-a6f09971cf9c");
INSERT INTO SPR_RS
	VALUES ("0609de86-de27-4cba-826c-ed178dcab4bf",
	'stop_motor',
	'',
	'',
	1);
INSERT INTO ACT_RSB
	VALUES ("d25fc4b2-87ab-494a-a5c8-9ff39980edb7",
	"0609de86-de27-4cba-826c-ed178dcab4bf");
INSERT INTO ACT_ACT
	VALUES ("d25fc4b2-87ab-494a-a5c8-9ff39980edb7",
	'signal',
	0,
	"e886cf35-9d40-4087-b36d-55794169ba0c",
	"00000000-0000-0000-0000-000000000000",
	0,
	'drive::VelocityControlDrive::stop_motor',
	"00000000-0000-0000-0000-000000000000");
INSERT INTO ACT_BLK
	VALUES ("e886cf35-9d40-4087-b36d-55794169ba0c",
	0,
	0,
	0,
	'',
	'',
	'',
	0,
	0,
	0,
	0,
	0,
	0,
	0,
	0,
	0,
	0,
	0,
	0,
	0,
	"d25fc4b2-87ab-494a-a5c8-9ff39980edb7",
	"00000000-0000-0000-0000-000000000000");
INSERT INTO SPR_REP
	VALUES ("4e7629c9-84f8-4bae-883b-8f107a631e36",
	"fe662bcf-cad1-44e3-9233-fa69e9673b17",
	"a14814cf-e29b-4a8a-88ee-a6f09971cf9c");
INSERT INTO SPR_RS
	VALUES ("4e7629c9-84f8-4bae-883b-8f107a631e36",
	'in_progress',
	'',
	'select any motion_controller from MC;
generate MC2:drive_in_progress() to motion_controller;
',
	1);
INSERT INTO ACT_RSB
	VALUES ("e712f097-1731-4c3e-ae52-d3b984598bed",
	"4e7629c9-84f8-4bae-883b-8f107a631e36");
INSERT INTO ACT_ACT
	VALUES ("e712f097-1731-4c3e-ae52-d3b984598bed",
	'signal',
	0,
	"d5157dc8-639a-4946-9def-7fdf211f3b24",
	"00000000-0000-0000-0000-000000000000",
	0,
	'drive::VelocityControlDrive::in_progress',
	"00000000-0000-0000-0000-000000000000");
INSERT INTO ACT_BLK
	VALUES ("d5157dc8-639a-4946-9def-7fdf211f3b24",
	1,
	0,
	0,
	'V_VAR.Var_ID',
	'',
	'',
	2,
	1,
	1,
	35,
	0,
	0,
	0,
	0,
	0,
	0,
	0,
	0,
	0,
	"e712f097-1731-4c3e-ae52-d3b984598bed",
	"00000000-0000-0000-0000-000000000000");
INSERT INTO ACT_SMT
	VALUES ("c315deaa-0710-41dd-9b2d-4bbec36dd06a",
	"d5157dc8-639a-4946-9def-7fdf211f3b24",
	"d8b9cf27-3f80-468c-97ae-3abb03e57f5a",
	1,
	1,
	'drive::VelocityControlDrive::in_progress line: 1');
INSERT INTO ACT_FIO
	VALUES ("c315deaa-0710-41dd-9b2d-4bbec36dd06a",
	"e41b0729-750f-48c5-9bd0-b17563eab0c8",
	1,
	'any',
	"c02d1cb3-12e0-4223-a447-70dcaea7913a",
	1,
	35);
INSERT INTO ACT_SMT
	VALUES ("d8b9cf27-3f80-468c-97ae-3abb03e57f5a",
	"d5157dc8-639a-4946-9def-7fdf211f3b24",
	"00000000-0000-0000-0000-000000000000",
	2,
	1,
	'drive::VelocityControlDrive::in_progress line: 2');
INSERT INTO E_ESS
	VALUES ("d8b9cf27-3f80-468c-97ae-3abb03e57f5a",
	1,
	0,
	2,
	10,
	2,
	14,
	1,
	35,
	0,
	0,
	0,
	0);
INSERT INTO E_GES
	VALUES ("d8b9cf27-3f80-468c-97ae-3abb03e57f5a");
INSERT INTO E_GSME
	VALUES ("d8b9cf27-3f80-468c-97ae-3abb03e57f5a",
	"b5187c96-8b8e-4552-87eb-dff3560f9610");
INSERT INTO E_GEN
	VALUES ("d8b9cf27-3f80-468c-97ae-3abb03e57f5a",
	"e41b0729-750f-48c5-9bd0-b17563eab0c8");
INSERT INTO V_VAR
	VALUES ("e41b0729-750f-48c5-9bd0-b17563eab0c8",
	"d5157dc8-639a-4946-9def-7fdf211f3b24",
	'motion_controller',
	1,
	"ba5eda7a-def5-0000-0000-000000000008");
INSERT INTO V_INT
	VALUES ("e41b0729-750f-48c5-9bd0-b17563eab0c8",
	0,
	"c02d1cb3-12e0-4223-a447-70dcaea7913a");
INSERT INTO SPR_REP
	VALUES ("8ece7d2a-f7e7-487c-a0bd-da01739b4cbe",
	"8f4cc710-e755-4de3-9960-78096a7939cf",
	"a14814cf-e29b-4a8a-88ee-a6f09971cf9c");
INSERT INTO SPR_RS
	VALUES ("8ece7d2a-f7e7-487c-a0bd-da01739b4cbe",
	'done',
	'',
	'select any drive_enable from DE;
generate DE3:drive_signals_done() to drive_enable;

select any motion_controller from MC;
generate MC4:drive_done() to motion_controller;

',
	1);
INSERT INTO ACT_RSB
	VALUES ("84f4da38-da2e-42e1-8b8f-79dc83b47a4d",
	"8ece7d2a-f7e7-487c-a0bd-da01739b4cbe");
INSERT INTO ACT_ACT
	VALUES ("84f4da38-da2e-42e1-8b8f-79dc83b47a4d",
	'signal',
	0,
	"07167032-8b51-49ed-9547-d5edce4f6ddc",
	"00000000-0000-0000-0000-000000000000",
	0,
	'drive::VelocityControlDrive::done',
	"00000000-0000-0000-0000-000000000000");
INSERT INTO ACT_BLK
	VALUES ("07167032-8b51-49ed-9547-d5edce4f6ddc",
	1,
	0,
	0,
	'V_VAR.Var_ID',
	'',
	'',
	5,
	1,
	4,
	35,
	0,
	0,
	0,
	0,
	0,
	0,
	0,
	0,
	0,
	"84f4da38-da2e-42e1-8b8f-79dc83b47a4d",
	"00000000-0000-0000-0000-000000000000");
INSERT INTO ACT_SMT
	VALUES ("2be01573-d9c8-48e0-8937-34738db23284",
	"07167032-8b51-49ed-9547-d5edce4f6ddc",
	"80a6a9fe-9b64-4c70-abd9-e18b218875c7",
	1,
	1,
	'drive::VelocityControlDrive::done line: 1');
INSERT INTO ACT_FIO
	VALUES ("2be01573-d9c8-48e0-8937-34738db23284",
	"acfeffff-d0d5-4eeb-8960-16117390a131",
	1,
	'any',
	"24a28ec5-7345-4ca1-8347-b0985012fb96",
	1,
	30);
INSERT INTO ACT_SMT
	VALUES ("80a6a9fe-9b64-4c70-abd9-e18b218875c7",
	"07167032-8b51-49ed-9547-d5edce4f6ddc",
	"d9d4c875-9862-4909-8125-a0e491f070d8",
	2,
	1,
	'drive::VelocityControlDrive::done line: 2');
INSERT INTO E_ESS
	VALUES ("80a6a9fe-9b64-4c70-abd9-e18b218875c7",
	1,
	0,
	2,
	10,
	2,
	14,
	1,
	30,
	0,
	0,
	0,
	0);
INSERT INTO E_GES
	VALUES ("80a6a9fe-9b64-4c70-abd9-e18b218875c7");
INSERT INTO E_GSME
	VALUES ("80a6a9fe-9b64-4c70-abd9-e18b218875c7",
	"f9b93292-003a-48a7-89c2-b93923f44c6f");
INSERT INTO E_GEN
	VALUES ("80a6a9fe-9b64-4c70-abd9-e18b218875c7",
	"acfeffff-d0d5-4eeb-8960-16117390a131");
INSERT INTO ACT_SMT
	VALUES ("d9d4c875-9862-4909-8125-a0e491f070d8",
	"07167032-8b51-49ed-9547-d5edce4f6ddc",
	"12044ceb-4165-4dfa-b942-e82595a4a51c",
	4,
	1,
	'drive::VelocityControlDrive::done line: 4');
INSERT INTO ACT_FIO
	VALUES ("d9d4c875-9862-4909-8125-a0e491f070d8",
	"10fed89f-ed24-41e8-8a40-4e300287c9a9",
	1,
	'any',
	"c02d1cb3-12e0-4223-a447-70dcaea7913a",
	4,
	35);
INSERT INTO ACT_SMT
	VALUES ("12044ceb-4165-4dfa-b942-e82595a4a51c",
	"07167032-8b51-49ed-9547-d5edce4f6ddc",
	"00000000-0000-0000-0000-000000000000",
	5,
	1,
	'drive::VelocityControlDrive::done line: 5');
INSERT INTO E_ESS
	VALUES ("12044ceb-4165-4dfa-b942-e82595a4a51c",
	1,
	0,
	5,
	10,
	5,
	14,
	4,
	35,
	0,
	0,
	0,
	0);
INSERT INTO E_GES
	VALUES ("12044ceb-4165-4dfa-b942-e82595a4a51c");
INSERT INTO E_GSME
	VALUES ("12044ceb-4165-4dfa-b942-e82595a4a51c",
	"3f2ad4ba-a496-4755-ae91-3be2bc81897e");
INSERT INTO E_GEN
	VALUES ("12044ceb-4165-4dfa-b942-e82595a4a51c",
	"10fed89f-ed24-41e8-8a40-4e300287c9a9");
INSERT INTO V_VAR
	VALUES ("acfeffff-d0d5-4eeb-8960-16117390a131",
	"07167032-8b51-49ed-9547-d5edce4f6ddc",
	'drive_enable',
	1,
	"ba5eda7a-def5-0000-0000-000000000008");
INSERT INTO V_INT
	VALUES ("acfeffff-d0d5-4eeb-8960-16117390a131",
	0,
	"24a28ec5-7345-4ca1-8347-b0985012fb96");
INSERT INTO V_VAR
	VALUES ("10fed89f-ed24-41e8-8a40-4e300287c9a9",
	"07167032-8b51-49ed-9547-d5edce4f6ddc",
	'motion_controller',
	1,
	"ba5eda7a-def5-0000-0000-000000000008");
INSERT INTO V_INT
	VALUES ("10fed89f-ed24-41e8-8a40-4e300287c9a9",
	0,
	"c02d1cb3-12e0-4223-a447-70dcaea7913a");
INSERT INTO SPR_REP
	VALUES ("3240c9a8-a9ac-44f9-9b55-2239d61619e9",
	"72961ccb-724d-49c4-ab17-022addb14ad9",
	"a14814cf-e29b-4a8a-88ee-a6f09971cf9c");
INSERT INTO SPR_RS
	VALUES ("3240c9a8-a9ac-44f9-9b55-2239d61619e9",
	'error',
	'',
	'',
	1);
INSERT INTO ACT_RSB
	VALUES ("014cc9c1-9c11-49b3-ad3f-d57db56dfa01",
	"3240c9a8-a9ac-44f9-9b55-2239d61619e9");
INSERT INTO ACT_ACT
	VALUES ("014cc9c1-9c11-49b3-ad3f-d57db56dfa01",
	'signal',
	0,
	"67cd5a6d-a0c6-484c-b780-6e74ced68f5d",
	"00000000-0000-0000-0000-000000000000",
	0,
	'drive::VelocityControlDrive::error',
	"00000000-0000-0000-0000-000000000000");
INSERT INTO ACT_BLK
	VALUES ("67cd5a6d-a0c6-484c-b780-6e74ced68f5d",
	0,
	0,
	0,
	'',
	'',
	'',
	0,
	0,
	0,
	0,
	0,
	0,
	0,
	0,
	0,
	0,
	0,
	0,
	0,
	"014cc9c1-9c11-49b3-ad3f-d57db56dfa01",
	"00000000-0000-0000-0000-000000000000");
INSERT INTO C_PO
	VALUES ("2153f249-391b-4f82-8270-b592364b0f74",
	"78e7b6c9-53f0-4ba2-834a-6feb1a5d3cf0",
	'client',
	0,
	0);
INSERT INTO C_IR
	VALUES ("6f4d8e20-beb8-48e3-8506-2a77c0ba69f2",
	"52db6895-1faf-4f37-903b-e183212300aa",
	"00000000-0000-0000-0000-000000000000",
	"2153f249-391b-4f82-8270-b592364b0f74");
INSERT INTO C_P
	VALUES ("6f4d8e20-beb8-48e3-8506-2a77c0ba69f2",
	'JogMotor',
	'Unnamed Interface',
	'',
	'Velocity Control Drive::client::JogMotor');
INSERT INTO SPR_PEP
	VALUES ("a895a549-ef71-45dd-b345-95b6e2e250d5",
	"5088c18b-e00f-4dd3-b4a9-4f3e6167a4e1",
	"6f4d8e20-beb8-48e3-8506-2a77c0ba69f2");
INSERT INTO SPR_PS
	VALUES ("a895a549-ef71-45dd-b345-95b6e2e250d5",
	'jog',
	'',
	'/* Client requests a jog */

create object instance motion_inst of MI;
motion_inst.direction = param.direction;
motion_inst.velocity = param.velocity;
motion_inst.acceleration = param.acceleration;
motion_inst.duration = param.duration;

generate MI_A1:jog_instruction_received to MI assigner;

',
	1);
INSERT INTO ACT_PSB
	VALUES ("535b364b-a536-4091-9489-2ad6fda828f7",
	"a895a549-ef71-45dd-b345-95b6e2e250d5");
INSERT INTO ACT_ACT
	VALUES ("535b364b-a536-4091-9489-2ad6fda828f7",
	'signal',
	0,
	"be86f3a7-78a1-482f-afb8-953b192e0170",
	"00000000-0000-0000-0000-000000000000",
	0,
	'client::JogMotor::jog',
	"00000000-0000-0000-0000-000000000000");
INSERT INTO ACT_BLK
	VALUES ("be86f3a7-78a1-482f-afb8-953b192e0170",
	0,
	0,
	0,
	'',
	'',
	'',
	9,
	1,
	9,
	44,
	0,
	0,
	0,
	0,
	0,
	0,
	0,
	0,
	0,
	"535b364b-a536-4091-9489-2ad6fda828f7",
	"00000000-0000-0000-0000-000000000000");
INSERT INTO ACT_SMT
	VALUES ("b8474f09-1486-4854-b8fd-4424432ebcf4",
	"be86f3a7-78a1-482f-afb8-953b192e0170",
	"388e68c8-ff6a-4df6-9ff8-d44998a021d3",
	3,
	1,
	'client::JogMotor::jog line: 3');
INSERT INTO ACT_CR
	VALUES ("b8474f09-1486-4854-b8fd-4424432ebcf4",
	"385ba27e-e45a-49de-bd26-2e5ebe6b2b7c",
	1,
	"dfe1b5b3-3a0f-480b-a325-b52cfcb0fe8c",
	3,
	39);
INSERT INTO ACT_SMT
	VALUES ("388e68c8-ff6a-4df6-9ff8-d44998a021d3",
	"be86f3a7-78a1-482f-afb8-953b192e0170",
	"22e1adfb-0dff-489e-8d82-37ee87786c1d",
	4,
	1,
	'client::JogMotor::jog line: 4');
INSERT INTO ACT_AI
	VALUES ("388e68c8-ff6a-4df6-9ff8-d44998a021d3",
	"9648daf3-73c3-4958-8dd0-7d7a57da70cf",
	"45a3b475-d429-4c0b-9218-fd1177139a51",
	0,
	0);
INSERT INTO ACT_SMT
	VALUES ("22e1adfb-0dff-489e-8d82-37ee87786c1d",
	"be86f3a7-78a1-482f-afb8-953b192e0170",
	"aaf18cb6-817b-45b0-a5fd-7b43d149371b",
	5,
	1,
	'client::JogMotor::jog line: 5');
INSERT INTO ACT_AI
	VALUES ("22e1adfb-0dff-489e-8d82-37ee87786c1d",
	"e3a71ce9-2a0c-4543-8f8e-5a78d4176676",
	"7daee45d-cc70-4fe9-8e16-b1b3a27161c1",
	0,
	0);
INSERT INTO ACT_SMT
	VALUES ("aaf18cb6-817b-45b0-a5fd-7b43d149371b",
	"be86f3a7-78a1-482f-afb8-953b192e0170",
	"41c28eac-1e13-4ce6-90fd-c52833f7408b",
	6,
	1,
	'client::JogMotor::jog line: 6');
INSERT INTO ACT_AI
	VALUES ("aaf18cb6-817b-45b0-a5fd-7b43d149371b",
	"ed3719fa-6a0a-4d1e-9978-da2b6c76ed5c",
	"426c17c6-390f-4617-99a2-80cfe6ae0e44",
	0,
	0);
INSERT INTO ACT_SMT
	VALUES ("41c28eac-1e13-4ce6-90fd-c52833f7408b",
	"be86f3a7-78a1-482f-afb8-953b192e0170",
	"edb57181-d257-48e5-bf53-4e03a55010b8",
	7,
	1,
	'client::JogMotor::jog line: 7');
INSERT INTO ACT_AI
	VALUES ("41c28eac-1e13-4ce6-90fd-c52833f7408b",
	"e4dbee6f-c9b3-4100-8878-f276c5f0167b",
	"29a500ee-187e-455a-8558-976f65270bc1",
	0,
	0);
INSERT INTO ACT_SMT
	VALUES ("edb57181-d257-48e5-bf53-4e03a55010b8",
	"be86f3a7-78a1-482f-afb8-953b192e0170",
	"00000000-0000-0000-0000-000000000000",
	9,
	1,
	'client::JogMotor::jog line: 9');
INSERT INTO E_ESS
	VALUES ("edb57181-d257-48e5-bf53-4e03a55010b8",
	1,
	0,
	9,
	10,
	9,
	16,
	9,
	44,
	0,
	0,
	0,
	0);
INSERT INTO E_GES
	VALUES ("edb57181-d257-48e5-bf53-4e03a55010b8");
INSERT INTO E_GSME
	VALUES ("edb57181-d257-48e5-bf53-4e03a55010b8",
	"9341b575-df48-499a-8a64-fa005bc98da2");
INSERT INTO E_GAR
	VALUES ("edb57181-d257-48e5-bf53-4e03a55010b8");
INSERT INTO V_VAL
	VALUES ("746db10e-4a68-40f4-b3e9-3c59b5121aac",
	1,
	0,
	4,
	1,
	11,
	0,
	0,
	0,
	0,
	"ba5eda7a-def5-0000-0000-000000000008",
	"be86f3a7-78a1-482f-afb8-953b192e0170");
INSERT INTO V_IRF
	VALUES ("746db10e-4a68-40f4-b3e9-3c59b5121aac",
	"385ba27e-e45a-49de-bd26-2e5ebe6b2b7c");
INSERT INTO V_VAL
	VALUES ("45a3b475-d429-4c0b-9218-fd1177139a51",
	1,
	0,
	4,
	13,
	21,
	0,
	0,
	0,
	0,
	"10a457d6-e25e-4dbe-a48f-0682e976c4bf",
	"be86f3a7-78a1-482f-afb8-953b192e0170");
INSERT INTO V_AVL
	VALUES ("45a3b475-d429-4c0b-9218-fd1177139a51",
	"746db10e-4a68-40f4-b3e9-3c59b5121aac",
	"dfe1b5b3-3a0f-480b-a325-b52cfcb0fe8c",
	"51922a8e-bc27-4d40-b936-376a41a55a77");
INSERT INTO V_VAL
	VALUES ("9648daf3-73c3-4958-8dd0-7d7a57da70cf",
	0,
	0,
	4,
	31,
	39,
	0,
	0,
	0,
	0,
	"10a457d6-e25e-4dbe-a48f-0682e976c4bf",
	"be86f3a7-78a1-482f-afb8-953b192e0170");
INSERT INTO V_PVL
	VALUES ("9648daf3-73c3-4958-8dd0-7d7a57da70cf",
	"00000000-0000-0000-0000-000000000000",
	"00000000-0000-0000-0000-000000000000",
	"00000000-0000-0000-0000-000000000000",
	"78023594-0cca-4136-94cf-390307f0e11c");
INSERT INTO V_VAL
	VALUES ("50a7c005-b9c4-411d-af02-3bb7bae4f102",
	1,
	0,
	5,
	1,
	11,
	0,
	0,
	0,
	0,
	"ba5eda7a-def5-0000-0000-000000000008",
	"be86f3a7-78a1-482f-afb8-953b192e0170");
INSERT INTO V_IRF
	VALUES ("50a7c005-b9c4-411d-af02-3bb7bae4f102",
	"385ba27e-e45a-49de-bd26-2e5ebe6b2b7c");
INSERT INTO V_VAL
	VALUES ("7daee45d-cc70-4fe9-8e16-b1b3a27161c1",
	1,
	0,
	5,
	13,
	20,
	0,
	0,
	0,
	0,
	"ba5eda7a-def5-0000-0000-000000000002",
	"be86f3a7-78a1-482f-afb8-953b192e0170");
INSERT INTO V_AVL
	VALUES ("7daee45d-cc70-4fe9-8e16-b1b3a27161c1",
	"50a7c005-b9c4-411d-af02-3bb7bae4f102",
	"dfe1b5b3-3a0f-480b-a325-b52cfcb0fe8c",
	"0347a964-930e-4f38-b259-f0af67e98b96");
INSERT INTO V_VAL
	VALUES ("e3a71ce9-2a0c-4543-8f8e-5a78d4176676",
	0,
	0,
	5,
	30,
	37,
	0,
	0,
	0,
	0,
	"ba5eda7a-def5-0000-0000-000000000002",
	"be86f3a7-78a1-482f-afb8-953b192e0170");
INSERT INTO V_PVL
	VALUES ("e3a71ce9-2a0c-4543-8f8e-5a78d4176676",
	"00000000-0000-0000-0000-000000000000",
	"00000000-0000-0000-0000-000000000000",
	"00000000-0000-0000-0000-000000000000",
	"682d8317-4f82-49f7-9eb7-a604575b632b");
INSERT INTO V_VAL
	VALUES ("7511f61b-9a34-4fb5-88cb-946e8aeba725",
	1,
	0,
	6,
	1,
	11,
	0,
	0,
	0,
	0,
	"ba5eda7a-def5-0000-0000-000000000008",
	"be86f3a7-78a1-482f-afb8-953b192e0170");
INSERT INTO V_IRF
	VALUES ("7511f61b-9a34-4fb5-88cb-946e8aeba725",
	"385ba27e-e45a-49de-bd26-2e5ebe6b2b7c");
INSERT INTO V_VAL
	VALUES ("426c17c6-390f-4617-99a2-80cfe6ae0e44",
	1,
	0,
	6,
	13,
	24,
	0,
	0,
	0,
	0,
	"ba5eda7a-def5-0000-0000-000000000002",
	"be86f3a7-78a1-482f-afb8-953b192e0170");
INSERT INTO V_AVL
	VALUES ("426c17c6-390f-4617-99a2-80cfe6ae0e44",
	"7511f61b-9a34-4fb5-88cb-946e8aeba725",
	"dfe1b5b3-3a0f-480b-a325-b52cfcb0fe8c",
	"4acd581b-66cd-4e6b-9ac4-27e3a90db145");
INSERT INTO V_VAL
	VALUES ("ed3719fa-6a0a-4d1e-9978-da2b6c76ed5c",
	0,
	0,
	6,
	34,
	45,
	0,
	0,
	0,
	0,
	"ba5eda7a-def5-0000-0000-000000000002",
	"be86f3a7-78a1-482f-afb8-953b192e0170");
INSERT INTO V_PVL
	VALUES ("ed3719fa-6a0a-4d1e-9978-da2b6c76ed5c",
	"00000000-0000-0000-0000-000000000000",
	"00000000-0000-0000-0000-000000000000",
	"00000000-0000-0000-0000-000000000000",
	"c18aafc1-5eb5-4a68-9f6f-0b38927a281d");
INSERT INTO V_VAL
	VALUES ("e51d317f-62ab-412d-8cd9-557118528d08",
	1,
	0,
	7,
	1,
	11,
	0,
	0,
	0,
	0,
	"ba5eda7a-def5-0000-0000-000000000008",
	"be86f3a7-78a1-482f-afb8-953b192e0170");
INSERT INTO V_IRF
	VALUES ("e51d317f-62ab-412d-8cd9-557118528d08",
	"385ba27e-e45a-49de-bd26-2e5ebe6b2b7c");
INSERT INTO V_VAL
	VALUES ("29a500ee-187e-455a-8558-976f65270bc1",
	1,
	0,
	7,
	13,
	20,
	0,
	0,
	0,
	0,
	"ba5eda7a-def5-0000-0000-000000000002",
	"be86f3a7-78a1-482f-afb8-953b192e0170");
INSERT INTO V_AVL
	VALUES ("29a500ee-187e-455a-8558-976f65270bc1",
	"e51d317f-62ab-412d-8cd9-557118528d08",
	"dfe1b5b3-3a0f-480b-a325-b52cfcb0fe8c",
	"f6922939-f335-4305-b37c-c2c6f6164fcf");
INSERT INTO V_VAL
	VALUES ("e4dbee6f-c9b3-4100-8878-f276c5f0167b",
	0,
	0,
	7,
	30,
	37,
	0,
	0,
	0,
	0,
	"ba5eda7a-def5-0000-0000-000000000002",
	"be86f3a7-78a1-482f-afb8-953b192e0170");
INSERT INTO V_PVL
	VALUES ("e4dbee6f-c9b3-4100-8878-f276c5f0167b",
	"00000000-0000-0000-0000-000000000000",
	"00000000-0000-0000-0000-000000000000",
	"00000000-0000-0000-0000-000000000000",
	"fda63fab-5fdc-461e-b4af-d3d978cf51e8");
INSERT INTO V_VAR
	VALUES ("385ba27e-e45a-49de-bd26-2e5ebe6b2b7c",
	"be86f3a7-78a1-482f-afb8-953b192e0170",
	'motion_inst',
	1,
	"ba5eda7a-def5-0000-0000-000000000008");
INSERT INTO V_INT
	VALUES ("385ba27e-e45a-49de-bd26-2e5ebe6b2b7c",
	0,
	"dfe1b5b3-3a0f-480b-a325-b52cfcb0fe8c");
INSERT INTO SPR_PEP
	VALUES ("d7a58e16-b373-488c-89a8-ab57cab75d3d",
	"9241cf5d-2f11-4b22-9139-4bd3137ca986",
	"6f4d8e20-beb8-48e3-8506-2a77c0ba69f2");
INSERT INTO SPR_PS
	VALUES ("d7a58e16-b373-488c-89a8-ab57cab75d3d",
	'stop',
	'',
	'/* Client wants the move to stop.
*/

select any motion_controller from MC;
if not_empty motion_controller;
   generate MC3:end_move() to motion_controller;
end if;
',
	1);
INSERT INTO ACT_PSB
	VALUES ("7ff3ece7-49d3-4390-bba0-d881fc6db936",
	"d7a58e16-b373-488c-89a8-ab57cab75d3d");
INSERT INTO ACT_ACT
	VALUES ("7ff3ece7-49d3-4390-bba0-d881fc6db936",
	'signal',
	0,
	"ba5b1fbd-b484-4513-b09a-b23b56c911e6",
	"00000000-0000-0000-0000-000000000000",
	0,
	'client::JogMotor::stop',
	"00000000-0000-0000-0000-000000000000");
INSERT INTO ACT_BLK
	VALUES ("ba5b1fbd-b484-4513-b09a-b23b56c911e6",
	1,
	0,
	0,
	'',
	'',
	'',
	5,
	1,
	4,
	35,
	0,
	0,
	0,
	0,
	0,
	0,
	0,
	0,
	0,
	"7ff3ece7-49d3-4390-bba0-d881fc6db936",
	"00000000-0000-0000-0000-000000000000");
INSERT INTO ACT_SMT
	VALUES ("c57452af-6a65-4bc3-bb71-b6bdafeae52a",
	"ba5b1fbd-b484-4513-b09a-b23b56c911e6",
	"1d88cbce-1a39-4812-b06e-4a407d60f2de",
	4,
	1,
	'client::JogMotor::stop line: 4');
INSERT INTO ACT_FIO
	VALUES ("c57452af-6a65-4bc3-bb71-b6bdafeae52a",
	"497b56ce-2b79-4f0b-8c0c-594dd052b838",
	1,
	'any',
	"c02d1cb3-12e0-4223-a447-70dcaea7913a",
	4,
	35);
INSERT INTO ACT_SMT
	VALUES ("1d88cbce-1a39-4812-b06e-4a407d60f2de",
	"ba5b1fbd-b484-4513-b09a-b23b56c911e6",
	"00000000-0000-0000-0000-000000000000",
	5,
	1,
	'client::JogMotor::stop line: 5');
INSERT INTO ACT_IF
	VALUES ("1d88cbce-1a39-4812-b06e-4a407d60f2de",
	"97d8ad3c-3fe9-43ff-ba22-22f7d446a9ea",
	"61ba97fb-d80d-460e-be6b-4eb3150805a7",
	"00000000-0000-0000-0000-000000000000",
	"00000000-0000-0000-0000-000000000000");
INSERT INTO V_VAL
	VALUES ("b4816f12-8964-4ba6-9e1a-f4627bd46791",
	0,
	0,
	5,
	14,
	30,
	0,
	0,
	0,
	0,
	"ba5eda7a-def5-0000-0000-000000000008",
	"ba5b1fbd-b484-4513-b09a-b23b56c911e6");
INSERT INTO V_IRF
	VALUES ("b4816f12-8964-4ba6-9e1a-f4627bd46791",
	"497b56ce-2b79-4f0b-8c0c-594dd052b838");
INSERT INTO V_VAL
	VALUES ("61ba97fb-d80d-460e-be6b-4eb3150805a7",
	0,
	0,
	-1,
	-1,
	-1,
	0,
	0,
	0,
	0,
	"ba5eda7a-def5-0000-0000-000000000001",
	"ba5b1fbd-b484-4513-b09a-b23b56c911e6");
INSERT INTO V_UNY
	VALUES ("61ba97fb-d80d-460e-be6b-4eb3150805a7",
	"b4816f12-8964-4ba6-9e1a-f4627bd46791",
	'not_empty');
INSERT INTO V_VAR
	VALUES ("497b56ce-2b79-4f0b-8c0c-594dd052b838",
	"ba5b1fbd-b484-4513-b09a-b23b56c911e6",
	'motion_controller',
	1,
	"ba5eda7a-def5-0000-0000-000000000008");
INSERT INTO V_INT
	VALUES ("497b56ce-2b79-4f0b-8c0c-594dd052b838",
	0,
	"c02d1cb3-12e0-4223-a447-70dcaea7913a");
INSERT INTO ACT_BLK
	VALUES ("97d8ad3c-3fe9-43ff-ba22-22f7d446a9ea",
	0,
	0,
	0,
	'V_VAR.Var_ID',
	'',
	'',
	6,
	4,
	0,
	0,
	0,
	0,
	0,
	0,
	0,
	0,
	0,
	0,
	0,
	"7ff3ece7-49d3-4390-bba0-d881fc6db936",
	"00000000-0000-0000-0000-000000000000");
INSERT INTO ACT_SMT
	VALUES ("529bd15b-1bf6-4376-83e9-f217bdf09890",
	"97d8ad3c-3fe9-43ff-ba22-22f7d446a9ea",
	"00000000-0000-0000-0000-000000000000",
	6,
	4,
	'client::JogMotor::stop line: 6');
INSERT INTO E_ESS
	VALUES ("529bd15b-1bf6-4376-83e9-f217bdf09890",
	1,
	0,
	6,
	13,
	6,
	17,
	0,
	0,
	0,
	0,
	0,
	0);
INSERT INTO E_GES
	VALUES ("529bd15b-1bf6-4376-83e9-f217bdf09890");
INSERT INTO E_GSME
	VALUES ("529bd15b-1bf6-4376-83e9-f217bdf09890",
	"807e8557-71b7-4ac2-a36b-93e5e8d3ca83");
INSERT INTO E_GEN
	VALUES ("529bd15b-1bf6-4376-83e9-f217bdf09890",
	"497b56ce-2b79-4f0b-8c0c-594dd052b838");
INSERT INTO SPR_PEP
	VALUES ("5a7081de-b49c-4ebf-a7cc-3c4cff21fa4a",
	"6959782d-b94d-4525-9720-fcb3ab20776f",
	"6f4d8e20-beb8-48e3-8506-2a77c0ba69f2");
INSERT INTO SPR_PS
	VALUES ("5a7081de-b49c-4ebf-a7cc-3c4cff21fa4a",
	'motion_initiated',
	'This signal is an indicator to the client of the interface that the last motion
instruction has been executed.  A new motion instruction can now be send from 
the client.',
	'',
	1);
INSERT INTO ACT_PSB
	VALUES ("d8df2b68-69c4-411d-9383-e8c045831e9f",
	"5a7081de-b49c-4ebf-a7cc-3c4cff21fa4a");
INSERT INTO ACT_ACT
	VALUES ("d8df2b68-69c4-411d-9383-e8c045831e9f",
	'signal',
	0,
	"611155cd-7472-4ff8-b330-c2978901f43d",
	"00000000-0000-0000-0000-000000000000",
	0,
	'client::JogMotor::motion_initiated',
	"00000000-0000-0000-0000-000000000000");
INSERT INTO ACT_BLK
	VALUES ("611155cd-7472-4ff8-b330-c2978901f43d",
	0,
	0,
	0,
	'',
	'',
	'',
	0,
	0,
	0,
	0,
	0,
	0,
	0,
	0,
	0,
	0,
	0,
	0,
	0,
	"d8df2b68-69c4-411d-9383-e8c045831e9f",
	"00000000-0000-0000-0000-000000000000");
INSERT INTO SPR_PEP
	VALUES ("3da2409a-4ddd-47e8-a280-8b00a153d695",
	"7830f4a2-ff94-4ac8-a5d1-fd897ee6bfaf",
	"6f4d8e20-beb8-48e3-8506-2a77c0ba69f2");
INSERT INTO SPR_PS
	VALUES ("3da2409a-4ddd-47e8-a280-8b00a153d695",
	'motion_complete',
	'This signal informs the client that the motor is no longer rotating and the 
drive is about to be disabled.  This signal will only occur after a stop has
been issued by the client of the interface or after a timed velocity move is
finished.',
	'',
	1);
INSERT INTO ACT_PSB
	VALUES ("783123d0-91a8-4a9f-8e12-32909914add2",
	"3da2409a-4ddd-47e8-a280-8b00a153d695");
INSERT INTO ACT_ACT
	VALUES ("783123d0-91a8-4a9f-8e12-32909914add2",
	'signal',
	0,
	"6124af67-d664-452e-988b-5844a1a93bce",
	"00000000-0000-0000-0000-000000000000",
	0,
	'client::JogMotor::motion_complete',
	"00000000-0000-0000-0000-000000000000");
INSERT INTO ACT_BLK
	VALUES ("6124af67-d664-452e-988b-5844a1a93bce",
	0,
	0,
	0,
	'',
	'',
	'',
	0,
	0,
	0,
	0,
	0,
	0,
	0,
	0,
	0,
	0,
	0,
	0,
	0,
	"783123d0-91a8-4a9f-8e12-32909914add2",
	"00000000-0000-0000-0000-000000000000");
INSERT INTO PE_PE
	VALUES ("c817c574-2133-4f0d-a669-d4ef72db35fd",
	1,
	"00000000-0000-0000-0000-000000000000",
	"78e7b6c9-53f0-4ba2-834a-6feb1a5d3cf0",
	7);
INSERT INTO EP_PKG
	VALUES ("c817c574-2133-4f0d-a669-d4ef72db35fd",
	"00000000-0000-0000-0000-000000000000",
	"96493490-05b1-4840-ab78-5af4de985c2e",
	'Subsys',
	'',
	0);
INSERT INTO PE_PE
	VALUES ("f2ccc20a-c407-460a-974a-1e431dfcbcc6",
	1,
	"c817c574-2133-4f0d-a669-d4ef72db35fd",
	"00000000-0000-0000-0000-000000000000",
	9);
INSERT INTO R_REL
	VALUES ("f2ccc20a-c407-460a-974a-1e431dfcbcc6",
	1,
	'',
	"00000000-0000-0000-0000-000000000000");
INSERT INTO R_SIMP
	VALUES ("f2ccc20a-c407-460a-974a-1e431dfcbcc6");
INSERT INTO R_PART
	VALUES ("dfe1b5b3-3a0f-480b-a325-b52cfcb0fe8c",
	"f2ccc20a-c407-460a-974a-1e431dfcbcc6",
	"d7fbc4b5-fa6c-43db-875c-6b2a34a759df",
	0,
	1,
	'');
INSERT INTO R_RTO
	VALUES ("dfe1b5b3-3a0f-480b-a325-b52cfcb0fe8c",
	"f2ccc20a-c407-460a-974a-1e431dfcbcc6",
	"d7fbc4b5-fa6c-43db-875c-6b2a34a759df",
	-1);
INSERT INTO R_OIR
	VALUES ("dfe1b5b3-3a0f-480b-a325-b52cfcb0fe8c",
	"f2ccc20a-c407-460a-974a-1e431dfcbcc6",
	"d7fbc4b5-fa6c-43db-875c-6b2a34a759df",
	"00000000-0000-0000-0000-000000000000");
INSERT INTO R_PART
	VALUES ("c02d1cb3-12e0-4223-a447-70dcaea7913a",
	"f2ccc20a-c407-460a-974a-1e431dfcbcc6",
	"3d0d9233-ebbc-4e5c-96aa-8e0c18b9189b",
	0,
	1,
	'defines desired motion for');
INSERT INTO R_RTO
	VALUES ("c02d1cb3-12e0-4223-a447-70dcaea7913a",
	"f2ccc20a-c407-460a-974a-1e431dfcbcc6",
	"3d0d9233-ebbc-4e5c-96aa-8e0c18b9189b",
	-1);
INSERT INTO R_OIR
	VALUES ("c02d1cb3-12e0-4223-a447-70dcaea7913a",
	"f2ccc20a-c407-460a-974a-1e431dfcbcc6",
	"3d0d9233-ebbc-4e5c-96aa-8e0c18b9189b",
	"00000000-0000-0000-0000-000000000000");
INSERT INTO PE_PE
	VALUES ("f6c11074-27c6-44bf-81b5-a6d968174310",
	1,
	"c817c574-2133-4f0d-a669-d4ef72db35fd",
	"00000000-0000-0000-0000-000000000000",
	9);
INSERT INTO R_REL
	VALUES ("f6c11074-27c6-44bf-81b5-a6d968174310",
	2,
	'',
	"00000000-0000-0000-0000-000000000000");
INSERT INTO R_SIMP
	VALUES ("f6c11074-27c6-44bf-81b5-a6d968174310");
INSERT INTO R_PART
	VALUES ("24a28ec5-7345-4ca1-8347-b0985012fb96",
	"f6c11074-27c6-44bf-81b5-a6d968174310",
	"c5dbf546-abe0-4d60-9392-fcaa5e6cab01",
	0,
	0,
	'');
INSERT INTO R_RTO
	VALUES ("24a28ec5-7345-4ca1-8347-b0985012fb96",
	"f6c11074-27c6-44bf-81b5-a6d968174310",
	"c5dbf546-abe0-4d60-9392-fcaa5e6cab01",
	-1);
INSERT INTO R_OIR
	VALUES ("24a28ec5-7345-4ca1-8347-b0985012fb96",
	"f6c11074-27c6-44bf-81b5-a6d968174310",
	"c5dbf546-abe0-4d60-9392-fcaa5e6cab01",
	"00000000-0000-0000-0000-000000000000");
INSERT INTO R_PART
	VALUES ("c02d1cb3-12e0-4223-a447-70dcaea7913a",
	"f6c11074-27c6-44bf-81b5-a6d968174310",
	"3868f197-8b25-4b89-94b9-321f0b3ddcc1",
	0,
	0,
	'controls enabling circuit of drive for');
INSERT INTO R_RTO
	VALUES ("c02d1cb3-12e0-4223-a447-70dcaea7913a",
	"f6c11074-27c6-44bf-81b5-a6d968174310",
	"3868f197-8b25-4b89-94b9-321f0b3ddcc1",
	-1);
INSERT INTO R_OIR
	VALUES ("c02d1cb3-12e0-4223-a447-70dcaea7913a",
	"f6c11074-27c6-44bf-81b5-a6d968174310",
	"3868f197-8b25-4b89-94b9-321f0b3ddcc1",
	"00000000-0000-0000-0000-000000000000");
INSERT INTO PE_PE
	VALUES ("60a6fdf4-26e7-43d5-92e7-7613246eccb9",
	1,
	"c817c574-2133-4f0d-a669-d4ef72db35fd",
	"00000000-0000-0000-0000-000000000000",
	1);
INSERT INTO S_SYNC
	VALUES ("60a6fdf4-26e7-43d5-92e7-7613246eccb9",
	"00000000-0000-0000-0000-000000000000",
	'Init',
	'',
	'/* Create the static objects. 
*/

create object instance motion_controller of MC;

create object instance drive_enable of DE;
drive_enable.disable_delay = 5000;  // mSec

relate motion_controller to drive_enable across R2;
',
	"ba5eda7a-def5-0000-0000-000000000000",
	1,
	'');
INSERT INTO ACT_FNB
	VALUES ("0a6d6b84-9023-4590-b3e7-de8832f87000",
	"60a6fdf4-26e7-43d5-92e7-7613246eccb9");
INSERT INTO ACT_ACT
	VALUES ("0a6d6b84-9023-4590-b3e7-de8832f87000",
	'function',
	0,
	"218c4fac-101f-4a28-8acd-094726d9e525",
	"00000000-0000-0000-0000-000000000000",
	0,
	'Init',
	"00000000-0000-0000-0000-000000000000");
INSERT INTO ACT_BLK
	VALUES ("218c4fac-101f-4a28-8acd-094726d9e525",
	0,
	0,
	0,
	'',
	'',
	'',
	9,
	1,
	6,
	40,
	0,
	0,
	9,
	49,
	0,
	0,
	0,
	0,
	0,
	"0a6d6b84-9023-4590-b3e7-de8832f87000",
	"00000000-0000-0000-0000-000000000000");
INSERT INTO ACT_SMT
	VALUES ("a41b86ea-f6d7-4308-a5a9-5bcc2c0d3d31",
	"218c4fac-101f-4a28-8acd-094726d9e525",
	"ee951343-bb20-410b-8e82-9beeb48b06e8",
	4,
	1,
	'Init line: 4');
INSERT INTO ACT_CR
	VALUES ("a41b86ea-f6d7-4308-a5a9-5bcc2c0d3d31",
	"12a2b119-a36b-4914-80f4-4663b081ab02",
	1,
	"c02d1cb3-12e0-4223-a447-70dcaea7913a",
	4,
	45);
INSERT INTO ACT_SMT
	VALUES ("ee951343-bb20-410b-8e82-9beeb48b06e8",
	"218c4fac-101f-4a28-8acd-094726d9e525",
	"885e96d9-3fd4-4259-82a6-5cda92eecf5e",
	6,
	1,
	'Init line: 6');
INSERT INTO ACT_CR
	VALUES ("ee951343-bb20-410b-8e82-9beeb48b06e8",
	"c4522e8a-3499-4e40-99bd-b8b95482c7b7",
	1,
	"24a28ec5-7345-4ca1-8347-b0985012fb96",
	6,
	40);
INSERT INTO ACT_SMT
	VALUES ("885e96d9-3fd4-4259-82a6-5cda92eecf5e",
	"218c4fac-101f-4a28-8acd-094726d9e525",
	"7c328c4e-40d7-4652-930f-69a5df099026",
	7,
	1,
	'Init line: 7');
INSERT INTO ACT_AI
	VALUES ("885e96d9-3fd4-4259-82a6-5cda92eecf5e",
	"bb7e2d32-7253-47bd-8dc3-a09eea628139",
	"f7dff008-4c0d-468d-812b-4f71373025d5",
	0,
	0);
INSERT INTO ACT_SMT
	VALUES ("7c328c4e-40d7-4652-930f-69a5df099026",
	"218c4fac-101f-4a28-8acd-094726d9e525",
	"00000000-0000-0000-0000-000000000000",
	9,
	1,
	'Init line: 9');
INSERT INTO ACT_REL
	VALUES ("7c328c4e-40d7-4652-930f-69a5df099026",
	"12a2b119-a36b-4914-80f4-4663b081ab02",
	"c4522e8a-3499-4e40-99bd-b8b95482c7b7",
	'',
	"f6c11074-27c6-44bf-81b5-a6d968174310",
	9,
	49,
	0,
	0);
INSERT INTO V_VAL
	VALUES ("38da0257-2c19-4ce5-8aa5-9d5f10178e67",
	1,
	0,
	7,
	1,
	12,
	0,
	0,
	0,
	0,
	"ba5eda7a-def5-0000-0000-000000000008",
	"218c4fac-101f-4a28-8acd-094726d9e525");
INSERT INTO V_IRF
	VALUES ("38da0257-2c19-4ce5-8aa5-9d5f10178e67",
	"c4522e8a-3499-4e40-99bd-b8b95482c7b7");
INSERT INTO V_VAL
	VALUES ("f7dff008-4c0d-468d-812b-4f71373025d5",
	1,
	0,
	7,
	14,
	26,
	0,
	0,
	0,
	0,
	"ba5eda7a-def5-0000-0000-000000000002",
	"218c4fac-101f-4a28-8acd-094726d9e525");
INSERT INTO V_AVL
	VALUES ("f7dff008-4c0d-468d-812b-4f71373025d5",
	"38da0257-2c19-4ce5-8aa5-9d5f10178e67",
	"24a28ec5-7345-4ca1-8347-b0985012fb96",
	"45fdaaee-2cfa-4617-8d22-a83b253d5dd8");
INSERT INTO V_VAL
	VALUES ("bb7e2d32-7253-47bd-8dc3-a09eea628139",
	0,
	0,
	7,
	30,
	33,
	0,
	0,
	0,
	0,
	"ba5eda7a-def5-0000-0000-000000000002",
	"218c4fac-101f-4a28-8acd-094726d9e525");
INSERT INTO V_LIN
	VALUES ("bb7e2d32-7253-47bd-8dc3-a09eea628139",
	'5000');
INSERT INTO V_VAR
	VALUES ("12a2b119-a36b-4914-80f4-4663b081ab02",
	"218c4fac-101f-4a28-8acd-094726d9e525",
	'motion_controller',
	1,
	"ba5eda7a-def5-0000-0000-000000000008");
INSERT INTO V_INT
	VALUES ("12a2b119-a36b-4914-80f4-4663b081ab02",
	0,
	"c02d1cb3-12e0-4223-a447-70dcaea7913a");
INSERT INTO V_VAR
	VALUES ("c4522e8a-3499-4e40-99bd-b8b95482c7b7",
	"218c4fac-101f-4a28-8acd-094726d9e525",
	'drive_enable',
	1,
	"ba5eda7a-def5-0000-0000-000000000008");
INSERT INTO V_INT
	VALUES ("c4522e8a-3499-4e40-99bd-b8b95482c7b7",
	0,
	"24a28ec5-7345-4ca1-8347-b0985012fb96");
INSERT INTO PE_PE
	VALUES ("24a28ec5-7345-4ca1-8347-b0985012fb96",
	1,
	"c817c574-2133-4f0d-a669-d4ef72db35fd",
	"00000000-0000-0000-0000-000000000000",
	4);
INSERT INTO O_OBJ
	VALUES ("24a28ec5-7345-4ca1-8347-b0985012fb96",
	'Drive Enable',
	2,
	'DE',
	'This class controls the enable function of the drive.',
	"00000000-0000-0000-0000-000000000000");
INSERT INTO O_NBATTR
	VALUES ("944637de-4fd1-49e7-a2bb-ddbf83fdcee0",
	"24a28ec5-7345-4ca1-8347-b0985012fb96");
INSERT INTO O_BATTR
	VALUES ("944637de-4fd1-49e7-a2bb-ddbf83fdcee0",
	"24a28ec5-7345-4ca1-8347-b0985012fb96");
INSERT INTO O_ATTR
	VALUES ("944637de-4fd1-49e7-a2bb-ddbf83fdcee0",
	"24a28ec5-7345-4ca1-8347-b0985012fb96",
	"b40034e8-8292-4e21-91ca-411a59def125",
	'current_state',
	'',
	'',
	'current_state',
	0,
	"ba5eda7a-def5-0000-0000-000000000006",
	'',
	'');
INSERT INTO O_NBATTR
	VALUES ("b40034e8-8292-4e21-91ca-411a59def125",
	"24a28ec5-7345-4ca1-8347-b0985012fb96");
INSERT INTO O_BATTR
	VALUES ("b40034e8-8292-4e21-91ca-411a59def125",
	"24a28ec5-7345-4ca1-8347-b0985012fb96");
INSERT INTO O_ATTR
	VALUES ("b40034e8-8292-4e21-91ca-411a59def125",
	"24a28ec5-7345-4ca1-8347-b0985012fb96",
	"45fdaaee-2cfa-4617-8d22-a83b253d5dd8",
	'disable_timer',
	'',
	'',
	'disable_timer',
	0,
	"ba5eda7a-def5-0000-0000-00000000000f",
	'',
	'');
INSERT INTO O_NBATTR
	VALUES ("45fdaaee-2cfa-4617-8d22-a83b253d5dd8",
	"24a28ec5-7345-4ca1-8347-b0985012fb96");
INSERT INTO O_BATTR
	VALUES ("45fdaaee-2cfa-4617-8d22-a83b253d5dd8",
	"24a28ec5-7345-4ca1-8347-b0985012fb96");
INSERT INTO O_ATTR
	VALUES ("45fdaaee-2cfa-4617-8d22-a83b253d5dd8",
	"24a28ec5-7345-4ca1-8347-b0985012fb96",
	"00000000-0000-0000-0000-000000000000",
	'disable_delay',
	'The amount of time the drive should remain enabled after a jog is complete before disabling.',
	'',
	'disable_delay',
	0,
	"ba5eda7a-def5-0000-0000-000000000002",
	'',
	'');
INSERT INTO O_ID
	VALUES (0,
	"24a28ec5-7345-4ca1-8347-b0985012fb96");
INSERT INTO O_ID
	VALUES (1,
	"24a28ec5-7345-4ca1-8347-b0985012fb96");
INSERT INTO O_ID
	VALUES (2,
	"24a28ec5-7345-4ca1-8347-b0985012fb96");
INSERT INTO SM_ISM
	VALUES ("febc9f94-3b6c-4d02-a457-b9fe1db2ec81",
	"24a28ec5-7345-4ca1-8347-b0985012fb96");
INSERT INTO SM_SM
	VALUES ("febc9f94-3b6c-4d02-a457-b9fe1db2ec81",
	'',
	0);
INSERT INTO SM_MOORE
	VALUES ("febc9f94-3b6c-4d02-a457-b9fe1db2ec81");
INSERT INTO SM_LEVT
	VALUES ("1bfa0dde-2b4c-494f-b4e6-424211948b58",
	"febc9f94-3b6c-4d02-a457-b9fe1db2ec81",
	"00000000-0000-0000-0000-000000000000");
INSERT INTO SM_SEVT
	VALUES ("1bfa0dde-2b4c-494f-b4e6-424211948b58",
	"febc9f94-3b6c-4d02-a457-b9fe1db2ec81",
	"00000000-0000-0000-0000-000000000000");
INSERT INTO SM_EVT
	VALUES ("1bfa0dde-2b4c-494f-b4e6-424211948b58",
	"febc9f94-3b6c-4d02-a457-b9fe1db2ec81",
	"00000000-0000-0000-0000-000000000000",
	1,
	'enable_drive',
	0,
	'',
	'DE1',
	'');
INSERT INTO SM_LEVT
	VALUES ("d601226b-207d-42bd-9a3f-29ca89f4c29d",
	"febc9f94-3b6c-4d02-a457-b9fe1db2ec81",
	"00000000-0000-0000-0000-000000000000");
INSERT INTO SM_SEVT
	VALUES ("d601226b-207d-42bd-9a3f-29ca89f4c29d",
	"febc9f94-3b6c-4d02-a457-b9fe1db2ec81",
	"00000000-0000-0000-0000-000000000000");
INSERT INTO SM_EVT
	VALUES ("d601226b-207d-42bd-9a3f-29ca89f4c29d",
	"febc9f94-3b6c-4d02-a457-b9fe1db2ec81",
	"00000000-0000-0000-0000-000000000000",
	2,
	'disable_drive',
	0,
	'',
	'DE2',
	'');
INSERT INTO SM_LEVT
	VALUES ("f9b93292-003a-48a7-89c2-b93923f44c6f",
	"febc9f94-3b6c-4d02-a457-b9fe1db2ec81",
	"00000000-0000-0000-0000-000000000000");
INSERT INTO SM_SEVT
	VALUES ("f9b93292-003a-48a7-89c2-b93923f44c6f",
	"febc9f94-3b6c-4d02-a457-b9fe1db2ec81",
	"00000000-0000-0000-0000-000000000000");
INSERT INTO SM_EVT
	VALUES ("f9b93292-003a-48a7-89c2-b93923f44c6f",
	"febc9f94-3b6c-4d02-a457-b9fe1db2ec81",
	"00000000-0000-0000-0000-000000000000",
	3,
	'drive_signals_done',
	0,
	'',
	'DE3',
	'');
INSERT INTO SM_LEVT
	VALUES ("79e5c184-6550-4e83-b4a4-910d58ffae58",
	"febc9f94-3b6c-4d02-a457-b9fe1db2ec81",
	"00000000-0000-0000-0000-000000000000");
INSERT INTO SM_SEVT
	VALUES ("79e5c184-6550-4e83-b4a4-910d58ffae58",
	"febc9f94-3b6c-4d02-a457-b9fe1db2ec81",
	"00000000-0000-0000-0000-000000000000");
INSERT INTO SM_EVT
	VALUES ("79e5c184-6550-4e83-b4a4-910d58ffae58",
	"febc9f94-3b6c-4d02-a457-b9fe1db2ec81",
	"00000000-0000-0000-0000-000000000000",
	4,
	'delay_timer_expired',
	0,
	'',
	'DE4',
	'');
INSERT INTO SM_STATE
	VALUES ("1f4a0d05-28f4-4c2b-bbd2-032d8dbc5e54",
	"febc9f94-3b6c-4d02-a457-b9fe1db2ec81",
	"00000000-0000-0000-0000-000000000000",
	'Drive Disabled',
	1,
	0);
INSERT INTO SM_SEME
	VALUES ("1f4a0d05-28f4-4c2b-bbd2-032d8dbc5e54",
	"1bfa0dde-2b4c-494f-b4e6-424211948b58",
	"febc9f94-3b6c-4d02-a457-b9fe1db2ec81",
	"00000000-0000-0000-0000-000000000000");
INSERT INTO SM_CH
	VALUES ("1f4a0d05-28f4-4c2b-bbd2-032d8dbc5e54",
	"d601226b-207d-42bd-9a3f-29ca89f4c29d",
	"febc9f94-3b6c-4d02-a457-b9fe1db2ec81",
	"00000000-0000-0000-0000-000000000000",
	'');
INSERT INTO SM_SEME
	VALUES ("1f4a0d05-28f4-4c2b-bbd2-032d8dbc5e54",
	"d601226b-207d-42bd-9a3f-29ca89f4c29d",
	"febc9f94-3b6c-4d02-a457-b9fe1db2ec81",
	"00000000-0000-0000-0000-000000000000");
INSERT INTO SM_EIGN
	VALUES ("1f4a0d05-28f4-4c2b-bbd2-032d8dbc5e54",
	"f9b93292-003a-48a7-89c2-b93923f44c6f",
	"febc9f94-3b6c-4d02-a457-b9fe1db2ec81",
	"00000000-0000-0000-0000-000000000000",
	'');
INSERT INTO SM_SEME
	VALUES ("1f4a0d05-28f4-4c2b-bbd2-032d8dbc5e54",
	"f9b93292-003a-48a7-89c2-b93923f44c6f",
	"febc9f94-3b6c-4d02-a457-b9fe1db2ec81",
	"00000000-0000-0000-0000-000000000000");
INSERT INTO SM_CH
	VALUES ("1f4a0d05-28f4-4c2b-bbd2-032d8dbc5e54",
	"79e5c184-6550-4e83-b4a4-910d58ffae58",
	"febc9f94-3b6c-4d02-a457-b9fe1db2ec81",
	"00000000-0000-0000-0000-000000000000",
	'');
INSERT INTO SM_SEME
	VALUES ("1f4a0d05-28f4-4c2b-bbd2-032d8dbc5e54",
	"79e5c184-6550-4e83-b4a4-910d58ffae58",
	"febc9f94-3b6c-4d02-a457-b9fe1db2ec81",
	"00000000-0000-0000-0000-000000000000");
INSERT INTO SM_MOAH
	VALUES ("8f09271a-cfe1-4abc-94f9-058e15b7ede7",
	"febc9f94-3b6c-4d02-a457-b9fe1db2ec81",
	"1f4a0d05-28f4-4c2b-bbd2-032d8dbc5e54");
INSERT INTO SM_AH
	VALUES ("8f09271a-cfe1-4abc-94f9-058e15b7ede7",
	"febc9f94-3b6c-4d02-a457-b9fe1db2ec81");
INSERT INTO SM_ACT
	VALUES ("8f09271a-cfe1-4abc-94f9-058e15b7ede7",
	"febc9f94-3b6c-4d02-a457-b9fe1db2ec81",
	1,
	'generate MI_A5:drive_disabled() to MI assigner;
',
	'');
INSERT INTO ACT_SAB
	VALUES ("78a69ff2-3e45-4f30-bb30-bb2a72ff9344",
	"febc9f94-3b6c-4d02-a457-b9fe1db2ec81",
	"8f09271a-cfe1-4abc-94f9-058e15b7ede7");
INSERT INTO ACT_ACT
	VALUES ("78a69ff2-3e45-4f30-bb30-bb2a72ff9344",
	'state',
	0,
	"7dfa5930-6929-4a0b-810a-06153e7dd17c",
	"00000000-0000-0000-0000-000000000000",
	0,
	'Drive Enable::Drive Disabled',
	"00000000-0000-0000-0000-000000000000");
INSERT INTO ACT_BLK
	VALUES ("7dfa5930-6929-4a0b-810a-06153e7dd17c",
	0,
	0,
	0,
	'',
	'',
	'',
	1,
	1,
	1,
	36,
	0,
	0,
	0,
	0,
	0,
	0,
	0,
	0,
	0,
	"78a69ff2-3e45-4f30-bb30-bb2a72ff9344",
	"00000000-0000-0000-0000-000000000000");
INSERT INTO ACT_SMT
	VALUES ("f073fc44-d503-400f-bac9-54e3db627cf2",
	"7dfa5930-6929-4a0b-810a-06153e7dd17c",
	"00000000-0000-0000-0000-000000000000",
	1,
	1,
	'Drive Enable::Drive Disabled line: 1');
INSERT INTO E_ESS
	VALUES ("f073fc44-d503-400f-bac9-54e3db627cf2",
	1,
	0,
	1,
	10,
	1,
	16,
	1,
	36,
	0,
	0,
	0,
	0);
INSERT INTO E_GES
	VALUES ("f073fc44-d503-400f-bac9-54e3db627cf2");
INSERT INTO E_GSME
	VALUES ("f073fc44-d503-400f-bac9-54e3db627cf2",
	"62c43867-4cc0-4f8e-bf6e-7f4fc1466d9e");
INSERT INTO E_GAR
	VALUES ("f073fc44-d503-400f-bac9-54e3db627cf2");
INSERT INTO SM_STATE
	VALUES ("e4110d43-3a05-48ca-b4fc-32029715e9d8",
	"febc9f94-3b6c-4d02-a457-b9fe1db2ec81",
	"00000000-0000-0000-0000-000000000000",
	'Initiate Enable',
	2,
	0);
INSERT INTO SM_CH
	VALUES ("e4110d43-3a05-48ca-b4fc-32029715e9d8",
	"1bfa0dde-2b4c-494f-b4e6-424211948b58",
	"febc9f94-3b6c-4d02-a457-b9fe1db2ec81",
	"00000000-0000-0000-0000-000000000000",
	'');
INSERT INTO SM_SEME
	VALUES ("e4110d43-3a05-48ca-b4fc-32029715e9d8",
	"1bfa0dde-2b4c-494f-b4e6-424211948b58",
	"febc9f94-3b6c-4d02-a457-b9fe1db2ec81",
	"00000000-0000-0000-0000-000000000000");
INSERT INTO SM_CH
	VALUES ("e4110d43-3a05-48ca-b4fc-32029715e9d8",
	"d601226b-207d-42bd-9a3f-29ca89f4c29d",
	"febc9f94-3b6c-4d02-a457-b9fe1db2ec81",
	"00000000-0000-0000-0000-000000000000",
	'');
INSERT INTO SM_SEME
	VALUES ("e4110d43-3a05-48ca-b4fc-32029715e9d8",
	"d601226b-207d-42bd-9a3f-29ca89f4c29d",
	"febc9f94-3b6c-4d02-a457-b9fe1db2ec81",
	"00000000-0000-0000-0000-000000000000");
INSERT INTO SM_SEME
	VALUES ("e4110d43-3a05-48ca-b4fc-32029715e9d8",
	"f9b93292-003a-48a7-89c2-b93923f44c6f",
	"febc9f94-3b6c-4d02-a457-b9fe1db2ec81",
	"00000000-0000-0000-0000-000000000000");
INSERT INTO SM_CH
	VALUES ("e4110d43-3a05-48ca-b4fc-32029715e9d8",
	"79e5c184-6550-4e83-b4a4-910d58ffae58",
	"febc9f94-3b6c-4d02-a457-b9fe1db2ec81",
	"00000000-0000-0000-0000-000000000000",
	'');
INSERT INTO SM_SEME
	VALUES ("e4110d43-3a05-48ca-b4fc-32029715e9d8",
	"79e5c184-6550-4e83-b4a4-910d58ffae58",
	"febc9f94-3b6c-4d02-a457-b9fe1db2ec81",
	"00000000-0000-0000-0000-000000000000");
INSERT INTO SM_MOAH
	VALUES ("d6e6b32d-249e-40fb-addf-c3e6fa272d43",
	"febc9f94-3b6c-4d02-a457-b9fe1db2ec81",
	"e4110d43-3a05-48ca-b4fc-32029715e9d8");
INSERT INTO SM_AH
	VALUES ("d6e6b32d-249e-40fb-addf-c3e6fa272d43",
	"febc9f94-3b6c-4d02-a457-b9fe1db2ec81");
INSERT INTO SM_ACT
	VALUES ("d6e6b32d-249e-40fb-addf-c3e6fa272d43",
	"febc9f94-3b6c-4d02-a457-b9fe1db2ec81",
	1,
	'// Enable the drive
drive::enable_drive(enable: True);
',
	'');
INSERT INTO ACT_SAB
	VALUES ("c420293b-7505-4b4f-8ee1-cc8fafac98e0",
	"febc9f94-3b6c-4d02-a457-b9fe1db2ec81",
	"d6e6b32d-249e-40fb-addf-c3e6fa272d43");
INSERT INTO ACT_ACT
	VALUES ("c420293b-7505-4b4f-8ee1-cc8fafac98e0",
	'state',
	0,
	"36b69610-b5e5-4d0d-8eaf-23f36b3d29b7",
	"00000000-0000-0000-0000-000000000000",
	0,
	'Drive Enable::Initiate Enable',
	"00000000-0000-0000-0000-000000000000");
INSERT INTO ACT_BLK
	VALUES ("36b69610-b5e5-4d0d-8eaf-23f36b3d29b7",
	0,
	0,
	0,
	'drive',
	'',
	'',
	2,
	1,
	2,
	1,
	0,
	0,
	0,
	0,
	0,
	0,
	0,
	0,
	0,
	"c420293b-7505-4b4f-8ee1-cc8fafac98e0",
	"00000000-0000-0000-0000-000000000000");
INSERT INTO ACT_SMT
	VALUES ("79b4cb5e-2985-4878-8258-ccb21acb7439",
	"36b69610-b5e5-4d0d-8eaf-23f36b3d29b7",
	"00000000-0000-0000-0000-000000000000",
	2,
	1,
	'Drive Enable::Initiate Enable line: 2');
INSERT INTO ACT_SGN
	VALUES ("79b4cb5e-2985-4878-8258-ccb21acb7439",
	2,
	8,
	2,
	1,
	"00000000-0000-0000-0000-000000000000",
	"f5853345-ece9-4258-8311-5c637eccba14",
	"00000000-0000-0000-0000-000000000000");
INSERT INTO V_VAL
	VALUES ("d3d1b9f9-0517-4adb-97ef-1c072f998566",
	0,
	0,
	-1,
	-1,
	-1,
	0,
	0,
	0,
	0,
	"ba5eda7a-def5-0000-0000-000000000001",
	"36b69610-b5e5-4d0d-8eaf-23f36b3d29b7");
INSERT INTO V_LBO
	VALUES ("d3d1b9f9-0517-4adb-97ef-1c072f998566",
	'TRUE');
INSERT INTO V_PAR
	VALUES ("d3d1b9f9-0517-4adb-97ef-1c072f998566",
	"79b4cb5e-2985-4878-8258-ccb21acb7439",
	"00000000-0000-0000-0000-000000000000",
	'enable',
	"00000000-0000-0000-0000-000000000000",
	2,
	21);
INSERT INTO SM_STATE
	VALUES ("fadfbc81-52aa-4aa4-986f-84ab5d3da143",
	"febc9f94-3b6c-4d02-a457-b9fe1db2ec81",
	"00000000-0000-0000-0000-000000000000",
	'Drive Enabled',
	3,
	0);
INSERT INTO SM_SEME
	VALUES ("fadfbc81-52aa-4aa4-986f-84ab5d3da143",
	"1bfa0dde-2b4c-494f-b4e6-424211948b58",
	"febc9f94-3b6c-4d02-a457-b9fe1db2ec81",
	"00000000-0000-0000-0000-000000000000");
INSERT INTO SM_SEME
	VALUES ("fadfbc81-52aa-4aa4-986f-84ab5d3da143",
	"d601226b-207d-42bd-9a3f-29ca89f4c29d",
	"febc9f94-3b6c-4d02-a457-b9fe1db2ec81",
	"00000000-0000-0000-0000-000000000000");
INSERT INTO SM_EIGN
	VALUES ("fadfbc81-52aa-4aa4-986f-84ab5d3da143",
	"f9b93292-003a-48a7-89c2-b93923f44c6f",
	"febc9f94-3b6c-4d02-a457-b9fe1db2ec81",
	"00000000-0000-0000-0000-000000000000",
	'');
INSERT INTO SM_SEME
	VALUES ("fadfbc81-52aa-4aa4-986f-84ab5d3da143",
	"f9b93292-003a-48a7-89c2-b93923f44c6f",
	"febc9f94-3b6c-4d02-a457-b9fe1db2ec81",
	"00000000-0000-0000-0000-000000000000");
INSERT INTO SM_CH
	VALUES ("fadfbc81-52aa-4aa4-986f-84ab5d3da143",
	"79e5c184-6550-4e83-b4a4-910d58ffae58",
	"febc9f94-3b6c-4d02-a457-b9fe1db2ec81",
	"00000000-0000-0000-0000-000000000000",
	'');
INSERT INTO SM_SEME
	VALUES ("fadfbc81-52aa-4aa4-986f-84ab5d3da143",
	"79e5c184-6550-4e83-b4a4-910d58ffae58",
	"febc9f94-3b6c-4d02-a457-b9fe1db2ec81",
	"00000000-0000-0000-0000-000000000000");
INSERT INTO SM_MOAH
	VALUES ("c9de051e-1abb-4164-8bce-4c61fa313129",
	"febc9f94-3b6c-4d02-a457-b9fe1db2ec81",
	"fadfbc81-52aa-4aa4-986f-84ab5d3da143");
INSERT INTO SM_AH
	VALUES ("c9de051e-1abb-4164-8bce-4c61fa313129",
	"febc9f94-3b6c-4d02-a457-b9fe1db2ec81");
INSERT INTO SM_ACT
	VALUES ("c9de051e-1abb-4164-8bce-4c61fa313129",
	"febc9f94-3b6c-4d02-a457-b9fe1db2ec81",
	1,
	'generate MI_A2:drive_enabled() to MI assigner;

',
	'');
INSERT INTO ACT_SAB
	VALUES ("82709e42-849a-4666-b550-04c6bc0ea9c4",
	"febc9f94-3b6c-4d02-a457-b9fe1db2ec81",
	"c9de051e-1abb-4164-8bce-4c61fa313129");
INSERT INTO ACT_ACT
	VALUES ("82709e42-849a-4666-b550-04c6bc0ea9c4",
	'state',
	0,
	"29f30c59-d881-47b8-97e7-0d3db3609bf4",
	"00000000-0000-0000-0000-000000000000",
	0,
	'Drive Enable::Drive Enabled',
	"00000000-0000-0000-0000-000000000000");
INSERT INTO ACT_BLK
	VALUES ("29f30c59-d881-47b8-97e7-0d3db3609bf4",
	0,
	0,
	0,
	'',
	'',
	'',
	1,
	1,
	1,
	35,
	0,
	0,
	0,
	0,
	0,
	0,
	0,
	0,
	0,
	"82709e42-849a-4666-b550-04c6bc0ea9c4",
	"00000000-0000-0000-0000-000000000000");
INSERT INTO ACT_SMT
	VALUES ("814b90c0-48de-4c11-8173-a9f7d75430fb",
	"29f30c59-d881-47b8-97e7-0d3db3609bf4",
	"00000000-0000-0000-0000-000000000000",
	1,
	1,
	'Drive Enable::Drive Enabled line: 1');
INSERT INTO E_ESS
	VALUES ("814b90c0-48de-4c11-8173-a9f7d75430fb",
	1,
	0,
	1,
	10,
	1,
	16,
	1,
	35,
	0,
	0,
	0,
	0);
INSERT INTO E_GES
	VALUES ("814b90c0-48de-4c11-8173-a9f7d75430fb");
INSERT INTO E_GSME
	VALUES ("814b90c0-48de-4c11-8173-a9f7d75430fb",
	"bbb4544b-42ac-4da6-8e0d-8403738c41ef");
INSERT INTO E_GAR
	VALUES ("814b90c0-48de-4c11-8173-a9f7d75430fb");
INSERT INTO SM_STATE
	VALUES ("d5f9463f-1953-4798-8fb3-f5a2e71d28cc",
	"febc9f94-3b6c-4d02-a457-b9fe1db2ec81",
	"00000000-0000-0000-0000-000000000000",
	'Disable Delay',
	4,
	0);
INSERT INTO SM_SEME
	VALUES ("d5f9463f-1953-4798-8fb3-f5a2e71d28cc",
	"1bfa0dde-2b4c-494f-b4e6-424211948b58",
	"febc9f94-3b6c-4d02-a457-b9fe1db2ec81",
	"00000000-0000-0000-0000-000000000000");
INSERT INTO SM_CH
	VALUES ("d5f9463f-1953-4798-8fb3-f5a2e71d28cc",
	"d601226b-207d-42bd-9a3f-29ca89f4c29d",
	"febc9f94-3b6c-4d02-a457-b9fe1db2ec81",
	"00000000-0000-0000-0000-000000000000",
	'');
INSERT INTO SM_SEME
	VALUES ("d5f9463f-1953-4798-8fb3-f5a2e71d28cc",
	"d601226b-207d-42bd-9a3f-29ca89f4c29d",
	"febc9f94-3b6c-4d02-a457-b9fe1db2ec81",
	"00000000-0000-0000-0000-000000000000");
INSERT INTO SM_EIGN
	VALUES ("d5f9463f-1953-4798-8fb3-f5a2e71d28cc",
	"f9b93292-003a-48a7-89c2-b93923f44c6f",
	"febc9f94-3b6c-4d02-a457-b9fe1db2ec81",
	"00000000-0000-0000-0000-000000000000",
	'');
INSERT INTO SM_SEME
	VALUES ("d5f9463f-1953-4798-8fb3-f5a2e71d28cc",
	"f9b93292-003a-48a7-89c2-b93923f44c6f",
	"febc9f94-3b6c-4d02-a457-b9fe1db2ec81",
	"00000000-0000-0000-0000-000000000000");
INSERT INTO SM_SEME
	VALUES ("d5f9463f-1953-4798-8fb3-f5a2e71d28cc",
	"79e5c184-6550-4e83-b4a4-910d58ffae58",
	"febc9f94-3b6c-4d02-a457-b9fe1db2ec81",
	"00000000-0000-0000-0000-000000000000");
INSERT INTO SM_MOAH
	VALUES ("ca246cb8-fd80-4cc9-82fb-77a21524d031",
	"febc9f94-3b6c-4d02-a457-b9fe1db2ec81",
	"d5f9463f-1953-4798-8fb3-f5a2e71d28cc");
INSERT INTO SM_AH
	VALUES ("ca246cb8-fd80-4cc9-82fb-77a21524d031",
	"febc9f94-3b6c-4d02-a457-b9fe1db2ec81");
INSERT INTO SM_ACT
	VALUES ("ca246cb8-fd80-4cc9-82fb-77a21524d031",
	"febc9f94-3b6c-4d02-a457-b9fe1db2ec81",
	1,
	'/* Start a timer to control how long the drive should stay enabled after the move 
   is complete.
*/

create event instance timer_expired of DE4:delay_timer_expired to self;
self.disable_timer = 
            TIM::timer_start(microseconds: self.disable_delay * 1000, 
                               event_inst: timer_expired);

',
	'');
INSERT INTO ACT_SAB
	VALUES ("f38fabca-541f-41e1-9396-10718f588305",
	"febc9f94-3b6c-4d02-a457-b9fe1db2ec81",
	"ca246cb8-fd80-4cc9-82fb-77a21524d031");
INSERT INTO ACT_ACT
	VALUES ("f38fabca-541f-41e1-9396-10718f588305",
	'state',
	0,
	"92242478-3684-4c1f-839f-7ef07ac32bd6",
	"00000000-0000-0000-0000-000000000000",
	0,
	'Drive Enable::Disable Delay',
	"00000000-0000-0000-0000-000000000000");
INSERT INTO ACT_BLK
	VALUES ("92242478-3684-4c1f-839f-7ef07ac32bd6",
	0,
	0,
	0,
	'TIM',
	'',
	'',
	6,
	1,
	7,
	13,
	0,
	0,
	0,
	0,
	0,
	0,
	0,
	0,
	0,
	"f38fabca-541f-41e1-9396-10718f588305",
	"00000000-0000-0000-0000-000000000000");
INSERT INTO ACT_SMT
	VALUES ("9f23a47c-09c8-4426-997f-6ab21c774c17",
	"92242478-3684-4c1f-839f-7ef07ac32bd6",
	"39e7a395-ef69-4f6a-8448-a2219acb1e9d",
	5,
	1,
	'Drive Enable::Disable Delay line: 5');
INSERT INTO E_ESS
	VALUES ("9f23a47c-09c8-4426-997f-6ab21c774c17",
	1,
	0,
	5,
	40,
	5,
	44,
	0,
	0,
	0,
	0,
	0,
	0);
INSERT INTO E_CES
	VALUES ("9f23a47c-09c8-4426-997f-6ab21c774c17",
	1,
	"a14c65ee-0de6-498d-a727-4f67ab731fbb");
INSERT INTO E_CSME
	VALUES ("9f23a47c-09c8-4426-997f-6ab21c774c17",
	"79e5c184-6550-4e83-b4a4-910d58ffae58");
INSERT INTO E_CEI
	VALUES ("9f23a47c-09c8-4426-997f-6ab21c774c17",
	"2f83d121-325f-4d71-95df-133cf48cf048");
INSERT INTO ACT_SMT
	VALUES ("39e7a395-ef69-4f6a-8448-a2219acb1e9d",
	"92242478-3684-4c1f-839f-7ef07ac32bd6",
	"00000000-0000-0000-0000-000000000000",
	6,
	1,
	'Drive Enable::Disable Delay line: 6');
INSERT INTO ACT_AI
	VALUES ("39e7a395-ef69-4f6a-8448-a2219acb1e9d",
	"56fce4ed-1cb5-430a-8474-c714b74db1a5",
	"70c5474b-bd68-4fff-a233-c9b48d34a30f",
	0,
	0);
INSERT INTO V_VAL
	VALUES ("e1041f7b-2801-4542-8424-ebf1fbcd2865",
	1,
	0,
	6,
	1,
	4,
	0,
	0,
	0,
	0,
	"ba5eda7a-def5-0000-0000-000000000008",
	"92242478-3684-4c1f-839f-7ef07ac32bd6");
INSERT INTO V_IRF
	VALUES ("e1041f7b-2801-4542-8424-ebf1fbcd2865",
	"2f83d121-325f-4d71-95df-133cf48cf048");
INSERT INTO V_VAL
	VALUES ("70c5474b-bd68-4fff-a233-c9b48d34a30f",
	1,
	0,
	6,
	6,
	18,
	0,
	0,
	0,
	0,
	"ba5eda7a-def5-0000-0000-00000000000f",
	"92242478-3684-4c1f-839f-7ef07ac32bd6");
INSERT INTO V_AVL
	VALUES ("70c5474b-bd68-4fff-a233-c9b48d34a30f",
	"e1041f7b-2801-4542-8424-ebf1fbcd2865",
	"24a28ec5-7345-4ca1-8347-b0985012fb96",
	"b40034e8-8292-4e21-91ca-411a59def125");
INSERT INTO V_VAL
	VALUES ("56fce4ed-1cb5-430a-8474-c714b74db1a5",
	0,
	0,
	7,
	18,
	-1,
	7,
	30,
	8,
	32,
	"ba5eda7a-def5-0000-0000-00000000000f",
	"92242478-3684-4c1f-839f-7ef07ac32bd6");
INSERT INTO V_BRV
	VALUES ("56fce4ed-1cb5-430a-8474-c714b74db1a5",
	"261a7f46-5b66-4cc2-b1d6-2688a5de6677",
	1,
	7,
	13);
INSERT INTO V_VAL
	VALUES ("1f1e919b-5b5c-4e1b-b3a5-36c71ed7fd7c",
	0,
	0,
	7,
	44,
	47,
	0,
	0,
	0,
	0,
	"ba5eda7a-def5-0000-0000-000000000008",
	"92242478-3684-4c1f-839f-7ef07ac32bd6");
INSERT INTO V_IRF
	VALUES ("1f1e919b-5b5c-4e1b-b3a5-36c71ed7fd7c",
	"2f83d121-325f-4d71-95df-133cf48cf048");
INSERT INTO V_VAL
	VALUES ("10c60ec6-3a02-4763-b8d3-565686a27832",
	0,
	0,
	7,
	49,
	61,
	0,
	0,
	0,
	0,
	"ba5eda7a-def5-0000-0000-000000000002",
	"92242478-3684-4c1f-839f-7ef07ac32bd6");
INSERT INTO V_AVL
	VALUES ("10c60ec6-3a02-4763-b8d3-565686a27832",
	"1f1e919b-5b5c-4e1b-b3a5-36c71ed7fd7c",
	"24a28ec5-7345-4ca1-8347-b0985012fb96",
	"45fdaaee-2cfa-4617-8d22-a83b253d5dd8");
INSERT INTO V_VAL
	VALUES ("97134f8e-d5ad-4261-9b8c-35d511b25c95",
	0,
	0,
	-1,
	-1,
	-1,
	0,
	0,
	0,
	0,
	"ba5eda7a-def5-0000-0000-000000000002",
	"92242478-3684-4c1f-839f-7ef07ac32bd6");
INSERT INTO V_BIN
	VALUES ("97134f8e-d5ad-4261-9b8c-35d511b25c95",
	"dc1fe7ac-52cf-4ea8-9ede-05fac3e0d291",
	"10c60ec6-3a02-4763-b8d3-565686a27832",
	'*');
INSERT INTO V_PAR
	VALUES ("97134f8e-d5ad-4261-9b8c-35d511b25c95",
	"00000000-0000-0000-0000-000000000000",
	"56fce4ed-1cb5-430a-8474-c714b74db1a5",
	'microseconds',
	"6640993a-8bb7-4f6c-8976-6a8744d9859d",
	7,
	30);
INSERT INTO V_VAL
	VALUES ("dc1fe7ac-52cf-4ea8-9ede-05fac3e0d291",
	0,
	0,
	7,
	65,
	68,
	0,
	0,
	0,
	0,
	"ba5eda7a-def5-0000-0000-000000000002",
	"92242478-3684-4c1f-839f-7ef07ac32bd6");
INSERT INTO V_LIN
	VALUES ("dc1fe7ac-52cf-4ea8-9ede-05fac3e0d291",
	'1000');
INSERT INTO V_VAL
	VALUES ("6640993a-8bb7-4f6c-8976-6a8744d9859d",
	0,
	0,
	8,
	44,
	56,
	0,
	0,
	0,
	0,
	"ba5eda7a-def5-0000-0000-00000000000a",
	"92242478-3684-4c1f-839f-7ef07ac32bd6");
INSERT INTO V_TVL
	VALUES ("6640993a-8bb7-4f6c-8976-6a8744d9859d",
	"a14c65ee-0de6-498d-a727-4f67ab731fbb");
INSERT INTO V_PAR
	VALUES ("6640993a-8bb7-4f6c-8976-6a8744d9859d",
	"00000000-0000-0000-0000-000000000000",
	"56fce4ed-1cb5-430a-8474-c714b74db1a5",
	'event_inst',
	"00000000-0000-0000-0000-000000000000",
	8,
	32);
INSERT INTO V_VAR
	VALUES ("a14c65ee-0de6-498d-a727-4f67ab731fbb",
	"92242478-3684-4c1f-839f-7ef07ac32bd6",
	'timer_expired',
	1,
	"ba5eda7a-def5-0000-0000-00000000000a");
INSERT INTO V_TRN
	VALUES ("a14c65ee-0de6-498d-a727-4f67ab731fbb",
	"00000000-0000-0000-0000-000000000000",
	'');
INSERT INTO V_VAR
	VALUES ("2f83d121-325f-4d71-95df-133cf48cf048",
	"92242478-3684-4c1f-839f-7ef07ac32bd6",
	'self',
	1,
	"ba5eda7a-def5-0000-0000-000000000008");
INSERT INTO V_INT
	VALUES ("2f83d121-325f-4d71-95df-133cf48cf048",
	0,
	"24a28ec5-7345-4ca1-8347-b0985012fb96");
INSERT INTO SM_STATE
	VALUES ("8f8d9517-63e0-4736-a26d-353b87454ae3",
	"febc9f94-3b6c-4d02-a457-b9fe1db2ec81",
	"00000000-0000-0000-0000-000000000000",
	'Initiate Disable',
	5,
	0);
INSERT INTO SM_CH
	VALUES ("8f8d9517-63e0-4736-a26d-353b87454ae3",
	"1bfa0dde-2b4c-494f-b4e6-424211948b58",
	"febc9f94-3b6c-4d02-a457-b9fe1db2ec81",
	"00000000-0000-0000-0000-000000000000",
	'');
INSERT INTO SM_SEME
	VALUES ("8f8d9517-63e0-4736-a26d-353b87454ae3",
	"1bfa0dde-2b4c-494f-b4e6-424211948b58",
	"febc9f94-3b6c-4d02-a457-b9fe1db2ec81",
	"00000000-0000-0000-0000-000000000000");
INSERT INTO SM_CH
	VALUES ("8f8d9517-63e0-4736-a26d-353b87454ae3",
	"d601226b-207d-42bd-9a3f-29ca89f4c29d",
	"febc9f94-3b6c-4d02-a457-b9fe1db2ec81",
	"00000000-0000-0000-0000-000000000000",
	'');
INSERT INTO SM_SEME
	VALUES ("8f8d9517-63e0-4736-a26d-353b87454ae3",
	"d601226b-207d-42bd-9a3f-29ca89f4c29d",
	"febc9f94-3b6c-4d02-a457-b9fe1db2ec81",
	"00000000-0000-0000-0000-000000000000");
INSERT INTO SM_SEME
	VALUES ("8f8d9517-63e0-4736-a26d-353b87454ae3",
	"f9b93292-003a-48a7-89c2-b93923f44c6f",
	"febc9f94-3b6c-4d02-a457-b9fe1db2ec81",
	"00000000-0000-0000-0000-000000000000");
INSERT INTO SM_CH
	VALUES ("8f8d9517-63e0-4736-a26d-353b87454ae3",
	"79e5c184-6550-4e83-b4a4-910d58ffae58",
	"febc9f94-3b6c-4d02-a457-b9fe1db2ec81",
	"00000000-0000-0000-0000-000000000000",
	'');
INSERT INTO SM_SEME
	VALUES ("8f8d9517-63e0-4736-a26d-353b87454ae3",
	"79e5c184-6550-4e83-b4a4-910d58ffae58",
	"febc9f94-3b6c-4d02-a457-b9fe1db2ec81",
	"00000000-0000-0000-0000-000000000000");
INSERT INTO SM_MOAH
	VALUES ("2ef75ed5-999e-4982-bfd4-625bc3b5bf5e",
	"febc9f94-3b6c-4d02-a457-b9fe1db2ec81",
	"8f8d9517-63e0-4736-a26d-353b87454ae3");
INSERT INTO SM_AH
	VALUES ("2ef75ed5-999e-4982-bfd4-625bc3b5bf5e",
	"febc9f94-3b6c-4d02-a457-b9fe1db2ec81");
INSERT INTO SM_ACT
	VALUES ("2ef75ed5-999e-4982-bfd4-625bc3b5bf5e",
	"febc9f94-3b6c-4d02-a457-b9fe1db2ec81",
	1,
	'// Disable the drive
drive::enable_drive(enable: False);

generate MI_A4:drive_disable_lockout() to MI assigner;

',
	'');
INSERT INTO ACT_SAB
	VALUES ("a0227d85-8746-412b-af58-d133484db485",
	"febc9f94-3b6c-4d02-a457-b9fe1db2ec81",
	"2ef75ed5-999e-4982-bfd4-625bc3b5bf5e");
INSERT INTO ACT_ACT
	VALUES ("a0227d85-8746-412b-af58-d133484db485",
	'state',
	0,
	"ae3d7a1f-ea65-490f-b231-5d04e71435c9",
	"00000000-0000-0000-0000-000000000000",
	0,
	'Drive Enable::Initiate Disable',
	"00000000-0000-0000-0000-000000000000");
INSERT INTO ACT_BLK
	VALUES ("ae3d7a1f-ea65-490f-b231-5d04e71435c9",
	0,
	0,
	0,
	'drive',
	'',
	'',
	4,
	1,
	4,
	43,
	0,
	0,
	0,
	0,
	0,
	0,
	0,
	0,
	0,
	"a0227d85-8746-412b-af58-d133484db485",
	"00000000-0000-0000-0000-000000000000");
INSERT INTO ACT_SMT
	VALUES ("3141a039-335b-4e17-a19c-16494cf61efe",
	"ae3d7a1f-ea65-490f-b231-5d04e71435c9",
	"a6041dcd-7ae5-45f8-bcdc-7298946e126d",
	2,
	1,
	'Drive Enable::Initiate Disable line: 2');
INSERT INTO ACT_SGN
	VALUES ("3141a039-335b-4e17-a19c-16494cf61efe",
	2,
	8,
	2,
	1,
	"00000000-0000-0000-0000-000000000000",
	"f5853345-ece9-4258-8311-5c637eccba14",
	"00000000-0000-0000-0000-000000000000");
INSERT INTO ACT_SMT
	VALUES ("a6041dcd-7ae5-45f8-bcdc-7298946e126d",
	"ae3d7a1f-ea65-490f-b231-5d04e71435c9",
	"00000000-0000-0000-0000-000000000000",
	4,
	1,
	'Drive Enable::Initiate Disable line: 4');
INSERT INTO E_ESS
	VALUES ("a6041dcd-7ae5-45f8-bcdc-7298946e126d",
	1,
	0,
	4,
	10,
	4,
	16,
	4,
	43,
	0,
	0,
	0,
	0);
INSERT INTO E_GES
	VALUES ("a6041dcd-7ae5-45f8-bcdc-7298946e126d");
INSERT INTO E_GSME
	VALUES ("a6041dcd-7ae5-45f8-bcdc-7298946e126d",
	"2dccaa68-b090-4690-96a9-a306c8499a35");
INSERT INTO E_GAR
	VALUES ("a6041dcd-7ae5-45f8-bcdc-7298946e126d");
INSERT INTO V_VAL
	VALUES ("1b9d39d5-49e4-45f5-a3af-390ee83520be",
	0,
	0,
	-1,
	-1,
	-1,
	0,
	0,
	0,
	0,
	"ba5eda7a-def5-0000-0000-000000000001",
	"ae3d7a1f-ea65-490f-b231-5d04e71435c9");
INSERT INTO V_LBO
	VALUES ("1b9d39d5-49e4-45f5-a3af-390ee83520be",
	'FALSE');
INSERT INTO V_PAR
	VALUES ("1b9d39d5-49e4-45f5-a3af-390ee83520be",
	"3141a039-335b-4e17-a19c-16494cf61efe",
	"00000000-0000-0000-0000-000000000000",
	'enable',
	"00000000-0000-0000-0000-000000000000",
	2,
	21);
INSERT INTO SM_NSTXN
	VALUES ("84944ef0-b960-408d-9044-adb909277c7d",
	"febc9f94-3b6c-4d02-a457-b9fe1db2ec81",
	"1f4a0d05-28f4-4c2b-bbd2-032d8dbc5e54",
	"1bfa0dde-2b4c-494f-b4e6-424211948b58",
	"00000000-0000-0000-0000-000000000000");
INSERT INTO SM_TAH
	VALUES ("abda8cb1-5887-44f1-96a1-12bb057ba5bf",
	"febc9f94-3b6c-4d02-a457-b9fe1db2ec81",
	"84944ef0-b960-408d-9044-adb909277c7d");
INSERT INTO SM_AH
	VALUES ("abda8cb1-5887-44f1-96a1-12bb057ba5bf",
	"febc9f94-3b6c-4d02-a457-b9fe1db2ec81");
INSERT INTO SM_ACT
	VALUES ("abda8cb1-5887-44f1-96a1-12bb057ba5bf",
	"febc9f94-3b6c-4d02-a457-b9fe1db2ec81",
	1,
	'',
	'');
INSERT INTO ACT_TAB
	VALUES ("29a03200-325c-4c11-9a0c-00d24d0f55cd",
	"febc9f94-3b6c-4d02-a457-b9fe1db2ec81",
	"abda8cb1-5887-44f1-96a1-12bb057ba5bf");
INSERT INTO ACT_ACT
	VALUES ("29a03200-325c-4c11-9a0c-00d24d0f55cd",
	'transition',
	0,
	"2923b9b2-7794-4246-9e20-a7fbd7163337",
	"00000000-0000-0000-0000-000000000000",
	0,
	'DE1: enable_drive',
	"00000000-0000-0000-0000-000000000000");
INSERT INTO ACT_BLK
	VALUES ("2923b9b2-7794-4246-9e20-a7fbd7163337",
	0,
	0,
	0,
	'',
	'',
	'',
	0,
	0,
	0,
	0,
	0,
	0,
	0,
	0,
	0,
	0,
	0,
	0,
	0,
	"29a03200-325c-4c11-9a0c-00d24d0f55cd",
	"00000000-0000-0000-0000-000000000000");
INSERT INTO SM_TXN
	VALUES ("84944ef0-b960-408d-9044-adb909277c7d",
	"febc9f94-3b6c-4d02-a457-b9fe1db2ec81",
	"e4110d43-3a05-48ca-b4fc-32029715e9d8",
	"00000000-0000-0000-0000-000000000000");
INSERT INTO SM_NSTXN
	VALUES ("f6ebbd5c-128e-40e0-a205-35a7971df13a",
	"febc9f94-3b6c-4d02-a457-b9fe1db2ec81",
	"e4110d43-3a05-48ca-b4fc-32029715e9d8",
	"f9b93292-003a-48a7-89c2-b93923f44c6f",
	"00000000-0000-0000-0000-000000000000");
INSERT INTO SM_TAH
	VALUES ("67f54b04-0326-4279-b106-bedcc1391fb1",
	"febc9f94-3b6c-4d02-a457-b9fe1db2ec81",
	"f6ebbd5c-128e-40e0-a205-35a7971df13a");
INSERT INTO SM_AH
	VALUES ("67f54b04-0326-4279-b106-bedcc1391fb1",
	"febc9f94-3b6c-4d02-a457-b9fe1db2ec81");
INSERT INTO SM_ACT
	VALUES ("67f54b04-0326-4279-b106-bedcc1391fb1",
	"febc9f94-3b6c-4d02-a457-b9fe1db2ec81",
	1,
	'',
	'');
INSERT INTO ACT_TAB
	VALUES ("2daffaae-b551-47ff-9c4b-f8ebc3315da8",
	"febc9f94-3b6c-4d02-a457-b9fe1db2ec81",
	"67f54b04-0326-4279-b106-bedcc1391fb1");
INSERT INTO ACT_ACT
	VALUES ("2daffaae-b551-47ff-9c4b-f8ebc3315da8",
	'transition',
	0,
	"8ded1492-c3dd-457d-9b86-93871c5d758d",
	"00000000-0000-0000-0000-000000000000",
	0,
	'DE3: drive_signals_done',
	"00000000-0000-0000-0000-000000000000");
INSERT INTO ACT_BLK
	VALUES ("8ded1492-c3dd-457d-9b86-93871c5d758d",
	0,
	0,
	0,
	'',
	'',
	'',
	0,
	0,
	0,
	0,
	0,
	0,
	0,
	0,
	0,
	0,
	0,
	0,
	0,
	"2daffaae-b551-47ff-9c4b-f8ebc3315da8",
	"00000000-0000-0000-0000-000000000000");
INSERT INTO SM_TXN
	VALUES ("f6ebbd5c-128e-40e0-a205-35a7971df13a",
	"febc9f94-3b6c-4d02-a457-b9fe1db2ec81",
	"fadfbc81-52aa-4aa4-986f-84ab5d3da143",
	"00000000-0000-0000-0000-000000000000");
INSERT INTO SM_NSTXN
	VALUES ("2e20f630-3c88-40bd-9634-71958eb53869",
	"febc9f94-3b6c-4d02-a457-b9fe1db2ec81",
	"fadfbc81-52aa-4aa4-986f-84ab5d3da143",
	"d601226b-207d-42bd-9a3f-29ca89f4c29d",
	"00000000-0000-0000-0000-000000000000");
INSERT INTO SM_TAH
	VALUES ("66dd18c1-dfe8-43c3-a29a-3f3755711ea3",
	"febc9f94-3b6c-4d02-a457-b9fe1db2ec81",
	"2e20f630-3c88-40bd-9634-71958eb53869");
INSERT INTO SM_AH
	VALUES ("66dd18c1-dfe8-43c3-a29a-3f3755711ea3",
	"febc9f94-3b6c-4d02-a457-b9fe1db2ec81");
INSERT INTO SM_ACT
	VALUES ("66dd18c1-dfe8-43c3-a29a-3f3755711ea3",
	"febc9f94-3b6c-4d02-a457-b9fe1db2ec81",
	1,
	'',
	'');
INSERT INTO ACT_TAB
	VALUES ("68bc76dc-9128-4523-8290-b45052a85911",
	"febc9f94-3b6c-4d02-a457-b9fe1db2ec81",
	"66dd18c1-dfe8-43c3-a29a-3f3755711ea3");
INSERT INTO ACT_ACT
	VALUES ("68bc76dc-9128-4523-8290-b45052a85911",
	'transition',
	0,
	"f95bc2dc-bc27-4aeb-ba33-93158db7adda",
	"00000000-0000-0000-0000-000000000000",
	0,
	'DE2: disable_drive',
	"00000000-0000-0000-0000-000000000000");
INSERT INTO ACT_BLK
	VALUES ("f95bc2dc-bc27-4aeb-ba33-93158db7adda",
	0,
	0,
	0,
	'',
	'',
	'',
	0,
	0,
	0,
	0,
	0,
	0,
	0,
	0,
	0,
	0,
	0,
	0,
	0,
	"68bc76dc-9128-4523-8290-b45052a85911",
	"00000000-0000-0000-0000-000000000000");
INSERT INTO SM_TXN
	VALUES ("2e20f630-3c88-40bd-9634-71958eb53869",
	"febc9f94-3b6c-4d02-a457-b9fe1db2ec81",
	"d5f9463f-1953-4798-8fb3-f5a2e71d28cc",
	"00000000-0000-0000-0000-000000000000");
INSERT INTO SM_NSTXN
	VALUES ("94ecb533-6aa7-449f-a565-f3ad37794441",
	"febc9f94-3b6c-4d02-a457-b9fe1db2ec81",
	"d5f9463f-1953-4798-8fb3-f5a2e71d28cc",
	"1bfa0dde-2b4c-494f-b4e6-424211948b58",
	"00000000-0000-0000-0000-000000000000");
INSERT INTO SM_TAH
	VALUES ("ffae8d3a-13f0-4e96-beac-94b83ec95800",
	"febc9f94-3b6c-4d02-a457-b9fe1db2ec81",
	"94ecb533-6aa7-449f-a565-f3ad37794441");
INSERT INTO SM_AH
	VALUES ("ffae8d3a-13f0-4e96-beac-94b83ec95800",
	"febc9f94-3b6c-4d02-a457-b9fe1db2ec81");
INSERT INTO SM_ACT
	VALUES ("ffae8d3a-13f0-4e96-beac-94b83ec95800",
	"febc9f94-3b6c-4d02-a457-b9fe1db2ec81",
	1,
	'// If the timer is running stop it.

existed = TIM::timer_cancel(timer_inst_ref: self.disable_timer);
',
	'');
INSERT INTO ACT_TAB
	VALUES ("cf23903f-bbf3-47cd-a261-ea1b54860325",
	"febc9f94-3b6c-4d02-a457-b9fe1db2ec81",
	"ffae8d3a-13f0-4e96-beac-94b83ec95800");
INSERT INTO ACT_ACT
	VALUES ("cf23903f-bbf3-47cd-a261-ea1b54860325",
	'transition',
	0,
	"3ffafbb8-e0df-4ea7-b9e4-d9dd0a53a8fc",
	"00000000-0000-0000-0000-000000000000",
	0,
	'DE1: enable_drive',
	"00000000-0000-0000-0000-000000000000");
INSERT INTO ACT_BLK
	VALUES ("3ffafbb8-e0df-4ea7-b9e4-d9dd0a53a8fc",
	0,
	0,
	0,
	'TIM',
	'',
	'',
	3,
	1,
	3,
	11,
	0,
	0,
	0,
	0,
	0,
	0,
	0,
	0,
	0,
	"cf23903f-bbf3-47cd-a261-ea1b54860325",
	"00000000-0000-0000-0000-000000000000");
INSERT INTO ACT_SMT
	VALUES ("44e03af7-682c-4358-84f9-99fdd4079eb9",
	"3ffafbb8-e0df-4ea7-b9e4-d9dd0a53a8fc",
	"00000000-0000-0000-0000-000000000000",
	3,
	1,
	'DE1: enable_drive line: 3');
INSERT INTO ACT_AI
	VALUES ("44e03af7-682c-4358-84f9-99fdd4079eb9",
	"2a519970-a688-41cf-b04b-a450dc6395e6",
	"14be6943-86af-4179-80e0-33ec9a1922e0",
	0,
	0);
INSERT INTO V_VAL
	VALUES ("14be6943-86af-4179-80e0-33ec9a1922e0",
	1,
	1,
	3,
	1,
	7,
	0,
	0,
	0,
	0,
	"ba5eda7a-def5-0000-0000-000000000001",
	"3ffafbb8-e0df-4ea7-b9e4-d9dd0a53a8fc");
INSERT INTO V_TVL
	VALUES ("14be6943-86af-4179-80e0-33ec9a1922e0",
	"2d5e5967-8dc4-4d0a-aa33-01598d535d2e");
INSERT INTO V_VAL
	VALUES ("2a519970-a688-41cf-b04b-a450dc6395e6",
	0,
	0,
	3,
	16,
	-1,
	3,
	29,
	0,
	0,
	"ba5eda7a-def5-0000-0000-000000000001",
	"3ffafbb8-e0df-4ea7-b9e4-d9dd0a53a8fc");
INSERT INTO V_BRV
	VALUES ("2a519970-a688-41cf-b04b-a450dc6395e6",
	"bd8637f9-684e-4f74-9413-5107e204f7e6",
	1,
	3,
	11);
INSERT INTO V_VAL
	VALUES ("25e816a8-c632-46d1-8a76-f17b6043d1ca",
	0,
	0,
	3,
	45,
	48,
	0,
	0,
	0,
	0,
	"ba5eda7a-def5-0000-0000-000000000008",
	"3ffafbb8-e0df-4ea7-b9e4-d9dd0a53a8fc");
INSERT INTO V_IRF
	VALUES ("25e816a8-c632-46d1-8a76-f17b6043d1ca",
	"8e82bad2-a738-4169-b611-870d09da1c18");
INSERT INTO V_VAL
	VALUES ("16f38518-ff17-4142-9bd8-380d11c7f7e1",
	0,
	0,
	3,
	50,
	62,
	0,
	0,
	0,
	0,
	"ba5eda7a-def5-0000-0000-00000000000f",
	"3ffafbb8-e0df-4ea7-b9e4-d9dd0a53a8fc");
INSERT INTO V_AVL
	VALUES ("16f38518-ff17-4142-9bd8-380d11c7f7e1",
	"25e816a8-c632-46d1-8a76-f17b6043d1ca",
	"24a28ec5-7345-4ca1-8347-b0985012fb96",
	"b40034e8-8292-4e21-91ca-411a59def125");
INSERT INTO V_PAR
	VALUES ("16f38518-ff17-4142-9bd8-380d11c7f7e1",
	"00000000-0000-0000-0000-000000000000",
	"2a519970-a688-41cf-b04b-a450dc6395e6",
	'timer_inst_ref',
	"00000000-0000-0000-0000-000000000000",
	3,
	29);
INSERT INTO V_VAR
	VALUES ("2d5e5967-8dc4-4d0a-aa33-01598d535d2e",
	"3ffafbb8-e0df-4ea7-b9e4-d9dd0a53a8fc",
	'existed',
	1,
	"ba5eda7a-def5-0000-0000-000000000001");
INSERT INTO V_TRN
	VALUES ("2d5e5967-8dc4-4d0a-aa33-01598d535d2e",
	"00000000-0000-0000-0000-000000000000",
	'');
INSERT INTO V_VAR
	VALUES ("8e82bad2-a738-4169-b611-870d09da1c18",
	"3ffafbb8-e0df-4ea7-b9e4-d9dd0a53a8fc",
	'self',
	1,
	"ba5eda7a-def5-0000-0000-000000000008");
INSERT INTO V_INT
	VALUES ("8e82bad2-a738-4169-b611-870d09da1c18",
	0,
	"24a28ec5-7345-4ca1-8347-b0985012fb96");
INSERT INTO SM_TXN
	VALUES ("94ecb533-6aa7-449f-a565-f3ad37794441",
	"febc9f94-3b6c-4d02-a457-b9fe1db2ec81",
	"fadfbc81-52aa-4aa4-986f-84ab5d3da143",
	"00000000-0000-0000-0000-000000000000");
INSERT INTO SM_NSTXN
	VALUES ("5fadf8f1-c1ca-4716-8e3a-4a41166b106e",
	"febc9f94-3b6c-4d02-a457-b9fe1db2ec81",
	"d5f9463f-1953-4798-8fb3-f5a2e71d28cc",
	"79e5c184-6550-4e83-b4a4-910d58ffae58",
	"00000000-0000-0000-0000-000000000000");
INSERT INTO SM_TAH
	VALUES ("30c14457-046b-43bf-8989-7bf219cb91e0",
	"febc9f94-3b6c-4d02-a457-b9fe1db2ec81",
	"5fadf8f1-c1ca-4716-8e3a-4a41166b106e");
INSERT INTO SM_AH
	VALUES ("30c14457-046b-43bf-8989-7bf219cb91e0",
	"febc9f94-3b6c-4d02-a457-b9fe1db2ec81");
INSERT INTO SM_ACT
	VALUES ("30c14457-046b-43bf-8989-7bf219cb91e0",
	"febc9f94-3b6c-4d02-a457-b9fe1db2ec81",
	1,
	'',
	'');
INSERT INTO ACT_TAB
	VALUES ("8a6e618d-483f-46b4-9c75-174b21c8e106",
	"febc9f94-3b6c-4d02-a457-b9fe1db2ec81",
	"30c14457-046b-43bf-8989-7bf219cb91e0");
INSERT INTO ACT_ACT
	VALUES ("8a6e618d-483f-46b4-9c75-174b21c8e106",
	'transition',
	0,
	"22f748c9-495a-4cd9-ae8a-6810d05fd25f",
	"00000000-0000-0000-0000-000000000000",
	0,
	'DE4: delay_timer_expired',
	"00000000-0000-0000-0000-000000000000");
INSERT INTO ACT_BLK
	VALUES ("22f748c9-495a-4cd9-ae8a-6810d05fd25f",
	0,
	0,
	0,
	'',
	'',
	'',
	0,
	0,
	0,
	0,
	0,
	0,
	0,
	0,
	0,
	0,
	0,
	0,
	0,
	"8a6e618d-483f-46b4-9c75-174b21c8e106",
	"00000000-0000-0000-0000-000000000000");
INSERT INTO SM_TXN
	VALUES ("5fadf8f1-c1ca-4716-8e3a-4a41166b106e",
	"febc9f94-3b6c-4d02-a457-b9fe1db2ec81",
	"8f8d9517-63e0-4736-a26d-353b87454ae3",
	"00000000-0000-0000-0000-000000000000");
INSERT INTO SM_NSTXN
	VALUES ("dc4748f2-841f-4b4e-aa57-89f7b249265f",
	"febc9f94-3b6c-4d02-a457-b9fe1db2ec81",
	"8f8d9517-63e0-4736-a26d-353b87454ae3",
	"f9b93292-003a-48a7-89c2-b93923f44c6f",
	"00000000-0000-0000-0000-000000000000");
INSERT INTO SM_TAH
	VALUES ("1180aede-ae18-4ff6-93a1-b22a11fb5da2",
	"febc9f94-3b6c-4d02-a457-b9fe1db2ec81",
	"dc4748f2-841f-4b4e-aa57-89f7b249265f");
INSERT INTO SM_AH
	VALUES ("1180aede-ae18-4ff6-93a1-b22a11fb5da2",
	"febc9f94-3b6c-4d02-a457-b9fe1db2ec81");
INSERT INTO SM_ACT
	VALUES ("1180aede-ae18-4ff6-93a1-b22a11fb5da2",
	"febc9f94-3b6c-4d02-a457-b9fe1db2ec81",
	1,
	'',
	'');
INSERT INTO ACT_TAB
	VALUES ("c29a59aa-1a28-4cc7-ac1f-62f3071c72f8",
	"febc9f94-3b6c-4d02-a457-b9fe1db2ec81",
	"1180aede-ae18-4ff6-93a1-b22a11fb5da2");
INSERT INTO ACT_ACT
	VALUES ("c29a59aa-1a28-4cc7-ac1f-62f3071c72f8",
	'transition',
	0,
	"06990614-3bca-4be8-b6a4-f91067a572ff",
	"00000000-0000-0000-0000-000000000000",
	0,
	'DE3: drive_signals_done',
	"00000000-0000-0000-0000-000000000000");
INSERT INTO ACT_BLK
	VALUES ("06990614-3bca-4be8-b6a4-f91067a572ff",
	0,
	0,
	0,
	'',
	'',
	'',
	0,
	0,
	0,
	0,
	0,
	0,
	0,
	0,
	0,
	0,
	0,
	0,
	0,
	"c29a59aa-1a28-4cc7-ac1f-62f3071c72f8",
	"00000000-0000-0000-0000-000000000000");
INSERT INTO SM_TXN
	VALUES ("dc4748f2-841f-4b4e-aa57-89f7b249265f",
	"febc9f94-3b6c-4d02-a457-b9fe1db2ec81",
	"1f4a0d05-28f4-4c2b-bbd2-032d8dbc5e54",
	"00000000-0000-0000-0000-000000000000");
INSERT INTO SM_NSTXN
	VALUES ("2a6be669-f242-496e-adbb-6dab8002931b",
	"febc9f94-3b6c-4d02-a457-b9fe1db2ec81",
	"fadfbc81-52aa-4aa4-986f-84ab5d3da143",
	"1bfa0dde-2b4c-494f-b4e6-424211948b58",
	"00000000-0000-0000-0000-000000000000");
INSERT INTO SM_TAH
	VALUES ("ecfb6e85-046c-4bfd-8770-655fe9dc6a8b",
	"febc9f94-3b6c-4d02-a457-b9fe1db2ec81",
	"2a6be669-f242-496e-adbb-6dab8002931b");
INSERT INTO SM_AH
	VALUES ("ecfb6e85-046c-4bfd-8770-655fe9dc6a8b",
	"febc9f94-3b6c-4d02-a457-b9fe1db2ec81");
INSERT INTO SM_ACT
	VALUES ("ecfb6e85-046c-4bfd-8770-655fe9dc6a8b",
	"febc9f94-3b6c-4d02-a457-b9fe1db2ec81",
	1,
	'',
	'');
INSERT INTO ACT_TAB
	VALUES ("e012f75b-113d-4e09-8772-dfb4b9b3555e",
	"febc9f94-3b6c-4d02-a457-b9fe1db2ec81",
	"ecfb6e85-046c-4bfd-8770-655fe9dc6a8b");
INSERT INTO ACT_ACT
	VALUES ("e012f75b-113d-4e09-8772-dfb4b9b3555e",
	'transition',
	0,
	"7b138819-8305-4a1e-9ae1-2bda098e4533",
	"00000000-0000-0000-0000-000000000000",
	0,
	'DE1: enable_drive',
	"00000000-0000-0000-0000-000000000000");
INSERT INTO ACT_BLK
	VALUES ("7b138819-8305-4a1e-9ae1-2bda098e4533",
	0,
	0,
	0,
	'',
	'',
	'',
	0,
	0,
	0,
	0,
	0,
	0,
	0,
	0,
	0,
	0,
	0,
	0,
	0,
	"e012f75b-113d-4e09-8772-dfb4b9b3555e",
	"00000000-0000-0000-0000-000000000000");
INSERT INTO SM_TXN
	VALUES ("2a6be669-f242-496e-adbb-6dab8002931b",
	"febc9f94-3b6c-4d02-a457-b9fe1db2ec81",
	"fadfbc81-52aa-4aa4-986f-84ab5d3da143",
	"00000000-0000-0000-0000-000000000000");
INSERT INTO PE_PE
	VALUES ("2c316b02-82aa-4180-85c1-8a7210c4779b",
	1,
	"c817c574-2133-4f0d-a669-d4ef72db35fd",
	"00000000-0000-0000-0000-000000000000",
	4);
INSERT INTO O_OBJ
	VALUES ("2c316b02-82aa-4180-85c1-8a7210c4779b",
	'Fault',
	6,
	'FLT',
	'',
	"00000000-0000-0000-0000-000000000000");
INSERT INTO O_ID
	VALUES (0,
	"2c316b02-82aa-4180-85c1-8a7210c4779b");
INSERT INTO O_ID
	VALUES (1,
	"2c316b02-82aa-4180-85c1-8a7210c4779b");
INSERT INTO O_ID
	VALUES (2,
	"2c316b02-82aa-4180-85c1-8a7210c4779b");
INSERT INTO PE_PE
	VALUES ("c02d1cb3-12e0-4223-a447-70dcaea7913a",
	1,
	"c817c574-2133-4f0d-a669-d4ef72db35fd",
	"00000000-0000-0000-0000-000000000000",
	4);
INSERT INTO O_OBJ
	VALUES ("c02d1cb3-12e0-4223-a447-70dcaea7913a",
	'Motion Controller',
	3,
	'MC',
	'',
	"00000000-0000-0000-0000-000000000000");
INSERT INTO O_NBATTR
	VALUES ("b18005a7-59ba-4f38-bc59-f7a0288150fa",
	"c02d1cb3-12e0-4223-a447-70dcaea7913a");
INSERT INTO O_BATTR
	VALUES ("b18005a7-59ba-4f38-bc59-f7a0288150fa",
	"c02d1cb3-12e0-4223-a447-70dcaea7913a");
INSERT INTO O_ATTR
	VALUES ("b18005a7-59ba-4f38-bc59-f7a0288150fa",
	"c02d1cb3-12e0-4223-a447-70dcaea7913a",
	"00000000-0000-0000-0000-000000000000",
	'current_state',
	'',
	'',
	'current_state',
	0,
	"ba5eda7a-def5-0000-0000-000000000006",
	'',
	'');
INSERT INTO O_NBATTR
	VALUES ("c274b3f2-ed9f-47bb-886d-6476415b6be6",
	"c02d1cb3-12e0-4223-a447-70dcaea7913a");
INSERT INTO O_BATTR
	VALUES ("c274b3f2-ed9f-47bb-886d-6476415b6be6",
	"c02d1cb3-12e0-4223-a447-70dcaea7913a");
INSERT INTO O_ATTR
	VALUES ("c274b3f2-ed9f-47bb-886d-6476415b6be6",
	"c02d1cb3-12e0-4223-a447-70dcaea7913a",
	"b18005a7-59ba-4f38-bc59-f7a0288150fa",
	'move_timer',
	'',
	'',
	'move_timer',
	0,
	"ba5eda7a-def5-0000-0000-00000000000f",
	'',
	'');
INSERT INTO O_NBATTR
	VALUES ("7010a08f-f964-41a3-920b-629dc5b57e18",
	"c02d1cb3-12e0-4223-a447-70dcaea7913a");
INSERT INTO O_BATTR
	VALUES ("7010a08f-f964-41a3-920b-629dc5b57e18",
	"c02d1cb3-12e0-4223-a447-70dcaea7913a");
INSERT INTO O_ATTR
	VALUES ("7010a08f-f964-41a3-920b-629dc5b57e18",
	"c02d1cb3-12e0-4223-a447-70dcaea7913a",
	"c274b3f2-ed9f-47bb-886d-6476415b6be6",
	'move_duration',
	'',
	'',
	'move_duration',
	0,
	"ba5eda7a-def5-0000-0000-000000000002",
	'',
	'');
INSERT INTO O_ID
	VALUES (0,
	"c02d1cb3-12e0-4223-a447-70dcaea7913a");
INSERT INTO O_ID
	VALUES (1,
	"c02d1cb3-12e0-4223-a447-70dcaea7913a");
INSERT INTO O_ID
	VALUES (2,
	"c02d1cb3-12e0-4223-a447-70dcaea7913a");
INSERT INTO SM_ISM
	VALUES ("eb7f4d95-bab2-4a0d-b8db-3a9bb0849745",
	"c02d1cb3-12e0-4223-a447-70dcaea7913a");
INSERT INTO SM_SM
	VALUES ("eb7f4d95-bab2-4a0d-b8db-3a9bb0849745",
	'',
	0);
INSERT INTO SM_MOORE
	VALUES ("eb7f4d95-bab2-4a0d-b8db-3a9bb0849745");
INSERT INTO SM_EVTDI
	VALUES ("b9ab1313-ee4f-4ce3-a5ca-0cea96e80b32",
	"eb7f4d95-bab2-4a0d-b8db-3a9bb0849745",
	'direction',
	'',
	"10a457d6-e25e-4dbe-a48f-0682e976c4bf",
	'',
	"6172416d-f512-4f84-ab4a-c62f8b123daa",
	"00000000-0000-0000-0000-000000000000");
INSERT INTO SM_EVTDI
	VALUES ("ad83f626-27fb-4c93-8b8f-e1e3c2989df7",
	"eb7f4d95-bab2-4a0d-b8db-3a9bb0849745",
	'velocity',
	'',
	"ba5eda7a-def5-0000-0000-000000000002",
	'',
	"6172416d-f512-4f84-ab4a-c62f8b123daa",
	"b9ab1313-ee4f-4ce3-a5ca-0cea96e80b32");
INSERT INTO SM_EVTDI
	VALUES ("8306a143-f7dd-46d0-88a4-3f67f088ba10",
	"eb7f4d95-bab2-4a0d-b8db-3a9bb0849745",
	'acceleration',
	'',
	"ba5eda7a-def5-0000-0000-000000000002",
	'',
	"6172416d-f512-4f84-ab4a-c62f8b123daa",
	"ad83f626-27fb-4c93-8b8f-e1e3c2989df7");
INSERT INTO SM_EVTDI
	VALUES ("89b9c450-c5c3-48ec-b37c-c6eb938faa67",
	"eb7f4d95-bab2-4a0d-b8db-3a9bb0849745",
	'duration',
	'',
	"ba5eda7a-def5-0000-0000-000000000002",
	'',
	"6172416d-f512-4f84-ab4a-c62f8b123daa",
	"8306a143-f7dd-46d0-88a4-3f67f088ba10");
INSERT INTO SM_LEVT
	VALUES ("6172416d-f512-4f84-ab4a-c62f8b123daa",
	"eb7f4d95-bab2-4a0d-b8db-3a9bb0849745",
	"00000000-0000-0000-0000-000000000000");
INSERT INTO SM_SEVT
	VALUES ("6172416d-f512-4f84-ab4a-c62f8b123daa",
	"eb7f4d95-bab2-4a0d-b8db-3a9bb0849745",
	"00000000-0000-0000-0000-000000000000");
INSERT INTO SM_EVT
	VALUES ("6172416d-f512-4f84-ab4a-c62f8b123daa",
	"eb7f4d95-bab2-4a0d-b8db-3a9bb0849745",
	"00000000-0000-0000-0000-000000000000",
	1,
	'jog_cmd',
	0,
	'',
	'MC1',
	'');
INSERT INTO SM_LEVT
	VALUES ("b5187c96-8b8e-4552-87eb-dff3560f9610",
	"eb7f4d95-bab2-4a0d-b8db-3a9bb0849745",
	"00000000-0000-0000-0000-000000000000");
INSERT INTO SM_SEVT
	VALUES ("b5187c96-8b8e-4552-87eb-dff3560f9610",
	"eb7f4d95-bab2-4a0d-b8db-3a9bb0849745",
	"00000000-0000-0000-0000-000000000000");
INSERT INTO SM_EVT
	VALUES ("b5187c96-8b8e-4552-87eb-dff3560f9610",
	"eb7f4d95-bab2-4a0d-b8db-3a9bb0849745",
	"00000000-0000-0000-0000-000000000000",
	2,
	'drive_in_progress',
	0,
	'',
	'MC2',
	'');
INSERT INTO SM_LEVT
	VALUES ("807e8557-71b7-4ac2-a36b-93e5e8d3ca83",
	"eb7f4d95-bab2-4a0d-b8db-3a9bb0849745",
	"00000000-0000-0000-0000-000000000000");
INSERT INTO SM_SEVT
	VALUES ("807e8557-71b7-4ac2-a36b-93e5e8d3ca83",
	"eb7f4d95-bab2-4a0d-b8db-3a9bb0849745",
	"00000000-0000-0000-0000-000000000000");
INSERT INTO SM_EVT
	VALUES ("807e8557-71b7-4ac2-a36b-93e5e8d3ca83",
	"eb7f4d95-bab2-4a0d-b8db-3a9bb0849745",
	"00000000-0000-0000-0000-000000000000",
	3,
	'end_move',
	0,
	'',
	'MC3',
	'');
INSERT INTO SM_LEVT
	VALUES ("3f2ad4ba-a496-4755-ae91-3be2bc81897e",
	"eb7f4d95-bab2-4a0d-b8db-3a9bb0849745",
	"00000000-0000-0000-0000-000000000000");
INSERT INTO SM_SEVT
	VALUES ("3f2ad4ba-a496-4755-ae91-3be2bc81897e",
	"eb7f4d95-bab2-4a0d-b8db-3a9bb0849745",
	"00000000-0000-0000-0000-000000000000");
INSERT INTO SM_EVT
	VALUES ("3f2ad4ba-a496-4755-ae91-3be2bc81897e",
	"eb7f4d95-bab2-4a0d-b8db-3a9bb0849745",
	"00000000-0000-0000-0000-000000000000",
	4,
	'drive_done',
	0,
	'',
	'MC4',
	'');
INSERT INTO SM_STATE
	VALUES ("bee7428e-1722-4088-bc05-cb22ee8d6e82",
	"eb7f4d95-bab2-4a0d-b8db-3a9bb0849745",
	"00000000-0000-0000-0000-000000000000",
	'Idle',
	1,
	0);
INSERT INTO SM_SEME
	VALUES ("bee7428e-1722-4088-bc05-cb22ee8d6e82",
	"6172416d-f512-4f84-ab4a-c62f8b123daa",
	"eb7f4d95-bab2-4a0d-b8db-3a9bb0849745",
	"00000000-0000-0000-0000-000000000000");
INSERT INTO SM_CH
	VALUES ("bee7428e-1722-4088-bc05-cb22ee8d6e82",
	"b5187c96-8b8e-4552-87eb-dff3560f9610",
	"eb7f4d95-bab2-4a0d-b8db-3a9bb0849745",
	"00000000-0000-0000-0000-000000000000",
	'');
INSERT INTO SM_SEME
	VALUES ("bee7428e-1722-4088-bc05-cb22ee8d6e82",
	"b5187c96-8b8e-4552-87eb-dff3560f9610",
	"eb7f4d95-bab2-4a0d-b8db-3a9bb0849745",
	"00000000-0000-0000-0000-000000000000");
INSERT INTO SM_CH
	VALUES ("bee7428e-1722-4088-bc05-cb22ee8d6e82",
	"807e8557-71b7-4ac2-a36b-93e5e8d3ca83",
	"eb7f4d95-bab2-4a0d-b8db-3a9bb0849745",
	"00000000-0000-0000-0000-000000000000",
	'');
INSERT INTO SM_SEME
	VALUES ("bee7428e-1722-4088-bc05-cb22ee8d6e82",
	"807e8557-71b7-4ac2-a36b-93e5e8d3ca83",
	"eb7f4d95-bab2-4a0d-b8db-3a9bb0849745",
	"00000000-0000-0000-0000-000000000000");
INSERT INTO SM_EIGN
	VALUES ("bee7428e-1722-4088-bc05-cb22ee8d6e82",
	"3f2ad4ba-a496-4755-ae91-3be2bc81897e",
	"eb7f4d95-bab2-4a0d-b8db-3a9bb0849745",
	"00000000-0000-0000-0000-000000000000",
	'');
INSERT INTO SM_SEME
	VALUES ("bee7428e-1722-4088-bc05-cb22ee8d6e82",
	"3f2ad4ba-a496-4755-ae91-3be2bc81897e",
	"eb7f4d95-bab2-4a0d-b8db-3a9bb0849745",
	"00000000-0000-0000-0000-000000000000");
INSERT INTO SM_MOAH
	VALUES ("b2454539-4c60-442c-9572-2c9f799a842f",
	"eb7f4d95-bab2-4a0d-b8db-3a9bb0849745",
	"bee7428e-1722-4088-bc05-cb22ee8d6e82");
INSERT INTO SM_AH
	VALUES ("b2454539-4c60-442c-9572-2c9f799a842f",
	"eb7f4d95-bab2-4a0d-b8db-3a9bb0849745");
INSERT INTO SM_ACT
	VALUES ("b2454539-4c60-442c-9572-2c9f799a842f",
	"eb7f4d95-bab2-4a0d-b8db-3a9bb0849745",
	1,
	'generate MI_A3:motion_complete() to MI assigner;

',
	'');
INSERT INTO ACT_SAB
	VALUES ("8214b999-30b9-4657-84a0-7a36df1ee976",
	"eb7f4d95-bab2-4a0d-b8db-3a9bb0849745",
	"b2454539-4c60-442c-9572-2c9f799a842f");
INSERT INTO ACT_ACT
	VALUES ("8214b999-30b9-4657-84a0-7a36df1ee976",
	'state',
	0,
	"ca23c49b-8c76-4a75-b261-4eb68662fe47",
	"00000000-0000-0000-0000-000000000000",
	0,
	'Motion Controller::Idle',
	"00000000-0000-0000-0000-000000000000");
INSERT INTO ACT_BLK
	VALUES ("ca23c49b-8c76-4a75-b261-4eb68662fe47",
	0,
	0,
	0,
	'',
	'',
	'',
	1,
	1,
	1,
	37,
	0,
	0,
	0,
	0,
	0,
	0,
	0,
	0,
	0,
	"8214b999-30b9-4657-84a0-7a36df1ee976",
	"00000000-0000-0000-0000-000000000000");
INSERT INTO ACT_SMT
	VALUES ("ffaac827-a2a2-4f94-abdf-9daa8c15950e",
	"ca23c49b-8c76-4a75-b261-4eb68662fe47",
	"00000000-0000-0000-0000-000000000000",
	1,
	1,
	'Motion Controller::Idle line: 1');
INSERT INTO E_ESS
	VALUES ("ffaac827-a2a2-4f94-abdf-9daa8c15950e",
	1,
	0,
	1,
	10,
	1,
	16,
	1,
	37,
	0,
	0,
	0,
	0);
INSERT INTO E_GES
	VALUES ("ffaac827-a2a2-4f94-abdf-9daa8c15950e");
INSERT INTO E_GSME
	VALUES ("ffaac827-a2a2-4f94-abdf-9daa8c15950e",
	"3008ae13-aca7-430a-959e-887e3f0dca1a");
INSERT INTO E_GAR
	VALUES ("ffaac827-a2a2-4f94-abdf-9daa8c15950e");
INSERT INTO SM_STATE
	VALUES ("976c10bd-71b8-4fb2-b07c-d37efb272355",
	"eb7f4d95-bab2-4a0d-b8db-3a9bb0849745",
	"00000000-0000-0000-0000-000000000000",
	'InitiateMove',
	2,
	0);
INSERT INTO SM_CH
	VALUES ("976c10bd-71b8-4fb2-b07c-d37efb272355",
	"6172416d-f512-4f84-ab4a-c62f8b123daa",
	"eb7f4d95-bab2-4a0d-b8db-3a9bb0849745",
	"00000000-0000-0000-0000-000000000000",
	'');
INSERT INTO SM_SEME
	VALUES ("976c10bd-71b8-4fb2-b07c-d37efb272355",
	"6172416d-f512-4f84-ab4a-c62f8b123daa",
	"eb7f4d95-bab2-4a0d-b8db-3a9bb0849745",
	"00000000-0000-0000-0000-000000000000");
INSERT INTO SM_SEME
	VALUES ("976c10bd-71b8-4fb2-b07c-d37efb272355",
	"b5187c96-8b8e-4552-87eb-dff3560f9610",
	"eb7f4d95-bab2-4a0d-b8db-3a9bb0849745",
	"00000000-0000-0000-0000-000000000000");
INSERT INTO SM_CH
	VALUES ("976c10bd-71b8-4fb2-b07c-d37efb272355",
	"807e8557-71b7-4ac2-a36b-93e5e8d3ca83",
	"eb7f4d95-bab2-4a0d-b8db-3a9bb0849745",
	"00000000-0000-0000-0000-000000000000",
	'');
INSERT INTO SM_SEME
	VALUES ("976c10bd-71b8-4fb2-b07c-d37efb272355",
	"807e8557-71b7-4ac2-a36b-93e5e8d3ca83",
	"eb7f4d95-bab2-4a0d-b8db-3a9bb0849745",
	"00000000-0000-0000-0000-000000000000");
INSERT INTO SM_EIGN
	VALUES ("976c10bd-71b8-4fb2-b07c-d37efb272355",
	"3f2ad4ba-a496-4755-ae91-3be2bc81897e",
	"eb7f4d95-bab2-4a0d-b8db-3a9bb0849745",
	"00000000-0000-0000-0000-000000000000",
	'');
INSERT INTO SM_SEME
	VALUES ("976c10bd-71b8-4fb2-b07c-d37efb272355",
	"3f2ad4ba-a496-4755-ae91-3be2bc81897e",
	"eb7f4d95-bab2-4a0d-b8db-3a9bb0849745",
	"00000000-0000-0000-0000-000000000000");
INSERT INTO SM_MOAH
	VALUES ("93361b0c-834a-4ef8-b404-4993c7a01c1d",
	"eb7f4d95-bab2-4a0d-b8db-3a9bb0849745",
	"976c10bd-71b8-4fb2-b07c-d37efb272355");
INSERT INTO SM_AH
	VALUES ("93361b0c-834a-4ef8-b404-4993c7a01c1d",
	"eb7f4d95-bab2-4a0d-b8db-3a9bb0849745");
INSERT INTO SM_ACT
	VALUES ("93361b0c-834a-4ef8-b404-4993c7a01c1d",
	"eb7f4d95-bab2-4a0d-b8db-3a9bb0849745",
	1,
	'/* Start the move. 
*/

// Jog the motor
drive::jog_motor(motor_direction: rcvd_evt.direction,
                        velocity: rcvd_evt.velocity, 
                    acceleration: rcvd_evt.acceleration);

self.move_duration = rcvd_evt.duration;
',
	'');
INSERT INTO ACT_SAB
	VALUES ("88f87361-dd52-4d07-aac1-12d9e0d2fe85",
	"eb7f4d95-bab2-4a0d-b8db-3a9bb0849745",
	"93361b0c-834a-4ef8-b404-4993c7a01c1d");
INSERT INTO ACT_ACT
	VALUES ("88f87361-dd52-4d07-aac1-12d9e0d2fe85",
	'state',
	0,
	"daea0971-0c12-4e76-8af7-7514e74c5892",
	"00000000-0000-0000-0000-000000000000",
	0,
	'Motion Controller::InitiateMove',
	"00000000-0000-0000-0000-000000000000");
INSERT INTO ACT_BLK
	VALUES ("daea0971-0c12-4e76-8af7-7514e74c5892",
	0,
	0,
	0,
	'drive',
	'',
	'',
	9,
	1,
	5,
	1,
	0,
	0,
	0,
	0,
	0,
	0,
	0,
	0,
	0,
	"88f87361-dd52-4d07-aac1-12d9e0d2fe85",
	"00000000-0000-0000-0000-000000000000");
INSERT INTO ACT_SMT
	VALUES ("7d83eb22-7148-4851-9de1-66bcafca53c7",
	"daea0971-0c12-4e76-8af7-7514e74c5892",
	"538ccc1d-4a4b-4b7c-85d6-ca20aa18af80",
	5,
	1,
	'Motion Controller::InitiateMove line: 5');
INSERT INTO ACT_SGN
	VALUES ("7d83eb22-7148-4851-9de1-66bcafca53c7",
	5,
	8,
	5,
	1,
	"00000000-0000-0000-0000-000000000000",
	"583a4c72-8011-425d-a3b9-31a1b6a69c09",
	"00000000-0000-0000-0000-000000000000");
INSERT INTO ACT_SMT
	VALUES ("538ccc1d-4a4b-4b7c-85d6-ca20aa18af80",
	"daea0971-0c12-4e76-8af7-7514e74c5892",
	"00000000-0000-0000-0000-000000000000",
	9,
	1,
	'Motion Controller::InitiateMove line: 9');
INSERT INTO ACT_AI
	VALUES ("538ccc1d-4a4b-4b7c-85d6-ca20aa18af80",
	"5dcd4b71-2e7b-4aac-9061-6daee3a971a3",
	"07dc9f06-ebc5-448a-abc7-c25942e175e7",
	0,
	0);
INSERT INTO V_VAL
	VALUES ("482404c8-396b-4f88-b820-6aa6a702a070",
	0,
	0,
	5,
	44,
	52,
	0,
	0,
	0,
	0,
	"10a457d6-e25e-4dbe-a48f-0682e976c4bf",
	"daea0971-0c12-4e76-8af7-7514e74c5892");
INSERT INTO V_EDV
	VALUES ("482404c8-396b-4f88-b820-6aa6a702a070");
INSERT INTO V_EPR
	VALUES ("482404c8-396b-4f88-b820-6aa6a702a070",
	"eb7f4d95-bab2-4a0d-b8db-3a9bb0849745",
	"b9ab1313-ee4f-4ce3-a5ca-0cea96e80b32",
	"00000000-0000-0000-0000-000000000000");
INSERT INTO V_EPR
	VALUES ("482404c8-396b-4f88-b820-6aa6a702a070",
	"eb7f4d95-bab2-4a0d-b8db-3a9bb0849745",
	"b9ab1313-ee4f-4ce3-a5ca-0cea96e80b32",
	"00000000-0000-0000-0000-000000000000");
INSERT INTO V_PAR
	VALUES ("482404c8-396b-4f88-b820-6aa6a702a070",
	"7d83eb22-7148-4851-9de1-66bcafca53c7",
	"00000000-0000-0000-0000-000000000000",
	'motor_direction',
	"b3a7c24d-4fd0-41e2-908b-2aa89e355057",
	5,
	18);
INSERT INTO V_VAL
	VALUES ("b3a7c24d-4fd0-41e2-908b-2aa89e355057",
	0,
	0,
	6,
	44,
	51,
	0,
	0,
	0,
	0,
	"ba5eda7a-def5-0000-0000-000000000002",
	"daea0971-0c12-4e76-8af7-7514e74c5892");
INSERT INTO V_EDV
	VALUES ("b3a7c24d-4fd0-41e2-908b-2aa89e355057");
INSERT INTO V_EPR
	VALUES ("b3a7c24d-4fd0-41e2-908b-2aa89e355057",
	"eb7f4d95-bab2-4a0d-b8db-3a9bb0849745",
	"ad83f626-27fb-4c93-8b8f-e1e3c2989df7",
	"00000000-0000-0000-0000-000000000000");
INSERT INTO V_EPR
	VALUES ("b3a7c24d-4fd0-41e2-908b-2aa89e355057",
	"eb7f4d95-bab2-4a0d-b8db-3a9bb0849745",
	"ad83f626-27fb-4c93-8b8f-e1e3c2989df7",
	"00000000-0000-0000-0000-000000000000");
INSERT INTO V_PAR
	VALUES ("b3a7c24d-4fd0-41e2-908b-2aa89e355057",
	"7d83eb22-7148-4851-9de1-66bcafca53c7",
	"00000000-0000-0000-0000-000000000000",
	'velocity',
	"374be2de-6215-4511-ad03-4cc59187a1b4",
	6,
	25);
INSERT INTO V_VAL
	VALUES ("374be2de-6215-4511-ad03-4cc59187a1b4",
	0,
	0,
	7,
	44,
	55,
	0,
	0,
	0,
	0,
	"ba5eda7a-def5-0000-0000-000000000002",
	"daea0971-0c12-4e76-8af7-7514e74c5892");
INSERT INTO V_EDV
	VALUES ("374be2de-6215-4511-ad03-4cc59187a1b4");
INSERT INTO V_EPR
	VALUES ("374be2de-6215-4511-ad03-4cc59187a1b4",
	"eb7f4d95-bab2-4a0d-b8db-3a9bb0849745",
	"8306a143-f7dd-46d0-88a4-3f67f088ba10",
	"00000000-0000-0000-0000-000000000000");
INSERT INTO V_EPR
	VALUES ("374be2de-6215-4511-ad03-4cc59187a1b4",
	"eb7f4d95-bab2-4a0d-b8db-3a9bb0849745",
	"8306a143-f7dd-46d0-88a4-3f67f088ba10",
	"00000000-0000-0000-0000-000000000000");
INSERT INTO V_PAR
	VALUES ("374be2de-6215-4511-ad03-4cc59187a1b4",
	"7d83eb22-7148-4851-9de1-66bcafca53c7",
	"00000000-0000-0000-0000-000000000000",
	'acceleration',
	"00000000-0000-0000-0000-000000000000",
	7,
	21);
INSERT INTO V_VAL
	VALUES ("d76e7f9f-8ccc-4c92-b1da-ba4884b44b43",
	1,
	0,
	9,
	1,
	4,
	0,
	0,
	0,
	0,
	"ba5eda7a-def5-0000-0000-000000000008",
	"daea0971-0c12-4e76-8af7-7514e74c5892");
INSERT INTO V_IRF
	VALUES ("d76e7f9f-8ccc-4c92-b1da-ba4884b44b43",
	"01ffbbe4-f32b-42ce-9378-68a3dda4f44a");
INSERT INTO V_VAL
	VALUES ("07dc9f06-ebc5-448a-abc7-c25942e175e7",
	1,
	0,
	9,
	6,
	18,
	0,
	0,
	0,
	0,
	"ba5eda7a-def5-0000-0000-000000000002",
	"daea0971-0c12-4e76-8af7-7514e74c5892");
INSERT INTO V_AVL
	VALUES ("07dc9f06-ebc5-448a-abc7-c25942e175e7",
	"d76e7f9f-8ccc-4c92-b1da-ba4884b44b43",
	"c02d1cb3-12e0-4223-a447-70dcaea7913a",
	"7010a08f-f964-41a3-920b-629dc5b57e18");
INSERT INTO V_VAL
	VALUES ("5dcd4b71-2e7b-4aac-9061-6daee3a971a3",
	0,
	0,
	9,
	31,
	38,
	0,
	0,
	0,
	0,
	"ba5eda7a-def5-0000-0000-000000000002",
	"daea0971-0c12-4e76-8af7-7514e74c5892");
INSERT INTO V_EDV
	VALUES ("5dcd4b71-2e7b-4aac-9061-6daee3a971a3");
INSERT INTO V_EPR
	VALUES ("5dcd4b71-2e7b-4aac-9061-6daee3a971a3",
	"eb7f4d95-bab2-4a0d-b8db-3a9bb0849745",
	"89b9c450-c5c3-48ec-b37c-c6eb938faa67",
	"00000000-0000-0000-0000-000000000000");
INSERT INTO V_EPR
	VALUES ("5dcd4b71-2e7b-4aac-9061-6daee3a971a3",
	"eb7f4d95-bab2-4a0d-b8db-3a9bb0849745",
	"89b9c450-c5c3-48ec-b37c-c6eb938faa67",
	"00000000-0000-0000-0000-000000000000");
INSERT INTO V_VAR
	VALUES ("01ffbbe4-f32b-42ce-9378-68a3dda4f44a",
	"daea0971-0c12-4e76-8af7-7514e74c5892",
	'self',
	1,
	"ba5eda7a-def5-0000-0000-000000000008");
INSERT INTO V_INT
	VALUES ("01ffbbe4-f32b-42ce-9378-68a3dda4f44a",
	0,
	"c02d1cb3-12e0-4223-a447-70dcaea7913a");
INSERT INTO SM_STATE
	VALUES ("977a35f0-27a8-49ca-ba63-f8e62c0bab30",
	"eb7f4d95-bab2-4a0d-b8db-3a9bb0849745",
	"00000000-0000-0000-0000-000000000000",
	'Moving',
	3,
	0);
INSERT INTO SM_SEME
	VALUES ("977a35f0-27a8-49ca-ba63-f8e62c0bab30",
	"6172416d-f512-4f84-ab4a-c62f8b123daa",
	"eb7f4d95-bab2-4a0d-b8db-3a9bb0849745",
	"00000000-0000-0000-0000-000000000000");
INSERT INTO SM_CH
	VALUES ("977a35f0-27a8-49ca-ba63-f8e62c0bab30",
	"b5187c96-8b8e-4552-87eb-dff3560f9610",
	"eb7f4d95-bab2-4a0d-b8db-3a9bb0849745",
	"00000000-0000-0000-0000-000000000000",
	'');
INSERT INTO SM_SEME
	VALUES ("977a35f0-27a8-49ca-ba63-f8e62c0bab30",
	"b5187c96-8b8e-4552-87eb-dff3560f9610",
	"eb7f4d95-bab2-4a0d-b8db-3a9bb0849745",
	"00000000-0000-0000-0000-000000000000");
INSERT INTO SM_SEME
	VALUES ("977a35f0-27a8-49ca-ba63-f8e62c0bab30",
	"807e8557-71b7-4ac2-a36b-93e5e8d3ca83",
	"eb7f4d95-bab2-4a0d-b8db-3a9bb0849745",
	"00000000-0000-0000-0000-000000000000");
INSERT INTO SM_EIGN
	VALUES ("977a35f0-27a8-49ca-ba63-f8e62c0bab30",
	"3f2ad4ba-a496-4755-ae91-3be2bc81897e",
	"eb7f4d95-bab2-4a0d-b8db-3a9bb0849745",
	"00000000-0000-0000-0000-000000000000",
	'');
INSERT INTO SM_SEME
	VALUES ("977a35f0-27a8-49ca-ba63-f8e62c0bab30",
	"3f2ad4ba-a496-4755-ae91-3be2bc81897e",
	"eb7f4d95-bab2-4a0d-b8db-3a9bb0849745",
	"00000000-0000-0000-0000-000000000000");
INSERT INTO SM_MOAH
	VALUES ("6c814479-d305-43d2-9af1-77b753007d20",
	"eb7f4d95-bab2-4a0d-b8db-3a9bb0849745",
	"977a35f0-27a8-49ca-ba63-f8e62c0bab30");
INSERT INTO SM_AH
	VALUES ("6c814479-d305-43d2-9af1-77b753007d20",
	"eb7f4d95-bab2-4a0d-b8db-3a9bb0849745");
INSERT INTO SM_ACT
	VALUES ("6c814479-d305-43d2-9af1-77b753007d20",
	"eb7f4d95-bab2-4a0d-b8db-3a9bb0849745",
	1,
	'/* The move has started.  If a duration is set, start a timer to stop the move
   after the specified amount of time. */
   
if self.move_duration > 0;
   create event instance timer_expired of MC3:end_move() to self;
   self.move_timer = 
            TIM::timer_start(microseconds: self.move_duration * 1000, 
                               event_inst: timer_expired);
end if;
',
	'');
INSERT INTO ACT_SAB
	VALUES ("565de48b-dc0b-4297-9b39-a4d5eb47c5c9",
	"eb7f4d95-bab2-4a0d-b8db-3a9bb0849745",
	"6c814479-d305-43d2-9af1-77b753007d20");
INSERT INTO ACT_ACT
	VALUES ("565de48b-dc0b-4297-9b39-a4d5eb47c5c9",
	'state',
	0,
	"58b2fdbe-0ef5-4146-abcf-7e3282873599",
	"00000000-0000-0000-0000-000000000000",
	0,
	'Motion Controller::Moving',
	"00000000-0000-0000-0000-000000000000");
INSERT INTO ACT_BLK
	VALUES ("58b2fdbe-0ef5-4146-abcf-7e3282873599",
	0,
	0,
	0,
	'',
	'',
	'',
	4,
	1,
	0,
	0,
	0,
	0,
	0,
	0,
	0,
	0,
	0,
	0,
	0,
	"565de48b-dc0b-4297-9b39-a4d5eb47c5c9",
	"00000000-0000-0000-0000-000000000000");
INSERT INTO ACT_SMT
	VALUES ("abbfef2d-b692-4092-bd8b-645288043dbd",
	"58b2fdbe-0ef5-4146-abcf-7e3282873599",
	"00000000-0000-0000-0000-000000000000",
	4,
	1,
	'Motion Controller::Moving line: 4');
INSERT INTO ACT_IF
	VALUES ("abbfef2d-b692-4092-bd8b-645288043dbd",
	"eeb75ea1-1962-47b5-9d2a-8c3183bdb7ad",
	"1966c9cd-514f-47ed-a768-b4caa9698bdb",
	"00000000-0000-0000-0000-000000000000",
	"00000000-0000-0000-0000-000000000000");
INSERT INTO V_VAL
	VALUES ("3e6cc3f5-a4a1-48d2-917e-9d6b950ad21c",
	0,
	0,
	4,
	4,
	7,
	0,
	0,
	0,
	0,
	"ba5eda7a-def5-0000-0000-000000000008",
	"58b2fdbe-0ef5-4146-abcf-7e3282873599");
INSERT INTO V_IRF
	VALUES ("3e6cc3f5-a4a1-48d2-917e-9d6b950ad21c",
	"430edc9e-2b42-43c4-8a20-ed08c95a0d0e");
INSERT INTO V_VAL
	VALUES ("d4f951ce-0d15-479d-b489-4ca130b9151e",
	0,
	0,
	4,
	9,
	21,
	0,
	0,
	0,
	0,
	"ba5eda7a-def5-0000-0000-000000000002",
	"58b2fdbe-0ef5-4146-abcf-7e3282873599");
INSERT INTO V_AVL
	VALUES ("d4f951ce-0d15-479d-b489-4ca130b9151e",
	"3e6cc3f5-a4a1-48d2-917e-9d6b950ad21c",
	"c02d1cb3-12e0-4223-a447-70dcaea7913a",
	"7010a08f-f964-41a3-920b-629dc5b57e18");
INSERT INTO V_VAL
	VALUES ("1966c9cd-514f-47ed-a768-b4caa9698bdb",
	0,
	0,
	-1,
	-1,
	-1,
	0,
	0,
	0,
	0,
	"ba5eda7a-def5-0000-0000-000000000001",
	"58b2fdbe-0ef5-4146-abcf-7e3282873599");
INSERT INTO V_BIN
	VALUES ("1966c9cd-514f-47ed-a768-b4caa9698bdb",
	"cc9f9ea2-93b3-438b-ae4a-147bfe916402",
	"d4f951ce-0d15-479d-b489-4ca130b9151e",
	'>');
INSERT INTO V_VAL
	VALUES ("cc9f9ea2-93b3-438b-ae4a-147bfe916402",
	0,
	0,
	4,
	25,
	25,
	0,
	0,
	0,
	0,
	"ba5eda7a-def5-0000-0000-000000000002",
	"58b2fdbe-0ef5-4146-abcf-7e3282873599");
INSERT INTO V_LIN
	VALUES ("cc9f9ea2-93b3-438b-ae4a-147bfe916402",
	'0');
INSERT INTO V_VAR
	VALUES ("430edc9e-2b42-43c4-8a20-ed08c95a0d0e",
	"58b2fdbe-0ef5-4146-abcf-7e3282873599",
	'self',
	1,
	"ba5eda7a-def5-0000-0000-000000000008");
INSERT INTO V_INT
	VALUES ("430edc9e-2b42-43c4-8a20-ed08c95a0d0e",
	0,
	"c02d1cb3-12e0-4223-a447-70dcaea7913a");
INSERT INTO ACT_BLK
	VALUES ("eeb75ea1-1962-47b5-9d2a-8c3183bdb7ad",
	0,
	0,
	0,
	'TIM',
	'',
	'',
	6,
	4,
	7,
	13,
	0,
	0,
	0,
	0,
	0,
	0,
	0,
	0,
	0,
	"565de48b-dc0b-4297-9b39-a4d5eb47c5c9",
	"00000000-0000-0000-0000-000000000000");
INSERT INTO ACT_SMT
	VALUES ("69ef7201-0696-4af2-adba-546b2f5b9fe1",
	"eeb75ea1-1962-47b5-9d2a-8c3183bdb7ad",
	"5410f972-887c-4ddf-8078-e93f320d00f3",
	5,
	4,
	'Motion Controller::Moving line: 5');
INSERT INTO E_ESS
	VALUES ("69ef7201-0696-4af2-adba-546b2f5b9fe1",
	1,
	0,
	5,
	43,
	5,
	47,
	0,
	0,
	0,
	0,
	0,
	0);
INSERT INTO E_CES
	VALUES ("69ef7201-0696-4af2-adba-546b2f5b9fe1",
	1,
	"f2a98998-7850-4ca1-bc45-b7adf8b075f7");
INSERT INTO E_CSME
	VALUES ("69ef7201-0696-4af2-adba-546b2f5b9fe1",
	"807e8557-71b7-4ac2-a36b-93e5e8d3ca83");
INSERT INTO E_CEI
	VALUES ("69ef7201-0696-4af2-adba-546b2f5b9fe1",
	"430edc9e-2b42-43c4-8a20-ed08c95a0d0e");
INSERT INTO ACT_SMT
	VALUES ("5410f972-887c-4ddf-8078-e93f320d00f3",
	"eeb75ea1-1962-47b5-9d2a-8c3183bdb7ad",
	"00000000-0000-0000-0000-000000000000",
	6,
	4,
	'Motion Controller::Moving line: 6');
INSERT INTO ACT_AI
	VALUES ("5410f972-887c-4ddf-8078-e93f320d00f3",
	"9a14ff72-2136-4fe8-a626-6942cc25ab24",
	"c0fd9cfd-b357-45b8-9b17-0a9526c2a8db",
	0,
	0);
INSERT INTO V_VAL
	VALUES ("9605cb39-2755-4fd1-b81b-eb25f9a3192d",
	1,
	0,
	6,
	4,
	7,
	0,
	0,
	0,
	0,
	"ba5eda7a-def5-0000-0000-000000000008",
	"eeb75ea1-1962-47b5-9d2a-8c3183bdb7ad");
INSERT INTO V_IRF
	VALUES ("9605cb39-2755-4fd1-b81b-eb25f9a3192d",
	"430edc9e-2b42-43c4-8a20-ed08c95a0d0e");
INSERT INTO V_VAL
	VALUES ("c0fd9cfd-b357-45b8-9b17-0a9526c2a8db",
	1,
	0,
	6,
	9,
	18,
	0,
	0,
	0,
	0,
	"ba5eda7a-def5-0000-0000-00000000000f",
	"eeb75ea1-1962-47b5-9d2a-8c3183bdb7ad");
INSERT INTO V_AVL
	VALUES ("c0fd9cfd-b357-45b8-9b17-0a9526c2a8db",
	"9605cb39-2755-4fd1-b81b-eb25f9a3192d",
	"c02d1cb3-12e0-4223-a447-70dcaea7913a",
	"c274b3f2-ed9f-47bb-886d-6476415b6be6");
INSERT INTO V_VAL
	VALUES ("9a14ff72-2136-4fe8-a626-6942cc25ab24",
	0,
	0,
	7,
	18,
	-1,
	7,
	30,
	8,
	32,
	"ba5eda7a-def5-0000-0000-00000000000f",
	"eeb75ea1-1962-47b5-9d2a-8c3183bdb7ad");
INSERT INTO V_BRV
	VALUES ("9a14ff72-2136-4fe8-a626-6942cc25ab24",
	"261a7f46-5b66-4cc2-b1d6-2688a5de6677",
	1,
	7,
	13);
INSERT INTO V_VAL
	VALUES ("434b1511-bdea-415a-bd6a-92de1ec48e2a",
	0,
	0,
	7,
	44,
	47,
	0,
	0,
	0,
	0,
	"ba5eda7a-def5-0000-0000-000000000008",
	"eeb75ea1-1962-47b5-9d2a-8c3183bdb7ad");
INSERT INTO V_IRF
	VALUES ("434b1511-bdea-415a-bd6a-92de1ec48e2a",
	"430edc9e-2b42-43c4-8a20-ed08c95a0d0e");
INSERT INTO V_VAL
	VALUES ("51663b4e-f7a6-4391-b41d-8eb9878085e5",
	0,
	0,
	7,
	49,
	61,
	0,
	0,
	0,
	0,
	"ba5eda7a-def5-0000-0000-000000000002",
	"eeb75ea1-1962-47b5-9d2a-8c3183bdb7ad");
INSERT INTO V_AVL
	VALUES ("51663b4e-f7a6-4391-b41d-8eb9878085e5",
	"434b1511-bdea-415a-bd6a-92de1ec48e2a",
	"c02d1cb3-12e0-4223-a447-70dcaea7913a",
	"7010a08f-f964-41a3-920b-629dc5b57e18");
INSERT INTO V_VAL
	VALUES ("573e61e1-fc97-4c12-822b-84d916760ac1",
	0,
	0,
	-1,
	-1,
	-1,
	0,
	0,
	0,
	0,
	"ba5eda7a-def5-0000-0000-000000000002",
	"eeb75ea1-1962-47b5-9d2a-8c3183bdb7ad");
INSERT INTO V_BIN
	VALUES ("573e61e1-fc97-4c12-822b-84d916760ac1",
	"77125f6b-046a-458b-9c98-5b7b84813f36",
	"51663b4e-f7a6-4391-b41d-8eb9878085e5",
	'*');
INSERT INTO V_PAR
	VALUES ("573e61e1-fc97-4c12-822b-84d916760ac1",
	"00000000-0000-0000-0000-000000000000",
	"9a14ff72-2136-4fe8-a626-6942cc25ab24",
	'microseconds',
	"fecbc268-9553-4a35-b479-3bc518cde7cf",
	7,
	30);
INSERT INTO V_VAL
	VALUES ("77125f6b-046a-458b-9c98-5b7b84813f36",
	0,
	0,
	7,
	65,
	68,
	0,
	0,
	0,
	0,
	"ba5eda7a-def5-0000-0000-000000000002",
	"eeb75ea1-1962-47b5-9d2a-8c3183bdb7ad");
INSERT INTO V_LIN
	VALUES ("77125f6b-046a-458b-9c98-5b7b84813f36",
	'1000');
INSERT INTO V_VAL
	VALUES ("fecbc268-9553-4a35-b479-3bc518cde7cf",
	0,
	0,
	8,
	44,
	56,
	0,
	0,
	0,
	0,
	"ba5eda7a-def5-0000-0000-00000000000a",
	"eeb75ea1-1962-47b5-9d2a-8c3183bdb7ad");
INSERT INTO V_TVL
	VALUES ("fecbc268-9553-4a35-b479-3bc518cde7cf",
	"f2a98998-7850-4ca1-bc45-b7adf8b075f7");
INSERT INTO V_PAR
	VALUES ("fecbc268-9553-4a35-b479-3bc518cde7cf",
	"00000000-0000-0000-0000-000000000000",
	"9a14ff72-2136-4fe8-a626-6942cc25ab24",
	'event_inst',
	"00000000-0000-0000-0000-000000000000",
	8,
	32);
INSERT INTO V_VAR
	VALUES ("f2a98998-7850-4ca1-bc45-b7adf8b075f7",
	"eeb75ea1-1962-47b5-9d2a-8c3183bdb7ad",
	'timer_expired',
	1,
	"ba5eda7a-def5-0000-0000-00000000000a");
INSERT INTO V_TRN
	VALUES ("f2a98998-7850-4ca1-bc45-b7adf8b075f7",
	"00000000-0000-0000-0000-000000000000",
	'');
INSERT INTO SM_STATE
	VALUES ("b591bbaf-26cf-4a9e-ab73-cc603afeab72",
	"eb7f4d95-bab2-4a0d-b8db-3a9bb0849745",
	"00000000-0000-0000-0000-000000000000",
	'InitiateStop',
	4,
	0);
INSERT INTO SM_CH
	VALUES ("b591bbaf-26cf-4a9e-ab73-cc603afeab72",
	"6172416d-f512-4f84-ab4a-c62f8b123daa",
	"eb7f4d95-bab2-4a0d-b8db-3a9bb0849745",
	"00000000-0000-0000-0000-000000000000",
	'');
INSERT INTO SM_SEME
	VALUES ("b591bbaf-26cf-4a9e-ab73-cc603afeab72",
	"6172416d-f512-4f84-ab4a-c62f8b123daa",
	"eb7f4d95-bab2-4a0d-b8db-3a9bb0849745",
	"00000000-0000-0000-0000-000000000000");
INSERT INTO SM_CH
	VALUES ("b591bbaf-26cf-4a9e-ab73-cc603afeab72",
	"b5187c96-8b8e-4552-87eb-dff3560f9610",
	"eb7f4d95-bab2-4a0d-b8db-3a9bb0849745",
	"00000000-0000-0000-0000-000000000000",
	'');
INSERT INTO SM_SEME
	VALUES ("b591bbaf-26cf-4a9e-ab73-cc603afeab72",
	"b5187c96-8b8e-4552-87eb-dff3560f9610",
	"eb7f4d95-bab2-4a0d-b8db-3a9bb0849745",
	"00000000-0000-0000-0000-000000000000");
INSERT INTO SM_CH
	VALUES ("b591bbaf-26cf-4a9e-ab73-cc603afeab72",
	"807e8557-71b7-4ac2-a36b-93e5e8d3ca83",
	"eb7f4d95-bab2-4a0d-b8db-3a9bb0849745",
	"00000000-0000-0000-0000-000000000000",
	'');
INSERT INTO SM_SEME
	VALUES ("b591bbaf-26cf-4a9e-ab73-cc603afeab72",
	"807e8557-71b7-4ac2-a36b-93e5e8d3ca83",
	"eb7f4d95-bab2-4a0d-b8db-3a9bb0849745",
	"00000000-0000-0000-0000-000000000000");
INSERT INTO SM_SEME
	VALUES ("b591bbaf-26cf-4a9e-ab73-cc603afeab72",
	"3f2ad4ba-a496-4755-ae91-3be2bc81897e",
	"eb7f4d95-bab2-4a0d-b8db-3a9bb0849745",
	"00000000-0000-0000-0000-000000000000");
INSERT INTO SM_MOAH
	VALUES ("4666657f-f434-4feb-be95-98f12b08a6fe",
	"eb7f4d95-bab2-4a0d-b8db-3a9bb0849745",
	"b591bbaf-26cf-4a9e-ab73-cc603afeab72");
INSERT INTO SM_AH
	VALUES ("4666657f-f434-4feb-be95-98f12b08a6fe",
	"eb7f4d95-bab2-4a0d-b8db-3a9bb0849745");
INSERT INTO SM_ACT
	VALUES ("4666657f-f434-4feb-be95-98f12b08a6fe",
	"eb7f4d95-bab2-4a0d-b8db-3a9bb0849745",
	1,
	'// Set the motor speed to zero
drive::stop_motor();

',
	'');
INSERT INTO ACT_SAB
	VALUES ("09cb0bc0-59f1-4cfb-9b1d-d484cfc9d07c",
	"eb7f4d95-bab2-4a0d-b8db-3a9bb0849745",
	"4666657f-f434-4feb-be95-98f12b08a6fe");
INSERT INTO ACT_ACT
	VALUES ("09cb0bc0-59f1-4cfb-9b1d-d484cfc9d07c",
	'state',
	0,
	"bf98789f-f0c8-4a39-accf-e3635e4a987f",
	"00000000-0000-0000-0000-000000000000",
	0,
	'Motion Controller::InitiateStop',
	"00000000-0000-0000-0000-000000000000");
INSERT INTO ACT_BLK
	VALUES ("bf98789f-f0c8-4a39-accf-e3635e4a987f",
	0,
	0,
	0,
	'drive',
	'',
	'',
	2,
	1,
	2,
	1,
	0,
	0,
	0,
	0,
	0,
	0,
	0,
	0,
	0,
	"09cb0bc0-59f1-4cfb-9b1d-d484cfc9d07c",
	"00000000-0000-0000-0000-000000000000");
INSERT INTO ACT_SMT
	VALUES ("9a761eff-8040-4ca2-8584-c250de020ea8",
	"bf98789f-f0c8-4a39-accf-e3635e4a987f",
	"00000000-0000-0000-0000-000000000000",
	2,
	1,
	'Motion Controller::InitiateStop line: 2');
INSERT INTO ACT_SGN
	VALUES ("9a761eff-8040-4ca2-8584-c250de020ea8",
	2,
	8,
	2,
	1,
	"00000000-0000-0000-0000-000000000000",
	"0609de86-de27-4cba-826c-ed178dcab4bf",
	"00000000-0000-0000-0000-000000000000");
INSERT INTO SM_NSTXN
	VALUES ("8798986a-ce47-4452-83da-268b9dbf1f3c",
	"eb7f4d95-bab2-4a0d-b8db-3a9bb0849745",
	"976c10bd-71b8-4fb2-b07c-d37efb272355",
	"b5187c96-8b8e-4552-87eb-dff3560f9610",
	"00000000-0000-0000-0000-000000000000");
INSERT INTO SM_TAH
	VALUES ("27efb1a4-d6a7-40e6-ba29-469e5bc6bf29",
	"eb7f4d95-bab2-4a0d-b8db-3a9bb0849745",
	"8798986a-ce47-4452-83da-268b9dbf1f3c");
INSERT INTO SM_AH
	VALUES ("27efb1a4-d6a7-40e6-ba29-469e5bc6bf29",
	"eb7f4d95-bab2-4a0d-b8db-3a9bb0849745");
INSERT INTO SM_ACT
	VALUES ("27efb1a4-d6a7-40e6-ba29-469e5bc6bf29",
	"eb7f4d95-bab2-4a0d-b8db-3a9bb0849745",
	1,
	'',
	'');
INSERT INTO ACT_TAB
	VALUES ("ae7358a0-4bec-4c59-bd31-e1dd3c2522cd",
	"eb7f4d95-bab2-4a0d-b8db-3a9bb0849745",
	"27efb1a4-d6a7-40e6-ba29-469e5bc6bf29");
INSERT INTO ACT_ACT
	VALUES ("ae7358a0-4bec-4c59-bd31-e1dd3c2522cd",
	'transition',
	0,
	"1b251608-9e93-4ed6-b25a-d52d0941412a",
	"00000000-0000-0000-0000-000000000000",
	0,
	'MC2: drive_in_progress',
	"00000000-0000-0000-0000-000000000000");
INSERT INTO ACT_BLK
	VALUES ("1b251608-9e93-4ed6-b25a-d52d0941412a",
	0,
	0,
	0,
	'',
	'',
	'',
	0,
	0,
	0,
	0,
	0,
	0,
	0,
	0,
	0,
	0,
	0,
	0,
	0,
	"ae7358a0-4bec-4c59-bd31-e1dd3c2522cd",
	"00000000-0000-0000-0000-000000000000");
INSERT INTO SM_TXN
	VALUES ("8798986a-ce47-4452-83da-268b9dbf1f3c",
	"eb7f4d95-bab2-4a0d-b8db-3a9bb0849745",
	"977a35f0-27a8-49ca-ba63-f8e62c0bab30",
	"00000000-0000-0000-0000-000000000000");
INSERT INTO SM_NSTXN
	VALUES ("d2f1983c-49cf-48f3-9472-35adb070e53d",
	"eb7f4d95-bab2-4a0d-b8db-3a9bb0849745",
	"977a35f0-27a8-49ca-ba63-f8e62c0bab30",
	"807e8557-71b7-4ac2-a36b-93e5e8d3ca83",
	"00000000-0000-0000-0000-000000000000");
INSERT INTO SM_TAH
	VALUES ("6e290e40-151b-4acf-b41c-d185b316991a",
	"eb7f4d95-bab2-4a0d-b8db-3a9bb0849745",
	"d2f1983c-49cf-48f3-9472-35adb070e53d");
INSERT INTO SM_AH
	VALUES ("6e290e40-151b-4acf-b41c-d185b316991a",
	"eb7f4d95-bab2-4a0d-b8db-3a9bb0849745");
INSERT INTO SM_ACT
	VALUES ("6e290e40-151b-4acf-b41c-d185b316991a",
	"eb7f4d95-bab2-4a0d-b8db-3a9bb0849745",
	1,
	'// If the timer is running stop it.

existed = TIM::timer_cancel(timer_inst_ref: self.move_timer);
',
	'');
INSERT INTO ACT_TAB
	VALUES ("2fde78c5-bd20-47db-bfb6-d0d8675bcc94",
	"eb7f4d95-bab2-4a0d-b8db-3a9bb0849745",
	"6e290e40-151b-4acf-b41c-d185b316991a");
INSERT INTO ACT_ACT
	VALUES ("2fde78c5-bd20-47db-bfb6-d0d8675bcc94",
	'transition',
	0,
	"3dcbc205-8664-45ac-bf83-be247a3ec6f0",
	"00000000-0000-0000-0000-000000000000",
	0,
	'MC3: end_move',
	"00000000-0000-0000-0000-000000000000");
INSERT INTO ACT_BLK
	VALUES ("3dcbc205-8664-45ac-bf83-be247a3ec6f0",
	0,
	0,
	0,
	'TIM',
	'',
	'',
	3,
	1,
	3,
	11,
	0,
	0,
	0,
	0,
	0,
	0,
	0,
	0,
	0,
	"2fde78c5-bd20-47db-bfb6-d0d8675bcc94",
	"00000000-0000-0000-0000-000000000000");
INSERT INTO ACT_SMT
	VALUES ("539ef7c5-4394-4012-b0ff-007e4863babf",
	"3dcbc205-8664-45ac-bf83-be247a3ec6f0",
	"00000000-0000-0000-0000-000000000000",
	3,
	1,
	'MC3: end_move line: 3');
INSERT INTO ACT_AI
	VALUES ("539ef7c5-4394-4012-b0ff-007e4863babf",
	"2c19192a-4318-43ba-b432-629323bdb952",
	"09cdcec7-1fc4-4345-b913-3adf68bec660",
	0,
	0);
INSERT INTO V_VAL
	VALUES ("09cdcec7-1fc4-4345-b913-3adf68bec660",
	1,
	1,
	3,
	1,
	7,
	0,
	0,
	0,
	0,
	"ba5eda7a-def5-0000-0000-000000000001",
	"3dcbc205-8664-45ac-bf83-be247a3ec6f0");
INSERT INTO V_TVL
	VALUES ("09cdcec7-1fc4-4345-b913-3adf68bec660",
	"56768519-ace4-404c-ad7c-04a7115a5348");
INSERT INTO V_VAL
	VALUES ("2c19192a-4318-43ba-b432-629323bdb952",
	0,
	0,
	3,
	16,
	-1,
	3,
	29,
	0,
	0,
	"ba5eda7a-def5-0000-0000-000000000001",
	"3dcbc205-8664-45ac-bf83-be247a3ec6f0");
INSERT INTO V_BRV
	VALUES ("2c19192a-4318-43ba-b432-629323bdb952",
	"bd8637f9-684e-4f74-9413-5107e204f7e6",
	1,
	3,
	11);
INSERT INTO V_VAL
	VALUES ("ce4d019f-b0bf-46a7-b5af-b5e1b4379796",
	0,
	0,
	3,
	45,
	48,
	0,
	0,
	0,
	0,
	"ba5eda7a-def5-0000-0000-000000000008",
	"3dcbc205-8664-45ac-bf83-be247a3ec6f0");
INSERT INTO V_IRF
	VALUES ("ce4d019f-b0bf-46a7-b5af-b5e1b4379796",
	"3e5342b9-4d54-4fe1-905a-b62e8fd94207");
INSERT INTO V_VAL
	VALUES ("316ebf54-2b41-46fc-ad1b-3c756cf7b6ea",
	0,
	0,
	3,
	50,
	59,
	0,
	0,
	0,
	0,
	"ba5eda7a-def5-0000-0000-00000000000f",
	"3dcbc205-8664-45ac-bf83-be247a3ec6f0");
INSERT INTO V_AVL
	VALUES ("316ebf54-2b41-46fc-ad1b-3c756cf7b6ea",
	"ce4d019f-b0bf-46a7-b5af-b5e1b4379796",
	"c02d1cb3-12e0-4223-a447-70dcaea7913a",
	"c274b3f2-ed9f-47bb-886d-6476415b6be6");
INSERT INTO V_PAR
	VALUES ("316ebf54-2b41-46fc-ad1b-3c756cf7b6ea",
	"00000000-0000-0000-0000-000000000000",
	"2c19192a-4318-43ba-b432-629323bdb952",
	'timer_inst_ref',
	"00000000-0000-0000-0000-000000000000",
	3,
	29);
INSERT INTO V_VAR
	VALUES ("56768519-ace4-404c-ad7c-04a7115a5348",
	"3dcbc205-8664-45ac-bf83-be247a3ec6f0",
	'existed',
	1,
	"ba5eda7a-def5-0000-0000-000000000001");
INSERT INTO V_TRN
	VALUES ("56768519-ace4-404c-ad7c-04a7115a5348",
	"00000000-0000-0000-0000-000000000000",
	'');
INSERT INTO V_VAR
	VALUES ("3e5342b9-4d54-4fe1-905a-b62e8fd94207",
	"3dcbc205-8664-45ac-bf83-be247a3ec6f0",
	'self',
	1,
	"ba5eda7a-def5-0000-0000-000000000008");
INSERT INTO V_INT
	VALUES ("3e5342b9-4d54-4fe1-905a-b62e8fd94207",
	0,
	"c02d1cb3-12e0-4223-a447-70dcaea7913a");
INSERT INTO SM_TXN
	VALUES ("d2f1983c-49cf-48f3-9472-35adb070e53d",
	"eb7f4d95-bab2-4a0d-b8db-3a9bb0849745",
	"b591bbaf-26cf-4a9e-ab73-cc603afeab72",
	"00000000-0000-0000-0000-000000000000");
INSERT INTO SM_NSTXN
	VALUES ("d15c0f95-2e3d-4b81-bc04-f8cc1c3e04fb",
	"eb7f4d95-bab2-4a0d-b8db-3a9bb0849745",
	"b591bbaf-26cf-4a9e-ab73-cc603afeab72",
	"3f2ad4ba-a496-4755-ae91-3be2bc81897e",
	"00000000-0000-0000-0000-000000000000");
INSERT INTO SM_TAH
	VALUES ("5c50240a-1677-4979-878b-580d2e8d6483",
	"eb7f4d95-bab2-4a0d-b8db-3a9bb0849745",
	"d15c0f95-2e3d-4b81-bc04-f8cc1c3e04fb");
INSERT INTO SM_AH
	VALUES ("5c50240a-1677-4979-878b-580d2e8d6483",
	"eb7f4d95-bab2-4a0d-b8db-3a9bb0849745");
INSERT INTO SM_ACT
	VALUES ("5c50240a-1677-4979-878b-580d2e8d6483",
	"eb7f4d95-bab2-4a0d-b8db-3a9bb0849745",
	1,
	'',
	'');
INSERT INTO ACT_TAB
	VALUES ("666e0d93-c0a4-4acb-b7f9-00079c072e08",
	"eb7f4d95-bab2-4a0d-b8db-3a9bb0849745",
	"5c50240a-1677-4979-878b-580d2e8d6483");
INSERT INTO ACT_ACT
	VALUES ("666e0d93-c0a4-4acb-b7f9-00079c072e08",
	'transition',
	0,
	"29245481-a343-47ae-9b19-001337ac7dbf",
	"00000000-0000-0000-0000-000000000000",
	0,
	'MC4: drive_done',
	"00000000-0000-0000-0000-000000000000");
INSERT INTO ACT_BLK
	VALUES ("29245481-a343-47ae-9b19-001337ac7dbf",
	0,
	0,
	0,
	'',
	'',
	'',
	0,
	0,
	0,
	0,
	0,
	0,
	0,
	0,
	0,
	0,
	0,
	0,
	0,
	"666e0d93-c0a4-4acb-b7f9-00079c072e08",
	"00000000-0000-0000-0000-000000000000");
INSERT INTO SM_TXN
	VALUES ("d15c0f95-2e3d-4b81-bc04-f8cc1c3e04fb",
	"eb7f4d95-bab2-4a0d-b8db-3a9bb0849745",
	"bee7428e-1722-4088-bc05-cb22ee8d6e82",
	"00000000-0000-0000-0000-000000000000");
INSERT INTO SM_NSTXN
	VALUES ("66975339-4aac-45a6-83f6-3252a70477fe",
	"eb7f4d95-bab2-4a0d-b8db-3a9bb0849745",
	"977a35f0-27a8-49ca-ba63-f8e62c0bab30",
	"6172416d-f512-4f84-ab4a-c62f8b123daa",
	"00000000-0000-0000-0000-000000000000");
INSERT INTO SM_TAH
	VALUES ("548c7b57-be33-48e0-9927-762b3c923324",
	"eb7f4d95-bab2-4a0d-b8db-3a9bb0849745",
	"66975339-4aac-45a6-83f6-3252a70477fe");
INSERT INTO SM_AH
	VALUES ("548c7b57-be33-48e0-9927-762b3c923324",
	"eb7f4d95-bab2-4a0d-b8db-3a9bb0849745");
INSERT INTO SM_ACT
	VALUES ("548c7b57-be33-48e0-9927-762b3c923324",
	"eb7f4d95-bab2-4a0d-b8db-3a9bb0849745",
	1,
	'// If the timer is running stop it.

existed = TIM::timer_cancel(timer_inst_ref: self.move_timer);
',
	'');
INSERT INTO ACT_TAB
	VALUES ("cdff5c0e-562c-4e75-910a-c4a74f99f8c2",
	"eb7f4d95-bab2-4a0d-b8db-3a9bb0849745",
	"548c7b57-be33-48e0-9927-762b3c923324");
INSERT INTO ACT_ACT
	VALUES ("cdff5c0e-562c-4e75-910a-c4a74f99f8c2",
	'transition',
	0,
	"a57e9471-79a6-48e6-b3c8-2985f8f25cc2",
	"00000000-0000-0000-0000-000000000000",
	0,
	'MC1: jog_cmd',
	"00000000-0000-0000-0000-000000000000");
INSERT INTO ACT_BLK
	VALUES ("a57e9471-79a6-48e6-b3c8-2985f8f25cc2",
	0,
	0,
	0,
	'TIM',
	'',
	'',
	3,
	1,
	3,
	11,
	0,
	0,
	0,
	0,
	0,
	0,
	0,
	0,
	0,
	"cdff5c0e-562c-4e75-910a-c4a74f99f8c2",
	"00000000-0000-0000-0000-000000000000");
INSERT INTO ACT_SMT
	VALUES ("855a37ae-58a3-4b71-8d1d-3d3f2c5ac015",
	"a57e9471-79a6-48e6-b3c8-2985f8f25cc2",
	"00000000-0000-0000-0000-000000000000",
	3,
	1,
	'MC1: jog_cmd line: 3');
INSERT INTO ACT_AI
	VALUES ("855a37ae-58a3-4b71-8d1d-3d3f2c5ac015",
	"cce83afc-5dbb-41bb-a014-a2dd35ccaa81",
	"cf301e2a-2973-483c-b198-4a690aff70a9",
	0,
	0);
INSERT INTO V_VAL
	VALUES ("cf301e2a-2973-483c-b198-4a690aff70a9",
	1,
	1,
	3,
	1,
	7,
	0,
	0,
	0,
	0,
	"ba5eda7a-def5-0000-0000-000000000001",
	"a57e9471-79a6-48e6-b3c8-2985f8f25cc2");
INSERT INTO V_TVL
	VALUES ("cf301e2a-2973-483c-b198-4a690aff70a9",
	"ece71dba-bfe5-4413-b95b-1b5b1b32f130");
INSERT INTO V_VAL
	VALUES ("cce83afc-5dbb-41bb-a014-a2dd35ccaa81",
	0,
	0,
	3,
	16,
	-1,
	3,
	29,
	0,
	0,
	"ba5eda7a-def5-0000-0000-000000000001",
	"a57e9471-79a6-48e6-b3c8-2985f8f25cc2");
INSERT INTO V_BRV
	VALUES ("cce83afc-5dbb-41bb-a014-a2dd35ccaa81",
	"bd8637f9-684e-4f74-9413-5107e204f7e6",
	1,
	3,
	11);
INSERT INTO V_VAL
	VALUES ("a3721f5a-8a80-4ee4-8044-6236de428281",
	0,
	0,
	3,
	45,
	48,
	0,
	0,
	0,
	0,
	"ba5eda7a-def5-0000-0000-000000000008",
	"a57e9471-79a6-48e6-b3c8-2985f8f25cc2");
INSERT INTO V_IRF
	VALUES ("a3721f5a-8a80-4ee4-8044-6236de428281",
	"eb472481-8c6e-449d-971c-f852a5c27897");
INSERT INTO V_VAL
	VALUES ("3bb9ab95-17e4-4777-a2d6-d6c729732eb1",
	0,
	0,
	3,
	50,
	59,
	0,
	0,
	0,
	0,
	"ba5eda7a-def5-0000-0000-00000000000f",
	"a57e9471-79a6-48e6-b3c8-2985f8f25cc2");
INSERT INTO V_AVL
	VALUES ("3bb9ab95-17e4-4777-a2d6-d6c729732eb1",
	"a3721f5a-8a80-4ee4-8044-6236de428281",
	"c02d1cb3-12e0-4223-a447-70dcaea7913a",
	"c274b3f2-ed9f-47bb-886d-6476415b6be6");
INSERT INTO V_PAR
	VALUES ("3bb9ab95-17e4-4777-a2d6-d6c729732eb1",
	"00000000-0000-0000-0000-000000000000",
	"cce83afc-5dbb-41bb-a014-a2dd35ccaa81",
	'timer_inst_ref',
	"00000000-0000-0000-0000-000000000000",
	3,
	29);
INSERT INTO V_VAR
	VALUES ("ece71dba-bfe5-4413-b95b-1b5b1b32f130",
	"a57e9471-79a6-48e6-b3c8-2985f8f25cc2",
	'existed',
	1,
	"ba5eda7a-def5-0000-0000-000000000001");
INSERT INTO V_TRN
	VALUES ("ece71dba-bfe5-4413-b95b-1b5b1b32f130",
	"00000000-0000-0000-0000-000000000000",
	'');
INSERT INTO V_VAR
	VALUES ("eb472481-8c6e-449d-971c-f852a5c27897",
	"a57e9471-79a6-48e6-b3c8-2985f8f25cc2",
	'self',
	1,
	"ba5eda7a-def5-0000-0000-000000000008");
INSERT INTO V_INT
	VALUES ("eb472481-8c6e-449d-971c-f852a5c27897",
	0,
	"c02d1cb3-12e0-4223-a447-70dcaea7913a");
INSERT INTO SM_TXN
	VALUES ("66975339-4aac-45a6-83f6-3252a70477fe",
	"eb7f4d95-bab2-4a0d-b8db-3a9bb0849745",
	"976c10bd-71b8-4fb2-b07c-d37efb272355",
	"00000000-0000-0000-0000-000000000000");
INSERT INTO SM_NSTXN
	VALUES ("cfe1e957-e9b2-4515-b22f-3fa3d5e3d0f3",
	"eb7f4d95-bab2-4a0d-b8db-3a9bb0849745",
	"bee7428e-1722-4088-bc05-cb22ee8d6e82",
	"6172416d-f512-4f84-ab4a-c62f8b123daa",
	"00000000-0000-0000-0000-000000000000");
INSERT INTO SM_TAH
	VALUES ("d1332921-b01a-457d-ad0e-58505f80f792",
	"eb7f4d95-bab2-4a0d-b8db-3a9bb0849745",
	"cfe1e957-e9b2-4515-b22f-3fa3d5e3d0f3");
INSERT INTO SM_AH
	VALUES ("d1332921-b01a-457d-ad0e-58505f80f792",
	"eb7f4d95-bab2-4a0d-b8db-3a9bb0849745");
INSERT INTO SM_ACT
	VALUES ("d1332921-b01a-457d-ad0e-58505f80f792",
	"eb7f4d95-bab2-4a0d-b8db-3a9bb0849745",
	1,
	'',
	'');
INSERT INTO ACT_TAB
	VALUES ("063e8514-d86e-4ed1-8d06-1a1e69196901",
	"eb7f4d95-bab2-4a0d-b8db-3a9bb0849745",
	"d1332921-b01a-457d-ad0e-58505f80f792");
INSERT INTO ACT_ACT
	VALUES ("063e8514-d86e-4ed1-8d06-1a1e69196901",
	'transition',
	0,
	"34089119-2dae-491a-8147-fa550361b3b2",
	"00000000-0000-0000-0000-000000000000",
	0,
	'MC1: jog_cmd',
	"00000000-0000-0000-0000-000000000000");
INSERT INTO ACT_BLK
	VALUES ("34089119-2dae-491a-8147-fa550361b3b2",
	0,
	0,
	0,
	'',
	'',
	'',
	0,
	0,
	0,
	0,
	0,
	0,
	0,
	0,
	0,
	0,
	0,
	0,
	0,
	"063e8514-d86e-4ed1-8d06-1a1e69196901",
	"00000000-0000-0000-0000-000000000000");
INSERT INTO SM_TXN
	VALUES ("cfe1e957-e9b2-4515-b22f-3fa3d5e3d0f3",
	"eb7f4d95-bab2-4a0d-b8db-3a9bb0849745",
	"976c10bd-71b8-4fb2-b07c-d37efb272355",
	"00000000-0000-0000-0000-000000000000");
INSERT INTO PE_PE
	VALUES ("dfe1b5b3-3a0f-480b-a325-b52cfcb0fe8c",
	1,
	"c817c574-2133-4f0d-a669-d4ef72db35fd",
	"00000000-0000-0000-0000-000000000000",
	4);
INSERT INTO O_OBJ
	VALUES ("dfe1b5b3-3a0f-480b-a325-b52cfcb0fe8c",
	'Motion Instruction',
	1,
	'MI',
	'',
	"00000000-0000-0000-0000-000000000000");
INSERT INTO O_NBATTR
	VALUES ("51922a8e-bc27-4d40-b936-376a41a55a77",
	"dfe1b5b3-3a0f-480b-a325-b52cfcb0fe8c");
INSERT INTO O_BATTR
	VALUES ("51922a8e-bc27-4d40-b936-376a41a55a77",
	"dfe1b5b3-3a0f-480b-a325-b52cfcb0fe8c");
INSERT INTO O_ATTR
	VALUES ("51922a8e-bc27-4d40-b936-376a41a55a77",
	"dfe1b5b3-3a0f-480b-a325-b52cfcb0fe8c",
	"00000000-0000-0000-0000-000000000000",
	'direction',
	'',
	'',
	'direction',
	0,
	"10a457d6-e25e-4dbe-a48f-0682e976c4bf",
	'',
	'');
INSERT INTO O_NBATTR
	VALUES ("0347a964-930e-4f38-b259-f0af67e98b96",
	"dfe1b5b3-3a0f-480b-a325-b52cfcb0fe8c");
INSERT INTO O_BATTR
	VALUES ("0347a964-930e-4f38-b259-f0af67e98b96",
	"dfe1b5b3-3a0f-480b-a325-b52cfcb0fe8c");
INSERT INTO O_ATTR
	VALUES ("0347a964-930e-4f38-b259-f0af67e98b96",
	"dfe1b5b3-3a0f-480b-a325-b52cfcb0fe8c",
	"51922a8e-bc27-4d40-b936-376a41a55a77",
	'velocity',
	'',
	'',
	'velocity',
	0,
	"ba5eda7a-def5-0000-0000-000000000002",
	'',
	'');
INSERT INTO O_NBATTR
	VALUES ("4acd581b-66cd-4e6b-9ac4-27e3a90db145",
	"dfe1b5b3-3a0f-480b-a325-b52cfcb0fe8c");
INSERT INTO O_BATTR
	VALUES ("4acd581b-66cd-4e6b-9ac4-27e3a90db145",
	"dfe1b5b3-3a0f-480b-a325-b52cfcb0fe8c");
INSERT INTO O_ATTR
	VALUES ("4acd581b-66cd-4e6b-9ac4-27e3a90db145",
	"dfe1b5b3-3a0f-480b-a325-b52cfcb0fe8c",
	"0347a964-930e-4f38-b259-f0af67e98b96",
	'acceleration',
	'',
	'',
	'acceleration',
	0,
	"ba5eda7a-def5-0000-0000-000000000002",
	'',
	'');
INSERT INTO O_NBATTR
	VALUES ("f6922939-f335-4305-b37c-c2c6f6164fcf",
	"dfe1b5b3-3a0f-480b-a325-b52cfcb0fe8c");
INSERT INTO O_BATTR
	VALUES ("f6922939-f335-4305-b37c-c2c6f6164fcf",
	"dfe1b5b3-3a0f-480b-a325-b52cfcb0fe8c");
INSERT INTO O_ATTR
	VALUES ("f6922939-f335-4305-b37c-c2c6f6164fcf",
	"dfe1b5b3-3a0f-480b-a325-b52cfcb0fe8c",
	"4acd581b-66cd-4e6b-9ac4-27e3a90db145",
	'duration',
	'',
	'',
	'duration',
	0,
	"ba5eda7a-def5-0000-0000-000000000002",
	'',
	'');
INSERT INTO O_NBATTR
	VALUES ("6bf67c1a-6e28-4395-b8ac-fa0318bf2983",
	"dfe1b5b3-3a0f-480b-a325-b52cfcb0fe8c");
INSERT INTO O_BATTR
	VALUES ("6bf67c1a-6e28-4395-b8ac-fa0318bf2983",
	"dfe1b5b3-3a0f-480b-a325-b52cfcb0fe8c");
INSERT INTO O_ATTR
	VALUES ("6bf67c1a-6e28-4395-b8ac-fa0318bf2983",
	"dfe1b5b3-3a0f-480b-a325-b52cfcb0fe8c",
	"f6922939-f335-4305-b37c-c2c6f6164fcf",
	'stop1',
	'',
	'',
	'stop1',
	0,
	"ba5eda7a-def5-0000-0000-000000000001",
	'',
	'');
INSERT INTO O_ID
	VALUES (0,
	"dfe1b5b3-3a0f-480b-a325-b52cfcb0fe8c");
INSERT INTO O_ID
	VALUES (1,
	"dfe1b5b3-3a0f-480b-a325-b52cfcb0fe8c");
INSERT INTO O_ID
	VALUES (2,
	"dfe1b5b3-3a0f-480b-a325-b52cfcb0fe8c");
INSERT INTO SM_ASM
	VALUES ("5a2edfda-5dac-45e9-98ac-602254a785c5",
	"dfe1b5b3-3a0f-480b-a325-b52cfcb0fe8c");
INSERT INTO SM_SM
	VALUES ("5a2edfda-5dac-45e9-98ac-602254a785c5",
	'',
	0);
INSERT INTO SM_MOORE
	VALUES ("5a2edfda-5dac-45e9-98ac-602254a785c5");
INSERT INTO SM_LEVT
	VALUES ("9341b575-df48-499a-8a64-fa005bc98da2",
	"5a2edfda-5dac-45e9-98ac-602254a785c5",
	"00000000-0000-0000-0000-000000000000");
INSERT INTO SM_SEVT
	VALUES ("9341b575-df48-499a-8a64-fa005bc98da2",
	"5a2edfda-5dac-45e9-98ac-602254a785c5",
	"00000000-0000-0000-0000-000000000000");
INSERT INTO SM_EVT
	VALUES ("9341b575-df48-499a-8a64-fa005bc98da2",
	"5a2edfda-5dac-45e9-98ac-602254a785c5",
	"00000000-0000-0000-0000-000000000000",
	1,
	'jog_instruction_received',
	0,
	'',
	'MI_A1',
	'');
INSERT INTO SM_LEVT
	VALUES ("bbb4544b-42ac-4da6-8e0d-8403738c41ef",
	"5a2edfda-5dac-45e9-98ac-602254a785c5",
	"00000000-0000-0000-0000-000000000000");
INSERT INTO SM_SEVT
	VALUES ("bbb4544b-42ac-4da6-8e0d-8403738c41ef",
	"5a2edfda-5dac-45e9-98ac-602254a785c5",
	"00000000-0000-0000-0000-000000000000");
INSERT INTO SM_EVT
	VALUES ("bbb4544b-42ac-4da6-8e0d-8403738c41ef",
	"5a2edfda-5dac-45e9-98ac-602254a785c5",
	"00000000-0000-0000-0000-000000000000",
	2,
	'drive_enabled',
	0,
	'',
	'MI_A2',
	'');
INSERT INTO SM_LEVT
	VALUES ("3008ae13-aca7-430a-959e-887e3f0dca1a",
	"5a2edfda-5dac-45e9-98ac-602254a785c5",
	"00000000-0000-0000-0000-000000000000");
INSERT INTO SM_SEVT
	VALUES ("3008ae13-aca7-430a-959e-887e3f0dca1a",
	"5a2edfda-5dac-45e9-98ac-602254a785c5",
	"00000000-0000-0000-0000-000000000000");
INSERT INTO SM_EVT
	VALUES ("3008ae13-aca7-430a-959e-887e3f0dca1a",
	"5a2edfda-5dac-45e9-98ac-602254a785c5",
	"00000000-0000-0000-0000-000000000000",
	3,
	'motion_complete',
	0,
	'',
	'MI_A3',
	'');
INSERT INTO SM_LEVT
	VALUES ("62c43867-4cc0-4f8e-bf6e-7f4fc1466d9e",
	"5a2edfda-5dac-45e9-98ac-602254a785c5",
	"00000000-0000-0000-0000-000000000000");
INSERT INTO SM_SEVT
	VALUES ("62c43867-4cc0-4f8e-bf6e-7f4fc1466d9e",
	"5a2edfda-5dac-45e9-98ac-602254a785c5",
	"00000000-0000-0000-0000-000000000000");
INSERT INTO SM_EVT
	VALUES ("62c43867-4cc0-4f8e-bf6e-7f4fc1466d9e",
	"5a2edfda-5dac-45e9-98ac-602254a785c5",
	"00000000-0000-0000-0000-000000000000",
	5,
	'drive_disabled',
	0,
	'',
	'MI_A5',
	'');
INSERT INTO SM_LEVT
	VALUES ("2dccaa68-b090-4690-96a9-a306c8499a35",
	"5a2edfda-5dac-45e9-98ac-602254a785c5",
	"00000000-0000-0000-0000-000000000000");
INSERT INTO SM_SEVT
	VALUES ("2dccaa68-b090-4690-96a9-a306c8499a35",
	"5a2edfda-5dac-45e9-98ac-602254a785c5",
	"00000000-0000-0000-0000-000000000000");
INSERT INTO SM_EVT
	VALUES ("2dccaa68-b090-4690-96a9-a306c8499a35",
	"5a2edfda-5dac-45e9-98ac-602254a785c5",
	"00000000-0000-0000-0000-000000000000",
	4,
	'drive_disable_lockout',
	0,
	'',
	'MI_A4',
	'');
INSERT INTO SM_STATE
	VALUES ("ee79890e-61cd-43f1-9690-82a27f06f8c5",
	"5a2edfda-5dac-45e9-98ac-602254a785c5",
	"00000000-0000-0000-0000-000000000000",
	'WaitingForInstruction',
	1,
	0);
INSERT INTO SM_SEME
	VALUES ("ee79890e-61cd-43f1-9690-82a27f06f8c5",
	"9341b575-df48-499a-8a64-fa005bc98da2",
	"5a2edfda-5dac-45e9-98ac-602254a785c5",
	"00000000-0000-0000-0000-000000000000");
INSERT INTO SM_CH
	VALUES ("ee79890e-61cd-43f1-9690-82a27f06f8c5",
	"bbb4544b-42ac-4da6-8e0d-8403738c41ef",
	"5a2edfda-5dac-45e9-98ac-602254a785c5",
	"00000000-0000-0000-0000-000000000000",
	'');
INSERT INTO SM_SEME
	VALUES ("ee79890e-61cd-43f1-9690-82a27f06f8c5",
	"bbb4544b-42ac-4da6-8e0d-8403738c41ef",
	"5a2edfda-5dac-45e9-98ac-602254a785c5",
	"00000000-0000-0000-0000-000000000000");
INSERT INTO SM_CH
	VALUES ("ee79890e-61cd-43f1-9690-82a27f06f8c5",
	"3008ae13-aca7-430a-959e-887e3f0dca1a",
	"5a2edfda-5dac-45e9-98ac-602254a785c5",
	"00000000-0000-0000-0000-000000000000",
	'');
INSERT INTO SM_SEME
	VALUES ("ee79890e-61cd-43f1-9690-82a27f06f8c5",
	"3008ae13-aca7-430a-959e-887e3f0dca1a",
	"5a2edfda-5dac-45e9-98ac-602254a785c5",
	"00000000-0000-0000-0000-000000000000");
INSERT INTO SM_CH
	VALUES ("ee79890e-61cd-43f1-9690-82a27f06f8c5",
	"62c43867-4cc0-4f8e-bf6e-7f4fc1466d9e",
	"5a2edfda-5dac-45e9-98ac-602254a785c5",
	"00000000-0000-0000-0000-000000000000",
	'');
INSERT INTO SM_SEME
	VALUES ("ee79890e-61cd-43f1-9690-82a27f06f8c5",
	"62c43867-4cc0-4f8e-bf6e-7f4fc1466d9e",
	"5a2edfda-5dac-45e9-98ac-602254a785c5",
	"00000000-0000-0000-0000-000000000000");
INSERT INTO SM_CH
	VALUES ("ee79890e-61cd-43f1-9690-82a27f06f8c5",
	"2dccaa68-b090-4690-96a9-a306c8499a35",
	"5a2edfda-5dac-45e9-98ac-602254a785c5",
	"00000000-0000-0000-0000-000000000000",
	'');
INSERT INTO SM_SEME
	VALUES ("ee79890e-61cd-43f1-9690-82a27f06f8c5",
	"2dccaa68-b090-4690-96a9-a306c8499a35",
	"5a2edfda-5dac-45e9-98ac-602254a785c5",
	"00000000-0000-0000-0000-000000000000");
INSERT INTO SM_MOAH
	VALUES ("8acac184-73b8-4f43-94b1-b09dc0c9e223",
	"5a2edfda-5dac-45e9-98ac-602254a785c5",
	"ee79890e-61cd-43f1-9690-82a27f06f8c5");
INSERT INTO SM_AH
	VALUES ("8acac184-73b8-4f43-94b1-b09dc0c9e223",
	"5a2edfda-5dac-45e9-98ac-602254a785c5");
INSERT INTO SM_ACT
	VALUES ("8acac184-73b8-4f43-94b1-b09dc0c9e223",
	"5a2edfda-5dac-45e9-98ac-602254a785c5",
	1,
	'select any motion_inst from instances of MI;
if not_empty motion_inst;
   generate MI_A1:jog_instruction_received() to MI assigner;
end if;
',
	'');
INSERT INTO ACT_SAB
	VALUES ("9ede9fc1-a0d0-43dd-b50e-0a277429f386",
	"5a2edfda-5dac-45e9-98ac-602254a785c5",
	"8acac184-73b8-4f43-94b1-b09dc0c9e223");
INSERT INTO ACT_ACT
	VALUES ("9ede9fc1-a0d0-43dd-b50e-0a277429f386",
	'class state',
	0,
	"a2b7fd07-b3e6-4dfd-b780-0ed85456fc7e",
	"00000000-0000-0000-0000-000000000000",
	0,
	'Motion Instruction::WaitingForInstruction',
	"00000000-0000-0000-0000-000000000000");
INSERT INTO ACT_BLK
	VALUES ("a2b7fd07-b3e6-4dfd-b780-0ed85456fc7e",
	1,
	0,
	0,
	'',
	'',
	'',
	2,
	1,
	1,
	42,
	0,
	0,
	0,
	0,
	0,
	0,
	0,
	0,
	0,
	"9ede9fc1-a0d0-43dd-b50e-0a277429f386",
	"00000000-0000-0000-0000-000000000000");
INSERT INTO ACT_SMT
	VALUES ("dc8f358b-7102-4150-81bc-18f391adda38",
	"a2b7fd07-b3e6-4dfd-b780-0ed85456fc7e",
	"395ef4d4-8d8f-48b0-97d4-548665363d5f",
	1,
	1,
	'Motion Instruction::WaitingForInstruction line: 1');
INSERT INTO ACT_FIO
	VALUES ("dc8f358b-7102-4150-81bc-18f391adda38",
	"05c54a93-d9fa-47a8-8ff8-95133876ae3f",
	1,
	'any',
	"dfe1b5b3-3a0f-480b-a325-b52cfcb0fe8c",
	1,
	42);
INSERT INTO ACT_SMT
	VALUES ("395ef4d4-8d8f-48b0-97d4-548665363d5f",
	"a2b7fd07-b3e6-4dfd-b780-0ed85456fc7e",
	"00000000-0000-0000-0000-000000000000",
	2,
	1,
	'Motion Instruction::WaitingForInstruction line: 2');
INSERT INTO ACT_IF
	VALUES ("395ef4d4-8d8f-48b0-97d4-548665363d5f",
	"de670f05-dbea-4407-8f39-2a285659a49f",
	"80ff66d8-3aa5-4a59-bbe1-37a8c4954d3d",
	"00000000-0000-0000-0000-000000000000",
	"00000000-0000-0000-0000-000000000000");
INSERT INTO V_VAL
	VALUES ("dafe1306-330a-4b51-a5e0-504e8b9e8664",
	0,
	0,
	2,
	14,
	24,
	0,
	0,
	0,
	0,
	"ba5eda7a-def5-0000-0000-000000000008",
	"a2b7fd07-b3e6-4dfd-b780-0ed85456fc7e");
INSERT INTO V_IRF
	VALUES ("dafe1306-330a-4b51-a5e0-504e8b9e8664",
	"05c54a93-d9fa-47a8-8ff8-95133876ae3f");
INSERT INTO V_VAL
	VALUES ("80ff66d8-3aa5-4a59-bbe1-37a8c4954d3d",
	0,
	0,
	-1,
	-1,
	-1,
	0,
	0,
	0,
	0,
	"ba5eda7a-def5-0000-0000-000000000001",
	"a2b7fd07-b3e6-4dfd-b780-0ed85456fc7e");
INSERT INTO V_UNY
	VALUES ("80ff66d8-3aa5-4a59-bbe1-37a8c4954d3d",
	"dafe1306-330a-4b51-a5e0-504e8b9e8664",
	'not_empty');
INSERT INTO V_VAR
	VALUES ("05c54a93-d9fa-47a8-8ff8-95133876ae3f",
	"a2b7fd07-b3e6-4dfd-b780-0ed85456fc7e",
	'motion_inst',
	1,
	"ba5eda7a-def5-0000-0000-000000000008");
INSERT INTO V_INT
	VALUES ("05c54a93-d9fa-47a8-8ff8-95133876ae3f",
	0,
	"dfe1b5b3-3a0f-480b-a325-b52cfcb0fe8c");
INSERT INTO ACT_BLK
	VALUES ("de670f05-dbea-4407-8f39-2a285659a49f",
	0,
	0,
	0,
	'',
	'',
	'',
	3,
	4,
	3,
	49,
	0,
	0,
	0,
	0,
	0,
	0,
	0,
	0,
	0,
	"9ede9fc1-a0d0-43dd-b50e-0a277429f386",
	"00000000-0000-0000-0000-000000000000");
INSERT INTO ACT_SMT
	VALUES ("e09a2dfe-406f-4200-9a2b-ecde60c1d740",
	"de670f05-dbea-4407-8f39-2a285659a49f",
	"00000000-0000-0000-0000-000000000000",
	3,
	4,
	'Motion Instruction::WaitingForInstruction line: 3');
INSERT INTO E_ESS
	VALUES ("e09a2dfe-406f-4200-9a2b-ecde60c1d740",
	1,
	0,
	3,
	13,
	3,
	19,
	3,
	49,
	0,
	0,
	0,
	0);
INSERT INTO E_GES
	VALUES ("e09a2dfe-406f-4200-9a2b-ecde60c1d740");
INSERT INTO E_GSME
	VALUES ("e09a2dfe-406f-4200-9a2b-ecde60c1d740",
	"9341b575-df48-499a-8a64-fa005bc98da2");
INSERT INTO E_GAR
	VALUES ("e09a2dfe-406f-4200-9a2b-ecde60c1d740");
INSERT INTO SM_STATE
	VALUES ("d5e563aa-e509-4289-b244-008c1e6f64cc",
	"5a2edfda-5dac-45e9-98ac-602254a785c5",
	"00000000-0000-0000-0000-000000000000",
	'EnableDrive',
	2,
	0);
INSERT INTO SM_CH
	VALUES ("d5e563aa-e509-4289-b244-008c1e6f64cc",
	"9341b575-df48-499a-8a64-fa005bc98da2",
	"5a2edfda-5dac-45e9-98ac-602254a785c5",
	"00000000-0000-0000-0000-000000000000",
	'');
INSERT INTO SM_SEME
	VALUES ("d5e563aa-e509-4289-b244-008c1e6f64cc",
	"9341b575-df48-499a-8a64-fa005bc98da2",
	"5a2edfda-5dac-45e9-98ac-602254a785c5",
	"00000000-0000-0000-0000-000000000000");
INSERT INTO SM_SEME
	VALUES ("d5e563aa-e509-4289-b244-008c1e6f64cc",
	"bbb4544b-42ac-4da6-8e0d-8403738c41ef",
	"5a2edfda-5dac-45e9-98ac-602254a785c5",
	"00000000-0000-0000-0000-000000000000");
INSERT INTO SM_CH
	VALUES ("d5e563aa-e509-4289-b244-008c1e6f64cc",
	"3008ae13-aca7-430a-959e-887e3f0dca1a",
	"5a2edfda-5dac-45e9-98ac-602254a785c5",
	"00000000-0000-0000-0000-000000000000",
	'');
INSERT INTO SM_SEME
	VALUES ("d5e563aa-e509-4289-b244-008c1e6f64cc",
	"3008ae13-aca7-430a-959e-887e3f0dca1a",
	"5a2edfda-5dac-45e9-98ac-602254a785c5",
	"00000000-0000-0000-0000-000000000000");
INSERT INTO SM_CH
	VALUES ("d5e563aa-e509-4289-b244-008c1e6f64cc",
	"62c43867-4cc0-4f8e-bf6e-7f4fc1466d9e",
	"5a2edfda-5dac-45e9-98ac-602254a785c5",
	"00000000-0000-0000-0000-000000000000",
	'');
INSERT INTO SM_SEME
	VALUES ("d5e563aa-e509-4289-b244-008c1e6f64cc",
	"62c43867-4cc0-4f8e-bf6e-7f4fc1466d9e",
	"5a2edfda-5dac-45e9-98ac-602254a785c5",
	"00000000-0000-0000-0000-000000000000");
INSERT INTO SM_CH
	VALUES ("d5e563aa-e509-4289-b244-008c1e6f64cc",
	"2dccaa68-b090-4690-96a9-a306c8499a35",
	"5a2edfda-5dac-45e9-98ac-602254a785c5",
	"00000000-0000-0000-0000-000000000000",
	'');
INSERT INTO SM_SEME
	VALUES ("d5e563aa-e509-4289-b244-008c1e6f64cc",
	"2dccaa68-b090-4690-96a9-a306c8499a35",
	"5a2edfda-5dac-45e9-98ac-602254a785c5",
	"00000000-0000-0000-0000-000000000000");
INSERT INTO SM_MOAH
	VALUES ("d5f10b8f-007d-4485-a4e5-b451a8653051",
	"5a2edfda-5dac-45e9-98ac-602254a785c5",
	"d5e563aa-e509-4289-b244-008c1e6f64cc");
INSERT INTO SM_AH
	VALUES ("d5f10b8f-007d-4485-a4e5-b451a8653051",
	"5a2edfda-5dac-45e9-98ac-602254a785c5");
INSERT INTO SM_ACT
	VALUES ("d5f10b8f-007d-4485-a4e5-b451a8653051",
	"5a2edfda-5dac-45e9-98ac-602254a785c5",
	1,
	'/* Enable the drive, or verify it is already enabled.
*/

select any drive_enable from instances of DE;
generate DE1:enable_drive() to drive_enable;
',
	'');
INSERT INTO ACT_SAB
	VALUES ("43f96f7a-ae66-4457-a108-aaa06881b18b",
	"5a2edfda-5dac-45e9-98ac-602254a785c5",
	"d5f10b8f-007d-4485-a4e5-b451a8653051");
INSERT INTO ACT_ACT
	VALUES ("43f96f7a-ae66-4457-a108-aaa06881b18b",
	'class state',
	0,
	"b990ac64-ca97-4c09-93fb-c5d36b338937",
	"00000000-0000-0000-0000-000000000000",
	0,
	'Motion Instruction::EnableDrive',
	"00000000-0000-0000-0000-000000000000");
INSERT INTO ACT_BLK
	VALUES ("b990ac64-ca97-4c09-93fb-c5d36b338937",
	1,
	0,
	0,
	'V_VAR.Var_ID',
	'',
	'',
	5,
	1,
	4,
	43,
	0,
	0,
	0,
	0,
	0,
	0,
	0,
	0,
	0,
	"43f96f7a-ae66-4457-a108-aaa06881b18b",
	"00000000-0000-0000-0000-000000000000");
INSERT INTO ACT_SMT
	VALUES ("d111cd7b-b8db-4fb7-b0e0-8aae051969a4",
	"b990ac64-ca97-4c09-93fb-c5d36b338937",
	"48471187-6dfc-4f26-844d-7d538239a74d",
	4,
	1,
	'Motion Instruction::EnableDrive line: 4');
INSERT INTO ACT_FIO
	VALUES ("d111cd7b-b8db-4fb7-b0e0-8aae051969a4",
	"101bf428-3076-4861-b217-3b5887561028",
	1,
	'any',
	"24a28ec5-7345-4ca1-8347-b0985012fb96",
	4,
	43);
INSERT INTO ACT_SMT
	VALUES ("48471187-6dfc-4f26-844d-7d538239a74d",
	"b990ac64-ca97-4c09-93fb-c5d36b338937",
	"00000000-0000-0000-0000-000000000000",
	5,
	1,
	'Motion Instruction::EnableDrive line: 5');
INSERT INTO E_ESS
	VALUES ("48471187-6dfc-4f26-844d-7d538239a74d",
	1,
	0,
	5,
	10,
	5,
	14,
	4,
	43,
	0,
	0,
	0,
	0);
INSERT INTO E_GES
	VALUES ("48471187-6dfc-4f26-844d-7d538239a74d");
INSERT INTO E_GSME
	VALUES ("48471187-6dfc-4f26-844d-7d538239a74d",
	"1bfa0dde-2b4c-494f-b4e6-424211948b58");
INSERT INTO E_GEN
	VALUES ("48471187-6dfc-4f26-844d-7d538239a74d",
	"101bf428-3076-4861-b217-3b5887561028");
INSERT INTO V_VAR
	VALUES ("101bf428-3076-4861-b217-3b5887561028",
	"b990ac64-ca97-4c09-93fb-c5d36b338937",
	'drive_enable',
	1,
	"ba5eda7a-def5-0000-0000-000000000008");
INSERT INTO V_INT
	VALUES ("101bf428-3076-4861-b217-3b5887561028",
	0,
	"24a28ec5-7345-4ca1-8347-b0985012fb96");
INSERT INTO SM_STATE
	VALUES ("fa2d831b-ff85-4a0f-9a34-32ec56183d95",
	"5a2edfda-5dac-45e9-98ac-602254a785c5",
	"00000000-0000-0000-0000-000000000000",
	'ExecuteInstruction',
	3,
	0);
INSERT INTO SM_SEME
	VALUES ("fa2d831b-ff85-4a0f-9a34-32ec56183d95",
	"9341b575-df48-499a-8a64-fa005bc98da2",
	"5a2edfda-5dac-45e9-98ac-602254a785c5",
	"00000000-0000-0000-0000-000000000000");
INSERT INTO SM_CH
	VALUES ("fa2d831b-ff85-4a0f-9a34-32ec56183d95",
	"bbb4544b-42ac-4da6-8e0d-8403738c41ef",
	"5a2edfda-5dac-45e9-98ac-602254a785c5",
	"00000000-0000-0000-0000-000000000000",
	'');
INSERT INTO SM_SEME
	VALUES ("fa2d831b-ff85-4a0f-9a34-32ec56183d95",
	"bbb4544b-42ac-4da6-8e0d-8403738c41ef",
	"5a2edfda-5dac-45e9-98ac-602254a785c5",
	"00000000-0000-0000-0000-000000000000");
INSERT INTO SM_SEME
	VALUES ("fa2d831b-ff85-4a0f-9a34-32ec56183d95",
	"3008ae13-aca7-430a-959e-887e3f0dca1a",
	"5a2edfda-5dac-45e9-98ac-602254a785c5",
	"00000000-0000-0000-0000-000000000000");
INSERT INTO SM_CH
	VALUES ("fa2d831b-ff85-4a0f-9a34-32ec56183d95",
	"62c43867-4cc0-4f8e-bf6e-7f4fc1466d9e",
	"5a2edfda-5dac-45e9-98ac-602254a785c5",
	"00000000-0000-0000-0000-000000000000",
	'');
INSERT INTO SM_SEME
	VALUES ("fa2d831b-ff85-4a0f-9a34-32ec56183d95",
	"62c43867-4cc0-4f8e-bf6e-7f4fc1466d9e",
	"5a2edfda-5dac-45e9-98ac-602254a785c5",
	"00000000-0000-0000-0000-000000000000");
INSERT INTO SM_CH
	VALUES ("fa2d831b-ff85-4a0f-9a34-32ec56183d95",
	"2dccaa68-b090-4690-96a9-a306c8499a35",
	"5a2edfda-5dac-45e9-98ac-602254a785c5",
	"00000000-0000-0000-0000-000000000000",
	'');
INSERT INTO SM_SEME
	VALUES ("fa2d831b-ff85-4a0f-9a34-32ec56183d95",
	"2dccaa68-b090-4690-96a9-a306c8499a35",
	"5a2edfda-5dac-45e9-98ac-602254a785c5",
	"00000000-0000-0000-0000-000000000000");
INSERT INTO SM_MOAH
	VALUES ("1f97845b-76b3-47a6-983c-3e2b0fadf39e",
	"5a2edfda-5dac-45e9-98ac-602254a785c5",
	"fa2d831b-ff85-4a0f-9a34-32ec56183d95");
INSERT INTO SM_AH
	VALUES ("1f97845b-76b3-47a6-983c-3e2b0fadf39e",
	"5a2edfda-5dac-45e9-98ac-602254a785c5");
INSERT INTO SM_ACT
	VALUES ("1f97845b-76b3-47a6-983c-3e2b0fadf39e",
	"5a2edfda-5dac-45e9-98ac-602254a785c5",
	1,
	'/* Process the motion instruction. */

select any motion_controller from instances of MC;
select any motion_inst from instances of MI;
generate MC1:jog_cmd(direction: motion_inst.direction,
                      velocity: motion_inst.velocity,
                  acceleration: motion_inst.acceleration,
                      duration: motion_inst.duration) to motion_controller;

// Delete the instruction
delete object instance motion_inst;

// Inform client the motion was initiated.
client::motion_initiated();
',
	'');
INSERT INTO ACT_SAB
	VALUES ("111ce020-ec41-4df6-87bd-f1c828a3bd73",
	"5a2edfda-5dac-45e9-98ac-602254a785c5",
	"1f97845b-76b3-47a6-983c-3e2b0fadf39e");
INSERT INTO ACT_ACT
	VALUES ("111ce020-ec41-4df6-87bd-f1c828a3bd73",
	'class state',
	0,
	"d14d530a-20a1-4934-a1e9-18e860adce3a",
	"00000000-0000-0000-0000-000000000000",
	0,
	'Motion Instruction::ExecuteInstruction',
	"00000000-0000-0000-0000-000000000000");
INSERT INTO ACT_BLK
	VALUES ("d14d530a-20a1-4934-a1e9-18e860adce3a",
	1,
	0,
	0,
	'client',
	'direction',
	'duration',
	14,
	1,
	14,
	1,
	0,
	0,
	0,
	0,
	0,
	0,
	0,
	0,
	0,
	"111ce020-ec41-4df6-87bd-f1c828a3bd73",
	"00000000-0000-0000-0000-000000000000");
INSERT INTO ACT_SMT
	VALUES ("fb9334eb-26ab-4459-8390-50f9fdaaab96",
	"d14d530a-20a1-4934-a1e9-18e860adce3a",
	"a6a833fb-ea54-49e1-9180-4c9684d702b4",
	3,
	1,
	'Motion Instruction::ExecuteInstruction line: 3');
INSERT INTO ACT_FIO
	VALUES ("fb9334eb-26ab-4459-8390-50f9fdaaab96",
	"01d90171-3c67-46d7-9deb-e64c8ce5e05a",
	1,
	'any',
	"c02d1cb3-12e0-4223-a447-70dcaea7913a",
	3,
	48);
INSERT INTO ACT_SMT
	VALUES ("a6a833fb-ea54-49e1-9180-4c9684d702b4",
	"d14d530a-20a1-4934-a1e9-18e860adce3a",
	"77249fc8-88bf-44c8-8c82-f4cdb6ac879e",
	4,
	1,
	'Motion Instruction::ExecuteInstruction line: 4');
INSERT INTO ACT_FIO
	VALUES ("a6a833fb-ea54-49e1-9180-4c9684d702b4",
	"737d71bf-77bc-4974-8918-06d16be8aac9",
	1,
	'any',
	"dfe1b5b3-3a0f-480b-a325-b52cfcb0fe8c",
	4,
	42);
INSERT INTO ACT_SMT
	VALUES ("77249fc8-88bf-44c8-8c82-f4cdb6ac879e",
	"d14d530a-20a1-4934-a1e9-18e860adce3a",
	"7290ca23-5392-4f43-b5a8-a04bb8d94b8f",
	5,
	1,
	'Motion Instruction::ExecuteInstruction line: 5');
INSERT INTO E_ESS
	VALUES ("77249fc8-88bf-44c8-8c82-f4cdb6ac879e",
	1,
	0,
	5,
	10,
	5,
	14,
	4,
	42,
	5,
	22,
	8,
	23);
INSERT INTO V_PAR
	VALUES ("83224499-9aae-44a7-966e-5bcecc58764d",
	"77249fc8-88bf-44c8-8c82-f4cdb6ac879e",
	"00000000-0000-0000-0000-000000000000",
	'velocity',
	"20764cf0-c948-42e6-a5cb-2fc7b46265c0",
	6,
	23);
INSERT INTO V_PAR
	VALUES ("20764cf0-c948-42e6-a5cb-2fc7b46265c0",
	"77249fc8-88bf-44c8-8c82-f4cdb6ac879e",
	"00000000-0000-0000-0000-000000000000",
	'acceleration',
	"ad600757-8d9c-415a-be6f-5f9c9bda7fb8",
	7,
	19);
INSERT INTO V_PAR
	VALUES ("ad600757-8d9c-415a-be6f-5f9c9bda7fb8",
	"77249fc8-88bf-44c8-8c82-f4cdb6ac879e",
	"00000000-0000-0000-0000-000000000000",
	'duration',
	"00000000-0000-0000-0000-000000000000",
	8,
	23);
INSERT INTO V_PAR
	VALUES ("ca9f8cf7-c785-4395-a32c-a18957bf638b",
	"77249fc8-88bf-44c8-8c82-f4cdb6ac879e",
	"00000000-0000-0000-0000-000000000000",
	'direction',
	"83224499-9aae-44a7-966e-5bcecc58764d",
	5,
	22);
INSERT INTO E_GES
	VALUES ("77249fc8-88bf-44c8-8c82-f4cdb6ac879e");
INSERT INTO E_GSME
	VALUES ("77249fc8-88bf-44c8-8c82-f4cdb6ac879e",
	"6172416d-f512-4f84-ab4a-c62f8b123daa");
INSERT INTO E_GEN
	VALUES ("77249fc8-88bf-44c8-8c82-f4cdb6ac879e",
	"01d90171-3c67-46d7-9deb-e64c8ce5e05a");
INSERT INTO ACT_SMT
	VALUES ("7290ca23-5392-4f43-b5a8-a04bb8d94b8f",
	"d14d530a-20a1-4934-a1e9-18e860adce3a",
	"4f5a77d2-0e70-4605-b4ef-07b8521a6304",
	11,
	1,
	'Motion Instruction::ExecuteInstruction line: 11');
INSERT INTO ACT_DEL
	VALUES ("7290ca23-5392-4f43-b5a8-a04bb8d94b8f",
	"737d71bf-77bc-4974-8918-06d16be8aac9");
INSERT INTO ACT_SMT
	VALUES ("4f5a77d2-0e70-4605-b4ef-07b8521a6304",
	"d14d530a-20a1-4934-a1e9-18e860adce3a",
	"00000000-0000-0000-0000-000000000000",
	14,
	1,
	'Motion Instruction::ExecuteInstruction line: 14');
INSERT INTO ACT_SGN
	VALUES ("4f5a77d2-0e70-4605-b4ef-07b8521a6304",
	14,
	9,
	14,
	1,
	"5a7081de-b49c-4ebf-a7cc-3c4cff21fa4a",
	"00000000-0000-0000-0000-000000000000",
	"00000000-0000-0000-0000-000000000000");
INSERT INTO V_VAL
	VALUES ("a6dce2ca-f9f5-4b29-9571-d7ccc2583c30",
	0,
	0,
	5,
	33,
	43,
	0,
	0,
	0,
	0,
	"ba5eda7a-def5-0000-0000-000000000008",
	"d14d530a-20a1-4934-a1e9-18e860adce3a");
INSERT INTO V_IRF
	VALUES ("a6dce2ca-f9f5-4b29-9571-d7ccc2583c30",
	"737d71bf-77bc-4974-8918-06d16be8aac9");
INSERT INTO V_VAL
	VALUES ("ca9f8cf7-c785-4395-a32c-a18957bf638b",
	0,
	0,
	5,
	45,
	53,
	0,
	0,
	0,
	0,
	"10a457d6-e25e-4dbe-a48f-0682e976c4bf",
	"d14d530a-20a1-4934-a1e9-18e860adce3a");
INSERT INTO V_AVL
	VALUES ("ca9f8cf7-c785-4395-a32c-a18957bf638b",
	"a6dce2ca-f9f5-4b29-9571-d7ccc2583c30",
	"dfe1b5b3-3a0f-480b-a325-b52cfcb0fe8c",
	"51922a8e-bc27-4d40-b936-376a41a55a77");
INSERT INTO V_VAL
	VALUES ("ecba81e7-e558-40f2-b8f9-bad1dd5d4636",
	0,
	0,
	6,
	33,
	43,
	0,
	0,
	0,
	0,
	"ba5eda7a-def5-0000-0000-000000000008",
	"d14d530a-20a1-4934-a1e9-18e860adce3a");
INSERT INTO V_IRF
	VALUES ("ecba81e7-e558-40f2-b8f9-bad1dd5d4636",
	"737d71bf-77bc-4974-8918-06d16be8aac9");
INSERT INTO V_VAL
	VALUES ("83224499-9aae-44a7-966e-5bcecc58764d",
	0,
	0,
	6,
	45,
	52,
	0,
	0,
	0,
	0,
	"ba5eda7a-def5-0000-0000-000000000002",
	"d14d530a-20a1-4934-a1e9-18e860adce3a");
INSERT INTO V_AVL
	VALUES ("83224499-9aae-44a7-966e-5bcecc58764d",
	"ecba81e7-e558-40f2-b8f9-bad1dd5d4636",
	"dfe1b5b3-3a0f-480b-a325-b52cfcb0fe8c",
	"0347a964-930e-4f38-b259-f0af67e98b96");
INSERT INTO V_VAL
	VALUES ("55c70c76-a76a-4ce2-80db-c89798847777",
	0,
	0,
	7,
	33,
	43,
	0,
	0,
	0,
	0,
	"ba5eda7a-def5-0000-0000-000000000008",
	"d14d530a-20a1-4934-a1e9-18e860adce3a");
INSERT INTO V_IRF
	VALUES ("55c70c76-a76a-4ce2-80db-c89798847777",
	"737d71bf-77bc-4974-8918-06d16be8aac9");
INSERT INTO V_VAL
	VALUES ("20764cf0-c948-42e6-a5cb-2fc7b46265c0",
	0,
	0,
	7,
	45,
	56,
	0,
	0,
	0,
	0,
	"ba5eda7a-def5-0000-0000-000000000002",
	"d14d530a-20a1-4934-a1e9-18e860adce3a");
INSERT INTO V_AVL
	VALUES ("20764cf0-c948-42e6-a5cb-2fc7b46265c0",
	"55c70c76-a76a-4ce2-80db-c89798847777",
	"dfe1b5b3-3a0f-480b-a325-b52cfcb0fe8c",
	"4acd581b-66cd-4e6b-9ac4-27e3a90db145");
INSERT INTO V_VAL
	VALUES ("d59e2890-e0a9-44d2-8b3f-9f4672651a4b",
	0,
	0,
	8,
	33,
	43,
	0,
	0,
	0,
	0,
	"ba5eda7a-def5-0000-0000-000000000008",
	"d14d530a-20a1-4934-a1e9-18e860adce3a");
INSERT INTO V_IRF
	VALUES ("d59e2890-e0a9-44d2-8b3f-9f4672651a4b",
	"737d71bf-77bc-4974-8918-06d16be8aac9");
INSERT INTO V_VAL
	VALUES ("ad600757-8d9c-415a-be6f-5f9c9bda7fb8",
	0,
	0,
	8,
	45,
	52,
	0,
	0,
	0,
	0,
	"ba5eda7a-def5-0000-0000-000000000002",
	"d14d530a-20a1-4934-a1e9-18e860adce3a");
INSERT INTO V_AVL
	VALUES ("ad600757-8d9c-415a-be6f-5f9c9bda7fb8",
	"d59e2890-e0a9-44d2-8b3f-9f4672651a4b",
	"dfe1b5b3-3a0f-480b-a325-b52cfcb0fe8c",
	"f6922939-f335-4305-b37c-c2c6f6164fcf");
INSERT INTO V_VAR
	VALUES ("01d90171-3c67-46d7-9deb-e64c8ce5e05a",
	"d14d530a-20a1-4934-a1e9-18e860adce3a",
	'motion_controller',
	1,
	"ba5eda7a-def5-0000-0000-000000000008");
INSERT INTO V_INT
	VALUES ("01d90171-3c67-46d7-9deb-e64c8ce5e05a",
	0,
	"c02d1cb3-12e0-4223-a447-70dcaea7913a");
INSERT INTO V_VAR
	VALUES ("737d71bf-77bc-4974-8918-06d16be8aac9",
	"d14d530a-20a1-4934-a1e9-18e860adce3a",
	'motion_inst',
	1,
	"ba5eda7a-def5-0000-0000-000000000008");
INSERT INTO V_INT
	VALUES ("737d71bf-77bc-4974-8918-06d16be8aac9",
	0,
	"dfe1b5b3-3a0f-480b-a325-b52cfcb0fe8c");
INSERT INTO SM_STATE
	VALUES ("d65ef703-4e01-4a8c-b828-3e9c121c629a",
	"5a2edfda-5dac-45e9-98ac-602254a785c5",
	"00000000-0000-0000-0000-000000000000",
	'InitiateDriveDisable',
	4,
	0);
INSERT INTO SM_SEME
	VALUES ("d65ef703-4e01-4a8c-b828-3e9c121c629a",
	"9341b575-df48-499a-8a64-fa005bc98da2",
	"5a2edfda-5dac-45e9-98ac-602254a785c5",
	"00000000-0000-0000-0000-000000000000");
INSERT INTO SM_CH
	VALUES ("d65ef703-4e01-4a8c-b828-3e9c121c629a",
	"bbb4544b-42ac-4da6-8e0d-8403738c41ef",
	"5a2edfda-5dac-45e9-98ac-602254a785c5",
	"00000000-0000-0000-0000-000000000000",
	'');
INSERT INTO SM_SEME
	VALUES ("d65ef703-4e01-4a8c-b828-3e9c121c629a",
	"bbb4544b-42ac-4da6-8e0d-8403738c41ef",
	"5a2edfda-5dac-45e9-98ac-602254a785c5",
	"00000000-0000-0000-0000-000000000000");
INSERT INTO SM_CH
	VALUES ("d65ef703-4e01-4a8c-b828-3e9c121c629a",
	"3008ae13-aca7-430a-959e-887e3f0dca1a",
	"5a2edfda-5dac-45e9-98ac-602254a785c5",
	"00000000-0000-0000-0000-000000000000",
	'');
INSERT INTO SM_SEME
	VALUES ("d65ef703-4e01-4a8c-b828-3e9c121c629a",
	"3008ae13-aca7-430a-959e-887e3f0dca1a",
	"5a2edfda-5dac-45e9-98ac-602254a785c5",
	"00000000-0000-0000-0000-000000000000");
INSERT INTO SM_CH
	VALUES ("d65ef703-4e01-4a8c-b828-3e9c121c629a",
	"62c43867-4cc0-4f8e-bf6e-7f4fc1466d9e",
	"5a2edfda-5dac-45e9-98ac-602254a785c5",
	"00000000-0000-0000-0000-000000000000",
	'');
INSERT INTO SM_SEME
	VALUES ("d65ef703-4e01-4a8c-b828-3e9c121c629a",
	"62c43867-4cc0-4f8e-bf6e-7f4fc1466d9e",
	"5a2edfda-5dac-45e9-98ac-602254a785c5",
	"00000000-0000-0000-0000-000000000000");
INSERT INTO SM_SEME
	VALUES ("d65ef703-4e01-4a8c-b828-3e9c121c629a",
	"2dccaa68-b090-4690-96a9-a306c8499a35",
	"5a2edfda-5dac-45e9-98ac-602254a785c5",
	"00000000-0000-0000-0000-000000000000");
INSERT INTO SM_MOAH
	VALUES ("5c6a955b-efe4-443c-974f-b347ec582eba",
	"5a2edfda-5dac-45e9-98ac-602254a785c5",
	"d65ef703-4e01-4a8c-b828-3e9c121c629a");
INSERT INTO SM_AH
	VALUES ("5c6a955b-efe4-443c-974f-b347ec582eba",
	"5a2edfda-5dac-45e9-98ac-602254a785c5");
INSERT INTO SM_ACT
	VALUES ("5c6a955b-efe4-443c-974f-b347ec582eba",
	"5a2edfda-5dac-45e9-98ac-602254a785c5",
	1,
	'/* Disable the drive and inform the client.
*/

select any drive_enable from instances of DE;
generate DE2:disable_drive() to drive_enable;

// Inform the client the motor is not rotation and the drive is being disabled.
client::motion_complete();',
	'');
INSERT INTO ACT_SAB
	VALUES ("6e088d0f-6bc9-4992-931e-5c040864eda1",
	"5a2edfda-5dac-45e9-98ac-602254a785c5",
	"5c6a955b-efe4-443c-974f-b347ec582eba");
INSERT INTO ACT_ACT
	VALUES ("6e088d0f-6bc9-4992-931e-5c040864eda1",
	'class state',
	0,
	"e8bfa879-b926-4fa4-ac02-03d3f57d3f3a",
	"00000000-0000-0000-0000-000000000000",
	0,
	'Motion Instruction::InitiateDriveDisable',
	"00000000-0000-0000-0000-000000000000");
INSERT INTO ACT_BLK
	VALUES ("e8bfa879-b926-4fa4-ac02-03d3f57d3f3a",
	1,
	0,
	0,
	'client',
	'',
	'',
	8,
	1,
	8,
	1,
	0,
	0,
	0,
	0,
	0,
	0,
	0,
	0,
	0,
	"6e088d0f-6bc9-4992-931e-5c040864eda1",
	"00000000-0000-0000-0000-000000000000");
INSERT INTO ACT_SMT
	VALUES ("d9093c3a-a4de-44c7-a373-2428f6106b6b",
	"e8bfa879-b926-4fa4-ac02-03d3f57d3f3a",
	"db629ff8-f4db-4483-87c2-47e986017945",
	4,
	1,
	'Motion Instruction::InitiateDriveDisable line: 4');
INSERT INTO ACT_FIO
	VALUES ("d9093c3a-a4de-44c7-a373-2428f6106b6b",
	"7a7f37ee-c287-4f1b-9ce2-a44af7f73f07",
	1,
	'any',
	"24a28ec5-7345-4ca1-8347-b0985012fb96",
	4,
	43);
INSERT INTO ACT_SMT
	VALUES ("db629ff8-f4db-4483-87c2-47e986017945",
	"e8bfa879-b926-4fa4-ac02-03d3f57d3f3a",
	"bb3d31e3-f144-49f6-b718-2299b2074a85",
	5,
	1,
	'Motion Instruction::InitiateDriveDisable line: 5');
INSERT INTO E_ESS
	VALUES ("db629ff8-f4db-4483-87c2-47e986017945",
	1,
	0,
	5,
	10,
	5,
	14,
	4,
	43,
	0,
	0,
	0,
	0);
INSERT INTO E_GES
	VALUES ("db629ff8-f4db-4483-87c2-47e986017945");
INSERT INTO E_GSME
	VALUES ("db629ff8-f4db-4483-87c2-47e986017945",
	"d601226b-207d-42bd-9a3f-29ca89f4c29d");
INSERT INTO E_GEN
	VALUES ("db629ff8-f4db-4483-87c2-47e986017945",
	"7a7f37ee-c287-4f1b-9ce2-a44af7f73f07");
INSERT INTO ACT_SMT
	VALUES ("bb3d31e3-f144-49f6-b718-2299b2074a85",
	"e8bfa879-b926-4fa4-ac02-03d3f57d3f3a",
	"00000000-0000-0000-0000-000000000000",
	8,
	1,
	'Motion Instruction::InitiateDriveDisable line: 8');
INSERT INTO ACT_SGN
	VALUES ("bb3d31e3-f144-49f6-b718-2299b2074a85",
	8,
	9,
	8,
	1,
	"3da2409a-4ddd-47e8-a280-8b00a153d695",
	"00000000-0000-0000-0000-000000000000",
	"00000000-0000-0000-0000-000000000000");
INSERT INTO V_VAR
	VALUES ("7a7f37ee-c287-4f1b-9ce2-a44af7f73f07",
	"e8bfa879-b926-4fa4-ac02-03d3f57d3f3a",
	'drive_enable',
	1,
	"ba5eda7a-def5-0000-0000-000000000008");
INSERT INTO V_INT
	VALUES ("7a7f37ee-c287-4f1b-9ce2-a44af7f73f07",
	0,
	"24a28ec5-7345-4ca1-8347-b0985012fb96");
INSERT INTO SM_STATE
	VALUES ("948eea6d-9832-4eed-bd1d-bd7b21bd3ad7",
	"5a2edfda-5dac-45e9-98ac-602254a785c5",
	"00000000-0000-0000-0000-000000000000",
	'DriveDisabling',
	5,
	0);
INSERT INTO SM_CH
	VALUES ("948eea6d-9832-4eed-bd1d-bd7b21bd3ad7",
	"9341b575-df48-499a-8a64-fa005bc98da2",
	"5a2edfda-5dac-45e9-98ac-602254a785c5",
	"00000000-0000-0000-0000-000000000000",
	'');
INSERT INTO SM_SEME
	VALUES ("948eea6d-9832-4eed-bd1d-bd7b21bd3ad7",
	"9341b575-df48-499a-8a64-fa005bc98da2",
	"5a2edfda-5dac-45e9-98ac-602254a785c5",
	"00000000-0000-0000-0000-000000000000");
INSERT INTO SM_CH
	VALUES ("948eea6d-9832-4eed-bd1d-bd7b21bd3ad7",
	"bbb4544b-42ac-4da6-8e0d-8403738c41ef",
	"5a2edfda-5dac-45e9-98ac-602254a785c5",
	"00000000-0000-0000-0000-000000000000",
	'');
INSERT INTO SM_SEME
	VALUES ("948eea6d-9832-4eed-bd1d-bd7b21bd3ad7",
	"bbb4544b-42ac-4da6-8e0d-8403738c41ef",
	"5a2edfda-5dac-45e9-98ac-602254a785c5",
	"00000000-0000-0000-0000-000000000000");
INSERT INTO SM_CH
	VALUES ("948eea6d-9832-4eed-bd1d-bd7b21bd3ad7",
	"3008ae13-aca7-430a-959e-887e3f0dca1a",
	"5a2edfda-5dac-45e9-98ac-602254a785c5",
	"00000000-0000-0000-0000-000000000000",
	'');
INSERT INTO SM_SEME
	VALUES ("948eea6d-9832-4eed-bd1d-bd7b21bd3ad7",
	"3008ae13-aca7-430a-959e-887e3f0dca1a",
	"5a2edfda-5dac-45e9-98ac-602254a785c5",
	"00000000-0000-0000-0000-000000000000");
INSERT INTO SM_SEME
	VALUES ("948eea6d-9832-4eed-bd1d-bd7b21bd3ad7",
	"62c43867-4cc0-4f8e-bf6e-7f4fc1466d9e",
	"5a2edfda-5dac-45e9-98ac-602254a785c5",
	"00000000-0000-0000-0000-000000000000");
INSERT INTO SM_CH
	VALUES ("948eea6d-9832-4eed-bd1d-bd7b21bd3ad7",
	"2dccaa68-b090-4690-96a9-a306c8499a35",
	"5a2edfda-5dac-45e9-98ac-602254a785c5",
	"00000000-0000-0000-0000-000000000000",
	'');
INSERT INTO SM_SEME
	VALUES ("948eea6d-9832-4eed-bd1d-bd7b21bd3ad7",
	"2dccaa68-b090-4690-96a9-a306c8499a35",
	"5a2edfda-5dac-45e9-98ac-602254a785c5",
	"00000000-0000-0000-0000-000000000000");
INSERT INTO SM_MOAH
	VALUES ("880dc372-b7da-44c1-871a-c7cc8687936c",
	"5a2edfda-5dac-45e9-98ac-602254a785c5",
	"948eea6d-9832-4eed-bd1d-bd7b21bd3ad7");
INSERT INTO SM_AH
	VALUES ("880dc372-b7da-44c1-871a-c7cc8687936c",
	"5a2edfda-5dac-45e9-98ac-602254a785c5");
INSERT INTO SM_ACT
	VALUES ("880dc372-b7da-44c1-871a-c7cc8687936c",
	"5a2edfda-5dac-45e9-98ac-602254a785c5",
	1,
	'/* Must wait for the drive to become completely disabled before allowing another
   jog instruction to start and re-enable the drive.
*/

',
	'');
INSERT INTO ACT_SAB
	VALUES ("3fc99881-1d03-40b7-870a-7c15e70ca9ca",
	"5a2edfda-5dac-45e9-98ac-602254a785c5",
	"880dc372-b7da-44c1-871a-c7cc8687936c");
INSERT INTO ACT_ACT
	VALUES ("3fc99881-1d03-40b7-870a-7c15e70ca9ca",
	'class state',
	0,
	"486e1017-0a21-47a1-9d50-44e18ca203f1",
	"00000000-0000-0000-0000-000000000000",
	0,
	'Motion Instruction::DriveDisabling',
	"00000000-0000-0000-0000-000000000000");
INSERT INTO ACT_BLK
	VALUES ("486e1017-0a21-47a1-9d50-44e18ca203f1",
	0,
	0,
	0,
	'',
	'',
	'',
	0,
	0,
	0,
	0,
	0,
	0,
	0,
	0,
	0,
	0,
	0,
	0,
	0,
	"3fc99881-1d03-40b7-870a-7c15e70ca9ca",
	"00000000-0000-0000-0000-000000000000");
INSERT INTO SM_NSTXN
	VALUES ("70b0c487-5c77-408e-a4da-24a7c3c4f2b0",
	"5a2edfda-5dac-45e9-98ac-602254a785c5",
	"ee79890e-61cd-43f1-9690-82a27f06f8c5",
	"9341b575-df48-499a-8a64-fa005bc98da2",
	"00000000-0000-0000-0000-000000000000");
INSERT INTO SM_TAH
	VALUES ("ef1f5159-d80b-4bc4-8d2d-308dd9839c89",
	"5a2edfda-5dac-45e9-98ac-602254a785c5",
	"70b0c487-5c77-408e-a4da-24a7c3c4f2b0");
INSERT INTO SM_AH
	VALUES ("ef1f5159-d80b-4bc4-8d2d-308dd9839c89",
	"5a2edfda-5dac-45e9-98ac-602254a785c5");
INSERT INTO SM_ACT
	VALUES ("ef1f5159-d80b-4bc4-8d2d-308dd9839c89",
	"5a2edfda-5dac-45e9-98ac-602254a785c5",
	1,
	'',
	'');
INSERT INTO ACT_TAB
	VALUES ("d91e1f0e-f567-4138-a7fd-3e8d9858275f",
	"5a2edfda-5dac-45e9-98ac-602254a785c5",
	"ef1f5159-d80b-4bc4-8d2d-308dd9839c89");
INSERT INTO ACT_ACT
	VALUES ("d91e1f0e-f567-4138-a7fd-3e8d9858275f",
	'class transition',
	0,
	"12894bb5-04c2-4894-87c9-dab91c2f4478",
	"00000000-0000-0000-0000-000000000000",
	0,
	'MI_A1: jog_instruction_received',
	"00000000-0000-0000-0000-000000000000");
INSERT INTO ACT_BLK
	VALUES ("12894bb5-04c2-4894-87c9-dab91c2f4478",
	0,
	0,
	0,
	'',
	'',
	'',
	0,
	0,
	0,
	0,
	0,
	0,
	0,
	0,
	0,
	0,
	0,
	0,
	0,
	"d91e1f0e-f567-4138-a7fd-3e8d9858275f",
	"00000000-0000-0000-0000-000000000000");
INSERT INTO SM_TXN
	VALUES ("70b0c487-5c77-408e-a4da-24a7c3c4f2b0",
	"5a2edfda-5dac-45e9-98ac-602254a785c5",
	"d5e563aa-e509-4289-b244-008c1e6f64cc",
	"00000000-0000-0000-0000-000000000000");
INSERT INTO SM_NSTXN
	VALUES ("de5d8be6-21c6-478a-977b-3379a905c4a7",
	"5a2edfda-5dac-45e9-98ac-602254a785c5",
	"d5e563aa-e509-4289-b244-008c1e6f64cc",
	"bbb4544b-42ac-4da6-8e0d-8403738c41ef",
	"00000000-0000-0000-0000-000000000000");
INSERT INTO SM_TAH
	VALUES ("2763dc35-4f9e-4336-b945-7a2e2a88243d",
	"5a2edfda-5dac-45e9-98ac-602254a785c5",
	"de5d8be6-21c6-478a-977b-3379a905c4a7");
INSERT INTO SM_AH
	VALUES ("2763dc35-4f9e-4336-b945-7a2e2a88243d",
	"5a2edfda-5dac-45e9-98ac-602254a785c5");
INSERT INTO SM_ACT
	VALUES ("2763dc35-4f9e-4336-b945-7a2e2a88243d",
	"5a2edfda-5dac-45e9-98ac-602254a785c5",
	1,
	'',
	'');
INSERT INTO ACT_TAB
	VALUES ("0f927c79-b6de-4cef-b567-fab8d7a6c4b9",
	"5a2edfda-5dac-45e9-98ac-602254a785c5",
	"2763dc35-4f9e-4336-b945-7a2e2a88243d");
INSERT INTO ACT_ACT
	VALUES ("0f927c79-b6de-4cef-b567-fab8d7a6c4b9",
	'class transition',
	0,
	"b6de5271-c9c6-4d94-a7be-4da7ea54baec",
	"00000000-0000-0000-0000-000000000000",
	0,
	'MI_A2: drive_enabled',
	"00000000-0000-0000-0000-000000000000");
INSERT INTO ACT_BLK
	VALUES ("b6de5271-c9c6-4d94-a7be-4da7ea54baec",
	0,
	0,
	0,
	'',
	'',
	'',
	0,
	0,
	0,
	0,
	0,
	0,
	0,
	0,
	0,
	0,
	0,
	0,
	0,
	"0f927c79-b6de-4cef-b567-fab8d7a6c4b9",
	"00000000-0000-0000-0000-000000000000");
INSERT INTO SM_TXN
	VALUES ("de5d8be6-21c6-478a-977b-3379a905c4a7",
	"5a2edfda-5dac-45e9-98ac-602254a785c5",
	"fa2d831b-ff85-4a0f-9a34-32ec56183d95",
	"00000000-0000-0000-0000-000000000000");
INSERT INTO SM_NSTXN
	VALUES ("aa51c3f7-9e39-4261-82dd-06c9353a3e3c",
	"5a2edfda-5dac-45e9-98ac-602254a785c5",
	"fa2d831b-ff85-4a0f-9a34-32ec56183d95",
	"9341b575-df48-499a-8a64-fa005bc98da2",
	"00000000-0000-0000-0000-000000000000");
INSERT INTO SM_TAH
	VALUES ("2843c0d3-011a-4644-9f82-3024b18c5707",
	"5a2edfda-5dac-45e9-98ac-602254a785c5",
	"aa51c3f7-9e39-4261-82dd-06c9353a3e3c");
INSERT INTO SM_AH
	VALUES ("2843c0d3-011a-4644-9f82-3024b18c5707",
	"5a2edfda-5dac-45e9-98ac-602254a785c5");
INSERT INTO SM_ACT
	VALUES ("2843c0d3-011a-4644-9f82-3024b18c5707",
	"5a2edfda-5dac-45e9-98ac-602254a785c5",
	1,
	'',
	'');
INSERT INTO ACT_TAB
	VALUES ("b39d0d57-157f-44cf-8711-766e16afdfeb",
	"5a2edfda-5dac-45e9-98ac-602254a785c5",
	"2843c0d3-011a-4644-9f82-3024b18c5707");
INSERT INTO ACT_ACT
	VALUES ("b39d0d57-157f-44cf-8711-766e16afdfeb",
	'class transition',
	0,
	"ea0abf40-1aac-4ef7-8123-f286fc8fb86b",
	"00000000-0000-0000-0000-000000000000",
	0,
	'MI_A1: jog_instruction_received',
	"00000000-0000-0000-0000-000000000000");
INSERT INTO ACT_BLK
	VALUES ("ea0abf40-1aac-4ef7-8123-f286fc8fb86b",
	0,
	0,
	0,
	'',
	'',
	'',
	0,
	0,
	0,
	0,
	0,
	0,
	0,
	0,
	0,
	0,
	0,
	0,
	0,
	"b39d0d57-157f-44cf-8711-766e16afdfeb",
	"00000000-0000-0000-0000-000000000000");
INSERT INTO SM_TXN
	VALUES ("aa51c3f7-9e39-4261-82dd-06c9353a3e3c",
	"5a2edfda-5dac-45e9-98ac-602254a785c5",
	"fa2d831b-ff85-4a0f-9a34-32ec56183d95",
	"00000000-0000-0000-0000-000000000000");
INSERT INTO SM_NSTXN
	VALUES ("c97501b5-fc5d-4748-9b15-532a783fa1f7",
	"5a2edfda-5dac-45e9-98ac-602254a785c5",
	"fa2d831b-ff85-4a0f-9a34-32ec56183d95",
	"3008ae13-aca7-430a-959e-887e3f0dca1a",
	"00000000-0000-0000-0000-000000000000");
INSERT INTO SM_TAH
	VALUES ("edc43816-0377-488f-ade2-d772b1b5265a",
	"5a2edfda-5dac-45e9-98ac-602254a785c5",
	"c97501b5-fc5d-4748-9b15-532a783fa1f7");
INSERT INTO SM_AH
	VALUES ("edc43816-0377-488f-ade2-d772b1b5265a",
	"5a2edfda-5dac-45e9-98ac-602254a785c5");
INSERT INTO SM_ACT
	VALUES ("edc43816-0377-488f-ade2-d772b1b5265a",
	"5a2edfda-5dac-45e9-98ac-602254a785c5",
	1,
	'',
	'');
INSERT INTO ACT_TAB
	VALUES ("c3bd81de-ae3e-4d33-bf09-c07e4d30242b",
	"5a2edfda-5dac-45e9-98ac-602254a785c5",
	"edc43816-0377-488f-ade2-d772b1b5265a");
INSERT INTO ACT_ACT
	VALUES ("c3bd81de-ae3e-4d33-bf09-c07e4d30242b",
	'class transition',
	0,
	"da1f33b3-725f-4e55-8f2e-30c63be9455c",
	"00000000-0000-0000-0000-000000000000",
	0,
	'MI_A3: motion_complete',
	"00000000-0000-0000-0000-000000000000");
INSERT INTO ACT_BLK
	VALUES ("da1f33b3-725f-4e55-8f2e-30c63be9455c",
	0,
	0,
	0,
	'',
	'',
	'',
	0,
	0,
	0,
	0,
	0,
	0,
	0,
	0,
	0,
	0,
	0,
	0,
	0,
	"c3bd81de-ae3e-4d33-bf09-c07e4d30242b",
	"00000000-0000-0000-0000-000000000000");
INSERT INTO SM_TXN
	VALUES ("c97501b5-fc5d-4748-9b15-532a783fa1f7",
	"5a2edfda-5dac-45e9-98ac-602254a785c5",
	"d65ef703-4e01-4a8c-b828-3e9c121c629a",
	"00000000-0000-0000-0000-000000000000");
INSERT INTO SM_NSTXN
	VALUES ("d33fe672-dfa4-4bf5-a818-dae3682a8608",
	"5a2edfda-5dac-45e9-98ac-602254a785c5",
	"d65ef703-4e01-4a8c-b828-3e9c121c629a",
	"9341b575-df48-499a-8a64-fa005bc98da2",
	"00000000-0000-0000-0000-000000000000");
INSERT INTO SM_TAH
	VALUES ("d1842992-d42c-46f3-b181-b1325adcf953",
	"5a2edfda-5dac-45e9-98ac-602254a785c5",
	"d33fe672-dfa4-4bf5-a818-dae3682a8608");
INSERT INTO SM_AH
	VALUES ("d1842992-d42c-46f3-b181-b1325adcf953",
	"5a2edfda-5dac-45e9-98ac-602254a785c5");
INSERT INTO SM_ACT
	VALUES ("d1842992-d42c-46f3-b181-b1325adcf953",
	"5a2edfda-5dac-45e9-98ac-602254a785c5",
	1,
	'',
	'');
INSERT INTO ACT_TAB
	VALUES ("41297185-f287-4f29-9a1b-4bc977ea4b99",
	"5a2edfda-5dac-45e9-98ac-602254a785c5",
	"d1842992-d42c-46f3-b181-b1325adcf953");
INSERT INTO ACT_ACT
	VALUES ("41297185-f287-4f29-9a1b-4bc977ea4b99",
	'class transition',
	0,
	"0b4d1b7e-dbb6-4bc0-b85b-73f7d3102c3c",
	"00000000-0000-0000-0000-000000000000",
	0,
	'MI_A1: jog_instruction_received',
	"00000000-0000-0000-0000-000000000000");
INSERT INTO ACT_BLK
	VALUES ("0b4d1b7e-dbb6-4bc0-b85b-73f7d3102c3c",
	0,
	0,
	0,
	'',
	'',
	'',
	0,
	0,
	0,
	0,
	0,
	0,
	0,
	0,
	0,
	0,
	0,
	0,
	0,
	"41297185-f287-4f29-9a1b-4bc977ea4b99",
	"00000000-0000-0000-0000-000000000000");
INSERT INTO SM_TXN
	VALUES ("d33fe672-dfa4-4bf5-a818-dae3682a8608",
	"5a2edfda-5dac-45e9-98ac-602254a785c5",
	"d5e563aa-e509-4289-b244-008c1e6f64cc",
	"00000000-0000-0000-0000-000000000000");
INSERT INTO SM_NSTXN
	VALUES ("253a9b0e-8399-408e-bba6-7fe2ca656dbb",
	"5a2edfda-5dac-45e9-98ac-602254a785c5",
	"948eea6d-9832-4eed-bd1d-bd7b21bd3ad7",
	"62c43867-4cc0-4f8e-bf6e-7f4fc1466d9e",
	"00000000-0000-0000-0000-000000000000");
INSERT INTO SM_TAH
	VALUES ("88ff7611-b7e5-4aba-b514-259df9a83359",
	"5a2edfda-5dac-45e9-98ac-602254a785c5",
	"253a9b0e-8399-408e-bba6-7fe2ca656dbb");
INSERT INTO SM_AH
	VALUES ("88ff7611-b7e5-4aba-b514-259df9a83359",
	"5a2edfda-5dac-45e9-98ac-602254a785c5");
INSERT INTO SM_ACT
	VALUES ("88ff7611-b7e5-4aba-b514-259df9a83359",
	"5a2edfda-5dac-45e9-98ac-602254a785c5",
	1,
	'',
	'');
INSERT INTO ACT_TAB
	VALUES ("d4793129-ef87-4147-a694-3818d338f70b",
	"5a2edfda-5dac-45e9-98ac-602254a785c5",
	"88ff7611-b7e5-4aba-b514-259df9a83359");
INSERT INTO ACT_ACT
	VALUES ("d4793129-ef87-4147-a694-3818d338f70b",
	'class transition',
	0,
	"442ffd9e-dd40-4fff-8338-b30a4de7f707",
	"00000000-0000-0000-0000-000000000000",
	0,
	'MI_A5: drive_disabled',
	"00000000-0000-0000-0000-000000000000");
INSERT INTO ACT_BLK
	VALUES ("442ffd9e-dd40-4fff-8338-b30a4de7f707",
	0,
	0,
	0,
	'',
	'',
	'',
	0,
	0,
	0,
	0,
	0,
	0,
	0,
	0,
	0,
	0,
	0,
	0,
	0,
	"d4793129-ef87-4147-a694-3818d338f70b",
	"00000000-0000-0000-0000-000000000000");
INSERT INTO SM_TXN
	VALUES ("253a9b0e-8399-408e-bba6-7fe2ca656dbb",
	"5a2edfda-5dac-45e9-98ac-602254a785c5",
	"ee79890e-61cd-43f1-9690-82a27f06f8c5",
	"00000000-0000-0000-0000-000000000000");
INSERT INTO SM_NSTXN
	VALUES ("47416b7f-d493-4cf6-863b-157a951dab6d",
	"5a2edfda-5dac-45e9-98ac-602254a785c5",
	"d65ef703-4e01-4a8c-b828-3e9c121c629a",
	"2dccaa68-b090-4690-96a9-a306c8499a35",
	"00000000-0000-0000-0000-000000000000");
INSERT INTO SM_TAH
	VALUES ("bdfc629d-95d0-420e-9ac4-a4d6bfccc48b",
	"5a2edfda-5dac-45e9-98ac-602254a785c5",
	"47416b7f-d493-4cf6-863b-157a951dab6d");
INSERT INTO SM_AH
	VALUES ("bdfc629d-95d0-420e-9ac4-a4d6bfccc48b",
	"5a2edfda-5dac-45e9-98ac-602254a785c5");
INSERT INTO SM_ACT
	VALUES ("bdfc629d-95d0-420e-9ac4-a4d6bfccc48b",
	"5a2edfda-5dac-45e9-98ac-602254a785c5",
	1,
	'',
	'');
INSERT INTO ACT_TAB
	VALUES ("b2389e25-c8be-4a26-a77f-2da0d58c5be4",
	"5a2edfda-5dac-45e9-98ac-602254a785c5",
	"bdfc629d-95d0-420e-9ac4-a4d6bfccc48b");
INSERT INTO ACT_ACT
	VALUES ("b2389e25-c8be-4a26-a77f-2da0d58c5be4",
	'class transition',
	0,
	"55b1e04a-cfa0-457a-9d03-9f36ee494d34",
	"00000000-0000-0000-0000-000000000000",
	0,
	'MI_A4: drive_disable_lockout',
	"00000000-0000-0000-0000-000000000000");
INSERT INTO ACT_BLK
	VALUES ("55b1e04a-cfa0-457a-9d03-9f36ee494d34",
	0,
	0,
	0,
	'',
	'',
	'',
	0,
	0,
	0,
	0,
	0,
	0,
	0,
	0,
	0,
	0,
	0,
	0,
	0,
	"b2389e25-c8be-4a26-a77f-2da0d58c5be4",
	"00000000-0000-0000-0000-000000000000");
INSERT INTO SM_TXN
	VALUES ("47416b7f-d493-4cf6-863b-157a951dab6d",
	"5a2edfda-5dac-45e9-98ac-602254a785c5",
	"948eea6d-9832-4eed-bd1d-bd7b21bd3ad7",
	"00000000-0000-0000-0000-000000000000");
INSERT INTO PE_PE
	VALUES ("af004aa1-2914-423c-b3bb-1c83f0cb3c8f",
	1,
	"c817c574-2133-4f0d-a669-d4ef72db35fd",
	"00000000-0000-0000-0000-000000000000",
	4);
INSERT INTO O_OBJ
	VALUES ("af004aa1-2914-423c-b3bb-1c83f0cb3c8f",
	'Motor Drive',
	7,
	'MTRDRV',
	'I am the class description.',
	"00000000-0000-0000-0000-000000000000");
INSERT INTO O_NBATTR
	VALUES ("8172c112-b822-4ac6-a1d3-8ef616253c05",
	"af004aa1-2914-423c-b3bb-1c83f0cb3c8f");
INSERT INTO O_BATTR
	VALUES ("8172c112-b822-4ac6-a1d3-8ef616253c05",
	"af004aa1-2914-423c-b3bb-1c83f0cb3c8f");
INSERT INTO O_ATTR
	VALUES ("8172c112-b822-4ac6-a1d3-8ef616253c05",
	"af004aa1-2914-423c-b3bb-1c83f0cb3c8f",
	"00000000-0000-0000-0000-000000000000",
	'current_state',
	'',
	'',
	'current_state',
	0,
	"ba5eda7a-def5-0000-0000-000000000006",
	'',
	'');
INSERT INTO O_NBATTR
	VALUES ("3d46b6a4-8c0d-4c9f-8981-2c0e15fd557f",
	"af004aa1-2914-423c-b3bb-1c83f0cb3c8f");
INSERT INTO O_BATTR
	VALUES ("3d46b6a4-8c0d-4c9f-8981-2c0e15fd557f",
	"af004aa1-2914-423c-b3bb-1c83f0cb3c8f");
INSERT INTO O_ATTR
	VALUES ("3d46b6a4-8c0d-4c9f-8981-2c0e15fd557f",
	"af004aa1-2914-423c-b3bb-1c83f0cb3c8f",
	"8172c112-b822-4ac6-a1d3-8ef616253c05",
	'str',
	'I am a string.',
	'',
	'str',
	0,
	"ba5eda7a-def5-0000-0000-000000000004",
	'',
	'');
INSERT INTO O_NBATTR
	VALUES ("7caf6226-172f-4bf1-a650-245c0ae24eb9",
	"af004aa1-2914-423c-b3bb-1c83f0cb3c8f");
INSERT INTO O_BATTR
	VALUES ("7caf6226-172f-4bf1-a650-245c0ae24eb9",
	"af004aa1-2914-423c-b3bb-1c83f0cb3c8f");
INSERT INTO O_ATTR
	VALUES ("7caf6226-172f-4bf1-a650-245c0ae24eb9",
	"af004aa1-2914-423c-b3bb-1c83f0cb3c8f",
	"3d46b6a4-8c0d-4c9f-8981-2c0e15fd557f",
	'rl',
	'I am a real.',
	'',
	'rl',
	0,
	"ba5eda7a-def5-0000-0000-000000000003",
	'',
	'');
INSERT INTO O_NBATTR
	VALUES ("8fd6f487-ff79-4454-9e0a-b0498806121b",
	"af004aa1-2914-423c-b3bb-1c83f0cb3c8f");
INSERT INTO O_BATTR
	VALUES ("8fd6f487-ff79-4454-9e0a-b0498806121b",
	"af004aa1-2914-423c-b3bb-1c83f0cb3c8f");
INSERT INTO O_ATTR
	VALUES ("8fd6f487-ff79-4454-9e0a-b0498806121b",
	"af004aa1-2914-423c-b3bb-1c83f0cb3c8f",
	"7caf6226-172f-4bf1-a650-245c0ae24eb9",
	'b1',
	'I am a boolean.',
	'',
	'b1',
	0,
	"ba5eda7a-def5-0000-0000-000000000001",
	'',
	'');
INSERT INTO O_NBATTR
	VALUES ("dc9f55dd-61cd-4c9a-bf67-69783418bf14",
	"af004aa1-2914-423c-b3bb-1c83f0cb3c8f");
INSERT INTO O_BATTR
	VALUES ("dc9f55dd-61cd-4c9a-bf67-69783418bf14",
	"af004aa1-2914-423c-b3bb-1c83f0cb3c8f");
INSERT INTO O_ATTR
	VALUES ("dc9f55dd-61cd-4c9a-bf67-69783418bf14",
	"af004aa1-2914-423c-b3bb-1c83f0cb3c8f",
	"8fd6f487-ff79-4454-9e0a-b0498806121b",
	'b2',
	'',
	'',
	'b2',
	0,
	"ba5eda7a-def5-0000-0000-000000000001",
	'',
	'');
INSERT INTO O_NBATTR
	VALUES ("ad6bbd05-256f-4dba-9588-5e272f82c17e",
	"af004aa1-2914-423c-b3bb-1c83f0cb3c8f");
INSERT INTO O_BATTR
	VALUES ("ad6bbd05-256f-4dba-9588-5e272f82c17e",
	"af004aa1-2914-423c-b3bb-1c83f0cb3c8f");
INSERT INTO O_ATTR
	VALUES ("ad6bbd05-256f-4dba-9588-5e272f82c17e",
	"af004aa1-2914-423c-b3bb-1c83f0cb3c8f",
	"dc9f55dd-61cd-4c9a-bf67-69783418bf14",
	'int',
	'I am an integer.',
	'',
	'int',
	0,
	"ba5eda7a-def5-0000-0000-000000000002",
	'',
	'');
INSERT INTO O_NBATTR
	VALUES ("373774ef-32f9-4d0b-80a2-3e371e0ffb8e",
	"af004aa1-2914-423c-b3bb-1c83f0cb3c8f");
INSERT INTO O_BATTR
	VALUES ("373774ef-32f9-4d0b-80a2-3e371e0ffb8e",
	"af004aa1-2914-423c-b3bb-1c83f0cb3c8f");
INSERT INTO O_ATTR
	VALUES ("373774ef-32f9-4d0b-80a2-3e371e0ffb8e",
	"af004aa1-2914-423c-b3bb-1c83f0cb3c8f",
	"ad6bbd05-256f-4dba-9588-5e272f82c17e",
	'timer',
	'I am a timer.',
	'',
	'timer',
	0,
	"ba5eda7a-def5-0000-0000-00000000000f",
	'',
	'');
INSERT INTO O_ID
	VALUES (0,
	"af004aa1-2914-423c-b3bb-1c83f0cb3c8f");
INSERT INTO O_ID
	VALUES (1,
	"af004aa1-2914-423c-b3bb-1c83f0cb3c8f");
INSERT INTO O_ID
	VALUES (2,
	"af004aa1-2914-423c-b3bb-1c83f0cb3c8f");
INSERT INTO SM_ISM
	VALUES ("eee6d4eb-a512-4ef6-a81d-985ca4212832",
	"af004aa1-2914-423c-b3bb-1c83f0cb3c8f");
INSERT INTO SM_SM
	VALUES ("eee6d4eb-a512-4ef6-a81d-985ca4212832",
	'',
	0);
INSERT INTO SM_MOORE
	VALUES ("eee6d4eb-a512-4ef6-a81d-985ca4212832");
INSERT INTO SM_LEVT
	VALUES ("557b6a31-0f2e-49b7-ab15-b5fa3b980318",
	"eee6d4eb-a512-4ef6-a81d-985ca4212832",
	"00000000-0000-0000-0000-000000000000");
INSERT INTO SM_SEVT
	VALUES ("557b6a31-0f2e-49b7-ab15-b5fa3b980318",
	"eee6d4eb-a512-4ef6-a81d-985ca4212832",
	"00000000-0000-0000-0000-000000000000");
INSERT INTO SM_EVT
	VALUES ("557b6a31-0f2e-49b7-ab15-b5fa3b980318",
	"eee6d4eb-a512-4ef6-a81d-985ca4212832",
	"00000000-0000-0000-0000-000000000000",
	1,
	'Stop',
	0,
	'',
	'MTRDRV1',
	'I am a stop event.');
INSERT INTO SM_LEVT
	VALUES ("50a9db24-8572-4e1b-bf4f-198c184bf14c",
	"eee6d4eb-a512-4ef6-a81d-985ca4212832",
	"00000000-0000-0000-0000-000000000000");
INSERT INTO SM_SEVT
	VALUES ("50a9db24-8572-4e1b-bf4f-198c184bf14c",
	"eee6d4eb-a512-4ef6-a81d-985ca4212832",
	"00000000-0000-0000-0000-000000000000");
INSERT INTO SM_EVT
	VALUES ("50a9db24-8572-4e1b-bf4f-198c184bf14c",
	"eee6d4eb-a512-4ef6-a81d-985ca4212832",
	"00000000-0000-0000-0000-000000000000",
	2,
	'Jog',
	0,
	'',
	'MTRDRV2',
	'I am a jog event.');
INSERT INTO SM_LEVT
	VALUES ("9aeffdeb-afef-43dd-9d8c-e173190b90ec",
	"eee6d4eb-a512-4ef6-a81d-985ca4212832",
	"00000000-0000-0000-0000-000000000000");
INSERT INTO SM_SEVT
	VALUES ("9aeffdeb-afef-43dd-9d8c-e173190b90ec",
	"eee6d4eb-a512-4ef6-a81d-985ca4212832",
	"00000000-0000-0000-0000-000000000000");
INSERT INTO SM_EVT
	VALUES ("9aeffdeb-afef-43dd-9d8c-e173190b90ec",
	"eee6d4eb-a512-4ef6-a81d-985ca4212832",
	"00000000-0000-0000-0000-000000000000",
	3,
	'event1',
	0,
	'',
	'MTRDRV3',
	'I am an event.');
INSERT INTO SM_LEVT
	VALUES ("d9537575-71db-44c9-8ac5-2f652108c92d",
	"eee6d4eb-a512-4ef6-a81d-985ca4212832",
	"00000000-0000-0000-0000-000000000000");
INSERT INTO SM_SEVT
	VALUES ("d9537575-71db-44c9-8ac5-2f652108c92d",
	"eee6d4eb-a512-4ef6-a81d-985ca4212832",
	"00000000-0000-0000-0000-000000000000");
INSERT INTO SM_EVT
	VALUES ("d9537575-71db-44c9-8ac5-2f652108c92d",
	"eee6d4eb-a512-4ef6-a81d-985ca4212832",
	"00000000-0000-0000-0000-000000000000",
	4,
	'event2',
	0,
	'',
	'MTRDRV4',
	'');
INSERT INTO SM_LEVT
	VALUES ("ffe06302-e8c2-40e1-97e2-9ee842827403",
	"eee6d4eb-a512-4ef6-a81d-985ca4212832",
	"00000000-0000-0000-0000-000000000000");
INSERT INTO SM_SEVT
	VALUES ("ffe06302-e8c2-40e1-97e2-9ee842827403",
	"eee6d4eb-a512-4ef6-a81d-985ca4212832",
	"00000000-0000-0000-0000-000000000000");
INSERT INTO SM_EVT
	VALUES ("ffe06302-e8c2-40e1-97e2-9ee842827403",
	"eee6d4eb-a512-4ef6-a81d-985ca4212832",
	"00000000-0000-0000-0000-000000000000",
	5,
	'event3',
	0,
	'',
	'MTRDRV5',
	'');
INSERT INTO SM_LEVT
	VALUES ("d714427f-2bb9-497e-bc38-b5f724e2c273",
	"eee6d4eb-a512-4ef6-a81d-985ca4212832",
	"00000000-0000-0000-0000-000000000000");
INSERT INTO SM_SEVT
	VALUES ("d714427f-2bb9-497e-bc38-b5f724e2c273",
	"eee6d4eb-a512-4ef6-a81d-985ca4212832",
	"00000000-0000-0000-0000-000000000000");
INSERT INTO SM_EVT
	VALUES ("d714427f-2bb9-497e-bc38-b5f724e2c273",
	"eee6d4eb-a512-4ef6-a81d-985ca4212832",
	"00000000-0000-0000-0000-000000000000",
	6,
	'event4',
	0,
	'',
	'MTRDRV6',
	'');
INSERT INTO SM_LEVT
	VALUES ("256c33ec-4136-4c62-ab27-1010c8e20584",
	"eee6d4eb-a512-4ef6-a81d-985ca4212832",
	"00000000-0000-0000-0000-000000000000");
INSERT INTO SM_SEVT
	VALUES ("256c33ec-4136-4c62-ab27-1010c8e20584",
	"eee6d4eb-a512-4ef6-a81d-985ca4212832",
	"00000000-0000-0000-0000-000000000000");
INSERT INTO SM_EVT
	VALUES ("256c33ec-4136-4c62-ab27-1010c8e20584",
	"eee6d4eb-a512-4ef6-a81d-985ca4212832",
	"00000000-0000-0000-0000-000000000000",
	7,
	'event5',
	0,
	'',
	'MTRDRV7',
	'');
INSERT INTO SM_LEVT
	VALUES ("a34e24a2-fe9e-4669-9ea1-f38ce9659d32",
	"eee6d4eb-a512-4ef6-a81d-985ca4212832",
	"00000000-0000-0000-0000-000000000000");
INSERT INTO SM_SEVT
	VALUES ("a34e24a2-fe9e-4669-9ea1-f38ce9659d32",
	"eee6d4eb-a512-4ef6-a81d-985ca4212832",
	"00000000-0000-0000-0000-000000000000");
INSERT INTO SM_EVT
	VALUES ("a34e24a2-fe9e-4669-9ea1-f38ce9659d32",
	"eee6d4eb-a512-4ef6-a81d-985ca4212832",
	"00000000-0000-0000-0000-000000000000",
	8,
	'event6',
	0,
	'',
	'MTRDRV8',
	'');
INSERT INTO SM_LEVT
	VALUES ("2f90e034-d732-4b35-a2f6-0cca209debb2",
	"eee6d4eb-a512-4ef6-a81d-985ca4212832",
	"00000000-0000-0000-0000-000000000000");
INSERT INTO SM_SEVT
	VALUES ("2f90e034-d732-4b35-a2f6-0cca209debb2",
	"eee6d4eb-a512-4ef6-a81d-985ca4212832",
	"00000000-0000-0000-0000-000000000000");
INSERT INTO SM_EVT
	VALUES ("2f90e034-d732-4b35-a2f6-0cca209debb2",
	"eee6d4eb-a512-4ef6-a81d-985ca4212832",
	"00000000-0000-0000-0000-000000000000",
	9,
	'event7',
	0,
	'',
	'MTRDRV9',
	'');
INSERT INTO SM_LEVT
	VALUES ("cc733f44-e71e-4efa-ad6c-13006a188c03",
	"eee6d4eb-a512-4ef6-a81d-985ca4212832",
	"00000000-0000-0000-0000-000000000000");
INSERT INTO SM_SEVT
	VALUES ("cc733f44-e71e-4efa-ad6c-13006a188c03",
	"eee6d4eb-a512-4ef6-a81d-985ca4212832",
	"00000000-0000-0000-0000-000000000000");
INSERT INTO SM_EVT
	VALUES ("cc733f44-e71e-4efa-ad6c-13006a188c03",
	"eee6d4eb-a512-4ef6-a81d-985ca4212832",
	"00000000-0000-0000-0000-000000000000",
	10,
	'event8',
	0,
	'',
	'MTRDRV10',
	'');
INSERT INTO SM_LEVT
	VALUES ("5aedb36f-6c15-4d8d-903b-002195fa250d",
	"eee6d4eb-a512-4ef6-a81d-985ca4212832",
	"00000000-0000-0000-0000-000000000000");
INSERT INTO SM_SEVT
	VALUES ("5aedb36f-6c15-4d8d-903b-002195fa250d",
	"eee6d4eb-a512-4ef6-a81d-985ca4212832",
	"00000000-0000-0000-0000-000000000000");
INSERT INTO SM_EVT
	VALUES ("5aedb36f-6c15-4d8d-903b-002195fa250d",
	"eee6d4eb-a512-4ef6-a81d-985ca4212832",
	"00000000-0000-0000-0000-000000000000",
	11,
	'event9',
	0,
	'',
	'MTRDRV11',
	'');
INSERT INTO SM_LEVT
	VALUES ("ad6ef8e3-1564-47ba-9825-44a80f2cc471",
	"eee6d4eb-a512-4ef6-a81d-985ca4212832",
	"00000000-0000-0000-0000-000000000000");
INSERT INTO SM_SEVT
	VALUES ("ad6ef8e3-1564-47ba-9825-44a80f2cc471",
	"eee6d4eb-a512-4ef6-a81d-985ca4212832",
	"00000000-0000-0000-0000-000000000000");
INSERT INTO SM_EVT
	VALUES ("ad6ef8e3-1564-47ba-9825-44a80f2cc471",
	"eee6d4eb-a512-4ef6-a81d-985ca4212832",
	"00000000-0000-0000-0000-000000000000",
	12,
	'event10',
	0,
	'',
	'MTRDRV12',
	'');
INSERT INTO SM_LEVT
	VALUES ("c07de365-1931-4f9e-8fe5-59c0ce76b04a",
	"eee6d4eb-a512-4ef6-a81d-985ca4212832",
	"00000000-0000-0000-0000-000000000000");
INSERT INTO SM_SEVT
	VALUES ("c07de365-1931-4f9e-8fe5-59c0ce76b04a",
	"eee6d4eb-a512-4ef6-a81d-985ca4212832",
	"00000000-0000-0000-0000-000000000000");
INSERT INTO SM_EVT
	VALUES ("c07de365-1931-4f9e-8fe5-59c0ce76b04a",
	"eee6d4eb-a512-4ef6-a81d-985ca4212832",
	"00000000-0000-0000-0000-000000000000",
	13,
	'event11',
	0,
	'',
	'MTRDRV13',
	'');
INSERT INTO SM_LEVT
	VALUES ("f86a5ca2-3717-4eb8-afe2-a810cbea64f2",
	"eee6d4eb-a512-4ef6-a81d-985ca4212832",
	"00000000-0000-0000-0000-000000000000");
INSERT INTO SM_SEVT
	VALUES ("f86a5ca2-3717-4eb8-afe2-a810cbea64f2",
	"eee6d4eb-a512-4ef6-a81d-985ca4212832",
	"00000000-0000-0000-0000-000000000000");
INSERT INTO SM_EVT
	VALUES ("f86a5ca2-3717-4eb8-afe2-a810cbea64f2",
	"eee6d4eb-a512-4ef6-a81d-985ca4212832",
	"00000000-0000-0000-0000-000000000000",
	14,
	'event12',
	0,
	'',
	'MTRDRV14',
	'');
INSERT INTO SM_LEVT
	VALUES ("384a5f4b-6bef-4e40-a52c-cf1f8e0aae0f",
	"eee6d4eb-a512-4ef6-a81d-985ca4212832",
	"00000000-0000-0000-0000-000000000000");
INSERT INTO SM_SEVT
	VALUES ("384a5f4b-6bef-4e40-a52c-cf1f8e0aae0f",
	"eee6d4eb-a512-4ef6-a81d-985ca4212832",
	"00000000-0000-0000-0000-000000000000");
INSERT INTO SM_EVT
	VALUES ("384a5f4b-6bef-4e40-a52c-cf1f8e0aae0f",
	"eee6d4eb-a512-4ef6-a81d-985ca4212832",
	"00000000-0000-0000-0000-000000000000",
	15,
	'event13',
	0,
	'',
	'MTRDRV15',
	'');
INSERT INTO SM_LEVT
	VALUES ("8c81ebd7-5cb0-422a-8898-5df5a31d7a7d",
	"eee6d4eb-a512-4ef6-a81d-985ca4212832",
	"00000000-0000-0000-0000-000000000000");
INSERT INTO SM_SEVT
	VALUES ("8c81ebd7-5cb0-422a-8898-5df5a31d7a7d",
	"eee6d4eb-a512-4ef6-a81d-985ca4212832",
	"00000000-0000-0000-0000-000000000000");
INSERT INTO SM_EVT
	VALUES ("8c81ebd7-5cb0-422a-8898-5df5a31d7a7d",
	"eee6d4eb-a512-4ef6-a81d-985ca4212832",
	"00000000-0000-0000-0000-000000000000",
	16,
	'event14',
	0,
	'',
	'MTRDRV16',
	'');
INSERT INTO SM_LEVT
	VALUES ("481898fe-652c-4f2e-8fd4-b2a1619d2132",
	"eee6d4eb-a512-4ef6-a81d-985ca4212832",
	"00000000-0000-0000-0000-000000000000");
INSERT INTO SM_SEVT
	VALUES ("481898fe-652c-4f2e-8fd4-b2a1619d2132",
	"eee6d4eb-a512-4ef6-a81d-985ca4212832",
	"00000000-0000-0000-0000-000000000000");
INSERT INTO SM_EVT
	VALUES ("481898fe-652c-4f2e-8fd4-b2a1619d2132",
	"eee6d4eb-a512-4ef6-a81d-985ca4212832",
	"00000000-0000-0000-0000-000000000000",
	17,
	'event15',
	0,
	'',
	'MTRDRV17',
	'');
INSERT INTO SM_LEVT
	VALUES ("bc3d232a-6429-4eca-ac3e-49542e14a047",
	"eee6d4eb-a512-4ef6-a81d-985ca4212832",
	"00000000-0000-0000-0000-000000000000");
INSERT INTO SM_SEVT
	VALUES ("bc3d232a-6429-4eca-ac3e-49542e14a047",
	"eee6d4eb-a512-4ef6-a81d-985ca4212832",
	"00000000-0000-0000-0000-000000000000");
INSERT INTO SM_EVT
	VALUES ("bc3d232a-6429-4eca-ac3e-49542e14a047",
	"eee6d4eb-a512-4ef6-a81d-985ca4212832",
	"00000000-0000-0000-0000-000000000000",
	18,
	'event16',
	0,
	'',
	'MTRDRV18',
	'');
INSERT INTO SM_STATE
	VALUES ("5c8b0d05-ceb5-46e1-b4dc-a8c8764fa32b",
	"eee6d4eb-a512-4ef6-a81d-985ca4212832",
	"00000000-0000-0000-0000-000000000000",
	'WaitingForInstruction',
	1,
	0);
INSERT INTO SM_CH
	VALUES ("5c8b0d05-ceb5-46e1-b4dc-a8c8764fa32b",
	"557b6a31-0f2e-49b7-ab15-b5fa3b980318",
	"eee6d4eb-a512-4ef6-a81d-985ca4212832",
	"00000000-0000-0000-0000-000000000000",
	'');
INSERT INTO SM_SEME
	VALUES ("5c8b0d05-ceb5-46e1-b4dc-a8c8764fa32b",
	"557b6a31-0f2e-49b7-ab15-b5fa3b980318",
	"eee6d4eb-a512-4ef6-a81d-985ca4212832",
	"00000000-0000-0000-0000-000000000000");
INSERT INTO SM_SEME
	VALUES ("5c8b0d05-ceb5-46e1-b4dc-a8c8764fa32b",
	"50a9db24-8572-4e1b-bf4f-198c184bf14c",
	"eee6d4eb-a512-4ef6-a81d-985ca4212832",
	"00000000-0000-0000-0000-000000000000");
INSERT INTO SM_CH
	VALUES ("5c8b0d05-ceb5-46e1-b4dc-a8c8764fa32b",
	"9aeffdeb-afef-43dd-9d8c-e173190b90ec",
	"eee6d4eb-a512-4ef6-a81d-985ca4212832",
	"00000000-0000-0000-0000-000000000000",
	'');
INSERT INTO SM_SEME
	VALUES ("5c8b0d05-ceb5-46e1-b4dc-a8c8764fa32b",
	"9aeffdeb-afef-43dd-9d8c-e173190b90ec",
	"eee6d4eb-a512-4ef6-a81d-985ca4212832",
	"00000000-0000-0000-0000-000000000000");
INSERT INTO SM_CH
	VALUES ("5c8b0d05-ceb5-46e1-b4dc-a8c8764fa32b",
	"d9537575-71db-44c9-8ac5-2f652108c92d",
	"eee6d4eb-a512-4ef6-a81d-985ca4212832",
	"00000000-0000-0000-0000-000000000000",
	'');
INSERT INTO SM_SEME
	VALUES ("5c8b0d05-ceb5-46e1-b4dc-a8c8764fa32b",
	"d9537575-71db-44c9-8ac5-2f652108c92d",
	"eee6d4eb-a512-4ef6-a81d-985ca4212832",
	"00000000-0000-0000-0000-000000000000");
INSERT INTO SM_CH
	VALUES ("5c8b0d05-ceb5-46e1-b4dc-a8c8764fa32b",
	"ffe06302-e8c2-40e1-97e2-9ee842827403",
	"eee6d4eb-a512-4ef6-a81d-985ca4212832",
	"00000000-0000-0000-0000-000000000000",
	'');
INSERT INTO SM_SEME
	VALUES ("5c8b0d05-ceb5-46e1-b4dc-a8c8764fa32b",
	"ffe06302-e8c2-40e1-97e2-9ee842827403",
	"eee6d4eb-a512-4ef6-a81d-985ca4212832",
	"00000000-0000-0000-0000-000000000000");
INSERT INTO SM_CH
	VALUES ("5c8b0d05-ceb5-46e1-b4dc-a8c8764fa32b",
	"d714427f-2bb9-497e-bc38-b5f724e2c273",
	"eee6d4eb-a512-4ef6-a81d-985ca4212832",
	"00000000-0000-0000-0000-000000000000",
	'');
INSERT INTO SM_SEME
	VALUES ("5c8b0d05-ceb5-46e1-b4dc-a8c8764fa32b",
	"d714427f-2bb9-497e-bc38-b5f724e2c273",
	"eee6d4eb-a512-4ef6-a81d-985ca4212832",
	"00000000-0000-0000-0000-000000000000");
INSERT INTO SM_CH
	VALUES ("5c8b0d05-ceb5-46e1-b4dc-a8c8764fa32b",
	"256c33ec-4136-4c62-ab27-1010c8e20584",
	"eee6d4eb-a512-4ef6-a81d-985ca4212832",
	"00000000-0000-0000-0000-000000000000",
	'');
INSERT INTO SM_SEME
	VALUES ("5c8b0d05-ceb5-46e1-b4dc-a8c8764fa32b",
	"256c33ec-4136-4c62-ab27-1010c8e20584",
	"eee6d4eb-a512-4ef6-a81d-985ca4212832",
	"00000000-0000-0000-0000-000000000000");
INSERT INTO SM_CH
	VALUES ("5c8b0d05-ceb5-46e1-b4dc-a8c8764fa32b",
	"a34e24a2-fe9e-4669-9ea1-f38ce9659d32",
	"eee6d4eb-a512-4ef6-a81d-985ca4212832",
	"00000000-0000-0000-0000-000000000000",
	'');
INSERT INTO SM_SEME
	VALUES ("5c8b0d05-ceb5-46e1-b4dc-a8c8764fa32b",
	"a34e24a2-fe9e-4669-9ea1-f38ce9659d32",
	"eee6d4eb-a512-4ef6-a81d-985ca4212832",
	"00000000-0000-0000-0000-000000000000");
INSERT INTO SM_CH
	VALUES ("5c8b0d05-ceb5-46e1-b4dc-a8c8764fa32b",
	"2f90e034-d732-4b35-a2f6-0cca209debb2",
	"eee6d4eb-a512-4ef6-a81d-985ca4212832",
	"00000000-0000-0000-0000-000000000000",
	'');
INSERT INTO SM_SEME
	VALUES ("5c8b0d05-ceb5-46e1-b4dc-a8c8764fa32b",
	"2f90e034-d732-4b35-a2f6-0cca209debb2",
	"eee6d4eb-a512-4ef6-a81d-985ca4212832",
	"00000000-0000-0000-0000-000000000000");
INSERT INTO SM_CH
	VALUES ("5c8b0d05-ceb5-46e1-b4dc-a8c8764fa32b",
	"cc733f44-e71e-4efa-ad6c-13006a188c03",
	"eee6d4eb-a512-4ef6-a81d-985ca4212832",
	"00000000-0000-0000-0000-000000000000",
	'');
INSERT INTO SM_SEME
	VALUES ("5c8b0d05-ceb5-46e1-b4dc-a8c8764fa32b",
	"cc733f44-e71e-4efa-ad6c-13006a188c03",
	"eee6d4eb-a512-4ef6-a81d-985ca4212832",
	"00000000-0000-0000-0000-000000000000");
INSERT INTO SM_CH
	VALUES ("5c8b0d05-ceb5-46e1-b4dc-a8c8764fa32b",
	"5aedb36f-6c15-4d8d-903b-002195fa250d",
	"eee6d4eb-a512-4ef6-a81d-985ca4212832",
	"00000000-0000-0000-0000-000000000000",
	'');
INSERT INTO SM_SEME
	VALUES ("5c8b0d05-ceb5-46e1-b4dc-a8c8764fa32b",
	"5aedb36f-6c15-4d8d-903b-002195fa250d",
	"eee6d4eb-a512-4ef6-a81d-985ca4212832",
	"00000000-0000-0000-0000-000000000000");
INSERT INTO SM_CH
	VALUES ("5c8b0d05-ceb5-46e1-b4dc-a8c8764fa32b",
	"ad6ef8e3-1564-47ba-9825-44a80f2cc471",
	"eee6d4eb-a512-4ef6-a81d-985ca4212832",
	"00000000-0000-0000-0000-000000000000",
	'');
INSERT INTO SM_SEME
	VALUES ("5c8b0d05-ceb5-46e1-b4dc-a8c8764fa32b",
	"ad6ef8e3-1564-47ba-9825-44a80f2cc471",
	"eee6d4eb-a512-4ef6-a81d-985ca4212832",
	"00000000-0000-0000-0000-000000000000");
INSERT INTO SM_CH
	VALUES ("5c8b0d05-ceb5-46e1-b4dc-a8c8764fa32b",
	"c07de365-1931-4f9e-8fe5-59c0ce76b04a",
	"eee6d4eb-a512-4ef6-a81d-985ca4212832",
	"00000000-0000-0000-0000-000000000000",
	'');
INSERT INTO SM_SEME
	VALUES ("5c8b0d05-ceb5-46e1-b4dc-a8c8764fa32b",
	"c07de365-1931-4f9e-8fe5-59c0ce76b04a",
	"eee6d4eb-a512-4ef6-a81d-985ca4212832",
	"00000000-0000-0000-0000-000000000000");
INSERT INTO SM_CH
	VALUES ("5c8b0d05-ceb5-46e1-b4dc-a8c8764fa32b",
	"f86a5ca2-3717-4eb8-afe2-a810cbea64f2",
	"eee6d4eb-a512-4ef6-a81d-985ca4212832",
	"00000000-0000-0000-0000-000000000000",
	'');
INSERT INTO SM_SEME
	VALUES ("5c8b0d05-ceb5-46e1-b4dc-a8c8764fa32b",
	"f86a5ca2-3717-4eb8-afe2-a810cbea64f2",
	"eee6d4eb-a512-4ef6-a81d-985ca4212832",
	"00000000-0000-0000-0000-000000000000");
INSERT INTO SM_CH
	VALUES ("5c8b0d05-ceb5-46e1-b4dc-a8c8764fa32b",
	"384a5f4b-6bef-4e40-a52c-cf1f8e0aae0f",
	"eee6d4eb-a512-4ef6-a81d-985ca4212832",
	"00000000-0000-0000-0000-000000000000",
	'');
INSERT INTO SM_SEME
	VALUES ("5c8b0d05-ceb5-46e1-b4dc-a8c8764fa32b",
	"384a5f4b-6bef-4e40-a52c-cf1f8e0aae0f",
	"eee6d4eb-a512-4ef6-a81d-985ca4212832",
	"00000000-0000-0000-0000-000000000000");
INSERT INTO SM_CH
	VALUES ("5c8b0d05-ceb5-46e1-b4dc-a8c8764fa32b",
	"8c81ebd7-5cb0-422a-8898-5df5a31d7a7d",
	"eee6d4eb-a512-4ef6-a81d-985ca4212832",
	"00000000-0000-0000-0000-000000000000",
	'');
INSERT INTO SM_SEME
	VALUES ("5c8b0d05-ceb5-46e1-b4dc-a8c8764fa32b",
	"8c81ebd7-5cb0-422a-8898-5df5a31d7a7d",
	"eee6d4eb-a512-4ef6-a81d-985ca4212832",
	"00000000-0000-0000-0000-000000000000");
INSERT INTO SM_CH
	VALUES ("5c8b0d05-ceb5-46e1-b4dc-a8c8764fa32b",
	"481898fe-652c-4f2e-8fd4-b2a1619d2132",
	"eee6d4eb-a512-4ef6-a81d-985ca4212832",
	"00000000-0000-0000-0000-000000000000",
	'');
INSERT INTO SM_SEME
	VALUES ("5c8b0d05-ceb5-46e1-b4dc-a8c8764fa32b",
	"481898fe-652c-4f2e-8fd4-b2a1619d2132",
	"eee6d4eb-a512-4ef6-a81d-985ca4212832",
	"00000000-0000-0000-0000-000000000000");
INSERT INTO SM_CH
	VALUES ("5c8b0d05-ceb5-46e1-b4dc-a8c8764fa32b",
	"bc3d232a-6429-4eca-ac3e-49542e14a047",
	"eee6d4eb-a512-4ef6-a81d-985ca4212832",
	"00000000-0000-0000-0000-000000000000",
	'');
INSERT INTO SM_SEME
	VALUES ("5c8b0d05-ceb5-46e1-b4dc-a8c8764fa32b",
	"bc3d232a-6429-4eca-ac3e-49542e14a047",
	"eee6d4eb-a512-4ef6-a81d-985ca4212832",
	"00000000-0000-0000-0000-000000000000");
INSERT INTO SM_MOAH
	VALUES ("719307e1-97d6-41b7-ab9c-adac49368e04",
	"eee6d4eb-a512-4ef6-a81d-985ca4212832",
	"5c8b0d05-ceb5-46e1-b4dc-a8c8764fa32b");
INSERT INTO SM_AH
	VALUES ("719307e1-97d6-41b7-ab9c-adac49368e04",
	"eee6d4eb-a512-4ef6-a81d-985ca4212832");
INSERT INTO SM_ACT
	VALUES ("719307e1-97d6-41b7-ab9c-adac49368e04",
	"eee6d4eb-a512-4ef6-a81d-985ca4212832",
	1,
	'',
	'');
INSERT INTO ACT_SAB
	VALUES ("ccdcc2ea-6440-4da4-8f0e-04b19cc791c7",
	"eee6d4eb-a512-4ef6-a81d-985ca4212832",
	"719307e1-97d6-41b7-ab9c-adac49368e04");
INSERT INTO ACT_ACT
	VALUES ("ccdcc2ea-6440-4da4-8f0e-04b19cc791c7",
	'state',
	0,
	"b60c3182-8623-4ff9-8f78-4c6ffb2627a9",
	"00000000-0000-0000-0000-000000000000",
	0,
	'Motor Drive::WaitingForInstruction',
	"00000000-0000-0000-0000-000000000000");
INSERT INTO ACT_BLK
	VALUES ("b60c3182-8623-4ff9-8f78-4c6ffb2627a9",
	0,
	0,
	0,
	'',
	'',
	'',
	0,
	0,
	0,
	0,
	0,
	0,
	0,
	0,
	0,
	0,
	0,
	0,
	0,
	"ccdcc2ea-6440-4da4-8f0e-04b19cc791c7",
	"00000000-0000-0000-0000-000000000000");
INSERT INTO SM_STATE
	VALUES ("b7b02500-d836-47c0-b200-3891f8be9db7",
	"eee6d4eb-a512-4ef6-a81d-985ca4212832",
	"00000000-0000-0000-0000-000000000000",
	'EnableDrive',
	2,
	0);
INSERT INTO SM_SEME
	VALUES ("b7b02500-d836-47c0-b200-3891f8be9db7",
	"557b6a31-0f2e-49b7-ab15-b5fa3b980318",
	"eee6d4eb-a512-4ef6-a81d-985ca4212832",
	"00000000-0000-0000-0000-000000000000");
INSERT INTO SM_CH
	VALUES ("b7b02500-d836-47c0-b200-3891f8be9db7",
	"50a9db24-8572-4e1b-bf4f-198c184bf14c",
	"eee6d4eb-a512-4ef6-a81d-985ca4212832",
	"00000000-0000-0000-0000-000000000000",
	'');
INSERT INTO SM_SEME
	VALUES ("b7b02500-d836-47c0-b200-3891f8be9db7",
	"50a9db24-8572-4e1b-bf4f-198c184bf14c",
	"eee6d4eb-a512-4ef6-a81d-985ca4212832",
	"00000000-0000-0000-0000-000000000000");
INSERT INTO SM_SEME
	VALUES ("b7b02500-d836-47c0-b200-3891f8be9db7",
	"9aeffdeb-afef-43dd-9d8c-e173190b90ec",
	"eee6d4eb-a512-4ef6-a81d-985ca4212832",
	"00000000-0000-0000-0000-000000000000");
INSERT INTO SM_CH
	VALUES ("b7b02500-d836-47c0-b200-3891f8be9db7",
	"d9537575-71db-44c9-8ac5-2f652108c92d",
	"eee6d4eb-a512-4ef6-a81d-985ca4212832",
	"00000000-0000-0000-0000-000000000000",
	'');
INSERT INTO SM_SEME
	VALUES ("b7b02500-d836-47c0-b200-3891f8be9db7",
	"d9537575-71db-44c9-8ac5-2f652108c92d",
	"eee6d4eb-a512-4ef6-a81d-985ca4212832",
	"00000000-0000-0000-0000-000000000000");
INSERT INTO SM_CH
	VALUES ("b7b02500-d836-47c0-b200-3891f8be9db7",
	"ffe06302-e8c2-40e1-97e2-9ee842827403",
	"eee6d4eb-a512-4ef6-a81d-985ca4212832",
	"00000000-0000-0000-0000-000000000000",
	'');
INSERT INTO SM_SEME
	VALUES ("b7b02500-d836-47c0-b200-3891f8be9db7",
	"ffe06302-e8c2-40e1-97e2-9ee842827403",
	"eee6d4eb-a512-4ef6-a81d-985ca4212832",
	"00000000-0000-0000-0000-000000000000");
INSERT INTO SM_CH
	VALUES ("b7b02500-d836-47c0-b200-3891f8be9db7",
	"d714427f-2bb9-497e-bc38-b5f724e2c273",
	"eee6d4eb-a512-4ef6-a81d-985ca4212832",
	"00000000-0000-0000-0000-000000000000",
	'');
INSERT INTO SM_SEME
	VALUES ("b7b02500-d836-47c0-b200-3891f8be9db7",
	"d714427f-2bb9-497e-bc38-b5f724e2c273",
	"eee6d4eb-a512-4ef6-a81d-985ca4212832",
	"00000000-0000-0000-0000-000000000000");
INSERT INTO SM_CH
	VALUES ("b7b02500-d836-47c0-b200-3891f8be9db7",
	"256c33ec-4136-4c62-ab27-1010c8e20584",
	"eee6d4eb-a512-4ef6-a81d-985ca4212832",
	"00000000-0000-0000-0000-000000000000",
	'');
INSERT INTO SM_SEME
	VALUES ("b7b02500-d836-47c0-b200-3891f8be9db7",
	"256c33ec-4136-4c62-ab27-1010c8e20584",
	"eee6d4eb-a512-4ef6-a81d-985ca4212832",
	"00000000-0000-0000-0000-000000000000");
INSERT INTO SM_CH
	VALUES ("b7b02500-d836-47c0-b200-3891f8be9db7",
	"a34e24a2-fe9e-4669-9ea1-f38ce9659d32",
	"eee6d4eb-a512-4ef6-a81d-985ca4212832",
	"00000000-0000-0000-0000-000000000000",
	'');
INSERT INTO SM_SEME
	VALUES ("b7b02500-d836-47c0-b200-3891f8be9db7",
	"a34e24a2-fe9e-4669-9ea1-f38ce9659d32",
	"eee6d4eb-a512-4ef6-a81d-985ca4212832",
	"00000000-0000-0000-0000-000000000000");
INSERT INTO SM_CH
	VALUES ("b7b02500-d836-47c0-b200-3891f8be9db7",
	"2f90e034-d732-4b35-a2f6-0cca209debb2",
	"eee6d4eb-a512-4ef6-a81d-985ca4212832",
	"00000000-0000-0000-0000-000000000000",
	'');
INSERT INTO SM_SEME
	VALUES ("b7b02500-d836-47c0-b200-3891f8be9db7",
	"2f90e034-d732-4b35-a2f6-0cca209debb2",
	"eee6d4eb-a512-4ef6-a81d-985ca4212832",
	"00000000-0000-0000-0000-000000000000");
INSERT INTO SM_CH
	VALUES ("b7b02500-d836-47c0-b200-3891f8be9db7",
	"cc733f44-e71e-4efa-ad6c-13006a188c03",
	"eee6d4eb-a512-4ef6-a81d-985ca4212832",
	"00000000-0000-0000-0000-000000000000",
	'');
INSERT INTO SM_SEME
	VALUES ("b7b02500-d836-47c0-b200-3891f8be9db7",
	"cc733f44-e71e-4efa-ad6c-13006a188c03",
	"eee6d4eb-a512-4ef6-a81d-985ca4212832",
	"00000000-0000-0000-0000-000000000000");
INSERT INTO SM_CH
	VALUES ("b7b02500-d836-47c0-b200-3891f8be9db7",
	"5aedb36f-6c15-4d8d-903b-002195fa250d",
	"eee6d4eb-a512-4ef6-a81d-985ca4212832",
	"00000000-0000-0000-0000-000000000000",
	'');
INSERT INTO SM_SEME
	VALUES ("b7b02500-d836-47c0-b200-3891f8be9db7",
	"5aedb36f-6c15-4d8d-903b-002195fa250d",
	"eee6d4eb-a512-4ef6-a81d-985ca4212832",
	"00000000-0000-0000-0000-000000000000");
INSERT INTO SM_CH
	VALUES ("b7b02500-d836-47c0-b200-3891f8be9db7",
	"ad6ef8e3-1564-47ba-9825-44a80f2cc471",
	"eee6d4eb-a512-4ef6-a81d-985ca4212832",
	"00000000-0000-0000-0000-000000000000",
	'');
INSERT INTO SM_SEME
	VALUES ("b7b02500-d836-47c0-b200-3891f8be9db7",
	"ad6ef8e3-1564-47ba-9825-44a80f2cc471",
	"eee6d4eb-a512-4ef6-a81d-985ca4212832",
	"00000000-0000-0000-0000-000000000000");
INSERT INTO SM_CH
	VALUES ("b7b02500-d836-47c0-b200-3891f8be9db7",
	"c07de365-1931-4f9e-8fe5-59c0ce76b04a",
	"eee6d4eb-a512-4ef6-a81d-985ca4212832",
	"00000000-0000-0000-0000-000000000000",
	'');
INSERT INTO SM_SEME
	VALUES ("b7b02500-d836-47c0-b200-3891f8be9db7",
	"c07de365-1931-4f9e-8fe5-59c0ce76b04a",
	"eee6d4eb-a512-4ef6-a81d-985ca4212832",
	"00000000-0000-0000-0000-000000000000");
INSERT INTO SM_CH
	VALUES ("b7b02500-d836-47c0-b200-3891f8be9db7",
	"f86a5ca2-3717-4eb8-afe2-a810cbea64f2",
	"eee6d4eb-a512-4ef6-a81d-985ca4212832",
	"00000000-0000-0000-0000-000000000000",
	'');
INSERT INTO SM_SEME
	VALUES ("b7b02500-d836-47c0-b200-3891f8be9db7",
	"f86a5ca2-3717-4eb8-afe2-a810cbea64f2",
	"eee6d4eb-a512-4ef6-a81d-985ca4212832",
	"00000000-0000-0000-0000-000000000000");
INSERT INTO SM_CH
	VALUES ("b7b02500-d836-47c0-b200-3891f8be9db7",
	"384a5f4b-6bef-4e40-a52c-cf1f8e0aae0f",
	"eee6d4eb-a512-4ef6-a81d-985ca4212832",
	"00000000-0000-0000-0000-000000000000",
	'');
INSERT INTO SM_SEME
	VALUES ("b7b02500-d836-47c0-b200-3891f8be9db7",
	"384a5f4b-6bef-4e40-a52c-cf1f8e0aae0f",
	"eee6d4eb-a512-4ef6-a81d-985ca4212832",
	"00000000-0000-0000-0000-000000000000");
INSERT INTO SM_CH
	VALUES ("b7b02500-d836-47c0-b200-3891f8be9db7",
	"8c81ebd7-5cb0-422a-8898-5df5a31d7a7d",
	"eee6d4eb-a512-4ef6-a81d-985ca4212832",
	"00000000-0000-0000-0000-000000000000",
	'');
INSERT INTO SM_SEME
	VALUES ("b7b02500-d836-47c0-b200-3891f8be9db7",
	"8c81ebd7-5cb0-422a-8898-5df5a31d7a7d",
	"eee6d4eb-a512-4ef6-a81d-985ca4212832",
	"00000000-0000-0000-0000-000000000000");
INSERT INTO SM_CH
	VALUES ("b7b02500-d836-47c0-b200-3891f8be9db7",
	"481898fe-652c-4f2e-8fd4-b2a1619d2132",
	"eee6d4eb-a512-4ef6-a81d-985ca4212832",
	"00000000-0000-0000-0000-000000000000",
	'');
INSERT INTO SM_SEME
	VALUES ("b7b02500-d836-47c0-b200-3891f8be9db7",
	"481898fe-652c-4f2e-8fd4-b2a1619d2132",
	"eee6d4eb-a512-4ef6-a81d-985ca4212832",
	"00000000-0000-0000-0000-000000000000");
INSERT INTO SM_CH
	VALUES ("b7b02500-d836-47c0-b200-3891f8be9db7",
	"bc3d232a-6429-4eca-ac3e-49542e14a047",
	"eee6d4eb-a512-4ef6-a81d-985ca4212832",
	"00000000-0000-0000-0000-000000000000",
	'');
INSERT INTO SM_SEME
	VALUES ("b7b02500-d836-47c0-b200-3891f8be9db7",
	"bc3d232a-6429-4eca-ac3e-49542e14a047",
	"eee6d4eb-a512-4ef6-a81d-985ca4212832",
	"00000000-0000-0000-0000-000000000000");
INSERT INTO SM_MOAH
	VALUES ("cef4fd22-bc77-4266-b261-189c4c23af01",
	"eee6d4eb-a512-4ef6-a81d-985ca4212832",
	"b7b02500-d836-47c0-b200-3891f8be9db7");
INSERT INTO SM_AH
	VALUES ("cef4fd22-bc77-4266-b261-189c4c23af01",
	"eee6d4eb-a512-4ef6-a81d-985ca4212832");
INSERT INTO SM_ACT
	VALUES ("cef4fd22-bc77-4266-b261-189c4c23af01",
	"eee6d4eb-a512-4ef6-a81d-985ca4212832",
	1,
	'',
	'');
INSERT INTO ACT_SAB
	VALUES ("be6c5aa0-f616-4dba-8658-75e3c4aef830",
	"eee6d4eb-a512-4ef6-a81d-985ca4212832",
	"cef4fd22-bc77-4266-b261-189c4c23af01");
INSERT INTO ACT_ACT
	VALUES ("be6c5aa0-f616-4dba-8658-75e3c4aef830",
	'state',
	0,
	"2109b241-ac69-4abd-b4b6-28fa4c40988c",
	"00000000-0000-0000-0000-000000000000",
	0,
	'Motor Drive::EnableDrive',
	"00000000-0000-0000-0000-000000000000");
INSERT INTO ACT_BLK
	VALUES ("2109b241-ac69-4abd-b4b6-28fa4c40988c",
	0,
	0,
	0,
	'',
	'',
	'',
	0,
	0,
	0,
	0,
	0,
	0,
	0,
	0,
	0,
	0,
	0,
	0,
	0,
	"be6c5aa0-f616-4dba-8658-75e3c4aef830",
	"00000000-0000-0000-0000-000000000000");
INSERT INTO SM_STATE
	VALUES ("489d0fb8-045d-4c8b-b489-774105ab8f92",
	"eee6d4eb-a512-4ef6-a81d-985ca4212832",
	"00000000-0000-0000-0000-000000000000",
	'ChangeVelocity',
	3,
	0);
INSERT INTO SM_SEME
	VALUES ("489d0fb8-045d-4c8b-b489-774105ab8f92",
	"557b6a31-0f2e-49b7-ab15-b5fa3b980318",
	"eee6d4eb-a512-4ef6-a81d-985ca4212832",
	"00000000-0000-0000-0000-000000000000");
INSERT INTO SM_CH
	VALUES ("489d0fb8-045d-4c8b-b489-774105ab8f92",
	"50a9db24-8572-4e1b-bf4f-198c184bf14c",
	"eee6d4eb-a512-4ef6-a81d-985ca4212832",
	"00000000-0000-0000-0000-000000000000",
	'');
INSERT INTO SM_SEME
	VALUES ("489d0fb8-045d-4c8b-b489-774105ab8f92",
	"50a9db24-8572-4e1b-bf4f-198c184bf14c",
	"eee6d4eb-a512-4ef6-a81d-985ca4212832",
	"00000000-0000-0000-0000-000000000000");
INSERT INTO SM_CH
	VALUES ("489d0fb8-045d-4c8b-b489-774105ab8f92",
	"9aeffdeb-afef-43dd-9d8c-e173190b90ec",
	"eee6d4eb-a512-4ef6-a81d-985ca4212832",
	"00000000-0000-0000-0000-000000000000",
	'');
INSERT INTO SM_SEME
	VALUES ("489d0fb8-045d-4c8b-b489-774105ab8f92",
	"9aeffdeb-afef-43dd-9d8c-e173190b90ec",
	"eee6d4eb-a512-4ef6-a81d-985ca4212832",
	"00000000-0000-0000-0000-000000000000");
INSERT INTO SM_CH
	VALUES ("489d0fb8-045d-4c8b-b489-774105ab8f92",
	"d9537575-71db-44c9-8ac5-2f652108c92d",
	"eee6d4eb-a512-4ef6-a81d-985ca4212832",
	"00000000-0000-0000-0000-000000000000",
	'');
INSERT INTO SM_SEME
	VALUES ("489d0fb8-045d-4c8b-b489-774105ab8f92",
	"d9537575-71db-44c9-8ac5-2f652108c92d",
	"eee6d4eb-a512-4ef6-a81d-985ca4212832",
	"00000000-0000-0000-0000-000000000000");
INSERT INTO SM_CH
	VALUES ("489d0fb8-045d-4c8b-b489-774105ab8f92",
	"ffe06302-e8c2-40e1-97e2-9ee842827403",
	"eee6d4eb-a512-4ef6-a81d-985ca4212832",
	"00000000-0000-0000-0000-000000000000",
	'');
INSERT INTO SM_SEME
	VALUES ("489d0fb8-045d-4c8b-b489-774105ab8f92",
	"ffe06302-e8c2-40e1-97e2-9ee842827403",
	"eee6d4eb-a512-4ef6-a81d-985ca4212832",
	"00000000-0000-0000-0000-000000000000");
INSERT INTO SM_CH
	VALUES ("489d0fb8-045d-4c8b-b489-774105ab8f92",
	"d714427f-2bb9-497e-bc38-b5f724e2c273",
	"eee6d4eb-a512-4ef6-a81d-985ca4212832",
	"00000000-0000-0000-0000-000000000000",
	'');
INSERT INTO SM_SEME
	VALUES ("489d0fb8-045d-4c8b-b489-774105ab8f92",
	"d714427f-2bb9-497e-bc38-b5f724e2c273",
	"eee6d4eb-a512-4ef6-a81d-985ca4212832",
	"00000000-0000-0000-0000-000000000000");
INSERT INTO SM_CH
	VALUES ("489d0fb8-045d-4c8b-b489-774105ab8f92",
	"256c33ec-4136-4c62-ab27-1010c8e20584",
	"eee6d4eb-a512-4ef6-a81d-985ca4212832",
	"00000000-0000-0000-0000-000000000000",
	'');
INSERT INTO SM_SEME
	VALUES ("489d0fb8-045d-4c8b-b489-774105ab8f92",
	"256c33ec-4136-4c62-ab27-1010c8e20584",
	"eee6d4eb-a512-4ef6-a81d-985ca4212832",
	"00000000-0000-0000-0000-000000000000");
INSERT INTO SM_CH
	VALUES ("489d0fb8-045d-4c8b-b489-774105ab8f92",
	"a34e24a2-fe9e-4669-9ea1-f38ce9659d32",
	"eee6d4eb-a512-4ef6-a81d-985ca4212832",
	"00000000-0000-0000-0000-000000000000",
	'');
INSERT INTO SM_SEME
	VALUES ("489d0fb8-045d-4c8b-b489-774105ab8f92",
	"a34e24a2-fe9e-4669-9ea1-f38ce9659d32",
	"eee6d4eb-a512-4ef6-a81d-985ca4212832",
	"00000000-0000-0000-0000-000000000000");
INSERT INTO SM_CH
	VALUES ("489d0fb8-045d-4c8b-b489-774105ab8f92",
	"2f90e034-d732-4b35-a2f6-0cca209debb2",
	"eee6d4eb-a512-4ef6-a81d-985ca4212832",
	"00000000-0000-0000-0000-000000000000",
	'');
INSERT INTO SM_SEME
	VALUES ("489d0fb8-045d-4c8b-b489-774105ab8f92",
	"2f90e034-d732-4b35-a2f6-0cca209debb2",
	"eee6d4eb-a512-4ef6-a81d-985ca4212832",
	"00000000-0000-0000-0000-000000000000");
INSERT INTO SM_CH
	VALUES ("489d0fb8-045d-4c8b-b489-774105ab8f92",
	"cc733f44-e71e-4efa-ad6c-13006a188c03",
	"eee6d4eb-a512-4ef6-a81d-985ca4212832",
	"00000000-0000-0000-0000-000000000000",
	'');
INSERT INTO SM_SEME
	VALUES ("489d0fb8-045d-4c8b-b489-774105ab8f92",
	"cc733f44-e71e-4efa-ad6c-13006a188c03",
	"eee6d4eb-a512-4ef6-a81d-985ca4212832",
	"00000000-0000-0000-0000-000000000000");
INSERT INTO SM_CH
	VALUES ("489d0fb8-045d-4c8b-b489-774105ab8f92",
	"5aedb36f-6c15-4d8d-903b-002195fa250d",
	"eee6d4eb-a512-4ef6-a81d-985ca4212832",
	"00000000-0000-0000-0000-000000000000",
	'');
INSERT INTO SM_SEME
	VALUES ("489d0fb8-045d-4c8b-b489-774105ab8f92",
	"5aedb36f-6c15-4d8d-903b-002195fa250d",
	"eee6d4eb-a512-4ef6-a81d-985ca4212832",
	"00000000-0000-0000-0000-000000000000");
INSERT INTO SM_CH
	VALUES ("489d0fb8-045d-4c8b-b489-774105ab8f92",
	"ad6ef8e3-1564-47ba-9825-44a80f2cc471",
	"eee6d4eb-a512-4ef6-a81d-985ca4212832",
	"00000000-0000-0000-0000-000000000000",
	'');
INSERT INTO SM_SEME
	VALUES ("489d0fb8-045d-4c8b-b489-774105ab8f92",
	"ad6ef8e3-1564-47ba-9825-44a80f2cc471",
	"eee6d4eb-a512-4ef6-a81d-985ca4212832",
	"00000000-0000-0000-0000-000000000000");
INSERT INTO SM_CH
	VALUES ("489d0fb8-045d-4c8b-b489-774105ab8f92",
	"c07de365-1931-4f9e-8fe5-59c0ce76b04a",
	"eee6d4eb-a512-4ef6-a81d-985ca4212832",
	"00000000-0000-0000-0000-000000000000",
	'');
INSERT INTO SM_SEME
	VALUES ("489d0fb8-045d-4c8b-b489-774105ab8f92",
	"c07de365-1931-4f9e-8fe5-59c0ce76b04a",
	"eee6d4eb-a512-4ef6-a81d-985ca4212832",
	"00000000-0000-0000-0000-000000000000");
INSERT INTO SM_CH
	VALUES ("489d0fb8-045d-4c8b-b489-774105ab8f92",
	"f86a5ca2-3717-4eb8-afe2-a810cbea64f2",
	"eee6d4eb-a512-4ef6-a81d-985ca4212832",
	"00000000-0000-0000-0000-000000000000",
	'');
INSERT INTO SM_SEME
	VALUES ("489d0fb8-045d-4c8b-b489-774105ab8f92",
	"f86a5ca2-3717-4eb8-afe2-a810cbea64f2",
	"eee6d4eb-a512-4ef6-a81d-985ca4212832",
	"00000000-0000-0000-0000-000000000000");
INSERT INTO SM_CH
	VALUES ("489d0fb8-045d-4c8b-b489-774105ab8f92",
	"384a5f4b-6bef-4e40-a52c-cf1f8e0aae0f",
	"eee6d4eb-a512-4ef6-a81d-985ca4212832",
	"00000000-0000-0000-0000-000000000000",
	'');
INSERT INTO SM_SEME
	VALUES ("489d0fb8-045d-4c8b-b489-774105ab8f92",
	"384a5f4b-6bef-4e40-a52c-cf1f8e0aae0f",
	"eee6d4eb-a512-4ef6-a81d-985ca4212832",
	"00000000-0000-0000-0000-000000000000");
INSERT INTO SM_CH
	VALUES ("489d0fb8-045d-4c8b-b489-774105ab8f92",
	"8c81ebd7-5cb0-422a-8898-5df5a31d7a7d",
	"eee6d4eb-a512-4ef6-a81d-985ca4212832",
	"00000000-0000-0000-0000-000000000000",
	'');
INSERT INTO SM_SEME
	VALUES ("489d0fb8-045d-4c8b-b489-774105ab8f92",
	"8c81ebd7-5cb0-422a-8898-5df5a31d7a7d",
	"eee6d4eb-a512-4ef6-a81d-985ca4212832",
	"00000000-0000-0000-0000-000000000000");
INSERT INTO SM_CH
	VALUES ("489d0fb8-045d-4c8b-b489-774105ab8f92",
	"481898fe-652c-4f2e-8fd4-b2a1619d2132",
	"eee6d4eb-a512-4ef6-a81d-985ca4212832",
	"00000000-0000-0000-0000-000000000000",
	'');
INSERT INTO SM_SEME
	VALUES ("489d0fb8-045d-4c8b-b489-774105ab8f92",
	"481898fe-652c-4f2e-8fd4-b2a1619d2132",
	"eee6d4eb-a512-4ef6-a81d-985ca4212832",
	"00000000-0000-0000-0000-000000000000");
INSERT INTO SM_CH
	VALUES ("489d0fb8-045d-4c8b-b489-774105ab8f92",
	"bc3d232a-6429-4eca-ac3e-49542e14a047",
	"eee6d4eb-a512-4ef6-a81d-985ca4212832",
	"00000000-0000-0000-0000-000000000000",
	'');
INSERT INTO SM_SEME
	VALUES ("489d0fb8-045d-4c8b-b489-774105ab8f92",
	"bc3d232a-6429-4eca-ac3e-49542e14a047",
	"eee6d4eb-a512-4ef6-a81d-985ca4212832",
	"00000000-0000-0000-0000-000000000000");
INSERT INTO SM_MOAH
	VALUES ("00f13046-0d90-4252-b5a8-8c5efd3082de",
	"eee6d4eb-a512-4ef6-a81d-985ca4212832",
	"489d0fb8-045d-4c8b-b489-774105ab8f92");
INSERT INTO SM_AH
	VALUES ("00f13046-0d90-4252-b5a8-8c5efd3082de",
	"eee6d4eb-a512-4ef6-a81d-985ca4212832");
INSERT INTO SM_ACT
	VALUES ("00f13046-0d90-4252-b5a8-8c5efd3082de",
	"eee6d4eb-a512-4ef6-a81d-985ca4212832",
	1,
	'',
	'');
INSERT INTO ACT_SAB
	VALUES ("0fb01985-2e9a-45c5-a6c6-07f335775492",
	"eee6d4eb-a512-4ef6-a81d-985ca4212832",
	"00f13046-0d90-4252-b5a8-8c5efd3082de");
INSERT INTO ACT_ACT
	VALUES ("0fb01985-2e9a-45c5-a6c6-07f335775492",
	'state',
	0,
	"1870dfe9-078f-4c6b-af4f-0a3b1c1e3948",
	"00000000-0000-0000-0000-000000000000",
	0,
	'Motor Drive::ChangeVelocity',
	"00000000-0000-0000-0000-000000000000");
INSERT INTO ACT_BLK
	VALUES ("1870dfe9-078f-4c6b-af4f-0a3b1c1e3948",
	0,
	0,
	0,
	'',
	'',
	'',
	0,
	0,
	0,
	0,
	0,
	0,
	0,
	0,
	0,
	0,
	0,
	0,
	0,
	"0fb01985-2e9a-45c5-a6c6-07f335775492",
	"00000000-0000-0000-0000-000000000000");
INSERT INTO SM_NSTXN
	VALUES ("4b29c033-9868-4f0d-8302-2d25f2cbfbdb",
	"eee6d4eb-a512-4ef6-a81d-985ca4212832",
	"489d0fb8-045d-4c8b-b489-774105ab8f92",
	"557b6a31-0f2e-49b7-ab15-b5fa3b980318",
	"00000000-0000-0000-0000-000000000000");
INSERT INTO SM_TAH
	VALUES ("4b768ce0-607c-4298-a4ca-5ebc5062a312",
	"eee6d4eb-a512-4ef6-a81d-985ca4212832",
	"4b29c033-9868-4f0d-8302-2d25f2cbfbdb");
INSERT INTO SM_AH
	VALUES ("4b768ce0-607c-4298-a4ca-5ebc5062a312",
	"eee6d4eb-a512-4ef6-a81d-985ca4212832");
INSERT INTO SM_ACT
	VALUES ("4b768ce0-607c-4298-a4ca-5ebc5062a312",
	"eee6d4eb-a512-4ef6-a81d-985ca4212832",
	1,
	'',
	'');
INSERT INTO ACT_TAB
	VALUES ("70930613-89f4-41bb-a208-d0dd9aa719a3",
	"eee6d4eb-a512-4ef6-a81d-985ca4212832",
	"4b768ce0-607c-4298-a4ca-5ebc5062a312");
INSERT INTO ACT_ACT
	VALUES ("70930613-89f4-41bb-a208-d0dd9aa719a3",
	'transition',
	0,
	"a5e9e0fb-2b39-4936-a068-70d26fef722f",
	"00000000-0000-0000-0000-000000000000",
	0,
	'MTRDRV1: Stop',
	"00000000-0000-0000-0000-000000000000");
INSERT INTO ACT_BLK
	VALUES ("a5e9e0fb-2b39-4936-a068-70d26fef722f",
	0,
	0,
	0,
	'',
	'',
	'',
	0,
	0,
	0,
	0,
	0,
	0,
	0,
	0,
	0,
	0,
	0,
	0,
	0,
	"70930613-89f4-41bb-a208-d0dd9aa719a3",
	"00000000-0000-0000-0000-000000000000");
INSERT INTO SM_TXN
	VALUES ("4b29c033-9868-4f0d-8302-2d25f2cbfbdb",
	"eee6d4eb-a512-4ef6-a81d-985ca4212832",
	"5c8b0d05-ceb5-46e1-b4dc-a8c8764fa32b",
	"00000000-0000-0000-0000-000000000000");
INSERT INTO SM_NSTXN
	VALUES ("9aecb036-dba2-4870-81e7-acc77604bb63",
	"eee6d4eb-a512-4ef6-a81d-985ca4212832",
	"5c8b0d05-ceb5-46e1-b4dc-a8c8764fa32b",
	"50a9db24-8572-4e1b-bf4f-198c184bf14c",
	"00000000-0000-0000-0000-000000000000");
INSERT INTO SM_TAH
	VALUES ("0580d4cb-2166-4b48-9e27-bb850da48750",
	"eee6d4eb-a512-4ef6-a81d-985ca4212832",
	"9aecb036-dba2-4870-81e7-acc77604bb63");
INSERT INTO SM_AH
	VALUES ("0580d4cb-2166-4b48-9e27-bb850da48750",
	"eee6d4eb-a512-4ef6-a81d-985ca4212832");
INSERT INTO SM_ACT
	VALUES ("0580d4cb-2166-4b48-9e27-bb850da48750",
	"eee6d4eb-a512-4ef6-a81d-985ca4212832",
	1,
	'',
	'');
INSERT INTO ACT_TAB
	VALUES ("26f5916a-a6ee-48b9-90e2-714f1a275cca",
	"eee6d4eb-a512-4ef6-a81d-985ca4212832",
	"0580d4cb-2166-4b48-9e27-bb850da48750");
INSERT INTO ACT_ACT
	VALUES ("26f5916a-a6ee-48b9-90e2-714f1a275cca",
	'transition',
	0,
	"42ee74ff-18b0-4513-b780-2671643de443",
	"00000000-0000-0000-0000-000000000000",
	0,
	'MTRDRV2: Jog',
	"00000000-0000-0000-0000-000000000000");
INSERT INTO ACT_BLK
	VALUES ("42ee74ff-18b0-4513-b780-2671643de443",
	0,
	0,
	0,
	'',
	'',
	'',
	0,
	0,
	0,
	0,
	0,
	0,
	0,
	0,
	0,
	0,
	0,
	0,
	0,
	"26f5916a-a6ee-48b9-90e2-714f1a275cca",
	"00000000-0000-0000-0000-000000000000");
INSERT INTO SM_TXN
	VALUES ("9aecb036-dba2-4870-81e7-acc77604bb63",
	"eee6d4eb-a512-4ef6-a81d-985ca4212832",
	"b7b02500-d836-47c0-b200-3891f8be9db7",
	"00000000-0000-0000-0000-000000000000");
INSERT INTO SM_NSTXN
	VALUES ("f31beda0-c0ed-474f-be25-5fbce99df989",
	"eee6d4eb-a512-4ef6-a81d-985ca4212832",
	"b7b02500-d836-47c0-b200-3891f8be9db7",
	"9aeffdeb-afef-43dd-9d8c-e173190b90ec",
	"00000000-0000-0000-0000-000000000000");
INSERT INTO SM_TAH
	VALUES ("ac4f0347-e977-4be4-b67b-3fb801b2b79d",
	"eee6d4eb-a512-4ef6-a81d-985ca4212832",
	"f31beda0-c0ed-474f-be25-5fbce99df989");
INSERT INTO SM_AH
	VALUES ("ac4f0347-e977-4be4-b67b-3fb801b2b79d",
	"eee6d4eb-a512-4ef6-a81d-985ca4212832");
INSERT INTO SM_ACT
	VALUES ("ac4f0347-e977-4be4-b67b-3fb801b2b79d",
	"eee6d4eb-a512-4ef6-a81d-985ca4212832",
	1,
	'',
	'');
INSERT INTO ACT_TAB
	VALUES ("abc75230-cca8-49fb-a3c2-43f96f7f9ffb",
	"eee6d4eb-a512-4ef6-a81d-985ca4212832",
	"ac4f0347-e977-4be4-b67b-3fb801b2b79d");
INSERT INTO ACT_ACT
	VALUES ("abc75230-cca8-49fb-a3c2-43f96f7f9ffb",
	'transition',
	0,
	"1b30e4d0-0c34-4c22-86da-b0965adf766d",
	"00000000-0000-0000-0000-000000000000",
	0,
	'MTRDRV3: event1',
	"00000000-0000-0000-0000-000000000000");
INSERT INTO ACT_BLK
	VALUES ("1b30e4d0-0c34-4c22-86da-b0965adf766d",
	0,
	0,
	0,
	'',
	'',
	'',
	0,
	0,
	0,
	0,
	0,
	0,
	0,
	0,
	0,
	0,
	0,
	0,
	0,
	"abc75230-cca8-49fb-a3c2-43f96f7f9ffb",
	"00000000-0000-0000-0000-000000000000");
INSERT INTO SM_TXN
	VALUES ("f31beda0-c0ed-474f-be25-5fbce99df989",
	"eee6d4eb-a512-4ef6-a81d-985ca4212832",
	"489d0fb8-045d-4c8b-b489-774105ab8f92",
	"00000000-0000-0000-0000-000000000000");
INSERT INTO SM_NSTXN
	VALUES ("c0cd6be6-ed61-4235-bf78-3c37b872d8b5",
	"eee6d4eb-a512-4ef6-a81d-985ca4212832",
	"b7b02500-d836-47c0-b200-3891f8be9db7",
	"557b6a31-0f2e-49b7-ab15-b5fa3b980318",
	"00000000-0000-0000-0000-000000000000");
INSERT INTO SM_TAH
	VALUES ("5cf095ec-a4a2-4c50-baa8-dcc8f6fab10b",
	"eee6d4eb-a512-4ef6-a81d-985ca4212832",
	"c0cd6be6-ed61-4235-bf78-3c37b872d8b5");
INSERT INTO SM_AH
	VALUES ("5cf095ec-a4a2-4c50-baa8-dcc8f6fab10b",
	"eee6d4eb-a512-4ef6-a81d-985ca4212832");
INSERT INTO SM_ACT
	VALUES ("5cf095ec-a4a2-4c50-baa8-dcc8f6fab10b",
	"eee6d4eb-a512-4ef6-a81d-985ca4212832",
	1,
	'',
	'');
INSERT INTO ACT_TAB
	VALUES ("e6f111bb-2615-4c9a-90f7-71e4b9ad2890",
	"eee6d4eb-a512-4ef6-a81d-985ca4212832",
	"5cf095ec-a4a2-4c50-baa8-dcc8f6fab10b");
INSERT INTO ACT_ACT
	VALUES ("e6f111bb-2615-4c9a-90f7-71e4b9ad2890",
	'transition',
	0,
	"99e67ca2-b17b-428c-96ec-a7cfd0e116fe",
	"00000000-0000-0000-0000-000000000000",
	0,
	'MTRDRV1: Stop',
	"00000000-0000-0000-0000-000000000000");
INSERT INTO ACT_BLK
	VALUES ("99e67ca2-b17b-428c-96ec-a7cfd0e116fe",
	0,
	0,
	0,
	'',
	'',
	'',
	0,
	0,
	0,
	0,
	0,
	0,
	0,
	0,
	0,
	0,
	0,
	0,
	0,
	"e6f111bb-2615-4c9a-90f7-71e4b9ad2890",
	"00000000-0000-0000-0000-000000000000");
INSERT INTO SM_TXN
	VALUES ("c0cd6be6-ed61-4235-bf78-3c37b872d8b5",
	"eee6d4eb-a512-4ef6-a81d-985ca4212832",
	"5c8b0d05-ceb5-46e1-b4dc-a8c8764fa32b",
	"00000000-0000-0000-0000-000000000000");
INSERT INTO EP_PKG
	VALUES ("a5488258-657b-425c-9f92-726e52f7eaeb",
	"96493490-05b1-4840-ab78-5af4de985c2e",
	"96493490-05b1-4840-ab78-5af4de985c2e",
	'UnitTest',
	'',
	0);
INSERT INTO PE_PE
	VALUES ("c07b32b7-fca4-408e-8b95-1d8346d6d939",
	1,
	"a5488258-657b-425c-9f92-726e52f7eaeb",
	"00000000-0000-0000-0000-000000000000",
	2);
INSERT INTO C_C
	VALUES ("c07b32b7-fca4-408e-8b95-1d8346d6d939",
	"00000000-0000-0000-0000-000000000000",
	"00000000-0000-0000-0000-000000000000",
	'Client',
	'',
	0,
	"00000000-0000-0000-0000-000000000000",
	0,
	'');
INSERT INTO C_PO
	VALUES ("8a0044a7-58e3-4cb5-90fc-189cddb04d8c",
	"c07b32b7-fca4-408e-8b95-1d8346d6d939",
	'Port1',
	0,
	0);
INSERT INTO C_IR
	VALUES ("abbd492b-9c54-45d5-bc87-eac179a6efc6",
	"52db6895-1faf-4f37-903b-e183212300aa",
	"00000000-0000-0000-0000-000000000000",
	"8a0044a7-58e3-4cb5-90fc-189cddb04d8c");
INSERT INTO C_R
	VALUES ("abbd492b-9c54-45d5-bc87-eac179a6efc6",
	'JogMotor',
	'',
	'Unnamed Interface',
	'Client::Port1::JogMotor');
INSERT INTO SPR_REP
	VALUES ("8d63cebc-9bdd-44a5-8c26-bfc8d41348da",
	"5088c18b-e00f-4dd3-b4a9-4f3e6167a4e1",
	"abbd492b-9c54-45d5-bc87-eac179a6efc6");
INSERT INTO SPR_RS
	VALUES ("8d63cebc-9bdd-44a5-8c26-bfc8d41348da",
	'jog',
	'',
	'',
	1);
INSERT INTO ACT_RSB
	VALUES ("c96e63e7-dbee-422b-a2a4-602b3bf9c50a",
	"8d63cebc-9bdd-44a5-8c26-bfc8d41348da");
INSERT INTO ACT_ACT
	VALUES ("c96e63e7-dbee-422b-a2a4-602b3bf9c50a",
	'signal',
	0,
	"7bfd49eb-6957-45ff-be36-6fbf5be5ad88",
	"00000000-0000-0000-0000-000000000000",
	0,
	'Port1::JogMotor::jog',
	"00000000-0000-0000-0000-000000000000");
INSERT INTO ACT_BLK
	VALUES ("7bfd49eb-6957-45ff-be36-6fbf5be5ad88",
	0,
	0,
	0,
	'',
	'',
	'',
	0,
	0,
	0,
	0,
	0,
	0,
	0,
	0,
	0,
	0,
	0,
	0,
	0,
	"c96e63e7-dbee-422b-a2a4-602b3bf9c50a",
	"00000000-0000-0000-0000-000000000000");
INSERT INTO SPR_REP
	VALUES ("7bd0e6c5-f64c-4539-a0f1-650efc3f5d5d",
	"9241cf5d-2f11-4b22-9139-4bd3137ca986",
	"abbd492b-9c54-45d5-bc87-eac179a6efc6");
INSERT INTO SPR_RS
	VALUES ("7bd0e6c5-f64c-4539-a0f1-650efc3f5d5d",
	'stop',
	'',
	'',
	1);
INSERT INTO ACT_RSB
	VALUES ("ef7edec9-ec2d-45a8-a4f1-0ee829867971",
	"7bd0e6c5-f64c-4539-a0f1-650efc3f5d5d");
INSERT INTO ACT_ACT
	VALUES ("ef7edec9-ec2d-45a8-a4f1-0ee829867971",
	'signal',
	0,
	"75b872c8-2be4-4bdf-a6b3-397fc13e730f",
	"00000000-0000-0000-0000-000000000000",
	0,
	'Port1::JogMotor::stop',
	"00000000-0000-0000-0000-000000000000");
INSERT INTO ACT_BLK
	VALUES ("75b872c8-2be4-4bdf-a6b3-397fc13e730f",
	0,
	0,
	0,
	'',
	'',
	'',
	0,
	0,
	0,
	0,
	0,
	0,
	0,
	0,
	0,
	0,
	0,
	0,
	0,
	"ef7edec9-ec2d-45a8-a4f1-0ee829867971",
	"00000000-0000-0000-0000-000000000000");
INSERT INTO SPR_REP
	VALUES ("9befa996-2eda-45f4-ae6c-f6eaff7e908b",
	"6959782d-b94d-4525-9720-fcb3ab20776f",
	"abbd492b-9c54-45d5-bc87-eac179a6efc6");
INSERT INTO SPR_RS
	VALUES ("9befa996-2eda-45f4-ae6c-f6eaff7e908b",
	'motion_initiated',
	'This signal is an indicator to the client of the interface that the last motion
instruction has been executed.  A new motion instruction can now be send from 
the client.',
	'',
	1);
INSERT INTO ACT_RSB
	VALUES ("b8e61862-c2a3-438e-966c-5d8cf00ac6db",
	"9befa996-2eda-45f4-ae6c-f6eaff7e908b");
INSERT INTO ACT_ACT
	VALUES ("b8e61862-c2a3-438e-966c-5d8cf00ac6db",
	'signal',
	0,
	"7016ecf3-8992-4f41-8a21-3f04cc4b0086",
	"00000000-0000-0000-0000-000000000000",
	0,
	'Port1::JogMotor::motion_initiated',
	"00000000-0000-0000-0000-000000000000");
INSERT INTO ACT_BLK
	VALUES ("7016ecf3-8992-4f41-8a21-3f04cc4b0086",
	0,
	0,
	0,
	'',
	'',
	'',
	0,
	0,
	0,
	0,
	0,
	0,
	0,
	0,
	0,
	0,
	0,
	0,
	0,
	"b8e61862-c2a3-438e-966c-5d8cf00ac6db",
	"00000000-0000-0000-0000-000000000000");
INSERT INTO SPR_REP
	VALUES ("49521750-c16c-4db6-b517-d11b247501e1",
	"7830f4a2-ff94-4ac8-a5d1-fd897ee6bfaf",
	"abbd492b-9c54-45d5-bc87-eac179a6efc6");
INSERT INTO SPR_RS
	VALUES ("49521750-c16c-4db6-b517-d11b247501e1",
	'motion_complete',
	'This signal informs the client that the motor is no longer rotating and the 
drive is about to be disabled.  This signal will only occur after a stop has
been issued by the client of the interface or after a timed velocity move is
finished.',
	'',
	1);
INSERT INTO ACT_RSB
	VALUES ("01fbbc14-505d-4816-977b-d005d00c403c",
	"49521750-c16c-4db6-b517-d11b247501e1");
INSERT INTO ACT_ACT
	VALUES ("01fbbc14-505d-4816-977b-d005d00c403c",
	'signal',
	0,
	"8f9ee0b4-74a8-42eb-8272-10d950f1d2d5",
	"00000000-0000-0000-0000-000000000000",
	0,
	'Port1::JogMotor::motion_complete',
	"00000000-0000-0000-0000-000000000000");
INSERT INTO ACT_BLK
	VALUES ("8f9ee0b4-74a8-42eb-8272-10d950f1d2d5",
	0,
	0,
	0,
	'',
	'',
	'',
	0,
	0,
	0,
	0,
	0,
	0,
	0,
	0,
	0,
	0,
	0,
	0,
	0,
	"01fbbc14-505d-4816-977b-d005d00c403c",
	"00000000-0000-0000-0000-000000000000");
INSERT INTO PE_PE
	VALUES ("fa3692b4-8fcc-4dad-8796-b0ce0b8c24a2",
	1,
	"00000000-0000-0000-0000-000000000000",
	"c07b32b7-fca4-408e-8b95-1d8346d6d939",
	7);
INSERT INTO EP_PKG
	VALUES ("fa3692b4-8fcc-4dad-8796-b0ce0b8c24a2",
	"00000000-0000-0000-0000-000000000000",
	"96493490-05b1-4840-ab78-5af4de985c2e",
	'Test',
	'',
	0);
INSERT INTO PE_PE
	VALUES ("658a27a4-fea6-484b-b402-1cd11de0f816",
	1,
	"fa3692b4-8fcc-4dad-8796-b0ce0b8c24a2",
	"00000000-0000-0000-0000-000000000000",
	1);
INSERT INTO S_SYNC
	VALUES ("658a27a4-fea6-484b-b402-1cd11de0f816",
	"00000000-0000-0000-0000-000000000000",
	'Jog_1',
	'',
	'Port1::jog(direction: Motor_Direction::Forward, velocity: 42, acceleration: 2, duration: 5000);
',
	"ba5eda7a-def5-0000-0000-000000000000",
	1,
	'');
INSERT INTO ACT_FNB
	VALUES ("d783117e-e640-4d5b-a8ac-a90c1b43d41d",
	"658a27a4-fea6-484b-b402-1cd11de0f816");
INSERT INTO ACT_ACT
	VALUES ("d783117e-e640-4d5b-a8ac-a90c1b43d41d",
	'function',
	0,
	"908746cc-d4d9-4859-adf0-6920485e0f35",
	"00000000-0000-0000-0000-000000000000",
	0,
	'Jog_1',
	"00000000-0000-0000-0000-000000000000");
INSERT INTO ACT_BLK
	VALUES ("908746cc-d4d9-4859-adf0-6920485e0f35",
	0,
	0,
	0,
	'Port1',
	'',
	'',
	1,
	1,
	1,
	1,
	0,
	0,
	0,
	0,
	0,
	0,
	1,
	23,
	0,
	"d783117e-e640-4d5b-a8ac-a90c1b43d41d",
	"00000000-0000-0000-0000-000000000000");
INSERT INTO ACT_SMT
	VALUES ("894b6bed-2eda-4d9e-99c2-05de05d723f4",
	"908746cc-d4d9-4859-adf0-6920485e0f35",
	"00000000-0000-0000-0000-000000000000",
	1,
	1,
	'Jog_1 line: 1');
INSERT INTO ACT_SGN
	VALUES ("894b6bed-2eda-4d9e-99c2-05de05d723f4",
	1,
	8,
	1,
	1,
	"00000000-0000-0000-0000-000000000000",
	"8d63cebc-9bdd-44a5-8c26-bfc8d41348da",
	"00000000-0000-0000-0000-000000000000");
INSERT INTO V_VAL
	VALUES ("35017039-4ad4-43c4-a60b-93f3532f626b",
	0,
	0,
	1,
	40,
	46,
	0,
	0,
	0,
	0,
	"10a457d6-e25e-4dbe-a48f-0682e976c4bf",
	"908746cc-d4d9-4859-adf0-6920485e0f35");
INSERT INTO V_LEN
	VALUES ("35017039-4ad4-43c4-a60b-93f3532f626b",
	"a14e5643-f258-49e7-8187-18b88e03990f",
	1,
	23);
INSERT INTO V_PAR
	VALUES ("35017039-4ad4-43c4-a60b-93f3532f626b",
	"894b6bed-2eda-4d9e-99c2-05de05d723f4",
	"00000000-0000-0000-0000-000000000000",
	'direction',
	"b008f9c3-ecf5-4327-aa0c-ab490469281e",
	1,
	12);
INSERT INTO V_VAL
	VALUES ("b008f9c3-ecf5-4327-aa0c-ab490469281e",
	0,
	0,
	1,
	59,
	60,
	0,
	0,
	0,
	0,
	"ba5eda7a-def5-0000-0000-000000000002",
	"908746cc-d4d9-4859-adf0-6920485e0f35");
INSERT INTO V_LIN
	VALUES ("b008f9c3-ecf5-4327-aa0c-ab490469281e",
	'42');
INSERT INTO V_PAR
	VALUES ("b008f9c3-ecf5-4327-aa0c-ab490469281e",
	"894b6bed-2eda-4d9e-99c2-05de05d723f4",
	"00000000-0000-0000-0000-000000000000",
	'velocity',
	"fae8c73c-93e2-4870-a1be-01051dc46044",
	1,
	49);
INSERT INTO V_VAL
	VALUES ("fae8c73c-93e2-4870-a1be-01051dc46044",
	0,
	0,
	1,
	77,
	77,
	0,
	0,
	0,
	0,
	"ba5eda7a-def5-0000-0000-000000000002",
	"908746cc-d4d9-4859-adf0-6920485e0f35");
INSERT INTO V_LIN
	VALUES ("fae8c73c-93e2-4870-a1be-01051dc46044",
	'2');
INSERT INTO V_PAR
	VALUES ("fae8c73c-93e2-4870-a1be-01051dc46044",
	"894b6bed-2eda-4d9e-99c2-05de05d723f4",
	"00000000-0000-0000-0000-000000000000",
	'acceleration',
	"31defdcc-282d-43c8-9375-5ebcaeedebee",
	1,
	63);
INSERT INTO V_VAL
	VALUES ("31defdcc-282d-43c8-9375-5ebcaeedebee",
	0,
	0,
	1,
	90,
	93,
	0,
	0,
	0,
	0,
	"ba5eda7a-def5-0000-0000-000000000002",
	"908746cc-d4d9-4859-adf0-6920485e0f35");
INSERT INTO V_LIN
	VALUES ("31defdcc-282d-43c8-9375-5ebcaeedebee",
	'5000');
INSERT INTO V_PAR
	VALUES ("31defdcc-282d-43c8-9375-5ebcaeedebee",
	"894b6bed-2eda-4d9e-99c2-05de05d723f4",
	"00000000-0000-0000-0000-000000000000",
	'duration',
	"00000000-0000-0000-0000-000000000000",
	1,
	80);
INSERT INTO PE_PE
	VALUES ("b6ed17b6-3de7-454c-b09e-24f7dcbf1436",
	1,
	"fa3692b4-8fcc-4dad-8796-b0ce0b8c24a2",
	"00000000-0000-0000-0000-000000000000",
	1);
INSERT INTO S_SYNC
	VALUES ("b6ed17b6-3de7-454c-b09e-24f7dcbf1436",
	"00000000-0000-0000-0000-000000000000",
	'Stop',
	'',
	'Port1::stop();
',
	"ba5eda7a-def5-0000-0000-000000000000",
	1,
	'');
INSERT INTO ACT_FNB
	VALUES ("8a68dc3f-7c03-4c9b-b5c8-fb19bb1814e1",
	"b6ed17b6-3de7-454c-b09e-24f7dcbf1436");
INSERT INTO ACT_ACT
	VALUES ("8a68dc3f-7c03-4c9b-b5c8-fb19bb1814e1",
	'function',
	0,
	"9ca853c5-3a92-43b7-b269-333c895bcbd1",
	"00000000-0000-0000-0000-000000000000",
	0,
	'Stop',
	"00000000-0000-0000-0000-000000000000");
INSERT INTO ACT_BLK
	VALUES ("9ca853c5-3a92-43b7-b269-333c895bcbd1",
	0,
	0,
	0,
	'Port1',
	'',
	'',
	1,
	1,
	1,
	1,
	0,
	0,
	0,
	0,
	0,
	0,
	0,
	0,
	0,
	"8a68dc3f-7c03-4c9b-b5c8-fb19bb1814e1",
	"00000000-0000-0000-0000-000000000000");
INSERT INTO ACT_SMT
	VALUES ("f830b534-e339-414d-9fd9-8b1207a239d8",
	"9ca853c5-3a92-43b7-b269-333c895bcbd1",
	"00000000-0000-0000-0000-000000000000",
	1,
	1,
	'Stop line: 1');
INSERT INTO ACT_SGN
	VALUES ("f830b534-e339-414d-9fd9-8b1207a239d8",
	1,
	8,
	1,
	1,
	"00000000-0000-0000-0000-000000000000",
	"7bd0e6c5-f64c-4539-a0f1-650efc3f5d5d",
	"00000000-0000-0000-0000-000000000000");
INSERT INTO PE_PE
	VALUES ("f45df6e9-d7a2-4e23-a74f-b9d65e0aeacf",
	1,
	"a5488258-657b-425c-9f92-726e52f7eaeb",
	"00000000-0000-0000-0000-000000000000",
	21);
INSERT INTO CL_IC
	VALUES ("f45df6e9-d7a2-4e23-a74f-b9d65e0aeacf",
	"78e7b6c9-53f0-4ba2-834a-6feb1a5d3cf0",
	"00000000-0000-0000-0000-000000000000",
	"00000000-0000-0000-0000-000000000000",
	0,
	'',
	'VelocityControlDrive::Design::Velocity Control Drive',
	'');
INSERT INTO CL_POR
	VALUES ("f45df6e9-d7a2-4e23-a74f-b9d65e0aeacf",
	"c7a32a3f-a5ac-4494-9b05-cc7703aa5645",
	'drive',
	"7bbfa1ad-4e79-4eda-919b-07cfdec7eee2");
INSERT INTO CL_IIR
	VALUES ("1c7f4dbe-9aac-479b-afe3-fcac333b88c5",
	"a14814cf-e29b-4a8a-88ee-a6f09971cf9c",
	"7bbfa1ad-4e79-4eda-919b-07cfdec7eee2",
	"00000000-0000-0000-0000-000000000000",
	'VelocityControlDrive',
	'');
INSERT INTO CL_IR
	VALUES ("1c7f4dbe-9aac-479b-afe3-fcac333b88c5",
	"3faa3586-d5ca-4809-a654-f0cffc389cdf",
	'VelocityControlDrive',
	'');
INSERT INTO CL_POR
	VALUES ("f45df6e9-d7a2-4e23-a74f-b9d65e0aeacf",
	"2153f249-391b-4f82-8270-b592364b0f74",
	'client',
	"cd9379f1-513e-4f5a-bff9-79bcf6b40d0f");
INSERT INTO CL_IIR
	VALUES ("faddbda5-a2ec-42a6-a13f-eb0b08a9aab0",
	"6f4d8e20-beb8-48e3-8506-2a77c0ba69f2",
	"cd9379f1-513e-4f5a-bff9-79bcf6b40d0f",
	"00000000-0000-0000-0000-000000000000",
	'JogMotor',
	'');
INSERT INTO CL_IP
	VALUES ("faddbda5-a2ec-42a6-a13f-eb0b08a9aab0",
	'JogMotor',
	'');
INSERT INTO CL_IPINS
	VALUES ("c950b605-5efb-465b-82a9-f98111d73610",
	"faddbda5-a2ec-42a6-a13f-eb0b08a9aab0");
INSERT INTO PE_PE
	VALUES ("82686bb5-0617-4422-b25f-f87fe30f3334",
	1,
	"a5488258-657b-425c-9f92-726e52f7eaeb",
	"00000000-0000-0000-0000-000000000000",
	21);
INSERT INTO CL_IC
	VALUES ("82686bb5-0617-4422-b25f-f87fe30f3334",
	"be6802c2-c878-446b-8d53-ec36e211385e",
	"00000000-0000-0000-0000-000000000000",
	"00000000-0000-0000-0000-000000000000",
	0,
	'',
	'Intf_MotorDrive::HardwareInterface::VelocityControlDrive::TestComponents::prv_ExpectedResponse',
	'');
INSERT INTO CL_POR
	VALUES ("82686bb5-0617-4422-b25f-f87fe30f3334",
	"7fab3ceb-8fc2-4de1-9074-2d49fee69a57",
	'Port1',
	"74575a1f-ff83-4344-b0d5-3cabc33efd65");
INSERT INTO CL_IIR
	VALUES ("a8035279-4f8d-4daa-9d16-e339b4a37939",
	"d8746dd3-25f5-4a0e-9cca-e197474e8239",
	"74575a1f-ff83-4344-b0d5-3cabc33efd65",
	"00000000-0000-0000-0000-000000000000",
	'VelocityControlDrive',
	'');
INSERT INTO CL_IP
	VALUES ("a8035279-4f8d-4daa-9d16-e339b4a37939",
	'VelocityControlDrive',
	'');
INSERT INTO CL_IPINS
	VALUES ("3faa3586-d5ca-4809-a654-f0cffc389cdf",
	"a8035279-4f8d-4daa-9d16-e339b4a37939");
INSERT INTO PE_PE
	VALUES ("036ad816-278a-4d79-875b-36449b52127c",
	1,
	"a5488258-657b-425c-9f92-726e52f7eaeb",
	"00000000-0000-0000-0000-000000000000",
	5);
INSERT INTO S_EE
	VALUES ("036ad816-278a-4d79-875b-36449b52127c",
	'Architecture',
	'',
	'ARCH',
	"00000000-0000-0000-0000-000000000000",
	'',
	'Architecture',
	1);
INSERT INTO S_BRG
	VALUES ("28c49e8d-3f7b-4377-88ae-b4de52c3896a",
	"036ad816-278a-4d79-875b-36449b52127c",
	'shutdown',
	'',
	0,
	"ba5eda7a-def5-0000-0000-000000000000",
	'control stop;',
	1,
	'');
INSERT INTO ACT_BRB
	VALUES ("ecc0bc86-068d-416b-9505-f825f52ad277",
	"28c49e8d-3f7b-4377-88ae-b4de52c3896a");
INSERT INTO ACT_ACT
	VALUES ("ecc0bc86-068d-416b-9505-f825f52ad277",
	'bridge',
	0,
	"2f392b2b-8d58-42ab-8df8-6a3e0c1c5890",
	"00000000-0000-0000-0000-000000000000",
	0,
	'Architecture::shutdown',
	"00000000-0000-0000-0000-000000000000");
INSERT INTO ACT_BLK
	VALUES ("2f392b2b-8d58-42ab-8df8-6a3e0c1c5890",
	0,
	0,
	0,
	'',
	'',
	'',
	1,
	1,
	0,
	0,
	0,
	0,
	0,
	0,
	0,
	0,
	0,
	0,
	0,
	"ecc0bc86-068d-416b-9505-f825f52ad277",
	"00000000-0000-0000-0000-000000000000");
INSERT INTO ACT_SMT
	VALUES ("8ea47847-2220-4ed8-83b0-bb229f79bbe4",
	"2f392b2b-8d58-42ab-8df8-6a3e0c1c5890",
	"00000000-0000-0000-0000-000000000000",
	1,
	1,
	'Architecture::shutdown line: 1');
INSERT INTO ACT_CTL
	VALUES ("8ea47847-2220-4ed8-83b0-bb229f79bbe4");
INSERT INTO PE_PE
	VALUES ("bd29145f-c51a-4d5e-b257-91ce5031b593",
	1,
	"a5488258-657b-425c-9f92-726e52f7eaeb",
	"00000000-0000-0000-0000-000000000000",
	5);
INSERT INTO S_EE
	VALUES ("bd29145f-c51a-4d5e-b257-91ce5031b593",
	'Logging',
	'',
	'LOG',
	"00000000-0000-0000-0000-000000000000",
	'',
	'Logging',
	1);
INSERT INTO S_BRG
	VALUES ("f7a5460f-a8f3-4a92-9d77-0b8292499be1",
	"bd29145f-c51a-4d5e-b257-91ce5031b593",
	'LogSuccess',
	'',
	0,
	"ba5eda7a-def5-0000-0000-000000000000",
	'',
	1,
	'');
INSERT INTO S_BPARM
	VALUES ("10a4d4be-a752-487e-9a2b-83b1ff52e15a",
	"f7a5460f-a8f3-4a92-9d77-0b8292499be1",
	'message',
	"ba5eda7a-def5-0000-0000-000000000004",
	0,
	'',
	"00000000-0000-0000-0000-000000000000",
	'');
INSERT INTO ACT_BRB
	VALUES ("230f63ba-d054-4a7d-a562-528332afbb44",
	"f7a5460f-a8f3-4a92-9d77-0b8292499be1");
INSERT INTO ACT_ACT
	VALUES ("230f63ba-d054-4a7d-a562-528332afbb44",
	'bridge',
	0,
	"ea71df0c-c172-4bf6-acc2-df2a63012031",
	"00000000-0000-0000-0000-000000000000",
	0,
	'Logging::LogSuccess',
	"00000000-0000-0000-0000-000000000000");
INSERT INTO ACT_BLK
	VALUES ("ea71df0c-c172-4bf6-acc2-df2a63012031",
	0,
	0,
	0,
	'',
	'',
	'',
	0,
	0,
	0,
	0,
	0,
	0,
	0,
	0,
	0,
	0,
	0,
	0,
	0,
	"230f63ba-d054-4a7d-a562-528332afbb44",
	"00000000-0000-0000-0000-000000000000");
INSERT INTO S_BRG
	VALUES ("9e0cf1f4-5185-43a0-b58b-8bee655e9608",
	"bd29145f-c51a-4d5e-b257-91ce5031b593",
	'LogFailure',
	'',
	0,
	"ba5eda7a-def5-0000-0000-000000000000",
	'',
	1,
	'');
INSERT INTO S_BPARM
	VALUES ("d8009684-5df1-4763-8971-30a32d7a2b48",
	"9e0cf1f4-5185-43a0-b58b-8bee655e9608",
	'message',
	"ba5eda7a-def5-0000-0000-000000000004",
	0,
	'',
	"00000000-0000-0000-0000-000000000000",
	'');
INSERT INTO ACT_BRB
	VALUES ("c5fa221b-8a31-436a-b4d1-818d9aeb49d6",
	"9e0cf1f4-5185-43a0-b58b-8bee655e9608");
INSERT INTO ACT_ACT
	VALUES ("c5fa221b-8a31-436a-b4d1-818d9aeb49d6",
	'bridge',
	0,
	"e79fdca0-906a-479d-9da7-ff56123fe163",
	"00000000-0000-0000-0000-000000000000",
	0,
	'Logging::LogFailure',
	"00000000-0000-0000-0000-000000000000");
INSERT INTO ACT_BLK
	VALUES ("e79fdca0-906a-479d-9da7-ff56123fe163",
	0,
	0,
	0,
	'',
	'',
	'',
	0,
	0,
	0,
	0,
	0,
	0,
	0,
	0,
	0,
	0,
	0,
	0,
	0,
	"c5fa221b-8a31-436a-b4d1-818d9aeb49d6",
	"00000000-0000-0000-0000-000000000000");
INSERT INTO S_BRG
	VALUES ("002ab269-78ff-40d3-bc47-3a64d465d6fe",
	"bd29145f-c51a-4d5e-b257-91ce5031b593",
	'LogInfo',
	'',
	0,
	"ba5eda7a-def5-0000-0000-000000000000",
	'',
	1,
	'');
INSERT INTO S_BPARM
	VALUES ("5e0c30f6-4852-46e7-aa32-7daca3ddf73f",
	"002ab269-78ff-40d3-bc47-3a64d465d6fe",
	'message',
	"ba5eda7a-def5-0000-0000-000000000004",
	0,
	'',
	"00000000-0000-0000-0000-000000000000",
	'');
INSERT INTO ACT_BRB
	VALUES ("d796d68e-4bb9-44ad-a171-6cb880ad21e1",
	"002ab269-78ff-40d3-bc47-3a64d465d6fe");
INSERT INTO ACT_ACT
	VALUES ("d796d68e-4bb9-44ad-a171-6cb880ad21e1",
	'bridge',
	0,
	"dec98114-8527-4679-8b07-f89e2fef51f2",
	"00000000-0000-0000-0000-000000000000",
	0,
	'Logging::LogInfo',
	"00000000-0000-0000-0000-000000000000");
INSERT INTO ACT_BLK
	VALUES ("dec98114-8527-4679-8b07-f89e2fef51f2",
	0,
	0,
	0,
	'',
	'',
	'',
	0,
	0,
	0,
	0,
	0,
	0,
	0,
	0,
	0,
	0,
	0,
	0,
	0,
	"d796d68e-4bb9-44ad-a171-6cb880ad21e1",
	"00000000-0000-0000-0000-000000000000");
INSERT INTO S_BRG
	VALUES ("061882fb-1f33-4d09-9f72-0141295748a9",
	"bd29145f-c51a-4d5e-b257-91ce5031b593",
	'LogDate',
	'',
	0,
	"ba5eda7a-def5-0000-0000-000000000000",
	'',
	1,
	'');
INSERT INTO S_BPARM
	VALUES ("e0ee4c21-90a1-41df-ae51-3d27a83b9635",
	"061882fb-1f33-4d09-9f72-0141295748a9",
	'd',
	"ba5eda7a-def5-0000-0000-00000000000e",
	0,
	'',
	"00000000-0000-0000-0000-000000000000",
	'');
INSERT INTO S_BPARM
	VALUES ("92239919-16df-4bb5-bc5a-895f90133427",
	"061882fb-1f33-4d09-9f72-0141295748a9",
	'message',
	"ba5eda7a-def5-0000-0000-000000000004",
	0,
	'',
	"e0ee4c21-90a1-41df-ae51-3d27a83b9635",
	'');
INSERT INTO ACT_BRB
	VALUES ("4b1641b3-0adc-43c8-85c5-13dcfcae1644",
	"061882fb-1f33-4d09-9f72-0141295748a9");
INSERT INTO ACT_ACT
	VALUES ("4b1641b3-0adc-43c8-85c5-13dcfcae1644",
	'bridge',
	0,
	"27993ca8-10ee-4971-b79b-7214eff70c4f",
	"00000000-0000-0000-0000-000000000000",
	0,
	'Logging::LogDate',
	"00000000-0000-0000-0000-000000000000");
INSERT INTO ACT_BLK
	VALUES ("27993ca8-10ee-4971-b79b-7214eff70c4f",
	0,
	0,
	0,
	'',
	'',
	'',
	0,
	0,
	0,
	0,
	0,
	0,
	0,
	0,
	0,
	0,
	0,
	0,
	0,
	"4b1641b3-0adc-43c8-85c5-13dcfcae1644",
	"00000000-0000-0000-0000-000000000000");
INSERT INTO S_BRG
	VALUES ("b3fc606a-5ee6-40b9-b425-64509fd98889",
	"bd29145f-c51a-4d5e-b257-91ce5031b593",
	'LogTime',
	'',
	0,
	"ba5eda7a-def5-0000-0000-000000000000",
	'',
	1,
	'');
INSERT INTO S_BPARM
	VALUES ("5bacbd02-3454-4e12-8a57-c19c85e0da84",
	"b3fc606a-5ee6-40b9-b425-64509fd98889",
	't',
	"ba5eda7a-def5-0000-0000-000000000010",
	0,
	'',
	"a81f4042-a883-4c78-b98f-0525b6e22e40",
	'');
INSERT INTO S_BPARM
	VALUES ("a81f4042-a883-4c78-b98f-0525b6e22e40",
	"b3fc606a-5ee6-40b9-b425-64509fd98889",
	'message',
	"ba5eda7a-def5-0000-0000-000000000004",
	0,
	'',
	"00000000-0000-0000-0000-000000000000",
	'');
INSERT INTO ACT_BRB
	VALUES ("7471beb0-117f-439e-a72a-706c21fc5aa8",
	"b3fc606a-5ee6-40b9-b425-64509fd98889");
INSERT INTO ACT_ACT
	VALUES ("7471beb0-117f-439e-a72a-706c21fc5aa8",
	'bridge',
	0,
	"67c5d66f-3853-4aa3-9f55-3aab070bd755",
	"00000000-0000-0000-0000-000000000000",
	0,
	'Logging::LogTime',
	"00000000-0000-0000-0000-000000000000");
INSERT INTO ACT_BLK
	VALUES ("67c5d66f-3853-4aa3-9f55-3aab070bd755",
	0,
	0,
	0,
	'',
	'',
	'',
	0,
	0,
	0,
	0,
	0,
	0,
	0,
	0,
	0,
	0,
	0,
	0,
	0,
	"7471beb0-117f-439e-a72a-706c21fc5aa8",
	"00000000-0000-0000-0000-000000000000");
INSERT INTO S_BRG
	VALUES ("11577db1-c2d6-4317-9130-8c9c4ddbed96",
	"bd29145f-c51a-4d5e-b257-91ce5031b593",
	'LogReal',
	'',
	0,
	"ba5eda7a-def5-0000-0000-000000000000",
	'',
	1,
	'');
INSERT INTO S_BPARM
	VALUES ("130b68d7-8817-43cd-a266-cfb0c495072c",
	"11577db1-c2d6-4317-9130-8c9c4ddbed96",
	'r',
	"ba5eda7a-def5-0000-0000-000000000003",
	0,
	'',
	"0617b955-fca8-4c02-9afb-1c7e4c632f14",
	'');
INSERT INTO S_BPARM
	VALUES ("0617b955-fca8-4c02-9afb-1c7e4c632f14",
	"11577db1-c2d6-4317-9130-8c9c4ddbed96",
	'message',
	"ba5eda7a-def5-0000-0000-000000000004",
	0,
	'',
	"00000000-0000-0000-0000-000000000000",
	'');
INSERT INTO ACT_BRB
	VALUES ("ac3c318c-5b46-4368-a6f0-d4af32cb1e90",
	"11577db1-c2d6-4317-9130-8c9c4ddbed96");
INSERT INTO ACT_ACT
	VALUES ("ac3c318c-5b46-4368-a6f0-d4af32cb1e90",
	'bridge',
	0,
	"9ea07e58-fc71-43af-a240-23a53721ffcb",
	"00000000-0000-0000-0000-000000000000",
	0,
	'Logging::LogReal',
	"00000000-0000-0000-0000-000000000000");
INSERT INTO ACT_BLK
	VALUES ("9ea07e58-fc71-43af-a240-23a53721ffcb",
	0,
	0,
	0,
	'',
	'',
	'',
	0,
	0,
	0,
	0,
	0,
	0,
	0,
	0,
	0,
	0,
	0,
	0,
	0,
	"ac3c318c-5b46-4368-a6f0-d4af32cb1e90",
	"00000000-0000-0000-0000-000000000000");
INSERT INTO S_BRG
	VALUES ("b24b4d85-c883-42e0-911d-dd4a47023943",
	"bd29145f-c51a-4d5e-b257-91ce5031b593",
	'LogInteger',
	'',
	0,
	"ba5eda7a-def5-0000-0000-000000000000",
	'',
	1,
	'');
INSERT INTO S_BPARM
	VALUES ("a32b62d4-4491-4048-9a11-cc54bb4f7d48",
	"b24b4d85-c883-42e0-911d-dd4a47023943",
	'message',
	"ba5eda7a-def5-0000-0000-000000000002",
	0,
	'',
	"00000000-0000-0000-0000-000000000000",
	'');
INSERT INTO ACT_BRB
	VALUES ("556c1c9e-2db4-4cf5-8ad5-a50c97158b43",
	"b24b4d85-c883-42e0-911d-dd4a47023943");
INSERT INTO ACT_ACT
	VALUES ("556c1c9e-2db4-4cf5-8ad5-a50c97158b43",
	'bridge',
	0,
	"053a9e09-2f3b-429b-94a3-739e7e026dac",
	"00000000-0000-0000-0000-000000000000",
	0,
	'Logging::LogInteger',
	"00000000-0000-0000-0000-000000000000");
INSERT INTO ACT_BLK
	VALUES ("053a9e09-2f3b-429b-94a3-739e7e026dac",
	0,
	0,
	0,
	'',
	'',
	'',
	0,
	0,
	0,
	0,
	0,
	0,
	0,
	0,
	0,
	0,
	0,
	0,
	0,
	"556c1c9e-2db4-4cf5-8ad5-a50c97158b43",
	"00000000-0000-0000-0000-000000000000");
INSERT INTO PE_PE
	VALUES ("23340a6e-1d17-4cdd-a932-7004f2320a06",
	1,
	"a5488258-657b-425c-9f92-726e52f7eaeb",
	"00000000-0000-0000-0000-000000000000",
	5);
INSERT INTO S_EE
	VALUES ("23340a6e-1d17-4cdd-a932-7004f2320a06",
	'Time',
	'The Time external entity provides date, timestamp, and timer related operations.',
	'TIM',
	"00000000-0000-0000-0000-000000000000",
	'',
	'Time',
	1);
INSERT INTO S_BRG
	VALUES ("da9dfa1d-c4f4-4060-ab27-0a1bfa8deda8",
	"23340a6e-1d17-4cdd-a932-7004f2320a06",
	'current_date',
	'',
	1,
	"ba5eda7a-def5-0000-0000-00000000000e",
	'',
	1,
	'');
INSERT INTO ACT_BRB
	VALUES ("4d4fe0e3-1aae-43d2-afa2-a30b64c3487f",
	"da9dfa1d-c4f4-4060-ab27-0a1bfa8deda8");
INSERT INTO ACT_ACT
	VALUES ("4d4fe0e3-1aae-43d2-afa2-a30b64c3487f",
	'bridge',
	0,
	"82ff6e78-5a05-4cb0-b4b2-e1d519a5e80a",
	"00000000-0000-0000-0000-000000000000",
	0,
	'Time::current_date',
	"00000000-0000-0000-0000-000000000000");
INSERT INTO ACT_BLK
	VALUES ("82ff6e78-5a05-4cb0-b4b2-e1d519a5e80a",
	0,
	0,
	0,
	'',
	'',
	'',
	0,
	0,
	0,
	0,
	0,
	0,
	0,
	0,
	0,
	0,
	0,
	0,
	0,
	"4d4fe0e3-1aae-43d2-afa2-a30b64c3487f",
	"00000000-0000-0000-0000-000000000000");
INSERT INTO S_BRG
	VALUES ("d48791cc-f241-443c-a8b7-b2a60eb2bc91",
	"23340a6e-1d17-4cdd-a932-7004f2320a06",
	'create_date',
	'',
	1,
	"ba5eda7a-def5-0000-0000-00000000000e",
	'',
	1,
	'');
INSERT INTO S_BPARM
	VALUES ("68ef1404-55b8-4494-806a-f4a70877c8ba",
	"d48791cc-f241-443c-a8b7-b2a60eb2bc91",
	'second',
	"ba5eda7a-def5-0000-0000-000000000002",
	0,
	'',
	"77e71273-7b01-44a0-94f5-ff6e8b5d6204",
	'');
INSERT INTO S_BPARM
	VALUES ("ed842188-f94e-4063-ac9b-fdabd1d2d954",
	"d48791cc-f241-443c-a8b7-b2a60eb2bc91",
	'minute',
	"ba5eda7a-def5-0000-0000-000000000002",
	0,
	'',
	"d1720ce4-22a4-47af-9c40-2cb43446b7e2",
	'');
INSERT INTO S_BPARM
	VALUES ("d1720ce4-22a4-47af-9c40-2cb43446b7e2",
	"d48791cc-f241-443c-a8b7-b2a60eb2bc91",
	'hour',
	"ba5eda7a-def5-0000-0000-000000000002",
	0,
	'',
	"1d6ec8b5-b396-4300-a1f7-9e0717cab718",
	'');
INSERT INTO S_BPARM
	VALUES ("1d6ec8b5-b396-4300-a1f7-9e0717cab718",
	"d48791cc-f241-443c-a8b7-b2a60eb2bc91",
	'day',
	"ba5eda7a-def5-0000-0000-000000000002",
	0,
	'',
	"00000000-0000-0000-0000-000000000000",
	'');
INSERT INTO S_BPARM
	VALUES ("77e71273-7b01-44a0-94f5-ff6e8b5d6204",
	"d48791cc-f241-443c-a8b7-b2a60eb2bc91",
	'month',
	"ba5eda7a-def5-0000-0000-000000000002",
	0,
	'',
	"ed842188-f94e-4063-ac9b-fdabd1d2d954",
	'');
INSERT INTO S_BPARM
	VALUES ("6b9c3fa3-b00b-4de3-90ce-34498665eb75",
	"d48791cc-f241-443c-a8b7-b2a60eb2bc91",
	'year',
	"ba5eda7a-def5-0000-0000-000000000002",
	0,
	'',
	"68ef1404-55b8-4494-806a-f4a70877c8ba",
	'');
INSERT INTO ACT_BRB
	VALUES ("37cd0e41-57f0-4f7f-8361-00327ba141aa",
	"d48791cc-f241-443c-a8b7-b2a60eb2bc91");
INSERT INTO ACT_ACT
	VALUES ("37cd0e41-57f0-4f7f-8361-00327ba141aa",
	'bridge',
	0,
	"53a922e2-d5ce-4ced-8871-4567cb734bd1",
	"00000000-0000-0000-0000-000000000000",
	0,
	'Time::create_date',
	"00000000-0000-0000-0000-000000000000");
INSERT INTO ACT_BLK
	VALUES ("53a922e2-d5ce-4ced-8871-4567cb734bd1",
	0,
	0,
	0,
	'',
	'',
	'',
	0,
	0,
	0,
	0,
	0,
	0,
	0,
	0,
	0,
	0,
	0,
	0,
	0,
	"37cd0e41-57f0-4f7f-8361-00327ba141aa",
	"00000000-0000-0000-0000-000000000000");
INSERT INTO S_BRG
	VALUES ("d3f5c73e-74eb-4216-ab33-043f7c2fbe82",
	"23340a6e-1d17-4cdd-a932-7004f2320a06",
	'get_second',
	'',
	1,
	"ba5eda7a-def5-0000-0000-000000000002",
	'',
	1,
	'');
INSERT INTO S_BPARM
	VALUES ("ca83ec61-c4fb-4b32-bffb-810a24f7822e",
	"d3f5c73e-74eb-4216-ab33-043f7c2fbe82",
	'date',
	"ba5eda7a-def5-0000-0000-00000000000e",
	0,
	'',
	"00000000-0000-0000-0000-000000000000",
	'');
INSERT INTO ACT_BRB
	VALUES ("4f655371-cdc7-4d76-ba87-260571534c7d",
	"d3f5c73e-74eb-4216-ab33-043f7c2fbe82");
INSERT INTO ACT_ACT
	VALUES ("4f655371-cdc7-4d76-ba87-260571534c7d",
	'bridge',
	0,
	"6a8fc453-cd4b-4aeb-9d11-8f0a0ede425f",
	"00000000-0000-0000-0000-000000000000",
	0,
	'Time::get_second',
	"00000000-0000-0000-0000-000000000000");
INSERT INTO ACT_BLK
	VALUES ("6a8fc453-cd4b-4aeb-9d11-8f0a0ede425f",
	0,
	0,
	0,
	'',
	'',
	'',
	0,
	0,
	0,
	0,
	0,
	0,
	0,
	0,
	0,
	0,
	0,
	0,
	0,
	"4f655371-cdc7-4d76-ba87-260571534c7d",
	"00000000-0000-0000-0000-000000000000");
INSERT INTO S_BRG
	VALUES ("128ed4d6-68f8-497c-b499-3d9a31e72ee0",
	"23340a6e-1d17-4cdd-a932-7004f2320a06",
	'get_minute',
	'',
	1,
	"ba5eda7a-def5-0000-0000-000000000002",
	'',
	1,
	'');
INSERT INTO S_BPARM
	VALUES ("127bc52d-1871-40ab-ba3a-846ba074aa8c",
	"128ed4d6-68f8-497c-b499-3d9a31e72ee0",
	'date',
	"ba5eda7a-def5-0000-0000-00000000000e",
	0,
	'',
	"00000000-0000-0000-0000-000000000000",
	'');
INSERT INTO ACT_BRB
	VALUES ("e26f2774-d57e-48dc-a08d-5eab5a62665c",
	"128ed4d6-68f8-497c-b499-3d9a31e72ee0");
INSERT INTO ACT_ACT
	VALUES ("e26f2774-d57e-48dc-a08d-5eab5a62665c",
	'bridge',
	0,
	"9fcd531c-68cd-433b-8329-8a41263b1e0c",
	"00000000-0000-0000-0000-000000000000",
	0,
	'Time::get_minute',
	"00000000-0000-0000-0000-000000000000");
INSERT INTO ACT_BLK
	VALUES ("9fcd531c-68cd-433b-8329-8a41263b1e0c",
	0,
	0,
	0,
	'',
	'',
	'',
	0,
	0,
	0,
	0,
	0,
	0,
	0,
	0,
	0,
	0,
	0,
	0,
	0,
	"e26f2774-d57e-48dc-a08d-5eab5a62665c",
	"00000000-0000-0000-0000-000000000000");
INSERT INTO S_BRG
	VALUES ("4c35f186-2658-428b-9151-2bc89522e6cb",
	"23340a6e-1d17-4cdd-a932-7004f2320a06",
	'get_hour',
	'',
	1,
	"ba5eda7a-def5-0000-0000-000000000002",
	'',
	1,
	'');
INSERT INTO S_BPARM
	VALUES ("a73a46d6-8aa4-411a-b1f3-5530d3420164",
	"4c35f186-2658-428b-9151-2bc89522e6cb",
	'date',
	"ba5eda7a-def5-0000-0000-00000000000e",
	0,
	'',
	"00000000-0000-0000-0000-000000000000",
	'');
INSERT INTO ACT_BRB
	VALUES ("dfc2a576-b3b5-40de-9f4b-8564050ace54",
	"4c35f186-2658-428b-9151-2bc89522e6cb");
INSERT INTO ACT_ACT
	VALUES ("dfc2a576-b3b5-40de-9f4b-8564050ace54",
	'bridge',
	0,
	"b2513189-77e0-4f9b-89b6-98b064ce0d8d",
	"00000000-0000-0000-0000-000000000000",
	0,
	'Time::get_hour',
	"00000000-0000-0000-0000-000000000000");
INSERT INTO ACT_BLK
	VALUES ("b2513189-77e0-4f9b-89b6-98b064ce0d8d",
	0,
	0,
	0,
	'',
	'',
	'',
	0,
	0,
	0,
	0,
	0,
	0,
	0,
	0,
	0,
	0,
	0,
	0,
	0,
	"dfc2a576-b3b5-40de-9f4b-8564050ace54",
	"00000000-0000-0000-0000-000000000000");
INSERT INTO S_BRG
	VALUES ("3ba83ae5-9e0c-4f55-bda5-220112018f9e",
	"23340a6e-1d17-4cdd-a932-7004f2320a06",
	'get_day',
	'',
	1,
	"ba5eda7a-def5-0000-0000-000000000002",
	'',
	1,
	'');
INSERT INTO S_BPARM
	VALUES ("ba363b37-8747-43b0-a1a3-f87254770ba8",
	"3ba83ae5-9e0c-4f55-bda5-220112018f9e",
	'date',
	"ba5eda7a-def5-0000-0000-00000000000e",
	0,
	'',
	"00000000-0000-0000-0000-000000000000",
	'');
INSERT INTO ACT_BRB
	VALUES ("20a32e8d-32d4-4398-adb4-bef20824f2dd",
	"3ba83ae5-9e0c-4f55-bda5-220112018f9e");
INSERT INTO ACT_ACT
	VALUES ("20a32e8d-32d4-4398-adb4-bef20824f2dd",
	'bridge',
	0,
	"5e564f02-2cb2-4557-98ba-d0f72509c397",
	"00000000-0000-0000-0000-000000000000",
	0,
	'Time::get_day',
	"00000000-0000-0000-0000-000000000000");
INSERT INTO ACT_BLK
	VALUES ("5e564f02-2cb2-4557-98ba-d0f72509c397",
	0,
	0,
	0,
	'',
	'',
	'',
	0,
	0,
	0,
	0,
	0,
	0,
	0,
	0,
	0,
	0,
	0,
	0,
	0,
	"20a32e8d-32d4-4398-adb4-bef20824f2dd",
	"00000000-0000-0000-0000-000000000000");
INSERT INTO S_BRG
	VALUES ("a4597c0b-fd5b-481f-9a36-1b33421d3def",
	"23340a6e-1d17-4cdd-a932-7004f2320a06",
	'get_month',
	'',
	1,
	"ba5eda7a-def5-0000-0000-000000000002",
	'',
	1,
	'');
INSERT INTO S_BPARM
	VALUES ("271455a2-dada-47da-bf53-779bbf5d9581",
	"a4597c0b-fd5b-481f-9a36-1b33421d3def",
	'date',
	"ba5eda7a-def5-0000-0000-00000000000e",
	0,
	'',
	"00000000-0000-0000-0000-000000000000",
	'');
INSERT INTO ACT_BRB
	VALUES ("c1814790-66a0-4880-836b-1829595b3760",
	"a4597c0b-fd5b-481f-9a36-1b33421d3def");
INSERT INTO ACT_ACT
	VALUES ("c1814790-66a0-4880-836b-1829595b3760",
	'bridge',
	0,
	"7bef98a4-c844-4f6e-96aa-4c2045c4842e",
	"00000000-0000-0000-0000-000000000000",
	0,
	'Time::get_month',
	"00000000-0000-0000-0000-000000000000");
INSERT INTO ACT_BLK
	VALUES ("7bef98a4-c844-4f6e-96aa-4c2045c4842e",
	0,
	0,
	0,
	'',
	'',
	'',
	0,
	0,
	0,
	0,
	0,
	0,
	0,
	0,
	0,
	0,
	0,
	0,
	0,
	"c1814790-66a0-4880-836b-1829595b3760",
	"00000000-0000-0000-0000-000000000000");
INSERT INTO S_BRG
	VALUES ("f67db96e-8864-4ebd-9a45-ed1085021c8c",
	"23340a6e-1d17-4cdd-a932-7004f2320a06",
	'get_year',
	'',
	1,
	"ba5eda7a-def5-0000-0000-000000000002",
	'',
	1,
	'');
INSERT INTO S_BPARM
	VALUES ("ce4fe314-cb4e-456b-b611-ad9a5827b9f5",
	"f67db96e-8864-4ebd-9a45-ed1085021c8c",
	'date',
	"ba5eda7a-def5-0000-0000-00000000000e",
	0,
	'',
	"00000000-0000-0000-0000-000000000000",
	'');
INSERT INTO ACT_BRB
	VALUES ("338cea49-9c92-4687-9c12-d8b5f6743446",
	"f67db96e-8864-4ebd-9a45-ed1085021c8c");
INSERT INTO ACT_ACT
	VALUES ("338cea49-9c92-4687-9c12-d8b5f6743446",
	'bridge',
	0,
	"4bec99b0-3b82-427b-9939-bd4d2d27f98d",
	"00000000-0000-0000-0000-000000000000",
	0,
	'Time::get_year',
	"00000000-0000-0000-0000-000000000000");
INSERT INTO ACT_BLK
	VALUES ("4bec99b0-3b82-427b-9939-bd4d2d27f98d",
	0,
	0,
	0,
	'',
	'',
	'',
	0,
	0,
	0,
	0,
	0,
	0,
	0,
	0,
	0,
	0,
	0,
	0,
	0,
	"338cea49-9c92-4687-9c12-d8b5f6743446",
	"00000000-0000-0000-0000-000000000000");
INSERT INTO S_BRG
	VALUES ("3ca215c9-4639-4727-b7e9-5cfe48ad1a1b",
	"23340a6e-1d17-4cdd-a932-7004f2320a06",
	'current_clock',
	'',
	1,
	"ba5eda7a-def5-0000-0000-000000000010",
	'',
	1,
	'');
INSERT INTO ACT_BRB
	VALUES ("43713e3c-880a-4285-a97f-c805defa08b3",
	"3ca215c9-4639-4727-b7e9-5cfe48ad1a1b");
INSERT INTO ACT_ACT
	VALUES ("43713e3c-880a-4285-a97f-c805defa08b3",
	'bridge',
	0,
	"caaf4531-b742-49f8-ac67-422697bc9305",
	"00000000-0000-0000-0000-000000000000",
	0,
	'Time::current_clock',
	"00000000-0000-0000-0000-000000000000");
INSERT INTO ACT_BLK
	VALUES ("caaf4531-b742-49f8-ac67-422697bc9305",
	0,
	0,
	0,
	'',
	'',
	'',
	0,
	0,
	0,
	0,
	0,
	0,
	0,
	0,
	0,
	0,
	0,
	0,
	0,
	"43713e3c-880a-4285-a97f-c805defa08b3",
	"00000000-0000-0000-0000-000000000000");
INSERT INTO S_BRG
	VALUES ("261a7f46-5b66-4cc2-b1d6-2688a5de6677",
	"23340a6e-1d17-4cdd-a932-7004f2320a06",
	'timer_start',
	'This bridge operation starts a timer set to expire in the specified number of
microseconds, generating the passed event upon expiration. Returns the instance
handle of the timer.',
	1,
	"ba5eda7a-def5-0000-0000-00000000000f",
	'',
	1,
	'');
INSERT INTO S_BPARM
	VALUES ("6831001e-0f55-4bab-bd17-2eac17fe8845",
	"261a7f46-5b66-4cc2-b1d6-2688a5de6677",
	'microseconds',
	"ba5eda7a-def5-0000-0000-000000000002",
	0,
	'',
	"6acef8aa-d758-414e-8378-dbb270a49633",
	'');
INSERT INTO S_BPARM
	VALUES ("6acef8aa-d758-414e-8378-dbb270a49633",
	"261a7f46-5b66-4cc2-b1d6-2688a5de6677",
	'event_inst',
	"ba5eda7a-def5-0000-0000-00000000000a",
	0,
	'',
	"00000000-0000-0000-0000-000000000000",
	'');
INSERT INTO ACT_BRB
	VALUES ("333219d1-0f94-4e62-99f6-9dc5d173e316",
	"261a7f46-5b66-4cc2-b1d6-2688a5de6677");
INSERT INTO ACT_ACT
	VALUES ("333219d1-0f94-4e62-99f6-9dc5d173e316",
	'bridge',
	0,
	"bea1a215-9293-4470-a543-68a3dc7717ff",
	"00000000-0000-0000-0000-000000000000",
	0,
	'Time::timer_start',
	"00000000-0000-0000-0000-000000000000");
INSERT INTO ACT_BLK
	VALUES ("bea1a215-9293-4470-a543-68a3dc7717ff",
	0,
	0,
	0,
	'',
	'',
	'',
	0,
	0,
	0,
	0,
	0,
	0,
	0,
	0,
	0,
	0,
	0,
	0,
	0,
	"333219d1-0f94-4e62-99f6-9dc5d173e316",
	"00000000-0000-0000-0000-000000000000");
INSERT INTO S_BRG
	VALUES ("5afe3a28-25c3-4da9-be26-3745a17c6912",
	"23340a6e-1d17-4cdd-a932-7004f2320a06",
	'timer_start_recurring',
	'This bridge operation starts a timer set to expire in the specified number of
microseconds, generating the passed event upon expiration. Upon expiration, the
timer will be restarted and fire again in the specified number of microseconds
generating the passed event. This bridge operation returns the instance handle
of the timer.',
	1,
	"ba5eda7a-def5-0000-0000-00000000000f",
	'',
	1,
	'');
INSERT INTO S_BPARM
	VALUES ("79ddc8ad-006d-4c76-9fe7-6d8212f1c22c",
	"5afe3a28-25c3-4da9-be26-3745a17c6912",
	'microseconds',
	"ba5eda7a-def5-0000-0000-000000000002",
	0,
	'',
	"7a8852a5-7a5b-4105-8006-4477248a3223",
	'');
INSERT INTO S_BPARM
	VALUES ("7a8852a5-7a5b-4105-8006-4477248a3223",
	"5afe3a28-25c3-4da9-be26-3745a17c6912",
	'event_inst',
	"ba5eda7a-def5-0000-0000-00000000000a",
	0,
	'',
	"00000000-0000-0000-0000-000000000000",
	'');
INSERT INTO ACT_BRB
	VALUES ("a50a5368-45b7-42ba-904f-928406632a03",
	"5afe3a28-25c3-4da9-be26-3745a17c6912");
INSERT INTO ACT_ACT
	VALUES ("a50a5368-45b7-42ba-904f-928406632a03",
	'bridge',
	0,
	"d021f938-bfc5-4581-8017-48a46da53a13",
	"00000000-0000-0000-0000-000000000000",
	0,
	'Time::timer_start_recurring',
	"00000000-0000-0000-0000-000000000000");
INSERT INTO ACT_BLK
	VALUES ("d021f938-bfc5-4581-8017-48a46da53a13",
	0,
	0,
	0,
	'',
	'',
	'',
	0,
	0,
	0,
	0,
	0,
	0,
	0,
	0,
	0,
	0,
	0,
	0,
	0,
	"a50a5368-45b7-42ba-904f-928406632a03",
	"00000000-0000-0000-0000-000000000000");
INSERT INTO S_BRG
	VALUES ("db569e52-9a18-46f0-b228-b085dd5c1f1b",
	"23340a6e-1d17-4cdd-a932-7004f2320a06",
	'timer_remaining_time',
	'Returns the time remaining (in microseconds) for the passed timer instance. If
the timer has expired, a zero value is returned.',
	1,
	"ba5eda7a-def5-0000-0000-000000000002",
	'',
	1,
	'');
INSERT INTO S_BPARM
	VALUES ("8c9d931f-ed21-4e3f-adae-5897a078e620",
	"db569e52-9a18-46f0-b228-b085dd5c1f1b",
	'timer_inst_ref',
	"ba5eda7a-def5-0000-0000-00000000000f",
	0,
	'',
	"00000000-0000-0000-0000-000000000000",
	'');
INSERT INTO ACT_BRB
	VALUES ("d863e393-6efa-4f24-ad78-80d9ad4288f0",
	"db569e52-9a18-46f0-b228-b085dd5c1f1b");
INSERT INTO ACT_ACT
	VALUES ("d863e393-6efa-4f24-ad78-80d9ad4288f0",
	'bridge',
	0,
	"6718bbbc-3f37-4a4f-af54-66978fa99150",
	"00000000-0000-0000-0000-000000000000",
	0,
	'Time::timer_remaining_time',
	"00000000-0000-0000-0000-000000000000");
INSERT INTO ACT_BLK
	VALUES ("6718bbbc-3f37-4a4f-af54-66978fa99150",
	0,
	0,
	0,
	'',
	'',
	'',
	0,
	0,
	0,
	0,
	0,
	0,
	0,
	0,
	0,
	0,
	0,
	0,
	0,
	"d863e393-6efa-4f24-ad78-80d9ad4288f0",
	"00000000-0000-0000-0000-000000000000");
INSERT INTO S_BRG
	VALUES ("f420eaf9-9683-4993-bd61-143a3bcc7217",
	"23340a6e-1d17-4cdd-a932-7004f2320a06",
	'timer_reset_time',
	'This bridge operation attempts to set the passed existing timer to expire in
the specified number of microseconds. If the timer exists (that is, it has not
expired), a TRUE value is returned. If the timer no longer exists, a FALSE value
is returned.',
	1,
	"ba5eda7a-def5-0000-0000-000000000001",
	'',
	1,
	'');
INSERT INTO S_BPARM
	VALUES ("162ac988-efb7-441e-8d1c-14e4d3c80fed",
	"f420eaf9-9683-4993-bd61-143a3bcc7217",
	'timer_inst_ref',
	"ba5eda7a-def5-0000-0000-00000000000f",
	0,
	'',
	"52a1c97e-9f87-4915-9011-11c1a704ae42",
	'');
INSERT INTO S_BPARM
	VALUES ("52a1c97e-9f87-4915-9011-11c1a704ae42",
	"f420eaf9-9683-4993-bd61-143a3bcc7217",
	'microseconds',
	"ba5eda7a-def5-0000-0000-000000000002",
	0,
	'',
	"00000000-0000-0000-0000-000000000000",
	'');
INSERT INTO ACT_BRB
	VALUES ("638dd120-7fc9-4734-8d2b-73c7cb8bfa75",
	"f420eaf9-9683-4993-bd61-143a3bcc7217");
INSERT INTO ACT_ACT
	VALUES ("638dd120-7fc9-4734-8d2b-73c7cb8bfa75",
	'bridge',
	0,
	"b069c768-634a-4bd2-84a2-5aa0a08ccafe",
	"00000000-0000-0000-0000-000000000000",
	0,
	'Time::timer_reset_time',
	"00000000-0000-0000-0000-000000000000");
INSERT INTO ACT_BLK
	VALUES ("b069c768-634a-4bd2-84a2-5aa0a08ccafe",
	0,
	0,
	0,
	'',
	'',
	'',
	0,
	0,
	0,
	0,
	0,
	0,
	0,
	0,
	0,
	0,
	0,
	0,
	0,
	"638dd120-7fc9-4734-8d2b-73c7cb8bfa75",
	"00000000-0000-0000-0000-000000000000");
INSERT INTO S_BRG
	VALUES ("333e8e75-138d-4e8c-8356-24bda315e5e4",
	"23340a6e-1d17-4cdd-a932-7004f2320a06",
	'timer_add_time',
	'This bridge operation attempts to add the specified number of microseconds to a
passed existing timer. If the timer exists (that is, it has not expired), a TRUE
value is returned. If the timer no longer exists, a FALSE value is returned.',
	1,
	"ba5eda7a-def5-0000-0000-000000000001",
	'',
	1,
	'');
INSERT INTO S_BPARM
	VALUES ("6edebf6d-31e7-4269-841b-e48f1e55ccfa",
	"333e8e75-138d-4e8c-8356-24bda315e5e4",
	'timer_inst_ref',
	"ba5eda7a-def5-0000-0000-00000000000f",
	0,
	'',
	"f571beba-1a71-4188-bc68-36d95a7682c2",
	'');
INSERT INTO S_BPARM
	VALUES ("f571beba-1a71-4188-bc68-36d95a7682c2",
	"333e8e75-138d-4e8c-8356-24bda315e5e4",
	'microseconds',
	"ba5eda7a-def5-0000-0000-000000000002",
	0,
	'',
	"00000000-0000-0000-0000-000000000000",
	'');
INSERT INTO ACT_BRB
	VALUES ("f5f5f105-e2e7-420a-937f-9f195994e5b0",
	"333e8e75-138d-4e8c-8356-24bda315e5e4");
INSERT INTO ACT_ACT
	VALUES ("f5f5f105-e2e7-420a-937f-9f195994e5b0",
	'bridge',
	0,
	"22cb62ba-067d-4a43-84e1-fa87ec72fa63",
	"00000000-0000-0000-0000-000000000000",
	0,
	'Time::timer_add_time',
	"00000000-0000-0000-0000-000000000000");
INSERT INTO ACT_BLK
	VALUES ("22cb62ba-067d-4a43-84e1-fa87ec72fa63",
	0,
	0,
	0,
	'',
	'',
	'',
	0,
	0,
	0,
	0,
	0,
	0,
	0,
	0,
	0,
	0,
	0,
	0,
	0,
	"f5f5f105-e2e7-420a-937f-9f195994e5b0",
	"00000000-0000-0000-0000-000000000000");
INSERT INTO S_BRG
	VALUES ("bd8637f9-684e-4f74-9413-5107e204f7e6",
	"23340a6e-1d17-4cdd-a932-7004f2320a06",
	'timer_cancel',
	'This bridge operation cancels and deletes the passed timer instance. If the 
timer exists (that is, it had not expired), a TRUE value is returned. If the
timer no longer exists, a FALSE value is returned.',
	1,
	"ba5eda7a-def5-0000-0000-000000000001",
	'',
	1,
	'');
INSERT INTO S_BPARM
	VALUES ("a9288e2f-a6e1-4333-aa7b-7cbad2b4c09e",
	"bd8637f9-684e-4f74-9413-5107e204f7e6",
	'timer_inst_ref',
	"ba5eda7a-def5-0000-0000-00000000000f",
	0,
	'',
	"00000000-0000-0000-0000-000000000000",
	'');
INSERT INTO ACT_BRB
	VALUES ("a24cec87-89b0-4c7f-9d92-8c6602c1725c",
	"bd8637f9-684e-4f74-9413-5107e204f7e6");
INSERT INTO ACT_ACT
	VALUES ("a24cec87-89b0-4c7f-9d92-8c6602c1725c",
	'bridge',
	0,
	"962e3fc4-6b2d-4b52-88a8-9f1a6064466b",
	"00000000-0000-0000-0000-000000000000",
	0,
	'Time::timer_cancel',
	"00000000-0000-0000-0000-000000000000");
INSERT INTO ACT_BLK
	VALUES ("962e3fc4-6b2d-4b52-88a8-9f1a6064466b",
	0,
	0,
	0,
	'',
	'',
	'',
	0,
	0,
	0,
	0,
	0,
	0,
	0,
	0,
	0,
	0,
	0,
	0,
	0,
	"a24cec87-89b0-4c7f-9d92-8c6602c1725c",
	"00000000-0000-0000-0000-000000000000");
INSERT INTO PE_PE
	VALUES ("c950b605-5efb-465b-82a9-f98111d73610",
	1,
	"a5488258-657b-425c-9f92-726e52f7eaeb",
	"00000000-0000-0000-0000-000000000000",
	22);
INSERT INTO C_SF
	VALUES ("c950b605-5efb-465b-82a9-f98111d73610",
	"abbd492b-9c54-45d5-bc87-eac179a6efc6",
	"6f4d8e20-beb8-48e3-8506-2a77c0ba69f2",
	'',
	'Velocity Control Drive::client::JogMotor -o)- Client::Port1::JogMotor');
INSERT INTO PE_PE
	VALUES ("3faa3586-d5ca-4809-a654-f0cffc389cdf",
	1,
	"a5488258-657b-425c-9f92-726e52f7eaeb",
	"00000000-0000-0000-0000-000000000000",
	22);
INSERT INTO C_SF
	VALUES ("3faa3586-d5ca-4809-a654-f0cffc389cdf",
	"a14814cf-e29b-4a8a-88ee-a6f09971cf9c",
	"d8746dd3-25f5-4a0e-9cca-e197474e8239",
	'',
	'prv_ExpectedResponse::Port1::VelocityControlDrive -o)- Velocity Control Drive::drive::VelocityControlDrive');
INSERT INTO C_EP_PROXY
	VALUES ("53d569a8-e722-4a0a-aadb-c95aa7042db7",
	"486d54bc-ee94-4a64-a1d6-fdf91050f010",
	-1,
	'enable_drive',
	'',
	'../../../Intf_MotorDrive/models/Intf_MotorDrive/HardwareInterface/VelocityControlDrive/VelocityControlDrive/VelocityControlDrive.xtuml');
INSERT INTO C_EP_PROXY
	VALUES ("d7bcdc2b-f917-4b82-b213-48faa98c11d9",
	"486d54bc-ee94-4a64-a1d6-fdf91050f010",
	-1,
	'jog_motor',
	'',
	'../../../Intf_MotorDrive/models/Intf_MotorDrive/HardwareInterface/VelocityControlDrive/VelocityControlDrive/VelocityControlDrive.xtuml');
INSERT INTO C_EP_PROXY
	VALUES ("3c759268-cd74-44ce-a96a-ee9613bd2bf9",
	"486d54bc-ee94-4a64-a1d6-fdf91050f010",
	-1,
	'stop_motor',
	'',
	'../../../Intf_MotorDrive/models/Intf_MotorDrive/HardwareInterface/VelocityControlDrive/VelocityControlDrive/VelocityControlDrive.xtuml');
INSERT INTO C_EP_PROXY
	VALUES ("fe662bcf-cad1-44e3-9233-fa69e9673b17",
	"486d54bc-ee94-4a64-a1d6-fdf91050f010",
	-1,
	'in_progress',
	'',
	'../../../Intf_MotorDrive/models/Intf_MotorDrive/HardwareInterface/VelocityControlDrive/VelocityControlDrive/VelocityControlDrive.xtuml');
INSERT INTO C_EP_PROXY
	VALUES ("8f4cc710-e755-4de3-9960-78096a7939cf",
	"486d54bc-ee94-4a64-a1d6-fdf91050f010",
	-1,
	'done',
	'',
	'../../../Intf_MotorDrive/models/Intf_MotorDrive/HardwareInterface/VelocityControlDrive/VelocityControlDrive/VelocityControlDrive.xtuml');
INSERT INTO C_EP_PROXY
	VALUES ("72961ccb-724d-49c4-ab17-022addb14ad9",
	"486d54bc-ee94-4a64-a1d6-fdf91050f010",
	-1,
	'error',
	'',
	'../../../Intf_MotorDrive/models/Intf_MotorDrive/HardwareInterface/VelocityControlDrive/VelocityControlDrive/VelocityControlDrive.xtuml');
INSERT INTO C_I_PROXY
	VALUES ("486d54bc-ee94-4a64-a1d6-fdf91050f010",
	"00000000-0000-0000-0000-000000000000",
	'VelocityControlDrive',
	'',
	'../../../Intf_MotorDrive/models/Intf_MotorDrive/HardwareInterface/VelocityControlDrive/VelocityControlDrive/VelocityControlDrive.xtuml');
INSERT INTO S_DT_PROXY
	VALUES ("10a457d6-e25e-4dbe-a48f-0682e976c4bf",
	"00000000-0000-0000-0000-000000000000",
	'Motor_Direction',
	'',
	'',
	'../../../Intf_MotorDrive/models/Intf_MotorDrive/DataTypes/DataTypes.xtuml');
INSERT INTO C_PP_PROXY
	VALUES ("78023594-0cca-4136-94cf-390307f0e11c",
	"5088c18b-e00f-4dd3-b4a9-4f3e6167a4e1",
	"10a457d6-e25e-4dbe-a48f-0682e976c4bf",
	'direction',
	'',
	0,
	'',
	"00000000-0000-0000-0000-000000000000",
	'../../../Intf_MotorDrive/models/Intf_MotorDrive/ClientInterface/JogMotor/JogMotor/JogMotor.xtuml');
INSERT INTO C_PP_PROXY
	VALUES ("682d8317-4f82-49f7-9eb7-a604575b632b",
	"5088c18b-e00f-4dd3-b4a9-4f3e6167a4e1",
	"ba5eda7a-def5-0000-0000-000000000002",
	'velocity',
	'',
	0,
	'',
	"78023594-0cca-4136-94cf-390307f0e11c",
	'../../../Intf_MotorDrive/models/Intf_MotorDrive/ClientInterface/JogMotor/JogMotor/JogMotor.xtuml');
INSERT INTO C_PP_PROXY
	VALUES ("c18aafc1-5eb5-4a68-9f6f-0b38927a281d",
	"5088c18b-e00f-4dd3-b4a9-4f3e6167a4e1",
	"ba5eda7a-def5-0000-0000-000000000002",
	'acceleration',
	'',
	0,
	'',
	"682d8317-4f82-49f7-9eb7-a604575b632b",
	'../../../Intf_MotorDrive/models/Intf_MotorDrive/ClientInterface/JogMotor/JogMotor/JogMotor.xtuml');
INSERT INTO C_PP_PROXY
	VALUES ("fda63fab-5fdc-461e-b4af-d3d978cf51e8",
	"5088c18b-e00f-4dd3-b4a9-4f3e6167a4e1",
	"ba5eda7a-def5-0000-0000-000000000002",
	'duration',
	'',
	0,
	'',
	"c18aafc1-5eb5-4a68-9f6f-0b38927a281d",
	'../../../Intf_MotorDrive/models/Intf_MotorDrive/ClientInterface/JogMotor/JogMotor/JogMotor.xtuml');
INSERT INTO C_EP_PROXY
	VALUES ("5088c18b-e00f-4dd3-b4a9-4f3e6167a4e1",
	"52db6895-1faf-4f37-903b-e183212300aa",
	-1,
	'jog',
	'',
	'../../../Intf_MotorDrive/models/Intf_MotorDrive/ClientInterface/JogMotor/JogMotor/JogMotor.xtuml');
INSERT INTO C_EP_PROXY
	VALUES ("9241cf5d-2f11-4b22-9139-4bd3137ca986",
	"52db6895-1faf-4f37-903b-e183212300aa",
	-1,
	'stop',
	'',
	'../../../Intf_MotorDrive/models/Intf_MotorDrive/ClientInterface/JogMotor/JogMotor/JogMotor.xtuml');
INSERT INTO C_EP_PROXY
	VALUES ("6959782d-b94d-4525-9720-fcb3ab20776f",
	"52db6895-1faf-4f37-903b-e183212300aa",
	-1,
	'motion_initiated',
	'This signal is an indicator to the client of the interface that the last motion
instruction has been executed.  A new motion instruction can now be send from 
the client.',
	'../../../Intf_MotorDrive/models/Intf_MotorDrive/ClientInterface/JogMotor/JogMotor/JogMotor.xtuml');
INSERT INTO C_EP_PROXY
	VALUES ("7830f4a2-ff94-4ac8-a5d1-fd897ee6bfaf",
	"52db6895-1faf-4f37-903b-e183212300aa",
	-1,
	'motion_complete',
	'This signal informs the client that the motor is no longer rotating and the 
drive is about to be disabled.  This signal will only occur after a stop has
been issued by the client of the interface or after a timed velocity move is
finished.',
	'../../../Intf_MotorDrive/models/Intf_MotorDrive/ClientInterface/JogMotor/JogMotor/JogMotor.xtuml');
INSERT INTO C_I_PROXY
	VALUES ("52db6895-1faf-4f37-903b-e183212300aa",
	"00000000-0000-0000-0000-000000000000",
	'JogMotor',
	'',
	'../../../Intf_MotorDrive/models/Intf_MotorDrive/ClientInterface/JogMotor/JogMotor/JogMotor.xtuml');
INSERT INTO S_ENUM_PROXY
	VALUES ("a14e5643-f258-49e7-8187-18b88e03990f",
	'Forward',
	'',
	"10a457d6-e25e-4dbe-a48f-0682e976c4bf",
	"00000000-0000-0000-0000-000000000000",
	'../../../Intf_MotorDrive/models/Intf_MotorDrive/DataTypes/DataTypes.xtuml');
INSERT INTO C_AS_PROXY
	VALUES ("53d569a8-e722-4a0a-aadb-c95aa7042db7",
	'enable_drive',
	'',
	0,
	"00000000-0000-0000-0000-000000000000",
	'../../../Intf_MotorDrive/models/Intf_MotorDrive/HardwareInterface/VelocityControlDrive/VelocityControlDrive/VelocityControlDrive.xtuml');
INSERT INTO C_PP_PROXY
	VALUES ("702178d7-e797-4e6e-9d25-fe3cb6843475",
	"53d569a8-e722-4a0a-aadb-c95aa7042db7",
	"ba5eda7a-def5-0000-0000-000000000001",
	'enable',
	'',
	0,
	'',
	"00000000-0000-0000-0000-000000000000",
	'../../../Intf_MotorDrive/models/Intf_MotorDrive/HardwareInterface/VelocityControlDrive/VelocityControlDrive/VelocityControlDrive.xtuml');
INSERT INTO C_AS_PROXY
	VALUES ("d7bcdc2b-f917-4b82-b213-48faa98c11d9",
	'jog_motor',
	'',
	0,
	"53d569a8-e722-4a0a-aadb-c95aa7042db7",
	'../../../Intf_MotorDrive/models/Intf_MotorDrive/HardwareInterface/VelocityControlDrive/VelocityControlDrive/VelocityControlDrive.xtuml');
INSERT INTO C_PP_PROXY
	VALUES ("ba969aac-5f63-4bc4-a11b-8d041d33147d",
	"d7bcdc2b-f917-4b82-b213-48faa98c11d9",
	"10a457d6-e25e-4dbe-a48f-0682e976c4bf",
	'motor_direction',
	'',
	0,
	'',
	"00000000-0000-0000-0000-000000000000",
	'../../../Intf_MotorDrive/models/Intf_MotorDrive/HardwareInterface/VelocityControlDrive/VelocityControlDrive/VelocityControlDrive.xtuml');
INSERT INTO C_PP_PROXY
	VALUES ("afc1cc48-75da-4073-9931-d618f8cbe043",
	"d7bcdc2b-f917-4b82-b213-48faa98c11d9",
	"ba5eda7a-def5-0000-0000-000000000002",
	'velocity',
	'',
	0,
	'',
	"ba969aac-5f63-4bc4-a11b-8d041d33147d",
	'../../../Intf_MotorDrive/models/Intf_MotorDrive/HardwareInterface/VelocityControlDrive/VelocityControlDrive/VelocityControlDrive.xtuml');
INSERT INTO C_PP_PROXY
	VALUES ("2adf2521-a53f-42c4-9a4a-7901b887fe88",
	"d7bcdc2b-f917-4b82-b213-48faa98c11d9",
	"ba5eda7a-def5-0000-0000-000000000002",
	'acceleration',
	'',
	0,
	'',
	"afc1cc48-75da-4073-9931-d618f8cbe043",
	'../../../Intf_MotorDrive/models/Intf_MotorDrive/HardwareInterface/VelocityControlDrive/VelocityControlDrive/VelocityControlDrive.xtuml');
INSERT INTO C_AS_PROXY
	VALUES ("3c759268-cd74-44ce-a96a-ee9613bd2bf9",
	'stop_motor',
	'',
	0,
	"d7bcdc2b-f917-4b82-b213-48faa98c11d9",
	'../../../Intf_MotorDrive/models/Intf_MotorDrive/HardwareInterface/VelocityControlDrive/VelocityControlDrive/VelocityControlDrive.xtuml');
INSERT INTO C_AS_PROXY
	VALUES ("fe662bcf-cad1-44e3-9233-fa69e9673b17",
	'in_progress',
	'',
	1,
	"3c759268-cd74-44ce-a96a-ee9613bd2bf9",
	'../../../Intf_MotorDrive/models/Intf_MotorDrive/HardwareInterface/VelocityControlDrive/VelocityControlDrive/VelocityControlDrive.xtuml');
INSERT INTO C_AS_PROXY
	VALUES ("8f4cc710-e755-4de3-9960-78096a7939cf",
	'done',
	'',
	1,
	"fe662bcf-cad1-44e3-9233-fa69e9673b17",
	'../../../Intf_MotorDrive/models/Intf_MotorDrive/HardwareInterface/VelocityControlDrive/VelocityControlDrive/VelocityControlDrive.xtuml');
INSERT INTO C_AS_PROXY
	VALUES ("72961ccb-724d-49c4-ab17-022addb14ad9",
	'error',
	'',
	1,
	"8f4cc710-e755-4de3-9960-78096a7939cf",
	'../../../Intf_MotorDrive/models/Intf_MotorDrive/HardwareInterface/VelocityControlDrive/VelocityControlDrive/VelocityControlDrive.xtuml');
INSERT INTO C_AS_PROXY
	VALUES ("5088c18b-e00f-4dd3-b4a9-4f3e6167a4e1",
	'jog',
	'',
	0,
	"00000000-0000-0000-0000-000000000000",
	'../../../Intf_MotorDrive/models/Intf_MotorDrive/ClientInterface/JogMotor/JogMotor/JogMotor.xtuml');
INSERT INTO C_AS_PROXY
	VALUES ("9241cf5d-2f11-4b22-9139-4bd3137ca986",
	'stop',
	'',
	0,
	"5088c18b-e00f-4dd3-b4a9-4f3e6167a4e1",
	'../../../Intf_MotorDrive/models/Intf_MotorDrive/ClientInterface/JogMotor/JogMotor/JogMotor.xtuml');
INSERT INTO C_AS_PROXY
	VALUES ("6959782d-b94d-4525-9720-fcb3ab20776f",
	'motion_initiated',
	'This signal is an indicator to the client of the interface that the last motion
instruction has been executed.  A new motion instruction can now be send from 
the client.',
	1,
	"9241cf5d-2f11-4b22-9139-4bd3137ca986",
	'../../../Intf_MotorDrive/models/Intf_MotorDrive/ClientInterface/JogMotor/JogMotor/JogMotor.xtuml');
INSERT INTO C_AS_PROXY
	VALUES ("7830f4a2-ff94-4ac8-a5d1-fd897ee6bfaf",
	'motion_complete',
	'This signal informs the client that the motor is no longer rotating and the 
drive is about to be disabled.  This signal will only occur after a stop has
been issued by the client of the interface or after a timed velocity move is
finished.',
	1,
	"6959782d-b94d-4525-9720-fcb3ab20776f",
	'../../../Intf_MotorDrive/models/Intf_MotorDrive/ClientInterface/JogMotor/JogMotor/JogMotor.xtuml');
INSERT INTO C_IR_PROXY
	VALUES ("d8746dd3-25f5-4a0e-9cca-e197474e8239",
	"486d54bc-ee94-4a64-a1d6-fdf91050f010",
	"00000000-0000-0000-0000-000000000000",
	"7fab3ceb-8fc2-4de1-9074-2d49fee69a57",
	'../../../Intf_MotorDrive/models/Intf_MotorDrive/HardwareInterface/VelocityControlDrive/TestComponents/prv_ExpectedResponse/prv_ExpectedResponse.xtuml');
INSERT INTO C_P_PROXY
	VALUES ("d8746dd3-25f5-4a0e-9cca-e197474e8239",
	'VelocityControlDrive',
	'Unnamed Interface',
	'',
	'prv_ExpectedResponse::Port1::VelocityControlDrive',
	'../../../Intf_MotorDrive/models/Intf_MotorDrive/HardwareInterface/VelocityControlDrive/TestComponents/prv_ExpectedResponse/prv_ExpectedResponse.xtuml');
INSERT INTO SPR_PEP_PROXY
	VALUES ("4b281aab-318c-4e7f-9ce7-e435287160b7",
	"53d569a8-e722-4a0a-aadb-c95aa7042db7",
	"d8746dd3-25f5-4a0e-9cca-e197474e8239",
	'../../../Intf_MotorDrive/models/Intf_MotorDrive/HardwareInterface/VelocityControlDrive/TestComponents/prv_ExpectedResponse/prv_ExpectedResponse.xtuml');
INSERT INTO SPR_PS_PROXY
	VALUES ("4b281aab-318c-4e7f-9ce7-e435287160b7",
	'enable_drive',
	'',
	'Port1::done();
',
	1,
	'../../../Intf_MotorDrive/models/Intf_MotorDrive/HardwareInterface/VelocityControlDrive/TestComponents/prv_ExpectedResponse/prv_ExpectedResponse.xtuml');
INSERT INTO ACT_PSB_PROXY
	VALUES ("0163ee38-1ead-4970-9860-907950a95ade",
	"4b281aab-318c-4e7f-9ce7-e435287160b7",
	'/');
INSERT INTO ACT_ACT_PROXY
	VALUES ("0163ee38-1ead-4970-9860-907950a95ade",
	'signal',
	0,
	"e97f0961-1cd2-4568-b26b-494df4dcafff",
	"00000000-0000-0000-0000-000000000000",
	0,
	'Port1::VelocityControlDrive::enable_drive',
	"00000000-0000-0000-0000-000000000000",
	'/');
INSERT INTO ACT_BLK_PROXY
	VALUES ("e97f0961-1cd2-4568-b26b-494df4dcafff",
	0,
	0,
	0,
	'Port1',
	'',
	'',
	1,
	1,
	1,
	1,
	0,
	0,
	0,
	0,
	0,
	0,
	0,
	0,
	0,
	"0163ee38-1ead-4970-9860-907950a95ade",
	"00000000-0000-0000-0000-000000000000",
	'/');
INSERT INTO ACT_SMT_PROXY
	VALUES ("e43e8111-53bf-4e00-a9ad-5ef787625ad7",
	"e97f0961-1cd2-4568-b26b-494df4dcafff",
	"00000000-0000-0000-0000-000000000000",
	1,
	1,
	'Port1::VelocityControlDrive::enable_drive line: 1',
	'/');
INSERT INTO ACT_SGN_PROXY
	VALUES ("e43e8111-53bf-4e00-a9ad-5ef787625ad7",
	1,
	8,
	1,
	1,
	"25ae24c3-f625-4297-82b0-4fdecdc85af4",
	"00000000-0000-0000-0000-000000000000",
	"00000000-0000-0000-0000-000000000000",
	'/');
INSERT INTO SPR_PS_PROXY
	VALUES ("25ae24c3-f625-4297-82b0-4fdecdc85af4",
	'done',
	'',
	'',
	1,
	'../../../Intf_MotorDrive/models/Intf_MotorDrive/HardwareInterface/VelocityControlDrive/TestComponents/prv_ExpectedResponse/prv_ExpectedResponse.xtuml');
INSERT INTO SPR_PEP_PROXY
	VALUES ("65ba1f01-ad53-44ae-873f-0035628fa7f5",
	"d7bcdc2b-f917-4b82-b213-48faa98c11d9",
	"d8746dd3-25f5-4a0e-9cca-e197474e8239",
	'../../../Intf_MotorDrive/models/Intf_MotorDrive/HardwareInterface/VelocityControlDrive/TestComponents/prv_ExpectedResponse/prv_ExpectedResponse.xtuml');
INSERT INTO SPR_PS_PROXY
	VALUES ("65ba1f01-ad53-44ae-873f-0035628fa7f5",
	'jog_motor',
	'',
	'Port1::in_progress();
',
	1,
	'../../../Intf_MotorDrive/models/Intf_MotorDrive/HardwareInterface/VelocityControlDrive/TestComponents/prv_ExpectedResponse/prv_ExpectedResponse.xtuml');
INSERT INTO ACT_PSB_PROXY
	VALUES ("ad4c8c8b-51d3-4ff3-8c0c-5bf41d029233",
	"65ba1f01-ad53-44ae-873f-0035628fa7f5",
	'/');
INSERT INTO ACT_ACT_PROXY
	VALUES ("ad4c8c8b-51d3-4ff3-8c0c-5bf41d029233",
	'signal',
	0,
	"7828a463-39e0-4181-ba3f-417afa014ac3",
	"00000000-0000-0000-0000-000000000000",
	0,
	'Port1::VelocityControlDrive::jog_motor',
	"00000000-0000-0000-0000-000000000000",
	'/');
INSERT INTO ACT_BLK_PROXY
	VALUES ("7828a463-39e0-4181-ba3f-417afa014ac3",
	0,
	0,
	0,
	'Port1',
	'',
	'',
	1,
	1,
	1,
	1,
	0,
	0,
	0,
	0,
	0,
	0,
	0,
	0,
	0,
	"ad4c8c8b-51d3-4ff3-8c0c-5bf41d029233",
	"00000000-0000-0000-0000-000000000000",
	'/');
INSERT INTO ACT_SMT_PROXY
	VALUES ("93fcd11f-0c0a-426e-8f78-81ad280f8a03",
	"7828a463-39e0-4181-ba3f-417afa014ac3",
	"00000000-0000-0000-0000-000000000000",
	1,
	1,
	'Port1::VelocityControlDrive::jog_motor line: 1',
	'/');
INSERT INTO ACT_SGN_PROXY
	VALUES ("93fcd11f-0c0a-426e-8f78-81ad280f8a03",
	1,
	8,
	1,
	1,
	"9f92555b-4457-405a-a40a-89d4b95d949e",
	"00000000-0000-0000-0000-000000000000",
	"00000000-0000-0000-0000-000000000000",
	'/');
INSERT INTO SPR_PS_PROXY
	VALUES ("9f92555b-4457-405a-a40a-89d4b95d949e",
	'in_progress',
	'',
	'',
	1,
	'../../../Intf_MotorDrive/models/Intf_MotorDrive/HardwareInterface/VelocityControlDrive/TestComponents/prv_ExpectedResponse/prv_ExpectedResponse.xtuml');
INSERT INTO SPR_PEP_PROXY
	VALUES ("6e8865f9-c775-4f32-8bbe-0a4fa7eb9c58",
	"3c759268-cd74-44ce-a96a-ee9613bd2bf9",
	"d8746dd3-25f5-4a0e-9cca-e197474e8239",
	'../../../Intf_MotorDrive/models/Intf_MotorDrive/HardwareInterface/VelocityControlDrive/TestComponents/prv_ExpectedResponse/prv_ExpectedResponse.xtuml');
INSERT INTO SPR_PS_PROXY
	VALUES ("6e8865f9-c775-4f32-8bbe-0a4fa7eb9c58",
	'stop_motor',
	'',
	'Port1::done();
',
	1,
	'../../../Intf_MotorDrive/models/Intf_MotorDrive/HardwareInterface/VelocityControlDrive/TestComponents/prv_ExpectedResponse/prv_ExpectedResponse.xtuml');
INSERT INTO ACT_PSB_PROXY
	VALUES ("434ad941-548c-4222-a9cf-5f06682a3a83",
	"6e8865f9-c775-4f32-8bbe-0a4fa7eb9c58",
	'/');
INSERT INTO ACT_ACT_PROXY
	VALUES ("434ad941-548c-4222-a9cf-5f06682a3a83",
	'signal',
	0,
	"2b9ece8f-561a-4275-929d-2a7ff3d79bf4",
	"00000000-0000-0000-0000-000000000000",
	0,
	'Port1::VelocityControlDrive::stop_motor',
	"00000000-0000-0000-0000-000000000000",
	'/');
INSERT INTO ACT_BLK_PROXY
	VALUES ("2b9ece8f-561a-4275-929d-2a7ff3d79bf4",
	0,
	0,
	0,
	'Port1',
	'',
	'',
	1,
	1,
	1,
	1,
	0,
	0,
	0,
	0,
	0,
	0,
	0,
	0,
	0,
	"434ad941-548c-4222-a9cf-5f06682a3a83",
	"00000000-0000-0000-0000-000000000000",
	'/');
INSERT INTO ACT_SMT_PROXY
	VALUES ("9ead2d17-ecaf-4fb4-b513-06e540178710",
	"2b9ece8f-561a-4275-929d-2a7ff3d79bf4",
	"00000000-0000-0000-0000-000000000000",
	1,
	1,
	'Port1::VelocityControlDrive::stop_motor line: 1',
	'/');
INSERT INTO ACT_SGN_PROXY
	VALUES ("9ead2d17-ecaf-4fb4-b513-06e540178710",
	1,
	8,
	1,
	1,
	"25ae24c3-f625-4297-82b0-4fdecdc85af4",
	"00000000-0000-0000-0000-000000000000",
	"00000000-0000-0000-0000-000000000000",
	'/');
INSERT INTO SPR_PEP_PROXY
	VALUES ("9f92555b-4457-405a-a40a-89d4b95d949e",
	"fe662bcf-cad1-44e3-9233-fa69e9673b17",
	"d8746dd3-25f5-4a0e-9cca-e197474e8239",
	'../../../Intf_MotorDrive/models/Intf_MotorDrive/HardwareInterface/VelocityControlDrive/TestComponents/prv_ExpectedResponse/prv_ExpectedResponse.xtuml');
INSERT INTO ACT_PSB_PROXY
	VALUES ("190ede70-dc1e-46da-a314-4610f938177c",
	"9f92555b-4457-405a-a40a-89d4b95d949e",
	'/');
INSERT INTO ACT_ACT_PROXY
	VALUES ("190ede70-dc1e-46da-a314-4610f938177c",
	'signal',
	0,
	"2b057344-f5ae-4d11-9cb7-ee0d1f831378",
	"00000000-0000-0000-0000-000000000000",
	0,
	'Port1::VelocityControlDrive::in_progress',
	"00000000-0000-0000-0000-000000000000",
	'/');
INSERT INTO ACT_BLK_PROXY
	VALUES ("2b057344-f5ae-4d11-9cb7-ee0d1f831378",
	0,
	0,
	0,
	'',
	'',
	'',
	0,
	0,
	0,
	0,
	0,
	0,
	0,
	0,
	0,
	0,
	0,
	0,
	0,
	"190ede70-dc1e-46da-a314-4610f938177c",
	"00000000-0000-0000-0000-000000000000",
	'/');
INSERT INTO SPR_PEP_PROXY
	VALUES ("25ae24c3-f625-4297-82b0-4fdecdc85af4",
	"8f4cc710-e755-4de3-9960-78096a7939cf",
	"d8746dd3-25f5-4a0e-9cca-e197474e8239",
	'../../../Intf_MotorDrive/models/Intf_MotorDrive/HardwareInterface/VelocityControlDrive/TestComponents/prv_ExpectedResponse/prv_ExpectedResponse.xtuml');
INSERT INTO ACT_PSB_PROXY
	VALUES ("41a322ef-779e-4fd9-aaa8-e3bbf4d6dc8a",
	"25ae24c3-f625-4297-82b0-4fdecdc85af4",
	'/');
INSERT INTO ACT_ACT_PROXY
	VALUES ("41a322ef-779e-4fd9-aaa8-e3bbf4d6dc8a",
	'signal',
	0,
	"77cee0b2-999e-4bb2-8e64-b2b566ac9566",
	"00000000-0000-0000-0000-000000000000",
	0,
	'Port1::VelocityControlDrive::done',
	"00000000-0000-0000-0000-000000000000",
	'/');
INSERT INTO ACT_BLK_PROXY
	VALUES ("77cee0b2-999e-4bb2-8e64-b2b566ac9566",
	0,
	0,
	0,
	'',
	'',
	'',
	0,
	0,
	0,
	0,
	0,
	0,
	0,
	0,
	0,
	0,
	0,
	0,
	0,
	"41a322ef-779e-4fd9-aaa8-e3bbf4d6dc8a",
	"00000000-0000-0000-0000-000000000000",
	'/');
INSERT INTO SPR_PEP_PROXY
	VALUES ("82735247-015f-4178-bbb2-0ec593873ba0",
	"72961ccb-724d-49c4-ab17-022addb14ad9",
	"d8746dd3-25f5-4a0e-9cca-e197474e8239",
	'../../../Intf_MotorDrive/models/Intf_MotorDrive/HardwareInterface/VelocityControlDrive/TestComponents/prv_ExpectedResponse/prv_ExpectedResponse.xtuml');
INSERT INTO SPR_PS_PROXY
	VALUES ("82735247-015f-4178-bbb2-0ec593873ba0",
	'error',
	'',
	'',
	1,
	'../../../Intf_MotorDrive/models/Intf_MotorDrive/HardwareInterface/VelocityControlDrive/TestComponents/prv_ExpectedResponse/prv_ExpectedResponse.xtuml');
INSERT INTO ACT_PSB_PROXY
	VALUES ("d9cb12f5-e23b-4d1e-85d5-510f4be67220",
	"82735247-015f-4178-bbb2-0ec593873ba0",
	'/');
INSERT INTO ACT_ACT_PROXY
	VALUES ("d9cb12f5-e23b-4d1e-85d5-510f4be67220",
	'signal',
	0,
	"d03c43c7-0113-4704-8547-014d8f12bc66",
	"00000000-0000-0000-0000-000000000000",
	0,
	'Port1::VelocityControlDrive::error',
	"00000000-0000-0000-0000-000000000000",
	'/');
INSERT INTO ACT_BLK_PROXY
	VALUES ("d03c43c7-0113-4704-8547-014d8f12bc66",
	0,
	0,
	0,
	'',
	'',
	'',
	0,
	0,
	0,
	0,
	0,
	0,
	0,
	0,
	0,
	0,
	0,
	0,
	0,
	"d9cb12f5-e23b-4d1e-85d5-510f4be67220",
	"00000000-0000-0000-0000-000000000000",
	'/');
INSERT INTO C_PO_PROXY
	VALUES ("7fab3ceb-8fc2-4de1-9074-2d49fee69a57",
	"be6802c2-c878-446b-8d53-ec36e211385e",
	'Port1',
	0,
	0,
	'../../../Intf_MotorDrive/models/Intf_MotorDrive/HardwareInterface/VelocityControlDrive/TestComponents/prv_ExpectedResponse/prv_ExpectedResponse.xtuml');
INSERT INTO C_C_PROXY
	VALUES ("be6802c2-c878-446b-8d53-ec36e211385e",
	"00000000-0000-0000-0000-000000000000",
	"00000000-0000-0000-0000-000000000000",
	'prv_ExpectedResponse',
	'',
	0,
	"00000000-0000-0000-0000-000000000000",
	0,
	'',
	'../../../Intf_MotorDrive/models/Intf_MotorDrive/HardwareInterface/VelocityControlDrive/TestComponents/prv_ExpectedResponse/prv_ExpectedResponse.xtuml');
INSERT INTO PE_PE_PROXY
	VALUES ("be6802c2-c878-446b-8d53-ec36e211385e",
	1,
	"f012460a-1054-40cd-9e5d-d13ff3f7334c",
	"00000000-0000-0000-0000-000000000000",
	2,
	'../../../Intf_MotorDrive/models/Intf_MotorDrive/HardwareInterface/VelocityControlDrive/TestComponents/prv_ExpectedResponse/prv_ExpectedResponse.xtuml');
